Start date;End date;Germany/Luxembourg [€/MWh] Original resolutions;∅ DE/LU neighbours [€/MWh] Original resolutions;Belgium [€/MWh] Original resolutions;Denmark 1 [€/MWh] Original resolutions;Denmark 2 [€/MWh] Original resolutions;France [€/MWh] Original resolutions;Netherlands [€/MWh] Original resolutions;Norway 2 [€/MWh] Original resolutions;Austria [€/MWh] Original resolutions;Poland [€/MWh] Original resolutions;Sweden 4 [€/MWh] Original resolutions;Switzerland [€/MWh] Original resolutions;Czech Republic [€/MWh] Original resolutions;DE/AT/LU [€/MWh] Original resolutions;Northern Italy [€/MWh] Original resolutions;Slovenia [€/MWh] Original resolutions;Hungary [€/MWh] Original resolutions
Jul 30, 2026 12:00 AM;Jul 30, 2026 12:15 AM;162.16;144.72;162.16;162.16;162.16;162.16;162.16;134.42;162.16;138.28;23.68;160.44;162.16;-;189.34;162.16;162.16
Jul 30, 2026 12:15 AM;Jul 30, 2026 12:30 AM;152.00;137.74;152.00;152.00;152.00;152.00;152.00;134.34;152.00;139.41;16.93;160.44;152.00;-;192.12;152.00;152.00
Jul 30, 2026 12:30 AM;Jul 30, 2026 12:45 AM;142.66;131.64;142.66;142.66;142.66;142.66;142.66;134.15;142.66;141.88;12.90;160.44;142.66;-;188.00;142.66;142.66
Jul 30, 2026 12:45 AM;Jul 30, 2026 1:00 AM;142.20;131.06;142.20;142.20;142.20;142.20;142.20;134.04;142.20;142.20;9.60;160.44;142.20;-;183.00;142.20;142.20
Jul 30, 2026 1:00 AM;Jul 30, 2026 1:15 AM;144.05;132.55;144.05;144.05;144.05;144.05;144.05;133.89;144.05;142.15;18.25;155.36;144.05;-;180.00;144.05;144.05
Jul 30, 2026 1:15 AM;Jul 30, 2026 1:30 AM;141.88;130.81;141.88;141.88;141.88;141.88;141.88;133.80;141.88;141.88;14.72;155.36;141.88;-;179.00;141.88;141.88
Jul 30, 2026 1:30 AM;Jul 30, 2026 1:45 AM;145.61;133.37;145.61;145.61;145.61;145.61;145.61;133.72;145.61;145.61;13.15;155.36;145.61;-;177.00;145.61;145.61
Jul 30, 2026 1:45 AM;Jul 30, 2026 2:00 AM;138.00;127.56;138.00;138.00;138.00;138.00;138.00;133.64;138.00;138.00;10.13;155.36;138.00;-;177.00;138.00;138.00
Jul 30, 2026 2:00 AM;Jul 30, 2026 2:15 AM;143.00;130.90;143.00;143.00;143.00;143.00;143.00;133.43;143.00;143.00;14.48;148.00;143.00;-;165.00;143.00;143.00
Jul 30, 2026 2:15 AM;Jul 30, 2026 2:30 AM;142.63;130.58;142.63;142.63;142.63;142.63;142.63;133.40;142.63;142.63;13.90;148.00;142.63;-;163.00;142.63;142.63
Jul 30, 2026 2:30 AM;Jul 30, 2026 2:45 AM;137.99;127.20;137.99;137.99;137.99;137.99;137.99;133.38;137.99;137.99;13.85;148.00;137.99;-;160.00;137.99;137.99
Jul 30, 2026 2:45 AM;Jul 30, 2026 3:00 AM;136.37;125.68;136.37;136.37;136.37;136.37;136.37;132.19;136.37;136.37;11.31;148.00;136.37;-;163.00;136.37;136.37
Jul 30, 2026 3:00 AM;Jul 30, 2026 3:15 AM;135.94;125.29;135.94;135.94;135.94;135.93;135.94;131.77;135.94;135.94;13.11;145.80;135.94;-;167.46;135.94;135.94
Jul 30, 2026 3:15 AM;Jul 30, 2026 3:30 AM;135.00;123.92;133.60;134.83;134.99;128.66;134.12;130.69;135.76;135.41;13.72;145.80;135.49;-;165.00;135.96;135.68
Jul 30, 2026 3:30 AM;Jul 30, 2026 3:45 AM;134.66;122.45;130.73;134.16;134.61;116.94;132.18;130.04;136.78;135.79;13.89;145.80;136.02;-;163.33;137.32;136.56
Jul 30, 2026 3:45 AM;Jul 30, 2026 4:00 AM;136.52;122.88;131.82;135.91;136.47;110.86;133.42;130.90;139.25;137.96;11.06;145.80;138.26;-;165.00;139.96;138.97
Jul 30, 2026 4:00 AM;Jul 30, 2026 4:15 AM;132.03;122.45;132.03;132.03;132.03;132.03;132.03;128.82;132.03;132.03;10.60;151.34;132.03;-;160.00;132.03;132.03
Jul 30, 2026 4:15 AM;Jul 30, 2026 4:30 AM;132.36;122.27;131.53;132.26;132.35;128.62;131.84;128.20;132.81;132.60;10.81;151.34;132.65;-;161.62;132.93;132.77
Jul 30, 2026 4:30 AM;Jul 30, 2026 4:45 AM;132.96;122.81;131.73;132.80;132.94;127.47;132.19;128.73;133.62;133.31;13.41;151.34;133.38;-;147.39;133.79;133.55
Jul 30, 2026 4:45 AM;Jul 30, 2026 5:00 AM;133.54;121.50;128.40;132.88;133.47;110.51;130.31;128.80;136.31;135.01;14.11;151.34;135.31;-;152.97;137.01;136.03
Jul 30, 2026 5:00 AM;Jul 30, 2026 5:15 AM;133.51;122.20;131.83;132.49;132.06;117.99;132.00;128.73;151.50;130.35;9.44;160.00;117.79;-;151.50;145.87;139.49
Jul 30, 2026 5:15 AM;Jul 30, 2026 5:30 AM;133.85;121.68;130.75;132.23;131.48;112.73;131.70;129.45;163.00;128.56;10.59;160.00;108.02;-;163.00;153.73;143.41
Jul 30, 2026 5:30 AM;Jul 30, 2026 5:45 AM;139.53;127.58;138.53;138.22;137.27;130.00;138.75;132.54;166.25;133.85;13.92;160.00;114.08;-;163.00;157.08;147.63
Jul 30, 2026 5:45 AM;Jul 30, 2026 6:00 AM;143.54;131.85;143.07;142.75;142.15;138.45;143.16;133.49;160.01;139.98;19.52;160.00;127.72;-;160.01;154.31;148.48
Jul 30, 2026 6:00 AM;Jul 30, 2026 6:15 AM;143.34;129.92;144.02;141.41;139.70;142.40;143.49;133.34;171.04;133.85;7.50;166.98;105.38;-;171.04;167.18;153.72
Jul 30, 2026 6:15 AM;Jul 30, 2026 6:30 AM;151.75;135.66;150.46;149.43;147.77;143.82;150.87;133.52;182.34;141.95;13.59;166.98;111.52;-;182.34;178.27;163.55
Jul 30, 2026 6:30 AM;Jul 30, 2026 6:45 AM;150.60;137.29;150.86;149.88;149.25;150.25;150.66;133.72;160.95;141.88;19.35;166.98;136.42;-;183.03;159.51;154.48
Jul 30, 2026 6:45 AM;Jul 30, 2026 7:00 AM;148.15;134.96;148.12;147.84;147.58;147.54;148.10;133.90;152.47;128.00;21.71;166.98;142.34;-;185.25;151.88;149.79
Jul 30, 2026 7:00 AM;Jul 30, 2026 7:15 AM;166.47;145.80;167.09;164.44;162.78;162.99;165.76;134.14;195.71;141.88;13.86;163.10;132.00;-;195.71;188.26;168.66
Jul 30, 2026 7:15 AM;Jul 30, 2026 7:30 AM;153.95;139.35;154.06;153.88;153.79;154.16;154.01;134.29;155.22;140.04;17.96;163.10;152.35;-;196.50;154.88;154.01
Jul 30, 2026 7:30 AM;Jul 30, 2026 7:45 AM;142.60;130.12;143.65;141.90;141.08;144.51;143.10;133.57;154.49;118.77;19.54;163.10;127.62;-;196.00;151.29;143.11
Jul 30, 2026 7:45 AM;Jul 30, 2026 8:00 AM;127.96;120.46;130.08;126.54;126.13;131.82;128.96;130.66;151.94;117.55;20.53;163.10;97.75;-;196.00;145.48;128.99
Jul 30, 2026 8:00 AM;Jul 30, 2026 8:15 AM;163.38;144.36;165.78;162.01;159.09;167.59;164.60;132.87;196.50;122.57;25.06;158.87;133.00;-;196.50;182.04;164.83
Jul 30, 2026 8:15 AM;Jul 30, 2026 8:30 AM;146.05;133.92;148.79;144.48;141.88;150.86;147.45;130.55;183.78;133.92;21.18;158.87;111.41;-;183.78;167.52;147.55
Jul 30, 2026 8:30 AM;Jul 30, 2026 8:45 AM;131.04;122.58;132.46;130.33;130.01;133.53;131.79;129.01;143.43;121.97;16.95;158.87;120.00;-;193.00;153.91;113.35
Jul 30, 2026 8:45 AM;Jul 30, 2026 9:00 AM;115.71;111.02;116.23;116.55;116.03;116.06;116.32;127.22;119.95;108.14;14.29;158.87;111.53;-;174.47;117.88;104.40
Jul 30, 2026 9:00 AM;Jul 30, 2026 9:15 AM;139.67;126.23;142.49;138.61;136.12;144.70;141.21;128.82;152.42;122.22;20.00;137.61;124.33;-;204.77;192.60;100.26
Jul 30, 2026 9:15 AM;Jul 30, 2026 9:30 AM;122.81;114.15;125.86;122.32;121.28;126.81;124.68;127.06;126.08;111.41;16.27;137.61;116.26;-;195.71;162.37;92.90
Jul 30, 2026 9:30 AM;Jul 30, 2026 9:45 AM;110.54;104.41;111.10;111.04;109.53;111.19;111.06;119.43;110.50;106.55;11.94;137.61;108.59;-;197.32;116.32;104.39
Jul 30, 2026 9:45 AM;Jul 30, 2026 10:00 AM;99.44;94.57;100.55;102.20;100.05;98.61;100.96;114.03;107.34;80.10;6.96;137.61;91.89;-;198.00;40.71;70.94
Jul 30, 2026 10:00 AM;Jul 30, 2026 10:15 AM;109.01;101.80;119.92;108.97;107.71;102.77;112.34;112.58;118.71;97.22;17.07;121.48;100.98;-;186.00;65.46;81.47
Jul 30, 2026 10:15 AM;Jul 30, 2026 10:30 AM;94.27;90.05;94.79;93.64;92.94;95.00;94.50;110.00;103.37;85.17;11.24;121.48;88.44;-;185.00;64.38;72.42
Jul 30, 2026 10:30 AM;Jul 30, 2026 10:45 AM;80.88;80.19;83.14;80.63;80.17;79.45;81.53;108.90;86.97;75.49;6.92;121.48;77.40;-;180.00;51.97;68.06
Jul 30, 2026 10:45 AM;Jul 30, 2026 11:00 AM;55.84;62.30;64.64;56.46;56.09;50.00;58.48;108.34;54.30;55.04;5.53;121.48;54.89;-;176.00;54.17;54.59
Jul 30, 2026 11:00 AM;Jul 30, 2026 11:15 AM;70.30;72.31;89.12;71.37;70.09;60.00;75.48;108.06;69.47;61.73;9.74;108.10;72.26;-;178.00;69.31;70.21
Jul 30, 2026 11:15 AM;Jul 30, 2026 11:30 AM;35.96;47.04;53.46;36.90;35.90;26.54;40.80;108.11;35.69;26.32;6.92;108.10;38.66;-;166.92;35.56;36.41
Jul 30, 2026 11:30 AM;Jul 30, 2026 11:45 AM;19.81;35.24;38.43;20.67;19.26;10.14;25.00;108.02;20.57;5.98;6.92;108.10;24.55;-;165.40;20.49;21.42
Jul 30, 2026 11:45 AM;Jul 30, 2026 12:00 PM;12.33;29.49;23.83;12.90;12.08;6.26;15.52;108.33;12.50;4.80;5.36;108.10;14.73;-;160.00;12.43;13.00
Jul 30, 2026 12:00 PM;Jul 30, 2026 12:15 PM;8.97;28.91;53.93;7.67;8.20;30.47;15.49;112.57;14.91;7.16;7.40;46.10;14.11;-;166.25;15.53;14.19
Jul 30, 2026 12:15 PM;Jul 30, 2026 12:30 PM;8.00;26.09;43.87;7.41;7.24;20.32;13.88;112.43;11.41;6.57;6.72;46.10;11.07;-;163.00;11.77;11.03
Jul 30, 2026 12:30 PM;Jul 30, 2026 12:45 PM;4.50;31.65;100.00;4.61;4.99;21.84;22.44;112.32;15.18;4.66;4.99;46.10;11.04;-;155.70;13.43;12.05
Jul 30, 2026 12:45 PM;Jul 30, 2026 1:00 PM;3.94;28.69;80.00;4.58;4.84;12.96;19.02;112.19;15.63;5.36;4.92;46.10;10.02;-;154.89;12.51;11.43
Jul 30, 2026 1:00 PM;Jul 30, 2026 1:15 PM;4.56;24.05;27.00;4.84;4.93;10.46;9.06;112.27;21.51;10.99;4.95;46.49;12.04;-;145.00;16.89;15.32
Jul 30, 2026 1:15 PM;Jul 30, 2026 1:30 PM;2.31;33.44;97.70;4.75;4.83;5.10;23.70;112.27;36.30;14.97;4.85;46.49;16.91;-;159.43;26.11;23.50
Jul 30, 2026 1:30 PM;Jul 30, 2026 1:45 PM;1.38;37.92;144.05;4.59;4.67;4.77;33.00;112.24;33.85;13.50;4.68;46.49;15.29;-;151.00;24.07;21.61
Jul 30, 2026 1:45 PM;Jul 30, 2026 2:00 PM;2.43;36.48;125.00;5.47;4.87;4.20;29.91;112.28;36.29;15.01;4.88;46.49;16.90;-;168.20;25.99;23.48
Jul 30, 2026 2:00 PM;Jul 30, 2026 2:15 PM;4.18;35.17;82.42;3.80;4.74;27.00;18.38;110.00;20.99;10.86;4.76;92.00;11.96;-;167.18;17.42;15.17
Jul 30, 2026 2:15 PM;Jul 30, 2026 2:30 PM;6.19;40.69;120.00;6.69;6.81;27.00;28.46;111.23;22.94;12.77;5.84;92.00;13.80;-;167.00;19.08;16.99
Jul 30, 2026 2:30 PM;Jul 30, 2026 2:45 PM;16.36;50.74;112.00;18.62;19.15;26.01;37.19;111.21;65.32;33.68;6.50;92.00;36.48;-;166.75;49.12;45.30
Jul 30, 2026 2:45 PM;Jul 30, 2026 3:00 PM;32.96;72.55;218.44;40.08;38.78;14.57;77.81;111.23;90.78;52.32;6.84;92.00;55.18;-;165.00;68.24;65.38
Jul 30, 2026 3:00 PM;Jul 30, 2026 3:15 PM;40.04;51.39;75.47;42.93;41.52;16.96;51.00;102.83;34.30;37.27;6.25;120.09;36.63;-;157.15;33.77;35.42
Jul 30, 2026 3:15 PM;Jul 30, 2026 3:30 PM;57.45;64.58;104.17;61.26;59.40;27.00;71.90;102.81;49.87;53.79;7.18;120.09;52.94;-;160.15;49.18;51.35
Jul 30, 2026 3:30 PM;Jul 30, 2026 3:45 PM;69.11;78.17;129.28;74.46;72.65;33.14;87.95;102.95;84.35;73.64;7.27;120.09;74.12;-;158.50;76.04;76.88
Jul 30, 2026 3:45 PM;Jul 30, 2026 4:00 PM;83.13;89.22;155.59;89.44;87.10;38.88;105.75;108.97;94.29;85.92;9.33;120.09;86.05;-;151.00;86.42;87.99
Jul 30, 2026 4:00 PM;Jul 30, 2026 4:15 PM;73.54;78.71;112.02;76.54;75.01;48.38;85.36;103.11;67.28;91.90;7.91;128.48;69.82;-;141.60;66.66;68.41
Jul 30, 2026 4:15 PM;Jul 30, 2026 4:30 PM;87.66;93.50;107.49;89.69;89.69;76.25;93.83;112.66;116.47;98.50;15.88;128.48;99.54;-;145.00;107.30;106.76
Jul 30, 2026 4:30 PM;Jul 30, 2026 4:45 PM;106.50;105.89;112.21;106.88;107.14;80.00;107.02;117.06;124.26;113.47;54.09;128.48;114.21;-;151.00;119.80;118.73
Jul 30, 2026 4:45 PM;Jul 30, 2026 5:00 PM;124.91;126.19;134.60;125.68;126.20;83.55;125.99;122.69;160.22;138.71;101.76;128.48;140.19;-;162.80;151.11;149.13
Jul 30, 2026 5:00 PM;Jul 30, 2026 5:15 PM;105.84;109.71;137.76;108.61;108.25;88.59;115.54;117.36;133.12;115.85;8.70;156.10;116.92;-;144.60;124.48;124.36
Jul 30, 2026 5:15 PM;Jul 30, 2026 5:30 PM;115.01;118.57;115.01;115.25;116.18;99.01;114.15;124.76;148.12;127.70;58.52;156.10;129.42;-;148.12;139.85;138.00
Jul 30, 2026 5:30 PM;Jul 30, 2026 5:45 PM;131.76;131.60;128.89;130.52;131.76;108.87;129.72;129.27;148.35;138.24;106.71;156.10;139.16;-;144.77;144.77;143.42
Jul 30, 2026 5:45 PM;Jul 30, 2026 6:00 PM;154.60;149.27;150.78;151.94;154.41;123.37;151.93;132.46;170.79;160.99;127.28;156.10;161.92;-;167.61;167.61;166.06
Jul 30, 2026 6:00 PM;Jul 30, 2026 6:15 PM;130.34;127.43;126.86;130.04;130.57;111.09;128.08;132.28;130.94;136.79;71.90;167.20;135.94;-;170.44;170.44;145.75
Jul 30, 2026 6:15 PM;Jul 30, 2026 6:30 PM;145.71;148.59;141.66;144.65;146.86;129.75;143.83;134.58;182.10;172.17;107.76;167.20;163.95;-;196.00;196.00;182.10
Jul 30, 2026 6:30 PM;Jul 30, 2026 6:45 PM;160.56;162.93;154.71;159.52;162.14;134.54;158.30;136.52;200.78;224.65;106.16;167.20;187.67;-;200.78;200.78;205.22
Jul 30, 2026 6:45 PM;Jul 30, 2026 7:00 PM;160.50;176.55;159.33;161.54;163.75;146.40;161.07;138.29;223.00;268.69;148.67;167.20;204.13;-;223.00;223.00;232.38
Jul 30, 2026 7:00 PM;Jul 30, 2026 7:15 PM;149.90;161.54;148.51;150.67;152.71;137.23;149.00;136.56;196.71;209.61;121.90;208.11;165.89;-;200.88;200.88;252.03
Jul 30, 2026 7:15 PM;Jul 30, 2026 7:30 PM;172.61;180.21;171.47;173.74;176.20;159.24;171.98;136.57;209.92;249.88;141.12;208.11;184.06;-;223.16;223.16;303.00
Jul 30, 2026 7:30 PM;Jul 30, 2026 7:45 PM;181.20;189.05;180.47;182.80;185.27;172.00;181.64;136.57;211.90;299.20;122.03;208.11;199.58;-;234.91;234.91;326.46
Jul 30, 2026 7:45 PM;Jul 30, 2026 8:00 PM;191.37;199.79;189.18;192.47;194.76;175.56;191.18;136.57;239.91;315.64;127.68;208.11;226.62;-;253.97;253.97;302.91
Jul 30, 2026 8:00 PM;Jul 30, 2026 8:15 PM;183.70;195.20;179.81;184.02;185.68;158.88;182.93;135.47;221.83;323.66;119.75;226.50;228.66;-;237.49;237.49;254.18
Jul 30, 2026 8:15 PM;Jul 30, 2026 8:30 PM;188.39;194.67;186.40;188.80;189.94;172.40;188.34;134.91;218.19;299.21;112.80;226.50;223.83;-;230.57;230.57;243.95
Jul 30, 2026 8:30 PM;Jul 30, 2026 8:45 PM;199.44;198.15;196.30;199.50;200.41;182.01;198.55;134.96;222.21;281.93;111.23;226.50;226.06;-;231.46;231.46;241.17
Jul 30, 2026 8:45 PM;Jul 30, 2026 9:00 PM;221.71;200.46;212.68;218.82;220.61;190.71;217.19;134.94;226.86;228.92;102.51;226.50;225.34;-;227.85;227.85;227.37
Jul 30, 2026 9:00 PM;Jul 30, 2026 9:15 PM;218.14;193.65;201.29;217.21;218.73;191.16;214.16;134.33;209.99;229.65;90.39;213.73;209.50;-;222.00;217.44;256.30
Jul 30, 2026 9:15 PM;Jul 30, 2026 9:30 PM;212.28;190.04;203.86;211.75;212.00;198.78;210.27;134.06;209.96;211.42;73.35;213.73;211.26;-;213.74;209.70;210.54
Jul 30, 2026 9:30 PM;Jul 30, 2026 9:45 PM;203.90;185.45;200.72;203.97;203.73;198.82;203.12;134.15;203.03;203.59;71.54;213.73;203.52;-;204.96;202.93;203.25
Jul 30, 2026 9:45 PM;Jul 30, 2026 10:00 PM;193.80;174.04;180.24;194.09;193.73;172.12;190.46;133.97;190.08;192.45;61.35;213.73;192.18;-;197.80;189.65;191.01
Jul 30, 2026 10:00 PM;Jul 30, 2026 10:15 PM;201.30;178.19;201.30;201.30;201.30;201.30;201.30;134.19;201.30;201.30;22.54;192.94;201.30;-;201.30;201.30;201.30
Jul 30, 2026 10:15 PM;Jul 30, 2026 10:30 PM;194.09;172.05;194.09;194.09;194.09;194.09;194.09;134.16;194.09;194.09;12.71;192.94;194.09;-;197.80;194.09;194.09
Jul 30, 2026 10:30 PM;Jul 30, 2026 10:45 PM;187.25;164.28;187.25;187.25;187.25;187.25;187.25;134.08;187.25;160.60;8.70;192.94;187.25;-;197.00;187.25;187.25
Jul 30, 2026 10:45 PM;Jul 30, 2026 11:00 PM;178.55;154.59;178.55;178.55;178.55;178.55;178.55;133.99;178.55;117.39;6.33;192.94;178.55;-;196.00;178.55;178.55
Jul 30, 2026 11:00 PM;Jul 30, 2026 11:15 PM;181.29;154.07;181.29;181.29;181.29;181.29;181.29;133.98;181.29;115.89;6.16;169.66;181.29;-;204.09;181.29;181.29
Jul 30, 2026 11:15 PM;Jul 30, 2026 11:30 PM;172.65;149.73;172.65;172.65;172.65;172.65;172.65;133.91;172.65;129.13;5.81;169.66;172.65;-;199.08;172.65;172.65
Jul 30, 2026 11:30 PM;Jul 30, 2026 11:45 PM;169.78;148.90;169.78;169.78;169.78;169.78;169.78;133.81;169.78;140.43;5.50;169.66;169.78;-;197.00;169.78;169.78
Jul 30, 2026 11:45 PM;Jul 31, 2026 12:00 AM;159.60;142.63;159.60;159.60;159.60;159.60;159.60;133.65;159.60;143.27;5.10;169.66;159.60;-;195.71;159.60;159.60
Jul 31, 2026 12:00 AM;Jul 31, 2026 12:15 AM;177.28;156.08;177.28;177.28;177.28;177.28;177.28;136.04;177.28;167.10;5.62;167.20;177.28;-;193.21;177.28;177.28
Jul 31, 2026 12:15 AM;Jul 31, 2026 12:30 AM;170.09;151.08;170.09;170.09;170.09;170.09;170.09;135.92;170.09;162.79;5.37;167.20;170.09;-;197.00;170.09;170.09
Jul 31, 2026 12:30 AM;Jul 31, 2026 12:45 AM;164.60;147.59;164.60;164.60;164.60;164.60;164.60;135.73;164.60;163.22;5.11;167.20;164.60;-;192.80;164.60;164.60
Jul 31, 2026 12:45 AM;Jul 31, 2026 1:00 AM;160.87;144.33;159.14;160.69;160.84;154.91;160.00;135.71;161.69;161.23;4.87;167.20;161.32;-;190.05;161.74;161.51
Jul 31, 2026 1:00 AM;Jul 31, 2026 1:15 AM;172.99;152.18;169.67;172.65;172.94;161.47;171.32;135.91;174.45;173.69;4.96;163.10;173.85;-;190.05;174.67;174.22
Jul 31, 2026 1:15 AM;Jul 31, 2026 1:30 AM;167.17;147.06;161.50;166.58;167.08;147.53;164.32;135.94;169.66;168.36;4.91;163.10;168.64;-;183.05;170.03;169.26
Jul 31, 2026 1:30 AM;Jul 31, 2026 1:45 AM;157.61;142.18;157.61;157.61;157.61;157.61;157.61;135.98;157.61;157.61;4.01;163.10;157.61;-;180.00;157.61;157.61
Jul 31, 2026 1:45 AM;Jul 31, 2026 2:00 AM;154.04;139.57;154.04;154.04;154.04;154.04;154.04;136.01;154.04;154.04;3.89;163.10;154.04;-;177.00;154.04;154.04
Jul 31, 2026 2:00 AM;Jul 31, 2026 2:15 AM;157.15;141.44;157.15;157.15;157.15;157.15;157.15;135.99;157.15;157.15;4.36;158.31;157.15;-;170.00;157.15;157.15
Jul 31, 2026 2:15 AM;Jul 31, 2026 2:30 AM;154.50;139.50;154.50;154.50;154.50;154.50;154.50;135.99;154.50;154.50;4.15;158.31;154.50;-;170.00;154.50;154.50
Jul 31, 2026 2:30 AM;Jul 31, 2026 2:45 AM;154.05;138.22;151.61;153.79;154.01;145.62;152.82;136.02;155.12;154.57;3.92;158.31;154.68;-;160.50;155.28;154.94
Jul 31, 2026 2:45 AM;Jul 31, 2026 3:00 AM;154.94;136.00;144.95;153.88;154.76;120.44;149.89;136.02;159.31;157.07;3.89;158.31;157.51;-;159.96;159.96;158.59
Jul 31, 2026 3:00 AM;Jul 31, 2026 3:15 AM;153.96;136.17;146.02;153.15;153.85;126.45;149.97;136.60;157.47;155.68;3.86;158.77;156.04;-;165.49;157.99;156.90
Jul 31, 2026 3:15 AM;Jul 31, 2026 3:30 AM;154.65;137.75;149.56;154.13;154.58;137.00;152.09;136.61;156.91;155.76;3.88;158.77;155.98;-;161.77;157.24;156.54
Jul 31, 2026 3:30 AM;Jul 31, 2026 3:45 AM;154.01;136.80;147.62;153.36;153.92;131.85;150.80;136.60;156.85;155.41;3.93;158.77;155.69;-;167.18;157.26;156.39
Jul 31, 2026 3:45 AM;Jul 31, 2026 4:00 AM;154.07;136.10;146.29;153.28;153.96;127.10;150.16;136.61;157.52;153.10;4.16;158.77;156.11;-;170.00;158.03;156.96
Jul 31, 2026 4:00 AM;Jul 31, 2026 4:15 AM;154.91;136.59;146.32;152.18;154.75;125.22;150.60;136.30;158.66;156.74;3.99;160.59;157.11;-;160.98;159.22;158.04
Jul 31, 2026 4:15 AM;Jul 31, 2026 4:30 AM;152.67;135.15;144.55;150.09;152.51;124.63;148.59;136.28;156.21;154.39;4.05;160.59;154.75;-;156.94;156.73;155.63
Jul 31, 2026 4:30 AM;Jul 31, 2026 4:45 AM;156.78;136.85;148.53;154.16;156.62;128.27;152.63;136.28;160.37;144.94;4.09;160.59;158.89;-;170.00;160.91;159.78
Jul 31, 2026 4:45 AM;Jul 31, 2026 5:00 AM;165.00;140.23;152.55;161.39;164.35;121.96;158.75;136.27;170.43;144.01;4.05;160.59;168.19;-;171.24;171.24;169.54
Jul 31, 2026 5:00 AM;Jul 31, 2026 5:15 AM;154.30;135.25;148.23;151.62;150.66;128.36;151.22;136.30;190.92;144.93;4.17;170.08;111.31;-;188.67;188.67;171.45
Jul 31, 2026 5:15 AM;Jul 31, 2026 5:30 AM;159.22;141.03;158.66;157.26;155.53;152.73;158.90;136.29;190.97;148.50;4.56;170.08;117.81;-;190.00;188.72;173.35
Jul 31, 2026 5:30 AM;Jul 31, 2026 5:45 AM;173.89;148.33;164.91;172.38;173.14;142.01;169.39;136.28;183.15;145.86;4.81;170.08;169.58;-;183.05;183.05;179.39
Jul 31, 2026 5:45 AM;Jul 31, 2026 6:00 AM;174.64;146.76;163.63;171.12;174.26;136.25;169.13;136.27;181.29;131.83;4.91;170.08;175.54;-;181.50;181.50;179.30
Jul 31, 2026 6:00 AM;Jul 31, 2026 6:15 AM;172.04;150.10;167.35;170.50;171.89;156.11;169.65;136.24;174.16;144.47;4.82;182.79;173.17;-;174.30;174.30;173.67
Jul 31, 2026 6:15 AM;Jul 31, 2026 6:30 AM;182.29;153.56;174.12;179.61;182.02;154.55;178.13;136.24;185.99;126.40;5.02;182.79;184.25;-;186.22;186.22;185.13
Jul 31, 2026 6:30 AM;Jul 31, 2026 6:45 AM;183.60;157.28;178.74;182.01;183.44;167.10;181.13;136.26;185.80;142.61;5.44;182.79;184.77;-;190.00;185.94;185.29
Jul 31, 2026 6:45 AM;Jul 31, 2026 7:00 AM;178.42;155.88;178.12;178.32;178.41;177.40;178.26;136.24;178.55;142.61;5.52;182.79;178.49;-;190.05;178.56;178.52
Jul 31, 2026 7:00 AM;Jul 31, 2026 7:15 AM;187.30;160.50;181.96;186.65;187.11;169.18;184.54;136.00;189.70;152.00;5.81;183.82;188.69;-;190.04;190.04;189.27
Jul 31, 2026 7:15 AM;Jul 31, 2026 7:30 AM;180.00;157.14;180.00;180.00;180.00;180.00;180.00;136.03;180.00;142.60;6.04;183.82;180.00;-;189.05;180.00;180.00
Jul 31, 2026 7:30 AM;Jul 31, 2026 7:45 AM;172.61;151.22;172.61;172.61;172.61;172.61;172.61;136.13;172.61;129.02;6.14;183.82;172.61;-;190.00;172.61;172.61
Jul 31, 2026 7:45 AM;Jul 31, 2026 8:00 AM;150.20;135.49;150.20;150.20;150.20;150.20;150.20;136.21;150.20;112.88;6.10;183.82;150.20;-;180.00;150.20;150.20
Jul 31, 2026 8:00 AM;Jul 31, 2026 8:15 AM;182.60;153.33;182.60;182.60;182.60;182.60;182.60;136.49;182.60;100.81;6.12;165.00;182.60;-;182.60;182.60;182.60
Jul 31, 2026 8:15 AM;Jul 31, 2026 8:30 AM;170.72;146.05;170.72;170.72;170.72;170.72;170.72;136.52;170.72;103.97;5.99;165.00;170.72;-;170.72;170.72;170.72
Jul 31, 2026 8:30 AM;Jul 31, 2026 8:45 AM;153.29;137.51;153.29;153.29;153.29;153.29;153.29;136.63;153.29;132.30;5.66;165.00;153.29;-;165.00;153.29;153.29
Jul 31, 2026 8:45 AM;Jul 31, 2026 9:00 AM;129.70;122.50;128.67;129.92;130.34;127.76;129.14;135.54;129.13;131.41;5.52;165.00;135.10;-;151.80;114.44;139.00
Jul 31, 2026 9:00 AM;Jul 31, 2026 9:15 AM;159.97;138.44;160.00;159.50;159.31;159.99;160.01;138.02;159.98;119.02;5.60;141.39;159.97;-;184.77;159.98;159.97
Jul 31, 2026 9:15 AM;Jul 31, 2026 9:30 AM;144.30;127.42;144.30;144.30;141.71;144.30;144.30;135.87;144.30;111.45;5.41;141.39;144.30;-;166.57;144.30;144.30
Jul 31, 2026 9:30 AM;Jul 31, 2026 9:45 AM;129.15;117.89;131.05;132.78;130.39;130.00;131.70;133.64;124.54;113.58;5.08;141.39;122.65;-;164.90;123.58;120.99
Jul 31, 2026 9:45 AM;Jul 31, 2026 10:00 AM;124.13;113.44;127.25;132.43;130.05;123.75;128.50;131.43;116.36;96.16;4.99;141.39;115.50;-;160.00;104.29;113.46
Jul 31, 2026 10:00 AM;Jul 31, 2026 10:15 AM;135.42;120.78;136.57;136.14;130.39;136.73;136.48;131.93;138.76;116.60;5.03;118.66;141.29;-;190.00;138.61;138.21
Jul 31, 2026 10:15 AM;Jul 31, 2026 10:30 AM;128.59;114.58;149.58;137.54;130.30;117.15;138.63;129.36;117.65;100.81;5.00;118.66;115.70;-;190.39;115.80;112.34
Jul 31, 2026 10:30 AM;Jul 31, 2026 10:45 AM;112.60;103.82;120.98;116.36;114.27;107.22;116.60;123.84;109.00;100.03;5.00;118.66;110.03;-;197.10;102.02;108.89
Jul 31, 2026 10:45 AM;Jul 31, 2026 11:00 AM;101.81;95.73;108.95;102.77;100.92;97.00;104.29;114.92;100.18;99.87;4.99;118.66;100.52;-;196.60;100.01;100.13
Jul 31, 2026 11:00 AM;Jul 31, 2026 11:15 AM;113.80;102.03;114.39;115.07;113.94;114.01;114.56;114.92;112.60;109.62;5.00;96.17;112.06;-;174.07;112.34;111.65
Jul 31, 2026 11:15 AM;Jul 31, 2026 11:30 AM;99.94;91.92;106.32;100.52;100.21;95.59;102.05;107.57;98.89;99.47;5.00;96.17;99.34;-;165.08;98.81;99.11
Jul 31, 2026 11:30 AM;Jul 31, 2026 11:45 AM;98.75;91.33;117.32;100.44;99.56;86.12;104.89;105.04;95.70;97.41;4.99;96.17;97.01;-;161.08;95.48;96.36
Jul 31, 2026 11:45 AM;Jul 31, 2026 12:00 PM;92.19;85.41;102.46;93.12;92.64;85.20;95.59;96.11;90.50;91.45;4.99;96.17;91.23;-;155.00;90.38;90.87
Jul 31, 2026 12:00 PM;Jul 31, 2026 12:15 PM;97.71;88.97;97.74;97.69;97.65;97.76;97.72;100.81;97.91;97.08;4.96;91.35;98.03;-;148.82;97.91;97.92
Jul 31, 2026 12:15 PM;Jul 31, 2026 12:30 PM;95.74;87.36;95.74;95.74;95.74;95.74;95.74;98.80;95.74;95.74;4.91;91.35;95.74;-;148.70;95.74;95.74
Jul 31, 2026 12:30 PM;Jul 31, 2026 12:45 PM;96.03;87.59;96.03;96.03;96.03;96.03;96.03;99.10;96.03;96.03;4.76;91.35;96.03;-;144.42;96.03;96.03
Jul 31, 2026 12:45 PM;Jul 31, 2026 1:00 PM;86.99;80.16;86.99;86.99;86.99;86.99;86.99;89.77;86.99;86.99;4.74;91.35;86.99;-;151.00;86.99;86.99
Jul 31, 2026 1:00 PM;Jul 31, 2026 1:15 PM;85.01;80.42;85.01;85.01;85.01;85.01;85.01;87.73;85.01;85.01;4.86;112.00;85.01;-;148.70;85.01;85.01
Jul 31, 2026 1:15 PM;Jul 31, 2026 1:30 PM;84.46;79.98;84.46;84.46;84.46;84.46;84.46;87.16;84.46;84.46;4.98;112.00;84.46;-;144.82;84.46;84.46
Jul 31, 2026 1:30 PM;Jul 31, 2026 1:45 PM;82.25;78.17;82.25;82.25;82.25;82.25;82.25;84.88;82.25;82.25;4.99;112.00;82.25;-;152.08;82.25;82.25
Jul 31, 2026 1:45 PM;Jul 31, 2026 2:00 PM;81.35;77.43;81.35;81.35;81.35;81.35;81.35;83.95;81.35;81.35;5.00;112.00;81.35;-;144.82;81.35;81.35
Jul 31, 2026 2:00 PM;Jul 31, 2026 2:15 PM;80.40;76.92;80.40;80.40;80.40;80.40;80.40;82.97;80.40;80.40;4.99;115.01;80.40;-;151.00;80.40;80.40
Jul 31, 2026 2:15 PM;Jul 31, 2026 2:30 PM;81.99;78.23;81.99;81.99;81.99;81.99;81.99;84.61;81.99;81.99;5.00;115.01;81.99;-;157.00;81.99;81.99
Jul 31, 2026 2:30 PM;Jul 31, 2026 2:45 PM;87.81;83.01;87.81;87.81;87.81;87.81;87.81;90.61;87.81;87.81;5.00;115.01;87.81;-;162.79;87.81;87.81
Jul 31, 2026 2:45 PM;Jul 31, 2026 3:00 PM;94.94;88.87;94.94;94.94;94.94;94.94;94.94;97.98;94.94;94.94;5.01;115.01;94.94;-;168.00;94.94;94.94
Jul 31, 2026 3:00 PM;Jul 31, 2026 3:15 PM;90.11;83.88;88.09;89.72;89.93;80.00;88.71;92.59;91.25;90.65;4.95;116.00;90.76;-;197.10;91.44;91.06
Jul 31, 2026 3:15 PM;Jul 31, 2026 3:30 PM;98.77;90.14;94.98;98.04;98.44;79.73;96.13;102.51;100.92;99.79;5.00;116.00;100.00;-;201.55;101.28;100.56
Jul 31, 2026 3:30 PM;Jul 31, 2026 3:45 PM;104.72;92.42;95.80;103.00;103.94;60.00;98.51;109.71;109.76;107.11;5.24;116.00;107.59;-;217.80;110.61;108.91
Jul 31, 2026 3:45 PM;Jul 31, 2026 4:00 PM;118.94;101.25;101.14;116.34;117.75;60.00;109.41;115.89;126.24;122.39;5.49;116.00;123.11;-;216.54;127.42;124.99
Jul 31, 2026 4:00 PM;Jul 31, 2026 4:15 PM;110.00;98.44;103.11;108.72;109.45;75.00;105.24;112.93;113.96;111.94;5.22;125.00;112.28;-;197.10;114.65;113.36
Jul 31, 2026 4:15 PM;Jul 31, 2026 4:30 PM;113.67;101.74;107.08;112.45;113.15;80.20;109.12;117.67;117.46;115.53;5.59;125.00;115.85;-;197.10;118.12;116.88
Jul 31, 2026 4:30 PM;Jul 31, 2026 4:45 PM;123.80;108.41;110.84;121.99;123.01;80.40;116.93;124.85;129.19;126.44;6.95;125.00;126.92;-;201.55;130.10;128.36
Jul 31, 2026 4:45 PM;Jul 31, 2026 5:00 PM;135.99;117.32;123.21;133.70;133.51;82.40;127.57;128.95;142.84;139.35;14.04;125.00;139.95;-;211.31;143.98;141.79
Jul 31, 2026 5:00 PM;Jul 31, 2026 5:15 PM;123.97;112.74;116.81;122.91;125.16;85.50;119.32;131.06;128.69;126.18;5.86;152.10;126.55;-;192.80;128.95;127.64
Jul 31, 2026 5:15 PM;Jul 31, 2026 5:30 PM;135.07;120.33;123.81;133.44;134.59;85.27;128.09;134.94;141.96;138.30;12.24;152.10;138.85;-;197.08;142.30;140.41
Jul 31, 2026 5:30 PM;Jul 31, 2026 5:45 PM;164.01;140.17;147.49;160.13;163.06;90.60;153.84;137.01;174.21;168.78;25.06;152.10;169.62;-;194.48;174.71;171.92
Jul 31, 2026 5:45 PM;Jul 31, 2026 6:00 PM;166.92;147.43;151.89;161.61;164.57;100.00;157.58;137.98;199.11;179.64;35.59;152.10;181.68;-;200.00;193.64;189.94
Jul 31, 2026 6:00 PM;Jul 31, 2026 6:15 PM;140.45;133.78;137.26;140.32;142.89;129.42;138.82;135.95;165.87;149.80;7.77;172.82;150.71;-;165.87;165.87;160.59
Jul 31, 2026 6:15 PM;Jul 31, 2026 6:30 PM;160.29;147.97;148.80;159.85;161.21;132.57;153.42;136.50;194.48;173.18;20.31;172.82;174.51;-;194.48;194.48;187.71
Jul 31, 2026 6:30 PM;Jul 31, 2026 6:45 PM;168.14;156.90;154.47;167.87;169.38;141.00;159.30;136.47;204.23;204.01;28.40;172.82;187.92;-;204.23;204.23;202.85
Jul 31, 2026 6:45 PM;Jul 31, 2026 7:00 PM;180.35;171.41;148.19;179.97;182.80;142.16;156.45;136.53;248.00;244.97;55.95;172.82;217.68;-;248.00;256.71;248.85
Jul 31, 2026 7:00 PM;Jul 31, 2026 7:15 PM;165.01;161.61;135.12;166.82;167.69;133.08;150.51;136.73;209.96;236.25;57.42;190.00;194.14;-;209.96;209.96;216.17
Jul 31, 2026 7:15 PM;Jul 31, 2026 7:30 PM;177.80;178.52;146.29;180.23;181.49;144.65;162.90;136.79;239.97;290.42;69.64;190.00;221.29;-;239.97;239.97;251.91
Jul 31, 2026 7:30 PM;Jul 31, 2026 7:45 PM;192.93;194.37;167.53;195.63;196.80;166.64;181.64;136.84;241.27;341.93;77.95;190.00;241.88;-;241.27;253.64;271.82
Jul 31, 2026 7:45 PM;Jul 31, 2026 8:00 PM;203.80;203.29;182.00;207.07;209.53;171.75;200.00;136.85;239.99;351.90;80.16;190.00;266.98;-;246.00;386.30;334.53
Jul 31, 2026 8:00 PM;Jul 31, 2026 8:15 PM;184.96;190.46;165.30;187.70;188.90;151.90;183.54;136.92;239.93;334.60;63.91;205.78;236.55;-;239.93;250.72;269.39
Jul 31, 2026 8:15 PM;Jul 31, 2026 8:30 PM;190.66;189.29;169.25;193.12;193.85;167.36;181.94;136.91;217.84;324.43;61.40;205.78;230.36;-;212.18;233.15;251.87
Jul 31, 2026 8:30 PM;Jul 31, 2026 8:45 PM;196.27;190.38;184.35;197.99;198.46;175.75;195.72;136.90;216.21;295.72;61.65;205.78;225.63;-;216.21;227.45;241.54
Jul 31, 2026 8:45 PM;Jul 31, 2026 9:00 PM;199.07;187.66;185.34;200.43;200.65;175.75;197.50;136.90;211.68;269.25;61.75;205.78;219.23;-;211.68;219.51;230.07
Jul 31, 2026 9:00 PM;Jul 31, 2026 9:15 PM;192.09;187.57;180.88;193.76;194.18;172.75;191.58;136.87;210.76;285.22;76.15;201.75;219.33;-;215.62;221.26;234.42
Jul 31, 2026 9:15 PM;Jul 31, 2026 9:30 PM;193.75;183.05;183.78;194.84;195.04;176.75;192.74;136.89;204.38;251.07;66.10;201.75;210.18;-;206.08;210.79;219.25
Jul 31, 2026 9:30 PM;Jul 31, 2026 9:45 PM;197.33;178.58;184.99;197.82;197.67;176.75;194.83;136.86;197.26;211.72;64.34;201.75;200.38;-;198.70;198.70;201.96
Jul 31, 2026 9:45 PM;Jul 31, 2026 10:00 PM;199.39;175.02;181.03;199.76;199.37;168.94;195.15;136.83;193.64;197.14;54.94;201.75;196.69;-;193.64;193.64;195.09
Jul 31, 2026 10:00 PM;Jul 31, 2026 10:15 PM;204.05;180.17;188.21;204.40;204.07;177.75;200.41;137.16;199.20;202.13;76.83;190.00;201.74;-;198.70;198.70;200.30
Jul 31, 2026 10:15 PM;Jul 31, 2026 10:30 PM;201.34;176.67;186.53;201.67;201.36;176.75;197.94;137.12;196.81;199.55;56.42;190.00;199.19;-;196.81;196.34;197.83
Jul 31, 2026 10:30 PM;Jul 31, 2026 10:45 PM;184.12;166.31;180.04;184.21;184.12;177.35;183.18;137.12;182.87;183.63;43.33;190.00;183.53;-;190.00;182.74;183.15
Jul 31, 2026 10:45 PM;Jul 31, 2026 11:00 PM;175.01;158.33;173.32;175.04;175.01;172.20;174.62;137.08;174.49;174.80;20.29;190.00;174.76;-;174.49;174.44;174.61
Jul 31, 2026 11:00 PM;Jul 31, 2026 11:15 PM;178.22;162.65;175.92;177.93;178.12;170.56;177.06;137.15;179.20;178.63;62.01;173.80;178.72;-;190.05;179.25;178.97
Jul 31, 2026 11:15 PM;Jul 31, 2026 11:30 PM;169.88;154.53;169.19;169.79;169.85;167.58;169.53;137.12;170.18;170.00;32.73;173.80;170.03;-;190.05;170.19;170.11
Jul 31, 2026 11:30 PM;Jul 31, 2026 11:45 PM;167.36;152.08;167.36;167.36;167.36;167.36;167.36;137.06;167.36;167.36;23.12;173.80;167.36;-;167.36;167.36;167.36
Jul 31, 2026 11:45 PM;Aug 1, 2026 12:00 AM;165.13;147.55;165.13;165.13;165.13;165.13;165.13;137.02;165.13;142.61;13.75;173.80;165.13;-;165.13;165.13;165.13
Aug 1, 2026 12:00 AM;Aug 1, 2026 12:15 AM;183.75;163.09;182.22;183.57;183.72;178.40;182.99;139.68;184.38;184.07;24.77;166.08;184.13;-;197.00;184.48;184.29
Aug 1, 2026 12:15 AM;Aug 1, 2026 12:30 AM;173.56;155.77;171.78;173.36;173.53;167.34;172.68;139.68;174.30;173.93;26.83;166.08;174.01;-;197.10;174.42;174.20
Aug 1, 2026 12:30 AM;Aug 1, 2026 12:45 AM;164.44;148.80;162.15;164.18;164.40;156.45;163.31;139.65;165.39;164.92;25.28;166.08;165.02;-;197.00;165.54;165.25
Aug 1, 2026 12:45 AM;Aug 1, 2026 1:00 AM;156.00;142.21;152.71;155.63;155.94;144.49;154.37;139.64;157.38;156.69;24.54;166.08;156.84;-;194.50;157.59;157.18
Aug 1, 2026 1:00 AM;Aug 1, 2026 1:15 AM;169.43;151.77;166.80;169.15;169.40;160.23;168.13;139.76;170.56;170.00;24.07;161.25;170.12;-;197.10;170.73;170.39
Aug 1, 2026 1:15 AM;Aug 1, 2026 1:30 AM;166.63;148.09;159.38;165.87;166.56;141.28;163.05;139.76;169.74;168.21;25.40;161.25;168.54;-;191.50;170.21;169.29
Aug 1, 2026 1:30 AM;Aug 1, 2026 1:45 AM;157.66;144.07;156.57;157.55;157.65;153.82;157.12;139.74;158.14;157.90;27.12;161.25;157.95;-;190.05;158.21;158.07
Aug 1, 2026 1:45 AM;Aug 1, 2026 2:00 AM;156.91;143.97;156.91;156.91;156.90;156.91;156.91;139.73;156.91;156.91;27.42;161.25;156.91;-;189.48;156.91;156.91
Aug 1, 2026 2:00 AM;Aug 1, 2026 2:15 AM;160.91;144.95;158.15;160.59;160.85;151.27;159.51;139.69;162.04;161.47;23.25;156.00;161.59;-;189.48;162.22;161.87
Aug 1, 2026 2:15 AM;Aug 1, 2026 2:30 AM;159.09;143.42;155.05;158.62;159.00;144.99;157.05;139.69;160.74;159.90;26.49;156.00;160.09;-;189.48;161.00;160.50
Aug 1, 2026 2:30 AM;Aug 1, 2026 2:45 AM;155.88;141.74;153.55;155.61;155.82;147.73;154.70;139.68;156.84;156.35;26.40;156.00;156.46;-;189.48;156.98;156.69
Aug 1, 2026 2:45 AM;Aug 1, 2026 3:00 AM;152.10;138.79;149.09;151.75;152.03;141.59;150.58;139.68;153.34;152.71;27.02;156.00;152.85;-;182.80;153.53;153.15
Aug 1, 2026 3:00 AM;Aug 1, 2026 3:15 AM;157.01;141.98;153.28;156.60;156.95;143.96;155.14;139.72;158.58;157.81;26.90;154.86;157.97;-;175.00;158.82;158.35
Aug 1, 2026 3:15 AM;Aug 1, 2026 3:30 AM;153.37;139.59;150.81;153.09;153.33;144.39;152.08;139.71;154.45;153.92;24.85;154.86;154.03;-;163.45;154.62;154.30
Aug 1, 2026 3:30 AM;Aug 1, 2026 3:45 AM;155.00;140.53;151.91;154.66;154.96;144.16;153.45;139.70;156.31;155.67;24.37;154.86;155.80;-;156.51;156.51;156.12
Aug 1, 2026 3:45 AM;Aug 1, 2026 4:00 AM;153.05;138.90;149.29;152.63;152.99;139.89;151.16;139.70;154.63;153.85;24.91;154.86;154.01;-;154.87;154.87;154.40
Aug 1, 2026 4:00 AM;Aug 1, 2026 4:15 AM;154.91;139.59;149.34;154.33;154.86;135.35;152.13;139.50;157.42;156.14;24.81;155.18;156.39;-;157.66;157.66;156.96
Aug 1, 2026 4:15 AM;Aug 1, 2026 4:30 AM;158.34;141.15;150.44;157.51;158.27;130.60;154.39;139.50;161.89;160.08;24.31;155.18;160.43;-;162.24;162.24;161.24
Aug 1, 2026 4:30 AM;Aug 1, 2026 4:45 AM;153.54;139.46;150.19;153.19;153.51;141.79;151.87;139.49;155.05;154.28;25.10;155.18;154.42;-;155.19;155.19;154.77
Aug 1, 2026 4:45 AM;Aug 1, 2026 5:00 AM;151.30;138.60;149.73;151.14;151.29;145.78;150.52;139.49;152.01;151.65;26.07;155.18;151.72;-;152.08;152.08;151.88
Aug 1, 2026 5:00 AM;Aug 1, 2026 5:15 AM;152.78;139.07;149.40;152.42;152.74;140.92;151.09;139.40;154.22;153.51;23.02;159.40;153.66;-;189.48;154.43;154.01
Aug 1, 2026 5:15 AM;Aug 1, 2026 5:30 AM;157.00;140.77;151.62;155.96;155.95;136.74;154.32;139.40;169.76;155.42;24.25;159.40;145.63;-;185.00;167.82;162.84
Aug 1, 2026 5:30 AM;Aug 1, 2026 5:45 AM;155.47;141.47;153.10;155.07;155.13;146.72;154.29;139.40;159.83;155.11;26.15;159.40;152.00;-;172.60;159.25;157.58
Aug 1, 2026 5:45 AM;Aug 1, 2026 6:00 AM;156.82;143.17;156.07;156.56;156.42;153.66;156.45;139.39;161.25;155.90;27.75;159.40;151.99;-;161.25;160.40;158.61
Aug 1, 2026 6:00 AM;Aug 1, 2026 6:15 AM;160.52;143.93;158.05;159.68;159.22;150.08;159.33;139.55;174.76;157.50;24.13;156.34;144.64;-;174.76;172.62;166.66
Aug 1, 2026 6:15 AM;Aug 1, 2026 6:30 AM;156.94;140.65;151.51;155.92;155.92;136.69;154.25;139.54;169.25;155.44;26.36;156.34;145.92;-;172.22;167.80;162.86
Aug 1, 2026 6:30 AM;Aug 1, 2026 6:45 AM;151.90;139.87;151.82;151.87;151.86;151.58;151.86;139.55;152.32;151.81;28.09;156.34;151.42;-;173.00;152.26;152.08
Aug 1, 2026 6:45 AM;Aug 1, 2026 7:00 AM;149.80;138.38;149.80;149.80;149.79;149.80;149.80;139.49;149.80;149.80;27.94;156.34;149.80;-;165.63;149.80;149.80
Aug 1, 2026 7:00 AM;Aug 1, 2026 7:15 AM;162.96;147.36;162.96;162.96;162.95;162.96;162.96;138.57;162.96;162.96;29.21;149.51;162.96;-;162.96;162.96;162.96
Aug 1, 2026 7:15 AM;Aug 1, 2026 7:30 AM;147.00;135.60;147.00;147.00;147.00;147.00;147.00;138.48;147.00;147.00;27.66;149.51;147.00;-;152.60;147.00;147.00
Aug 1, 2026 7:30 AM;Aug 1, 2026 7:45 AM;141.73;131.59;141.73;141.73;141.72;141.73;141.73;137.52;141.73;141.73;26.64;149.51;141.73;-;167.49;141.73;141.73
Aug 1, 2026 7:45 AM;Aug 1, 2026 8:00 AM;134.00;125.64;134.00;134.00;134.00;134.00;134.00;134.84;134.00;134.00;25.67;149.51;134.00;-;145.64;134.00;134.00
Aug 1, 2026 8:00 AM;Aug 1, 2026 8:15 AM;160.86;144.76;160.86;160.86;160.86;160.86;160.86;138.80;160.86;160.86;30.17;136.53;160.86;-;160.86;160.86;160.86
Aug 1, 2026 8:15 AM;Aug 1, 2026 8:30 AM;143.70;131.89;143.70;143.70;143.70;143.70;143.70;137.64;143.70;143.70;27.02;136.53;143.70;-;192.80;143.70;143.70
Aug 1, 2026 8:30 AM;Aug 1, 2026 8:45 AM;133.18;123.50;133.18;133.18;132.21;133.18;133.18;133.01;133.18;133.18;24.44;136.53;133.18;-;171.13;133.18;133.18
Aug 1, 2026 8:45 AM;Aug 1, 2026 9:00 AM;123.89;116.48;122.58;124.17;125.87;120.68;123.02;125.51;122.75;127.33;21.11;136.53;131.73;-;155.21;95.55;131.47
Aug 1, 2026 9:00 AM;Aug 1, 2026 9:15 AM;145.41;131.44;145.41;145.41;145.41;145.41;145.41;129.20;145.41;145.41;28.31;125.06;145.41;-;160.80;145.41;145.41
Aug 1, 2026 9:15 AM;Aug 1, 2026 9:30 AM;122.44;113.73;119.78;122.35;122.90;114.75;121.02;124.67;122.62;124.57;26.43;125.06;126.89;-;154.40;108.93;125.62
Aug 1, 2026 9:30 AM;Aug 1, 2026 9:45 AM;117.65;107.97;109.39;117.07;118.41;92.19;113.29;119.94;119.35;122.29;23.85;125.06;126.80;-;161.25;93.90;124.75
Aug 1, 2026 9:45 AM;Aug 1, 2026 10:00 AM;107.59;97.26;93.61;106.24;108.07;62.74;100.27;111.01;111.79;113.08;20.47;125.06;117.50;-;140.00;88.95;116.28
Aug 1, 2026 10:00 AM;Aug 1, 2026 10:15 AM;116.41;100.83;100.68;113.88;115.34;64.80;107.89;115.65;122.07;118.83;32.41;98.00;119.59;-;162.25;123.10;121.13
Aug 1, 2026 10:15 AM;Aug 1, 2026 10:30 AM;104.39;89.10;83.80;101.32;103.47;37.69;93.22;106.45;112.49;108.91;23.06;98.00;111.73;-;153.00;101.13;112.45
Aug 1, 2026 10:30 AM;Aug 1, 2026 10:45 AM;101.60;83.96;73.04;97.27;100.19;8.82;86.12;100.39;112.64;107.47;28.76;98.00;110.84;-;145.70;100.66;112.23
Aug 1, 2026 10:45 AM;Aug 1, 2026 11:00 AM;81.29;70.34;57.58;77.61;79.95;4.00;68.44;80.10;90.21;108.91;21.08;98.00;87.87;-;139.45;84.60;89.47
Aug 1, 2026 11:00 AM;Aug 1, 2026 11:15 AM;83.00;67.60;59.18;79.26;81.48;3.43;70.19;81.82;91.72;107.52;30.81;50.22;87.95;-;125.00;93.27;90.28
Aug 1, 2026 11:15 AM;Aug 1, 2026 11:30 AM;67.98;57.81;48.18;64.87;66.71;1.85;57.33;66.96;75.22;107.52;24.95;50.22;72.10;-;126.07;76.51;74.02
Aug 1, 2026 11:30 AM;Aug 1, 2026 11:45 AM;51.16;47.84;36.17;48.81;50.20;1.08;43.10;50.39;56.65;107.52;27.84;50.22;54.28;-;130.00;57.63;55.74
Aug 1, 2026 11:45 AM;Aug 1, 2026 12:00 PM;26.47;32.81;18.87;25.28;25.98;1.08;22.38;26.10;29.25;109.83;23.85;50.22;28.05;-;123.54;29.75;28.79
Aug 1, 2026 12:00 PM;Aug 1, 2026 12:15 PM;31.63;33.64;22.45;30.18;30.74;1.08;26.67;31.17;37.01;107.52;28.72;20.14;34.41;-;137.48;37.01;35.75
Aug 1, 2026 12:15 PM;Aug 1, 2026 12:30 PM;19.62;25.75;14.06;18.76;19.10;1.08;16.62;20.38;23.56;108.91;19.06;20.14;21.59;-;137.50;23.35;22.54
Aug 1, 2026 12:30 PM;Aug 1, 2026 12:45 PM;11.70;21.09;8.55;11.25;12.24;1.08;10.00;15.99;16.48;108.90;13.49;20.14;13.90;-;130.89;15.56;14.96
Aug 1, 2026 12:45 PM;Aug 1, 2026 1:00 PM;3.91;18.87;3.12;4.00;4.48;0.66;3.49;25.45;18.41;108.91;8.83;20.14;10.10;-;135.12;13.99;13.11
Aug 1, 2026 1:00 PM;Aug 1, 2026 1:15 PM;1.63;16.61;1.56;5.96;6.07;0.51;1.59;10.12;19.75;108.91;10.09;8.31;9.82;-;138.10;18.75;14.60
Aug 1, 2026 1:15 PM;Aug 1, 2026 1:30 PM;0.00;15.76;0.21;4.89;4.98;0.00;0.08;8.43;20.05;108.91;8.43;8.31;9.10;-;134.36;19.42;14.50
Aug 1, 2026 1:30 PM;Aug 1, 2026 1:45 PM;0.00;15.63;0.22;4.66;4.74;0.00;0.08;7.86;20.13;108.91;7.86;8.31;9.20;-;138.19;20.13;14.77
Aug 1, 2026 1:45 PM;Aug 1, 2026 2:00 PM;0.00;15.67;0.22;4.49;4.58;0.00;0.08;8.22;20.13;108.90;8.20;8.31;9.20;-;135.42;20.13;14.77
Aug 1, 2026 2:00 PM;Aug 1, 2026 2:15 PM;0.00;14.80;0.13;3.40;3.46;0.00;0.00;6.97;17.19;108.91;6.97;7.93;7.80;-;130.00;17.03;12.53
Aug 1, 2026 2:15 PM;Aug 1, 2026 2:30 PM;0.00;14.80;0.13;3.40;3.46;0.00;0.00;7.00;17.18;108.91;7.00;7.93;7.80;-;130.00;17.01;12.52
Aug 1, 2026 2:30 PM;Aug 1, 2026 2:45 PM;0.00;15.38;0.15;3.40;3.46;0.00;0.00;9.05;19.71;108.91;7.62;7.93;8.97;-;130.00;19.71;14.43
Aug 1, 2026 2:45 PM;Aug 1, 2026 3:00 PM;0.00;18.94;0.26;4.11;4.18;0.00;0.00;21.18;34.56;107.52;12.93;7.93;15.72;-;126.50;34.56;25.30
Aug 1, 2026 3:00 PM;Aug 1, 2026 3:15 PM;0.02;17.49;0.14;3.04;3.10;0.02;0.00;12.58;16.16;109.83;8.80;31.01;7.67;-;126.32;12.41;11.43
Aug 1, 2026 3:15 PM;Aug 1, 2026 3:30 PM;0.29;19.14;0.44;3.39;3.46;0.29;0.27;16.39;19.45;114.47;12.02;31.01;9.37;-;137.00;15.01;13.84
Aug 1, 2026 3:30 PM;Aug 1, 2026 3:45 PM;2.80;23.23;2.35;4.12;4.20;0.50;2.40;36.35;32.54;111.02;14.04;31.01;17.00;-;124.39;26.58;24.13
Aug 1, 2026 3:45 PM;Aug 1, 2026 4:00 PM;9.20;33.77;7.23;9.44;14.17;0.00;7.74;54.74;76.38;108.91;19.26;31.01;42.59;-;137.75;76.38;61.64
Aug 1, 2026 4:00 PM;Aug 1, 2026 4:15 PM;6.50;29.58;4.92;6.32;6.97;0.50;5.40;36.34;31.97;111.02;6.97;96.69;18.30;-;141.64;26.31;24.57
Aug 1, 2026 4:15 PM;Aug 1, 2026 4:30 PM;24.13;45.45;17.88;23.28;23.71;0.51;20.00;39.81;88.55;112.15;23.16;96.69;54.22;-;140.16;75.96;70.38
Aug 1, 2026 4:30 PM;Aug 1, 2026 4:45 PM;64.03;72.12;47.36;61.52;64.02;1.00;53.56;89.76;148.95;98.26;26.72;96.69;105.51;-;148.95;148.95;130.26
Aug 1, 2026 4:45 PM;Aug 1, 2026 5:00 PM;87.41;85.75;61.88;83.46;87.41;1.08;73.27;99.96;167.25;111.69;37.86;96.69;122.74;-;167.25;158.43;154.08
Aug 1, 2026 5:00 PM;Aug 1, 2026 5:15 PM;87.12;78.82;61.72;84.25;87.11;1.99;74.04;99.23;112.71;97.34;19.24;129.75;99.64;-;131.57;109.64;105.61
Aug 1, 2026 5:15 PM;Aug 1, 2026 5:30 PM;101.14;91.37;72.67;97.95;101.54;5.50;86.38;106.20;143.25;117.04;24.16;129.75;120.68;-;143.25;135.63;130.40
Aug 1, 2026 5:30 PM;Aug 1, 2026 5:45 PM;119.08;109.59;101.71;116.31;119.42;29.00;107.15;114.94;176.16;136.50;30.87;129.75;143.73;-;173.00;173.00;166.41
Aug 1, 2026 5:45 PM;Aug 1, 2026 6:00 PM;122.92;118.95;112.56;121.13;123.89;68.56;115.65;119.96;190.91;141.09;34.50;129.75;150.44;-;184.44;184.44;179.77
Aug 1, 2026 6:00 PM;Aug 1, 2026 6:15 PM;119.38;119.12;112.87;117.98;119.59;81.80;114.82;124.38;190.47;131.02;20.40;152.10;144.85;-;187.39;187.39;188.35
Aug 1, 2026 6:15 PM;Aug 1, 2026 6:30 PM;133.00;126.96;126.01;131.39;132.37;91.98;128.21;129.98;190.96;137.23;24.67;152.10;151.67;-;190.05;190.05;196.15
Aug 1, 2026 6:30 PM;Aug 1, 2026 6:45 PM;160.82;142.51;146.71;156.94;159.82;110.01;154.01;137.30;189.48;162.20;28.83;152.10;170.21;-;189.48;189.48;193.80
Aug 1, 2026 6:45 PM;Aug 1, 2026 7:00 PM;167.34;148.95;158.22;164.50;164.06;130.62;163.01;138.09;209.95;152.40;31.67;152.10;173.88;-;193.08;218.30;238.97
Aug 1, 2026 7:00 PM;Aug 1, 2026 7:15 PM;150.92;142.54;140.34;148.78;151.50;115.14;145.32;139.12;197.00;166.61;26.46;169.10;168.59;-;197.00;197.00;184.69
Aug 1, 2026 7:15 PM;Aug 1, 2026 7:30 PM;160.26;150.83;156.34;158.85;160.74;146.79;158.11;139.40;197.00;171.51;28.78;169.10;172.52;-;197.00;197.00;189.78
Aug 1, 2026 7:30 PM;Aug 1, 2026 7:45 PM;175.47;161.63;175.69;175.28;175.49;175.50;175.44;139.67;198.70;182.11;30.12;169.10;180.84;-;198.70;218.73;209.72
Aug 1, 2026 7:45 PM;Aug 1, 2026 8:00 PM;187.49;167.28;186.06;186.89;186.70;181.65;186.72;139.68;200.90;186.99;30.17;169.10;185.24;-;200.90;204.52;212.34
Aug 1, 2026 8:00 PM;Aug 1, 2026 8:15 PM;174.17;161.26;174.46;174.10;174.34;175.45;174.13;139.48;197.10;179.62;29.55;176.00;179.60;-;197.10;197.10;195.35
Aug 1, 2026 8:15 PM;Aug 1, 2026 8:30 PM;180.23;164.30;180.70;179.98;179.85;181.65;180.32;139.48;198.70;182.11;27.54;176.00;181.00;-;198.70;198.70;204.37
Aug 1, 2026 8:30 PM;Aug 1, 2026 8:45 PM;183.40;165.74;183.89;183.08;182.83;184.75;183.52;139.48;198.70;183.82;26.40;176.00;180.69;-;198.70;198.70;202.32
Aug 1, 2026 8:45 PM;Aug 1, 2026 9:00 PM;186.05;165.91;186.74;185.53;184.87;187.60;186.29;139.48;195.34;182.70;24.51;176.00;176.00;-;198.70;198.70;202.48
Aug 1, 2026 9:00 PM;Aug 1, 2026 9:15 PM;184.85;165.93;185.55;184.43;183.84;186.40;185.12;139.44;191.84;181.81;29.64;178.02;179.18;-;199.64;199.64;209.86
Aug 1, 2026 9:15 PM;Aug 1, 2026 9:30 PM;181.60;163.25;182.21;181.18;180.59;182.98;181.85;139.42;188.49;178.59;26.47;178.02;175.99;-;198.70;196.20;206.30
Aug 1, 2026 9:30 PM;Aug 1, 2026 9:45 PM;182.41;163.67;182.41;182.41;182.41;182.41;182.41;139.42;182.41;182.41;23.68;178.02;182.41;-;197.10;182.41;182.41
Aug 1, 2026 9:45 PM;Aug 1, 2026 10:00 PM;173.85;157.07;173.85;173.85;173.85;173.85;173.85;139.41;173.85;173.85;19.55;178.02;173.85;-;197.00;173.85;173.85
Aug 1, 2026 10:00 PM;Aug 1, 2026 10:15 PM;190.20;169.63;190.20;190.20;190.20;190.20;190.20;139.40;190.20;190.20;29.01;175.94;190.20;-;197.00;190.20;190.20
Aug 1, 2026 10:15 PM;Aug 1, 2026 10:30 PM;179.69;161.55;179.69;179.69;179.69;179.69;179.69;139.39;179.69;179.69;24.23;175.94;179.69;-;198.28;179.69;179.69
Aug 1, 2026 10:30 PM;Aug 1, 2026 10:45 PM;175.20;157.89;175.20;175.20;175.20;175.20;175.20;139.38;175.20;175.20;19.82;175.94;175.20;-;197.00;175.20;175.20
Aug 1, 2026 10:45 PM;Aug 1, 2026 11:00 PM;169.10;153.02;169.10;169.10;169.10;169.10;169.10;139.38;169.10;169.10;15.15;175.94;169.10;-;197.00;169.10;169.10
Aug 1, 2026 11:00 PM;Aug 1, 2026 11:15 PM;172.11;155.47;172.11;172.11;172.11;172.11;172.11;139.42;172.11;172.11;25.86;168.00;172.11;-;206.49;172.11;172.11
Aug 1, 2026 11:15 PM;Aug 1, 2026 11:30 PM;171.94;154.88;171.94;171.94;171.94;171.94;171.94;139.40;171.94;171.94;20.79;168.00;171.94;-;197.10;171.94;171.94
Aug 1, 2026 11:30 PM;Aug 1, 2026 11:45 PM;171.23;154.12;171.23;171.23;171.23;171.23;171.23;139.39;171.23;171.23;18.11;168.00;171.23;-;197.00;171.23;171.23
Aug 1, 2026 11:45 PM;Aug 2, 2026 12:00 AM;164.72;148.97;164.72;164.72;164.72;164.72;164.72;139.38;164.72;164.72;13.54;168.00;164.72;-;190.05;164.72;164.72
Aug 2, 2026 12:00 AM;Aug 2, 2026 12:15 AM;188.40;167.50;186.63;188.18;188.33;182.17;187.51;149.83;189.09;188.72;25.30;167.91;188.80;-;189.48;189.20;188.98
Aug 2, 2026 12:15 AM;Aug 2, 2026 12:30 AM;170.98;154.82;170.15;170.88;170.95;168.06;170.56;149.75;171.30;171.13;21.19;167.91;171.16;-;187.50;171.35;171.25
Aug 2, 2026 12:30 AM;Aug 2, 2026 12:45 AM;161.10;147.73;161.10;161.10;161.10;161.10;161.10;149.33;161.10;161.10;18.95;167.91;161.10;-;184.99;161.10;161.10
Aug 2, 2026 12:45 AM;Aug 2, 2026 1:00 AM;158.02;142.17;150.95;157.13;157.74;133.15;154.44;146.48;160.77;159.26;16.46;167.91;159.58;-;174.00;161.19;160.30
Aug 2, 2026 1:00 AM;Aug 2, 2026 1:15 AM;160.86;147.07;160.86;160.86;160.86;160.86;160.86;149.65;160.86;160.86;19.91;161.36;160.86;-;174.00;160.86;160.86
Aug 2, 2026 1:15 AM;Aug 2, 2026 1:30 AM;156.81;143.85;156.81;156.81;156.81;156.81;156.81;146.62;156.81;156.81;19.86;161.36;156.81;-;174.00;156.81;156.81
Aug 2, 2026 1:30 AM;Aug 2, 2026 1:45 AM;162.01;147.83;162.01;162.01;162.01;162.01;162.01;149.64;162.01;162.01;19.09;161.36;162.01;-;173.58;162.01;162.01
Aug 2, 2026 1:45 AM;Aug 2, 2026 2:00 AM;159.98;145.53;158.50;159.80;159.93;154.74;159.23;148.70;160.57;160.25;17.41;161.36;160.32;-;160.66;160.66;160.47
Aug 2, 2026 2:00 AM;Aug 2, 2026 2:15 AM;158.74;144.43;157.68;158.61;158.70;155.07;158.20;147.62;159.15;158.93;18.05;157.74;158.98;-;178.00;159.22;159.08
Aug 2, 2026 2:15 AM;Aug 2, 2026 2:30 AM;156.50;142.70;155.44;156.37;156.46;152.83;155.96;146.03;156.92;156.69;18.56;157.74;156.74;-;172.15;156.98;156.84
Aug 2, 2026 2:30 AM;Aug 2, 2026 2:45 AM;157.31;143.81;157.31;157.31;157.31;157.31;157.31;146.65;157.31;157.31;18.99;157.74;157.31;-;163.40;157.31;157.31
Aug 2, 2026 2:45 AM;Aug 2, 2026 3:00 AM;154.80;141.82;154.80;154.80;154.80;154.80;154.80;144.89;154.80;154.80;19.03;157.74;154.80;-;154.80;154.80;154.80
Aug 2, 2026 3:00 AM;Aug 2, 2026 3:15 AM;155.36;139.85;149.73;154.77;155.27;135.40;152.56;144.18;157.75;156.52;21.29;154.06;156.79;-;173.08;158.09;157.37
Aug 2, 2026 3:15 AM;Aug 2, 2026 3:30 AM;153.75;140.58;153.07;153.68;153.74;151.32;153.41;143.41;154.04;153.89;21.82;154.06;153.93;-;184.99;154.08;154.00
Aug 2, 2026 3:30 AM;Aug 2, 2026 3:45 AM;153.88;140.01;151.37;153.62;153.84;144.99;152.63;143.35;154.94;154.40;22.39;154.06;154.51;-;184.38;155.09;154.77
Aug 2, 2026 3:45 AM;Aug 2, 2026 4:00 AM;154.78;141.70;154.78;154.78;154.78;154.78;154.78;144.12;154.78;154.78;22.26;154.06;154.78;-;184.87;154.78;154.78
Aug 2, 2026 4:00 AM;Aug 2, 2026 4:15 AM;155.01;139.09;148.44;154.32;154.91;131.77;151.74;143.93;157.79;156.36;22.00;152.10;156.67;-;184.99;158.19;157.35
Aug 2, 2026 4:15 AM;Aug 2, 2026 4:30 AM;153.16;139.50;151.33;152.97;153.13;146.68;152.25;142.99;153.93;153.54;22.01;152.10;153.62;-;184.99;154.04;153.81
Aug 2, 2026 4:30 AM;Aug 2, 2026 4:45 AM;152.94;138.81;149.60;152.59;152.88;141.13;151.28;142.73;154.35;153.62;22.82;152.10;153.78;-;184.99;154.55;154.13
Aug 2, 2026 4:45 AM;Aug 2, 2026 5:00 AM;153.26;140.41;153.26;153.26;153.26;153.26;153.26;143.10;153.26;153.26;23.19;152.10;153.26;-;175.00;153.26;153.26
Aug 2, 2026 5:00 AM;Aug 2, 2026 5:15 AM;159.03;143.41;155.23;158.62;158.96;145.72;157.13;146.78;160.62;159.79;20.98;153.70;159.97;-;180.00;160.85;160.36
Aug 2, 2026 5:15 AM;Aug 2, 2026 5:30 AM;160.83;143.78;154.07;160.11;160.70;137.11;157.46;147.74;163.67;162.19;22.31;153.70;162.51;-;165.00;164.08;163.21
Aug 2, 2026 5:30 AM;Aug 2, 2026 5:45 AM;159.73;143.90;155.17;159.24;159.64;143.75;157.45;147.15;161.63;160.64;23.69;153.70;160.86;-;161.91;161.91;161.33
Aug 2, 2026 5:45 AM;Aug 2, 2026 6:00 AM;157.72;142.84;154.21;157.34;157.65;145.43;155.97;145.92;159.18;158.42;24.85;153.70;158.59;-;159.40;159.40;158.95
Aug 2, 2026 6:00 AM;Aug 2, 2026 6:15 AM;161.13;145.53;158.50;160.86;161.09;151.86;159.82;148.40;162.26;161.68;23.85;150.69;161.80;-;162.41;162.41;162.08
Aug 2, 2026 6:15 AM;Aug 2, 2026 6:30 AM;153.70;139.71;151.13;153.43;153.66;144.65;152.42;143.37;154.80;154.24;24.03;150.69;154.36;-;154.95;154.95;154.62
Aug 2, 2026 6:30 AM;Aug 2, 2026 6:45 AM;151.62;137.56;147.60;151.21;151.57;137.46;149.62;141.75;153.34;152.46;24.82;150.69;152.65;-;153.58;153.58;153.07
Aug 2, 2026 6:45 AM;Aug 2, 2026 7:00 AM;139.14;128.85;137.12;138.93;139.11;132.03;138.13;137.52;140.00;139.56;24.61;150.69;139.65;-;158.66;140.12;139.86
Aug 2, 2026 7:00 AM;Aug 2, 2026 7:15 AM;153.77;139.44;152.98;153.68;153.75;150.97;153.37;142.99;154.10;153.93;25.22;138.85;153.97;-;154.15;154.15;154.05
Aug 2, 2026 7:15 AM;Aug 2, 2026 7:30 AM;142.60;131.18;142.60;142.60;142.60;142.60;142.60;138.22;142.60;142.60;25.08;138.85;142.60;-;143.50;142.60;142.60
Aug 2, 2026 7:30 AM;Aug 2, 2026 7:45 AM;136.11;125.50;136.11;136.11;136.11;136.11;136.11;129.02;136.11;136.11;23.75;138.85;136.11;-;165.94;136.11;136.11
Aug 2, 2026 7:45 AM;Aug 2, 2026 8:00 AM;122.32;115.13;122.32;122.32;124.56;122.32;122.32;125.13;122.32;122.32;21.62;138.85;122.32;-;143.50;122.32;122.32
Aug 2, 2026 8:00 AM;Aug 2, 2026 8:15 AM;152.74;136.88;152.74;152.74;150.50;152.74;152.74;128.33;152.74;152.74;26.99;130.66;152.74;-;173.28;152.74;152.74
Aug 2, 2026 8:15 AM;Aug 2, 2026 8:30 AM;130.33;120.33;130.33;130.33;130.33;130.33;130.33;126.27;130.33;130.33;24.04;130.66;130.33;-;166.06;130.33;130.33
Aug 2, 2026 8:30 AM;Aug 2, 2026 8:45 AM;112.43;106.56;112.43;112.43;112.43;112.43;112.43;120.82;112.43;112.43;21.27;130.66;112.43;-;142.39;112.43;112.43
Aug 2, 2026 8:45 AM;Aug 2, 2026 9:00 AM;93.22;91.30;93.22;93.22;93.22;93.22;93.22;107.87;93.22;93.22;19.99;130.66;93.22;-;131.13;93.22;93.22
Aug 2, 2026 9:00 AM;Aug 2, 2026 9:15 AM;104.46;98.14;103.34;104.24;104.36;99.00;103.71;107.57;104.96;104.66;26.92;116.00;104.73;-;162.90;105.05;104.87
Aug 2, 2026 9:15 AM;Aug 2, 2026 9:30 AM;84.19;81.30;82.95;83.99;84.10;80.00;83.52;86.68;84.61;84.36;23.67;116.00;84.41;-;153.19;84.68;84.53
Aug 2, 2026 9:30 AM;Aug 2, 2026 9:45 AM;51.64;50.60;41.80;50.07;50.89;18.33;46.30;51.67;54.92;52.95;20.26;116.00;53.41;-;140.39;55.53;54.35
Aug 2, 2026 9:45 AM;Aug 2, 2026 10:00 AM;10.45;18.97;7.88;10.04;10.26;1.75;9.06;10.36;11.31;10.80;10.26;116.00;10.91;-;124.84;11.47;11.16
Aug 2, 2026 10:00 AM;Aug 2, 2026 10:15 AM;10.21;9.92;7.58;9.79;10.08;1.08;8.76;11.84;11.11;10.57;11.84;15.80;10.70;-;127.00;11.27;10.95
Aug 2, 2026 10:15 AM;Aug 2, 2026 10:30 AM;2.47;4.95;1.93;2.41;2.77;0.51;2.17;8.97;4.36;3.19;8.97;15.80;3.39;-;143.71;4.02;3.86
Aug 2, 2026 10:30 AM;Aug 2, 2026 10:45 AM;-0.01;3.59;0.04;0.05;0.48;0.00;0.02;8.91;2.83;1.06;8.91;15.80;1.36;-;139.50;2.19;2.05
Aug 2, 2026 10:45 AM;Aug 2, 2026 11:00 AM;-0.05;3.13;-0.02;-0.01;0.33;0.00;-0.03;8.30;0.99;0.34;8.30;15.80;0.45;-;125.70;0.76;0.70
Aug 2, 2026 11:00 AM;Aug 2, 2026 11:15 AM;-0.09;1.24;-0.05;0.00;0.27;-0.01;-0.07;1.97;0.89;0.23;6.68;3.37;0.32;-;94.51;0.57;0.52
Aug 2, 2026 11:15 AM;Aug 2, 2026 11:30 AM;-0.13;1.26;-0.08;0.00;0.25;-0.01;-0.10;2.40;1.19;0.30;6.09;3.37;0.43;-;135.35;0.76;0.71
Aug 2, 2026 11:30 AM;Aug 2, 2026 11:45 AM;-0.34;2.00;-0.20;0.10;1.33;-0.02;-0.26;6.12;3.36;0.86;6.12;3.37;1.22;-;139.97;2.15;1.99
Aug 2, 2026 11:45 AM;Aug 2, 2026 12:00 PM;-0.48;2.09;-0.30;0.99;1.34;-0.07;-0.39;5.63;4.21;1.04;5.63;3.37;1.50;-;141.34;2.68;2.48
Aug 2, 2026 12:00 PM;Aug 2, 2026 12:15 PM;-0.71;2.09;-0.37;2.10;2.27;-0.10;-0.71;4.32;5.32;1.29;5.35;1.71;1.85;-;118.50;3.36;3.10
Aug 2, 2026 12:15 PM;Aug 2, 2026 12:30 PM;-1.08;1.70;-0.29;2.00;2.15;-0.11;-1.55;1.68;5.48;1.09;4.80;1.71;1.71;-;140.45;3.37;3.07
Aug 2, 2026 12:30 PM;Aug 2, 2026 12:45 PM;-1.44;1.74;-0.27;2.00;2.13;-0.11;-2.23;1.70;6.59;1.22;4.41;1.71;1.97;-;140.39;4.02;3.65
Aug 2, 2026 12:45 PM;Aug 2, 2026 1:00 PM;-1.87;1.76;-0.25;2.00;2.11;-0.11;-3.04;1.59;7.87;1.35;3.80;1.71;2.28;-;112.03;4.76;4.31
Aug 2, 2026 1:00 PM;Aug 2, 2026 1:15 PM;-2.77;1.46;-1.47;2.39;2.48;-1.14;-3.49;1.89;8.44;0.94;3.47;0.50;2.01;-;148.72;4.84;4.35
Aug 2, 2026 1:15 PM;Aug 2, 2026 1:30 PM;-3.10;0.80;-2.60;2.23;2.29;-2.16;-3.04;1.63;6.30;0.01;2.75;0.50;0.90;-;149.67;3.24;2.86
Aug 2, 2026 1:30 PM;Aug 2, 2026 1:45 PM;-4.28;0.72;-3.77;2.13;2.19;-3.12;-4.00;1.50;8.66;0.00;2.64;0.50;1.22;-;153.14;4.43;3.92
Aug 2, 2026 1:45 PM;Aug 2, 2026 2:00 PM;-4.77;0.20;-4.31;2.10;2.15;-3.73;-4.52;1.48;6.81;-0.94;2.55;0.50;0.15;-;148.87;3.03;2.57
Aug 2, 2026 2:00 PM;Aug 2, 2026 2:15 PM;-2.42;1.89;-0.27;2.00;2.10;-0.11;-4.02;1.74;9.61;1.59;3.64;1.71;2.75;-;145.35;5.79;5.23
Aug 2, 2026 2:15 PM;Aug 2, 2026 2:30 PM;-1.99;1.87;-0.35;2.00;2.10;-0.11;-3.06;1.74;8.65;1.67;3.52;1.71;2.65;-;138.62;6.14;5.12
Aug 2, 2026 2:30 PM;Aug 2, 2026 2:45 PM;-1.64;1.67;-0.29;2.00;2.08;-0.11;-2.56;1.72;7.24;1.31;3.10;1.71;2.17;-;142.39;4.40;4.00
Aug 2, 2026 2:45 PM;Aug 2, 2026 3:00 PM;-1.09;1.59;-0.31;2.10;2.17;-0.11;-1.50;1.82;5.68;1.16;2.95;1.71;1.81;-;142.92;3.50;3.20
Aug 2, 2026 3:00 PM;Aug 2, 2026 3:15 PM;-1.29;4.65;-0.70;2.50;2.59;-0.02;-0.93;8.39;10.11;3.00;3.80;18.49;3.91;-;111.50;10.11;7.37
Aug 2, 2026 3:15 PM;Aug 2, 2026 3:30 PM;-1.25;5.60;-0.67;3.89;3.96;-0.01;-0.90;13.41;11.85;3.19;4.01;18.49;4.40;-;117.00;8.11;7.24
Aug 2, 2026 3:30 PM;Aug 2, 2026 3:45 PM;-1.19;6.28;-0.78;3.99;4.10;-0.01;-1.09;17.10;13.56;3.73;4.87;18.49;5.09;-;119.00;8.72;8.12
Aug 2, 2026 3:45 PM;Aug 2, 2026 4:00 PM;-0.98;6.49;-0.86;4.50;4.60;0.00;-1.27;16.92;14.32;4.13;5.10;18.49;5.50;-;140.39;9.26;8.65
Aug 2, 2026 4:00 PM;Aug 2, 2026 4:15 PM;-1.01;15.40;-0.62;3.34;5.00;0.00;-1.04;27.72;19.42;15.51;5.95;86.54;7.55;-;132.65;14.95;12.70
Aug 2, 2026 4:15 PM;Aug 2, 2026 4:30 PM;-0.04;19.77;0.14;4.00;7.72;0.00;-0.15;28.91;22.68;50.31;7.72;86.54;9.57;-;136.91;18.47;15.51
Aug 2, 2026 4:30 PM;Aug 2, 2026 4:45 PM;0.00;37.69;1.51;9.81;9.99;0.00;0.00;82.74;117.33;50.01;9.99;86.54;46.67;-;138.73;117.33;101.37
Aug 2, 2026 4:45 PM;Aug 2, 2026 5:00 PM;12.71;53.07;12.52;16.08;16.37;0.01;12.71;104.54;167.75;75.91;16.37;86.54;74.95;-;167.75;167.75;159.48
Aug 2, 2026 5:00 PM;Aug 2, 2026 5:15 PM;41.97;49.15;30.34;40.70;41.44;1.00;35.65;45.25;71.34;75.77;10.01;134.66;54.47;-;151.34;63.58;61.05
Aug 2, 2026 5:15 PM;Aug 2, 2026 5:30 PM;92.84;86.38;66.75;89.45;92.13;1.08;78.69;107.26;141.89;105.69;20.01;134.66;112.55;-;141.89;135.70;132.84
Aug 2, 2026 5:30 PM;Aug 2, 2026 5:45 PM;116.55;102.57;93.09;112.98;115.05;34.52;103.84;120.02;142.73;118.38;27.59;134.66;125.41;-;142.73;143.82;146.15
Aug 2, 2026 5:45 PM;Aug 2, 2026 6:00 PM;130.29;120.54;123.30;128.22;127.76;102.81;126.47;121.58;164.44;121.26;39.05;134.66;136.44;-;164.44;169.51;183.37
Aug 2, 2026 6:00 PM;Aug 2, 2026 6:15 PM;123.89;114.86;113.40;121.29;120.53;81.83;118.53;124.82;160.86;109.68;15.97;167.74;128.85;-;169.98;169.98;188.64
Aug 2, 2026 6:15 PM;Aug 2, 2026 6:30 PM;138.13;127.43;133.31;135.60;133.50;114.82;135.75;128.97;174.59;114.29;24.26;167.74;138.87;-;189.48;189.48;216.13
Aug 2, 2026 6:30 PM;Aug 2, 2026 6:45 PM;157.00;146.31;154.00;155.98;155.74;143.43;155.41;138.84;189.48;153.17;31.24;167.74;164.41;-;189.48;189.48;199.22
Aug 2, 2026 6:45 PM;Aug 2, 2026 7:00 PM;173.61;158.48;175.70;172.59;170.77;177.32;174.77;142.99;190.94;157.00;41.84;167.74;171.65;-;190.94;200.82;217.99
Aug 2, 2026 7:00 PM;Aug 2, 2026 7:15 PM;160.15;149.44;161.37;159.50;158.86;163.20;160.59;145.05;183.58;160.81;27.49;171.63;151.75;-;194.75;194.75;225.33
Aug 2, 2026 7:15 PM;Aug 2, 2026 7:30 PM;170.59;155.67;170.98;169.93;169.31;170.08;170.77;146.48;183.56;169.80;29.27;171.63;160.55;-;197.00;197.00;226.78
Aug 2, 2026 7:30 PM;Aug 2, 2026 7:45 PM;183.90;164.26;180.04;183.22;183.54;170.41;181.85;148.02;189.23;188.34;31.51;171.63;179.08;-;197.10;197.10;223.78
Aug 2, 2026 7:45 PM;Aug 2, 2026 8:00 PM;192.93;170.65;187.95;192.42;193.17;176.35;190.30;148.98;192.75;200.73;33.01;171.63;189.82;-;198.70;198.70;228.14
Aug 2, 2026 8:00 PM;Aug 2, 2026 8:15 PM;182.99;164.23;180.41;182.30;182.35;173.40;181.61;149.71;190.30;186.99;30.58;176.90;172.00;-;197.00;197.00;224.18
Aug 2, 2026 8:15 PM;Aug 2, 2026 8:30 PM;181.78;164.69;182.17;181.57;181.38;182.33;181.95;149.77;186.85;184.85;29.57;176.90;174.21;-;197.00;197.00;227.99
Aug 2, 2026 8:30 PM;Aug 2, 2026 8:45 PM;185.66;167.40;186.15;185.42;185.16;186.79;185.86;149.86;190.94;186.62;29.03;176.90;178.65;-;197.10;197.10;215.18
Aug 2, 2026 8:45 PM;Aug 2, 2026 9:00 PM;192.32;171.93;192.64;192.08;191.81;193.01;192.44;149.90;197.10;191.17;27.89;176.90;186.34;-;197.10;197.10;197.75
Aug 2, 2026 9:00 PM;Aug 2, 2026 9:15 PM;190.70;171.12;191.07;190.48;190.18;191.54;190.86;149.96;194.87;189.12;30.05;176.44;187.75;-;198.70;198.70;204.03
Aug 2, 2026 9:15 PM;Aug 2, 2026 9:30 PM;181.18;164.22;181.99;180.69;180.04;183.01;181.51;149.96;190.31;177.71;30.01;176.44;174.72;-;198.70;198.70;210.38
Aug 2, 2026 9:30 PM;Aug 2, 2026 9:45 PM;174.37;159.11;175.50;173.69;172.79;176.91;174.84;149.97;187.05;169.55;28.06;176.44;165.40;-;198.70;198.70;214.92
Aug 2, 2026 9:45 PM;Aug 2, 2026 10:00 PM;164.51;151.67;166.03;163.60;162.40;167.92;165.14;149.96;181.50;158.06;24.87;176.44;152.50;-;197.10;197.10;218.81
Aug 2, 2026 10:00 PM;Aug 2, 2026 10:15 PM;181.59;164.48;182.56;181.14;180.49;183.46;182.09;149.94;190.52;178.22;31.70;173.80;175.33;-;198.70;198.70;209.93
Aug 2, 2026 10:15 PM;Aug 2, 2026 10:30 PM;167.84;154.21;169.69;166.97;165.74;171.39;168.78;149.93;184.88;161.40;27.88;173.80;155.89;-;200.48;200.48;221.91
Aug 2, 2026 10:30 PM;Aug 2, 2026 10:45 PM;163.65;150.78;165.54;162.76;161.50;167.29;164.61;149.94;181.11;157.05;23.60;173.80;151.41;-;197.10;197.10;219.06
Aug 2, 2026 10:45 PM;Aug 2, 2026 11:00 PM;157.83;145.72;158.93;157.32;156.59;159.94;158.39;147.29;167.94;154.01;18.00;173.80;150.75;-;197.00;177.19;189.90
Aug 2, 2026 11:00 PM;Aug 2, 2026 11:15 PM;160.11;148.28;163.66;158.54;155.69;166.35;162.13;148.13;188.48;132.52;29.62;167.94;157.99;-;206.77;204.54;232.48
Aug 2, 2026 11:15 PM;Aug 2, 2026 11:30 PM;155.09;143.79;157.05;154.22;152.37;158.54;156.21;144.91;170.77;139.83;25.95;167.94;153.92;-;197.10;179.66;195.11
Aug 2, 2026 11:30 PM;Aug 2, 2026 11:45 PM;152.96;141.62;154.42;152.32;151.09;155.51;153.79;143.46;164.56;141.68;20.95;167.94;152.10;-;189.48;171.13;182.55
Aug 2, 2026 11:45 PM;Aug 3, 2026 12:00 AM;143.17;133.56;145.27;142.24;140.45;146.86;144.37;138.29;159.95;126.85;15.04;167.94;141.92;-;184.41;169.45;185.97
Aug 3, 2026 12:00 AM;Aug 3, 2026 12:15 AM;146.32;138.56;148.52;145.14;143.83;150.99;147.26;140.71;177.35;133.91;22.47;163.58;150.44;-;192.90;183.79;200.60
Aug 3, 2026 12:15 AM;Aug 3, 2026 12:30 AM;141.85;133.04;144.43;140.69;138.75;146.65;143.21;137.20;167.03;123.77;16.39;163.58;141.72;-;191.68;177.61;197.49
Aug 3, 2026 12:30 AM;Aug 3, 2026 12:45 AM;136.95;129.00;139.36;135.83;134.08;141.53;138.18;132.26;162.11;120.56;13.96;163.58;137.55;-;186.09;171.56;190.11
Aug 3, 2026 12:45 AM;Aug 3, 2026 1:00 AM;134.05;126.39;136.33;132.98;131.35;138.43;135.20;129.94;158.64;118.80;10.12;163.58;134.96;-;174.00;167.36;184.90
Aug 3, 2026 1:00 AM;Aug 3, 2026 1:15 AM;137.95;132.26;139.37;137.00;136.75;141.78;138.24;132.77;171.93;135.09;15.67;159.01;147.20;-;175.23;171.77;181.74
Aug 3, 2026 1:15 AM;Aug 3, 2026 1:30 AM;134.42;127.70;135.93;133.58;132.85;137.83;134.99;129.87;159.20;127.29;15.15;159.01;139.00;-;173.06;162.44;173.60
Aug 3, 2026 1:30 AM;Aug 3, 2026 1:45 AM;135.44;126.32;137.29;134.66;133.12;138.67;136.50;130.97;149.77;121.02;14.88;159.01;133.67;-;169.41;158.47;172.86
Aug 3, 2026 1:45 AM;Aug 3, 2026 2:00 AM;132.63;123.97;134.42;131.87;130.37;135.76;133.66;128.14;146.55;118.61;14.40;159.01;130.90;-;169.00;155.01;169.00
Aug 3, 2026 2:00 AM;Aug 3, 2026 2:15 AM;133.59;124.24;135.41;132.80;131.26;136.79;134.62;129.12;147.86;119.16;15.27;152.50;131.80;-;170.16;156.55;170.82
Aug 3, 2026 2:15 AM;Aug 3, 2026 2:30 AM;131.84;122.76;133.59;131.08;129.60;134.91;132.83;127.37;145.56;117.96;14.83;152.50;130.11;-;167.99;153.91;167.64
Aug 3, 2026 2:30 AM;Aug 3, 2026 2:45 AM;131.40;122.43;132.91;130.73;129.45;134.05;132.25;127.03;143.25;119.40;15.22;152.50;129.90;-;168.49;150.47;162.33
Aug 3, 2026 2:45 AM;Aug 3, 2026 3:00 AM;130.93;122.00;132.30;130.33;129.17;133.34;131.70;126.63;141.69;120.04;14.78;152.50;129.57;-;167.30;148.23;158.99
Aug 3, 2026 3:00 AM;Aug 3, 2026 3:15 AM;129.25;120.10;130.23;128.58;127.40;130.07;129.83;124.50;140.80;117.80;13.92;150.00;127.93;-;163.51;147.72;159.00
Aug 3, 2026 3:15 AM;Aug 3, 2026 3:30 AM;128.84;119.81;129.70;128.15;126.97;129.14;129.36;124.17;140.60;117.29;15.01;150.00;127.54;-;167.84;147.60;159.00
Aug 3, 2026 3:30 AM;Aug 3, 2026 3:45 AM;129.50;120.69;130.62;129.01;128.06;131.47;130.13;124.72;138.31;120.51;16.39;150.00;128.37;-;143.67;143.67;152.49
Aug 3, 2026 3:45 AM;Aug 3, 2026 4:00 AM;131.56;122.42;132.53;131.15;130.34;133.25;132.10;126.00;139.09;123.89;17.65;150.00;130.60;-;143.67;143.67;151.20
Aug 3, 2026 4:00 AM;Aug 3, 2026 4:15 AM;128.70;119.73;129.17;128.24;127.47;128.57;128.99;124.52;136.45;121.15;12.67;151.92;127.84;-;161.97;141.05;148.51
Aug 3, 2026 4:15 AM;Aug 3, 2026 4:30 AM;131.24;121.85;132.07;130.43;129.09;131.02;131.76;126.35;144.84;118.00;15.15;151.92;129.74;-;163.21;152.91;166.00
Aug 3, 2026 4:30 AM;Aug 3, 2026 4:45 AM;133.60;124.07;134.46;132.75;131.34;133.37;134.14;127.96;147.84;119.72;19.22;151.92;132.03;-;160.78;156.30;170.02
Aug 3, 2026 4:45 AM;Aug 3, 2026 5:00 AM;137.41;127.42;138.24;136.59;135.22;137.19;137.93;130.69;151.17;124.00;22.76;151.92;135.89;-;162.00;159.34;172.59
Aug 3, 2026 5:00 AM;Aug 3, 2026 5:15 AM;139.13;126.36;136.06;137.38;135.89;122.92;137.73;131.25;168.85;126.33;13.48;163.10;117.00;-;170.08;170.08;170.08
Aug 3, 2026 5:15 AM;Aug 3, 2026 5:30 AM;141.73;130.29;141.73;140.24;138.40;136.63;141.85;133.52;170.18;127.27;20.16;163.10;120.16;-;172.38;172.38;174.67
Aug 3, 2026 5:30 AM;Aug 3, 2026 5:45 AM;144.67;133.72;145.90;143.31;141.39;144.16;145.39;135.89;172.00;130.00;26.26;163.10;123.55;-;174.36;174.36;177.22
Aug 3, 2026 5:45 AM;Aug 3, 2026 6:00 AM;151.67;139.83;152.94;150.26;148.30;151.13;152.41;143.16;180.81;137.35;31.47;163.10;127.15;-;183.07;181.80;182.22
Aug 3, 2026 6:00 AM;Aug 3, 2026 6:15 AM;164.90;146.96;159.31;163.46;163.03;142.23;162.11;146.53;182.79;159.04;16.79;167.40;153.84;-;183.27;183.27;182.79
Aug 3, 2026 6:15 AM;Aug 3, 2026 6:30 AM;171.38;153.85;168.24;170.44;170.06;158.26;169.82;148.48;184.29;167.22;25.89;167.40;162.27;-;189.48;183.78;182.37
Aug 3, 2026 6:30 AM;Aug 3, 2026 6:45 AM;173.41;154.78;166.83;172.46;172.82;148.97;170.10;149.75;181.09;173.46;29.91;167.40;169.81;-;213.84;180.26;177.52
Aug 3, 2026 6:45 AM;Aug 3, 2026 7:00 AM;167.21;151.35;162.02;166.53;166.87;148.13;164.60;149.90;171.90;167.60;34.05;167.40;165.82;-;212.00;171.59;169.96
Aug 3, 2026 7:00 AM;Aug 3, 2026 7:15 AM;173.56;160.00;169.58;173.08;173.41;159.31;171.40;153.52;175.01;174.12;73.14;163.10;174.31;-;193.07;174.60;174.47
Aug 3, 2026 7:15 AM;Aug 3, 2026 7:30 AM;166.94;155.21;165.70;166.80;166.90;162.50;166.27;153.53;167.40;167.12;60.77;163.10;167.18;-;193.95;167.27;167.23
Aug 3, 2026 7:30 AM;Aug 3, 2026 7:45 AM;161.83;148.89;161.83;161.83;161.83;161.83;161.83;149.94;161.83;161.58;30.35;163.10;161.83;-;193.95;161.83;161.83
Aug 3, 2026 7:45 AM;Aug 3, 2026 8:00 AM;155.63;142.55;155.63;155.63;155.63;155.63;155.63;146.47;155.63;138.70;30.36;163.10;155.63;-;193.05;155.63;155.63
Aug 3, 2026 8:00 AM;Aug 3, 2026 8:15 AM;167.27;149.65;167.27;167.27;167.27;167.27;167.27;150.98;167.27;137.45;34.77;152.10;167.27;-;193.95;167.27;167.27
Aug 3, 2026 8:15 AM;Aug 3, 2026 8:30 AM;156.95;140.03;156.95;156.95;156.95;156.95;156.95;146.87;156.95;112.63;30.09;152.10;156.95;-;193.05;156.95;156.95
Aug 3, 2026 8:30 AM;Aug 3, 2026 8:45 AM;150.23;135.76;150.23;150.23;150.23;150.23;150.23;144.85;150.23;117.43;27.34;152.10;150.23;-;193.05;150.23;150.23
Aug 3, 2026 8:45 AM;Aug 3, 2026 9:00 AM;125.55;119.88;125.55;125.55;127.86;125.55;125.55;135.07;125.55;125.55;24.84;152.10;125.55;-;191.53;125.55;125.55
Aug 3, 2026 9:00 AM;Aug 3, 2026 9:15 AM;163.11;145.16;163.11;163.11;160.81;163.11;163.11;142.99;163.11;145.10;34.04;135.21;163.11;-;189.99;163.11;163.11
Aug 3, 2026 9:15 AM;Aug 3, 2026 9:30 AM;134.68;124.91;134.68;134.68;134.18;134.68;134.68;131.93;134.68;134.68;29.88;135.21;134.68;-;189.48;134.68;134.68
Aug 3, 2026 9:30 AM;Aug 3, 2026 9:45 AM;124.22;114.24;127.26;122.90;121.20;129.62;125.86;129.95;127.20;106.04;24.64;135.21;106.79;-;191.05;60.44;85.06
Aug 3, 2026 9:45 AM;Aug 3, 2026 10:00 AM;118.48;108.68;122.09;116.92;114.30;124.91;120.44;126.10;121.83;96.89;18.99;135.21;97.76;-;189.48;40.66;73.43
Aug 3, 2026 10:00 AM;Aug 3, 2026 10:15 AM;127.99;113.89;133.91;126.24;123.96;136.32;129.41;125.71;134.58;97.81;27.31;107.68;109.91;-;185.00;49.60;81.79
Aug 3, 2026 10:15 AM;Aug 3, 2026 10:30 AM;117.09;106.53;123.20;116.77;117.66;123.52;117.09;119.66;119.57;101.54;22.73;107.68;102.45;-;180.00;65.27;85.21
Aug 3, 2026 10:30 AM;Aug 3, 2026 10:45 AM;109.30;100.45;113.04;109.30;110.47;113.72;109.45;113.63;110.98;97.41;21.16;107.68;98.15;-;178.15;70.15;85.31
Aug 3, 2026 10:45 AM;Aug 3, 2026 11:00 AM;88.76;84.25;90.27;88.44;88.14;91.12;89.49;101.09;89.96;80.97;18.25;107.68;81.30;-;172.42;62.17;72.44
Aug 3, 2026 11:00 AM;Aug 3, 2026 11:15 AM;90.05;82.59;104.53;88.18;89.15;101.05;74.56;91.01;92.22;90.77;23.86;61.98;91.18;-;162.22;91.62;91.42
Aug 3, 2026 11:15 AM;Aug 3, 2026 11:30 AM;74.45;71.15;111.98;69.90;72.26;101.80;37.47;72.13;79.85;76.26;21.72;61.98;77.26;-;161.80;78.36;77.85
Aug 3, 2026 11:30 AM;Aug 3, 2026 11:45 AM;62.48;62.89;111.63;56.07;59.20;99.88;10.00;69.94;70.59;63.03;21.87;61.98;67.65;-;169.97;68.72;68.01
Aug 3, 2026 11:45 AM;Aug 3, 2026 12:00 PM;51.73;55.67;107.50;43.96;45.17;92.84;-0.01;70.86;71.33;24.46;17.31;61.98;77.01;-;165.74;71.80;70.85
Aug 3, 2026 12:00 PM;Aug 3, 2026 12:15 PM;42.44;56.26;142.32;36.56;39.31;98.19;30.99;63.01;55.37;40.14;25.69;34.48;52.79;-;167.28;53.48;52.47
Aug 3, 2026 12:15 PM;Aug 3, 2026 12:30 PM;25.10;48.60;145.00;17.76;20.95;94.15;7.32;63.17;61.27;17.69;20.29;34.48;52.54;-;166.08;56.43;53.52
Aug 3, 2026 12:30 PM;Aug 3, 2026 12:45 PM;21.36;44.38;111.27;15.75;18.77;76.19;0.00;63.20;74.21;19.00;18.74;34.48;56.59;-;163.14;66.14;61.59
Aug 3, 2026 12:45 PM;Aug 3, 2026 1:00 PM;15.22;29.45;42.00;13.50;15.30;34.26;0.00;63.34;49.80;21.77;15.29;34.48;34.22;-;162.03;43.44;40.21
Aug 3, 2026 1:00 PM;Aug 3, 2026 1:15 PM;23.27;49.54;109.66;17.37;20.08;77.50;-0.03;100.00;88.31;15.75;18.97;29.11;68.24;-;158.51;78.98;73.50
Aug 3, 2026 1:15 PM;Aug 3, 2026 1:30 PM;20.10;45.20;67.33;17.04;19.39;53.96;-0.68;100.47;101.35;20.90;17.38;29.11;71.00;-;161.71;88.44;81.28
Aug 3, 2026 1:30 PM;Aug 3, 2026 1:45 PM;11.28;37.36;29.90;11.37;14.01;27.99;-0.02;101.15;96.92;30.07;14.01;29.11;56.42;-;156.50;80.90;72.83
Aug 3, 2026 1:45 PM;Aug 3, 2026 2:00 PM;10.90;38.84;32.39;11.23;14.60;29.51;-1.52;101.16;102.35;37.82;14.60;29.11;56.00;-;163.16;84.27;75.47
Aug 3, 2026 2:00 PM;Aug 3, 2026 2:15 PM;10.09;46.82;82.91;8.83;13.90;51.33;0.00;98.61;106.93;46.47;13.88;37.28;54.85;-;163.00;86.64;77.13
Aug 3, 2026 2:15 PM;Aug 3, 2026 2:30 PM;13.36;50.94;62.83;13.69;19.25;45.87;0.01;95.62;137.83;60.00;17.45;37.28;70.47;-;174.00;111.85;99.59
Aug 3, 2026 2:30 PM;Aug 3, 2026 2:45 PM;26.04;55.14;83.13;24.40;29.64;63.42;1.30;91.77;122.90;62.34;19.61;37.28;70.72;-;174.00;102.61;93.08
Aug 3, 2026 2:45 PM;Aug 3, 2026 3:00 PM;40.73;60.99;91.13;38.46;43.03;75.00;11.50;92.19;116.70;69.18;20.54;37.28;75.87;-;177.04;100.75;93.28
Aug 3, 2026 3:00 PM;Aug 3, 2026 3:15 PM;41.35;61.39;97.17;37.52;42.29;80.20;1.14;73.32;102.42;66.10;18.78;84.00;72.33;-;180.00;94.07;87.53
Aug 3, 2026 3:15 PM;Aug 3, 2026 3:30 PM;58.80;72.11;87.57;57.61;61.06;80.04;39.20;70.55;118.27;83.07;23.01;84.00;88.85;-;187.39;110.64;104.20
Aug 3, 2026 3:30 PM;Aug 3, 2026 3:45 PM;68.01;80.43;86.47;67.75;70.59;82.40;56.16;100.80;123.89;90.87;25.58;84.00;96.21;-;190.00;116.88;110.81
Aug 3, 2026 3:45 PM;Aug 3, 2026 4:00 PM;75.09;88.35;85.20;75.55;77.70;85.20;71.44;104.11;155.40;95.96;28.34;84.00;109.00;-;190.00;154.71;153.62
Aug 3, 2026 4:00 PM;Aug 3, 2026 4:15 PM;88.22;86.73;88.22;88.22;88.22;88.22;88.22;98.55;88.22;88.22;19.20;130.53;88.22;-;190.00;88.22;88.22
Aug 3, 2026 4:15 PM;Aug 3, 2026 4:30 PM;96.18;94.80;96.48;96.17;96.23;96.86;96.31;103.97;105.62;97.00;24.33;130.53;99.27;-;184.36;106.75;107.65
Aug 3, 2026 4:30 PM;Aug 3, 2026 4:45 PM;106.57;107.16;108.34;106.00;105.37;110.23;107.37;113.35;151.60;101.28;28.06;130.53;116.63;-;187.39;163.86;173.93
Aug 3, 2026 4:45 PM;Aug 3, 2026 5:00 PM;120.26;119.12;122.41;119.56;118.79;124.69;121.22;121.06;174.86;113.83;30.90;130.53;132.45;-;187.39;189.73;201.94
Aug 3, 2026 5:00 PM;Aug 3, 2026 5:15 PM;117.10;111.39;117.84;116.13;114.60;116.67;117.50;123.53;136.08;101.31;22.71;143.29;115.60;-;193.95;154.83;168.20
Aug 3, 2026 5:15 PM;Aug 3, 2026 5:30 PM;123.80;124.31;124.84;122.87;121.63;124.63;124.29;130.29;158.52;111.21;77.52;143.29;128.30;-;193.95;177.32;190.94
Aug 3, 2026 5:30 PM;Aug 3, 2026 5:45 PM;145.59;147.37;146.26;144.46;141.74;144.57;145.85;142.97;190.97;132.00;136.17;143.29;152.76;-;193.95;212.78;228.69
Aug 3, 2026 5:45 PM;Aug 3, 2026 6:00 PM;172.71;165.27;172.55;170.58;167.51;163.85;172.36;145.61;207.81;148.33;154.37;143.29;171.74;-;207.81;240.84;264.40
Aug 3, 2026 6:00 PM;Aug 3, 2026 6:15 PM;155.17;154.44;145.25;150.62;147.91;115.27;149.75;145.77;190.94;166.78;147.93;170.73;167.92;-;202.48;227.14;246.02
Aug 3, 2026 6:15 PM;Aug 3, 2026 6:30 PM;162.78;167.34;161.26;157.29;154.47;151.65;161.58;146.84;205.91;194.30;154.51;170.73;182.17;-;222.62;244.13;267.00
Aug 3, 2026 6:30 PM;Aug 3, 2026 6:45 PM;170.70;175.00;166.60;164.67;162.08;151.54;168.04;149.20;205.97;227.21;162.42;170.73;196.49;-;248.99;229.47;243.59
Aug 3, 2026 6:45 PM;Aug 3, 2026 7:00 PM;187.46;200.22;188.99;175.10;171.59;181.52;187.18;153.01;272.84;291.20;172.02;170.73;238.24;-;285.91;338.89;380.02
Aug 3, 2026 7:00 PM;Aug 3, 2026 7:15 PM;177.61;184.59;169.00;174.42;171.29;141.50;173.11;154.46;205.97;291.24;171.67;181.82;196.00;-;233.16;288.53;270.87
Aug 3, 2026 7:15 PM;Aug 3, 2026 7:30 PM;189.78;198.90;188.22;186.52;183.17;178.34;188.89;158.55;205.98;333.25;178.11;181.82;205.00;-;247.00;363.58;325.05
Aug 3, 2026 7:30 PM;Aug 3, 2026 7:45 PM;208.69;213.70;202.10;203.75;200.09;182.40;204.70;163.00;205.98;414.98;184.89;181.82;207.00;-;269.00;628.42;500.01
Aug 3, 2026 7:45 PM;Aug 3, 2026 8:00 PM;246.99;232.41;233.17;228.98;208.58;196.68;237.03;168.82;230.04;460.01;192.15;181.82;219.20;-;300.00;679.44;540.50
Aug 3, 2026 8:00 PM;Aug 3, 2026 8:15 PM;207.26;213.52;191.73;212.40;224.84;173.15;199.83;158.15;267.80;312.24;178.61;190.00;240.00;-;269.00;717.75;509.22
Aug 3, 2026 8:15 PM;Aug 3, 2026 8:30 PM;201.41;210.17;191.96;204.59;209.37;183.36;196.52;158.83;260.90;306.39;180.00;190.00;230.00;-;260.90;608.30;448.34
Aug 3, 2026 8:30 PM;Aug 3, 2026 8:45 PM;194.50;205.80;192.97;196.39;200.00;190.60;194.21;158.69;241.68;298.23;179.05;190.00;222.00;-;260.00;386.59;327.32
Aug 3, 2026 8:45 PM;Aug 3, 2026 9:00 PM;199.53;207.47;201.42;200.90;202.97;201.97;201.06;158.56;243.66;288.38;178.29;190.00;215.00;-;247.10;296.02;277.40
Aug 3, 2026 9:00 PM;Aug 3, 2026 9:15 PM;196.48;206.55;197.78;198.00;201.34;197.61;197.88;158.87;226.86;291.20;180.48;185.66;236.34;-;260.00;287.75;282.57
Aug 3, 2026 9:15 PM;Aug 3, 2026 9:30 PM;188.91;196.48;189.86;189.91;191.85;189.77;189.88;158.57;216.77;251.10;179.60;185.66;218.33;-;283.70;274.12;272.01
Aug 3, 2026 9:30 PM;Aug 3, 2026 9:45 PM;184.83;187.58;185.12;185.20;185.65;184.94;185.15;157.25;208.33;207.50;176.49;185.66;202.09;-;244.99;264.50;264.05
Aug 3, 2026 9:45 PM;Aug 3, 2026 10:00 PM;173.01;174.27;173.15;172.64;172.20;173.20;173.05;154.14;195.93;170.23;172.61;185.66;174.18;-;204.96;250.33;257.65
Aug 3, 2026 10:00 PM;Aug 3, 2026 10:15 PM;184.05;181.24;185.70;182.11;179.35;187.15;184.72;153.69;212.33;171.65;172.38;179.80;184.80;-;305.00;235.99;254.36
Aug 3, 2026 10:15 PM;Aug 3, 2026 10:30 PM;175.64;174.33;177.25;173.84;171.29;178.66;176.31;151.72;203.40;161.49;168.17;179.80;175.68;-;290.00;226.86;245.14
Aug 3, 2026 10:30 PM;Aug 3, 2026 10:45 PM;173.01;171.57;174.46;171.68;169.84;175.67;173.66;150.15;198.05;154.70;168.27;179.80;170.96;-;248.83;219.97;237.22
Aug 3, 2026 10:45 PM;Aug 3, 2026 11:00 PM;165.02;164.45;166.42;163.80;162.15;167.61;165.65;149.90;190.76;150.14;153.12;179.80;159.55;-;220.00;216.22;235.29
Aug 3, 2026 11:00 PM;Aug 3, 2026 11:15 PM;166.58;164.55;167.90;165.61;164.09;168.91;167.24;146.92;187.24;151.41;157.97;167.63;165.17;-;283.72;205.02;218.88
Aug 3, 2026 11:15 PM;Aug 3, 2026 11:30 PM;160.00;158.90;161.15;159.16;157.85;162.03;160.58;146.84;178.07;146.99;149.00;167.63;158.56;-;248.49;193.80;206.01
Aug 3, 2026 11:30 PM;Aug 3, 2026 11:45 PM;155.70;155.32;156.93;154.82;153.42;157.86;156.32;146.20;175.12;142.11;144.24;167.63;153.83;-;220.00;192.31;205.58
Aug 3, 2026 11:45 PM;Aug 4, 2026 12:00 AM;146.27;147.31;147.61;145.31;143.79;148.63;146.94;143.55;167.45;131.50;133.84;167.63;144.18;-;207.79;186.25;200.75
Aug 4, 2026 12:00 AM;Aug 4, 2026 12:15 AM;168.81;164.49;170.27;167.85;166.27;171.23;169.52;143.40;189.56;136.86;154.35;173.07;167.01;-;193.05;208.04;221.62
Aug 4, 2026 12:15 AM;Aug 4, 2026 12:30 AM;152.23;150.89;153.76;151.21;149.55;154.76;152.97;143.38;174.04;119.46;137.23;173.07;150.33;-;193.00;193.47;207.76
Aug 4, 2026 12:30 AM;Aug 4, 2026 12:45 AM;151.15;148.68;152.46;150.28;148.85;153.32;151.78;142.44;169.87;131.98;111.90;173.07;149.52;-;192.90;186.54;198.80
Aug 4, 2026 12:45 AM;Aug 4, 2026 1:00 AM;143.81;141.68;144.82;143.14;142.05;145.49;144.30;138.88;158.22;131.58;94.41;173.07;142.56;-;188.99;171.05;180.49
Aug 4, 2026 1:00 AM;Aug 4, 2026 1:15 AM;151.26;145.99;152.40;150.40;149.06;153.25;151.83;142.18;169.15;135.01;87.50;165.67;149.40;-;191.70;185.33;197.27
Aug 4, 2026 1:15 AM;Aug 4, 2026 1:30 AM;144.52;140.01;145.80;143.56;142.06;146.75;145.15;137.13;164.53;129.43;77.57;165.67;142.44;-;188.99;182.64;195.99
Aug 4, 2026 1:30 AM;Aug 4, 2026 1:45 AM;143.87;138.49;145.02;143.01;141.65;145.87;144.44;136.61;161.85;130.31;67.00;165.67;142.00;-;190.00;178.13;190.13
Aug 4, 2026 1:45 AM;Aug 4, 2026 2:00 AM;139.22;133.82;140.49;138.27;136.77;141.43;139.85;134.02;159.08;124.25;54.99;165.67;137.16;-;187.00;177.04;190.30
Aug 4, 2026 2:00 AM;Aug 4, 2026 2:15 AM;140.80;137.47;141.95;139.90;138.52;142.81;141.37;134.67;158.22;126.81;88.65;159.65;139.59;-;184.39;174.87;186.70
Aug 4, 2026 2:15 AM;Aug 4, 2026 2:30 AM;140.25;136.95;141.36;139.38;138.05;142.20;140.80;134.23;157.10;126.72;87.92;159.65;139.09;-;184.39;173.20;184.64
Aug 4, 2026 2:30 AM;Aug 4, 2026 2:45 AM;139.17;134.99;140.28;138.30;136.96;141.12;139.72;133.29;156.05;125.61;75.88;159.65;138.00;-;177.64;172.18;183.65
Aug 4, 2026 2:45 AM;Aug 4, 2026 3:00 AM;135.76;131.87;136.59;134.83;133.46;136.59;136.17;130.65;153.33;121.62;72.86;159.65;134.78;-;173.43;169.82;181.54
Aug 4, 2026 3:00 AM;Aug 4, 2026 3:15 AM;134.42;130.58;135.03;133.53;132.26;134.56;134.72;129.49;150.93;120.95;79.22;152.10;133.59;-;182.00;166.32;177.32
Aug 4, 2026 3:15 AM;Aug 4, 2026 3:30 AM;136.01;131.80;134.73;135.05;134.11;129.52;135.33;130.74;151.02;124.64;86.88;152.10;135.65;-;174.50;164.10;173.57
Aug 4, 2026 3:30 AM;Aug 4, 2026 3:45 AM;138.33;134.53;139.19;137.63;136.56;139.78;138.76;132.72;151.76;127.20;86.56;152.10;137.57;-;164.45;164.45;173.51
Aug 4, 2026 3:45 AM;Aug 4, 2026 4:00 AM;139.66;135.39;140.19;138.99;138.02;140.03;139.92;133.68;152.12;129.45;85.82;152.10;139.01;-;163.00;163.78;172.11
Aug 4, 2026 4:00 AM;Aug 4, 2026 4:15 AM;139.17;139.70;139.37;138.67;138.02;138.87;139.25;133.90;147.86;132.09;132.25;157.68;138.72;-;166.78;155.97;161.75
Aug 4, 2026 4:15 AM;Aug 4, 2026 4:30 AM;139.73;137.62;138.89;139.10;138.51;135.58;139.27;134.00;149.18;132.50;109.63;157.68;139.51;-;164.59;157.43;163.37
Aug 4, 2026 4:30 AM;Aug 4, 2026 4:45 AM;142.47;132.88;141.37;141.79;141.18;137.33;141.88;135.16;152.43;131.40;39.17;157.68;142.28;-;162.69;161.04;167.25
Aug 4, 2026 4:45 AM;Aug 4, 2026 5:00 AM;151.29;136.39;146.09;149.64;150.17;131.19;148.63;140.82;160.19;123.90;39.86;157.68;152.07;-;160.35;165.73;169.99
Aug 4, 2026 5:00 AM;Aug 4, 2026 5:15 AM;151.75;141.00;150.10;150.58;149.86;143.88;150.84;142.36;168.80;127.12;58.73;169.60;139.18;-;168.80;172.14;170.17
Aug 4, 2026 5:15 AM;Aug 4, 2026 5:30 AM;152.65;141.12;149.40;151.32;150.60;138.87;150.89;142.91;171.90;123.58;65.58;169.60;137.71;-;171.90;174.07;170.41
Aug 4, 2026 5:30 AM;Aug 4, 2026 5:45 AM;156.00;144.11;151.83;153.03;154.24;138.87;153.94;143.80;169.77;126.50;75.00;169.60;148.64;-;169.77;172.80;172.38
Aug 4, 2026 5:45 AM;Aug 4, 2026 6:00 AM;167.41;153.01;161.73;163.43;166.43;145.34;164.70;143.83;173.32;142.69;87.04;169.60;164.96;-;173.32;172.19;170.44
Aug 4, 2026 6:00 AM;Aug 4, 2026 6:15 AM;166.64;153.14;165.82;161.71;164.68;161.10;166.50;143.86;178.75;139.20;75.52;173.80;153.64;-;193.05;177.89;172.19
Aug 4, 2026 6:15 AM;Aug 4, 2026 6:30 AM;174.41;161.49;170.43;170.45;173.58;166.05;171.68;143.94;175.36;143.14;113.12;173.80;174.84;-;192.90;175.01;174.94
Aug 4, 2026 6:30 AM;Aug 4, 2026 6:45 AM;170.78;158.87;164.43;166.74;169.81;159.21;166.11;143.98;171.90;143.13;117.21;173.80;171.26;-;193.05;171.47;171.37
Aug 4, 2026 6:45 AM;Aug 4, 2026 7:00 AM;171.90;156.23;164.05;163.80;166.80;166.48;165.12;144.23;172.22;137.00;93.04;173.80;172.02;-;193.05;172.07;172.03
Aug 4, 2026 7:00 AM;Aug 4, 2026 7:15 AM;178.09;164.39;177.46;177.78;181.04;177.46;177.54;144.47;180.00;152.90;93.52;170.24;175.91;-;193.95;179.90;178.96
Aug 4, 2026 7:15 AM;Aug 4, 2026 7:30 AM;172.31;156.98;172.31;172.31;172.32;172.31;172.31;144.48;172.31;142.68;63.20;170.24;172.31;-;193.95;172.31;172.31
Aug 4, 2026 7:30 AM;Aug 4, 2026 7:45 AM;171.95;159.92;171.95;171.95;171.95;171.95;171.95;144.61;171.95;122.31;118.27;170.24;171.95;-;193.95;171.95;171.95
Aug 4, 2026 7:45 AM;Aug 4, 2026 8:00 AM;154.78;143.58;154.78;154.78;154.78;154.78;154.78;144.89;154.78;97.61;83.17;170.24;154.78;-;193.65;154.78;154.78
Aug 4, 2026 8:00 AM;Aug 4, 2026 8:15 AM;177.98;163.30;177.98;177.98;177.98;177.98;177.98;149.91;177.98;97.15;142.01;161.35;177.98;-;193.95;177.98;177.98
Aug 4, 2026 8:15 AM;Aug 4, 2026 8:30 AM;168.10;154.03;168.10;168.10;168.11;168.10;168.10;149.92;168.10;97.14;109.24;161.35;168.10;-;193.95;168.10;168.10
Aug 4, 2026 8:30 AM;Aug 4, 2026 8:45 AM;157.05;141.99;157.05;157.05;157.05;157.05;157.05;147.04;157.05;96.68;57.42;161.35;157.05;-;192.90;157.05;157.05
Aug 4, 2026 8:45 AM;Aug 4, 2026 9:00 AM;142.83;130.13;142.83;142.83;142.83;142.83;142.83;143.54;142.83;97.15;29.63;161.35;142.83;-;192.90;142.83;142.83
Aug 4, 2026 9:00 AM;Aug 4, 2026 9:15 AM;174.24;149.32;174.24;174.24;174.24;174.24;174.24;144.60;174.24;95.74;35.87;146.61;174.24;-;191.45;174.24;174.24
Aug 4, 2026 9:15 AM;Aug 4, 2026 9:30 AM;156.60;137.66;156.60;156.60;156.60;156.60;156.60;143.35;156.60;96.21;31.86;146.61;156.60;-;182.00;156.60;156.60
Aug 4, 2026 9:30 AM;Aug 4, 2026 9:45 AM;134.08;122.77;134.08;134.08;131.86;134.08;134.08;142.66;134.08;96.68;28.15;146.61;134.08;-;178.88;134.08;134.08
Aug 4, 2026 9:45 AM;Aug 4, 2026 10:00 AM;121.23;114.05;121.23;121.23;123.45;121.23;121.23;138.30;121.23;95.75;23.10;146.61;121.23;-;166.81;121.23;121.23
Aug 4, 2026 10:00 AM;Aug 4, 2026 10:15 AM;143.50;126.99;143.88;143.29;140.71;144.17;143.70;137.13;145.62;97.61;31.12;128.61;141.07;-;184.39;134.29;138.29
Aug 4, 2026 10:15 AM;Aug 4, 2026 10:30 AM;122.39;113.78;122.94;122.00;123.68;123.36;122.68;130.52;126.14;101.60;28.34;128.61;121.70;-;170.69;113.77;117.65
Aug 4, 2026 10:30 AM;Aug 4, 2026 10:45 AM;117.57;110.94;118.26;117.08;116.36;118.79;117.93;127.06;122.18;110.14;27.70;128.61;116.22;-;160.17;105.92;111.10
Aug 4, 2026 10:45 AM;Aug 4, 2026 11:00 AM;114.58;107.82;115.22;114.21;113.68;115.72;114.92;120.02;118.21;110.14;24.90;128.61;110.42;-;152.67;98.90;105.56
Aug 4, 2026 11:00 AM;Aug 4, 2026 11:15 AM;113.90;105.58;114.20;113.67;113.33;114.43;114.06;117.32;116.05;110.14;30.26;104.00;113.90;-;150.00;109.75;111.74
Aug 4, 2026 11:15 AM;Aug 4, 2026 11:30 AM;106.83;99.89;106.83;106.83;106.83;106.83;106.83;110.29;106.83;106.83;29.91;104.00;106.83;-;155.10;106.83;106.83
Aug 4, 2026 11:30 AM;Aug 4, 2026 11:45 AM;98.05;92.84;98.05;98.05;98.05;98.05;98.05;101.26;98.05;98.05;31.58;104.00;98.05;-;150.00;98.05;98.05
Aug 4, 2026 11:45 AM;Aug 4, 2026 12:00 PM;96.17;91.20;96.17;96.17;96.17;96.17;96.17;99.33;96.17;96.17;30.52;104.00;96.17;-;159.30;96.17;96.17
Aug 4, 2026 12:00 PM;Aug 4, 2026 12:15 PM;94.99;88.19;94.99;94.99;94.99;94.99;94.99;98.12;94.99;94.99;35.01;77.00;94.99;-;159.73;94.99;94.99
Aug 4, 2026 12:15 PM;Aug 4, 2026 12:30 PM;85.70;80.56;85.70;85.70;85.70;85.70;85.70;88.53;85.70;85.70;35.00;77.00;85.70;-;160.14;85.70;85.70
Aug 4, 2026 12:30 PM;Aug 4, 2026 12:45 PM;85.01;79.74;85.01;85.01;85.01;85.01;85.01;87.81;85.01;85.01;32.24;77.00;85.01;-;158.25;85.01;85.01
Aug 4, 2026 12:45 PM;Aug 4, 2026 1:00 PM;83.55;78.41;83.55;83.55;83.55;83.55;83.55;86.30;83.55;83.55;30.76;77.00;83.55;-;158.25;83.55;83.55
Aug 4, 2026 1:00 PM;Aug 4, 2026 1:15 PM;81.95;78.07;81.95;81.95;81.95;81.95;81.95;87.56;81.95;81.95;31.97;83.64;81.95;-;158.50;81.95;81.95
Aug 4, 2026 1:15 PM;Aug 4, 2026 1:30 PM;80.59;76.91;80.59;80.59;80.59;80.59;80.59;85.58;80.59;80.59;32.02;83.64;80.59;-;160.74;80.59;80.59
Aug 4, 2026 1:30 PM;Aug 4, 2026 1:45 PM;72.34;70.72;72.34;72.34;72.34;72.34;72.34;83.16;72.34;72.34;32.36;83.64;72.34;-;158.75;72.34;72.34
Aug 4, 2026 1:45 PM;Aug 4, 2026 2:00 PM;70.98;69.82;70.98;70.98;70.98;70.98;70.98;82.90;70.98;70.98;33.65;83.64;70.98;-;161.38;70.98;70.98
Aug 4, 2026 2:00 PM;Aug 4, 2026 2:15 PM;81.65;79.74;81.65;81.65;81.65;81.65;81.65;84.35;81.65;81.65;34.34;105.21;81.65;-;163.30;81.65;81.65
Aug 4, 2026 2:15 PM;Aug 4, 2026 2:30 PM;84.32;82.10;84.32;84.32;84.32;84.32;84.32;87.12;84.32;84.32;36.25;105.21;84.32;-;166.89;84.32;84.32
Aug 4, 2026 2:30 PM;Aug 4, 2026 2:45 PM;85.01;82.22;85.01;85.01;85.01;85.01;85.01;87.81;85.01;85.01;31.33;105.21;85.01;-;169.28;85.01;85.01
Aug 4, 2026 2:45 PM;Aug 4, 2026 3:00 PM;85.27;82.54;85.27;85.27;85.27;85.27;85.27;88.08;85.27;85.27;32.53;105.21;85.27;-;171.81;85.27;85.27
Aug 4, 2026 3:00 PM;Aug 4, 2026 3:15 PM;96.37;94.10;94.71;95.98;96.17;85.00;94.74;116.46;97.23;96.67;34.32;127.04;96.78;-;163.00;96.99;96.90
Aug 4, 2026 3:15 PM;Aug 4, 2026 3:30 PM;101.61;98.88;98.97;100.98;101.24;83.55;99.02;117.32;102.96;102.09;52.21;127.04;102.26;-;167.39;102.58;102.45
Aug 4, 2026 3:30 PM;Aug 4, 2026 3:45 PM;117.07;107.47;111.93;116.11;117.03;82.00;112.09;119.78;127.92;97.61;48.24;127.04;122.42;-;176.27;126.24;125.09
Aug 4, 2026 3:45 PM;Aug 4, 2026 4:00 PM;122.78;113.97;116.78;121.63;122.67;80.27;116.78;125.38;136.31;96.68;80.63;127.04;129.45;-;181.44;134.24;132.80
Aug 4, 2026 4:00 PM;Aug 4, 2026 4:15 PM;119.50;107.05;112.24;117.87;118.79;69.00;112.50;121.64;123.26;107.82;22.56;150.53;121.34;-;191.14;122.22;121.86
Aug 4, 2026 4:15 PM;Aug 4, 2026 4:30 PM;123.46;110.97;117.13;122.04;122.81;79.40;117.35;125.94;126.74;97.60;36.08;150.53;125.07;-;192.90;125.83;125.52
Aug 4, 2026 4:30 PM;Aug 4, 2026 4:45 PM;124.08;119.97;117.87;122.88;124.94;81.35;118.12;134.62;135.58;117.01;87.10;150.53;129.68;-;199.00;133.74;132.54
Aug 4, 2026 4:45 PM;Aug 4, 2026 5:00 PM;142.71;133.62;133.95;140.99;141.28;82.25;134.30;137.58;166.40;135.56;94.11;150.53;152.91;-;205.00;164.92;164.10
Aug 4, 2026 5:00 PM;Aug 4, 2026 5:15 PM;137.21;124.63;122.56;135.59;136.75;85.27;129.19;136.44;144.25;139.77;30.62;170.00;140.45;-;190.86;142.00;141.47
Aug 4, 2026 5:15 PM;Aug 4, 2026 5:30 PM;149.41;137.89;134.54;147.00;149.59;96.47;141.19;142.39;168.06;153.28;56.67;170.00;157.61;-;193.94;172.40;172.40
Aug 4, 2026 5:30 PM;Aug 4, 2026 5:45 PM;165.90;152.95;147.40;160.23;162.97;99.75;155.89;143.47;190.94;177.07;94.76;170.00;179.96;-;212.66;194.58;190.94
Aug 4, 2026 5:45 PM;Aug 4, 2026 6:00 PM;167.33;162.90;152.54;162.59;165.44;114.95;159.09;143.62;217.26;190.78;116.34;170.00;199.27;-;232.81;245.80;237.01
Aug 4, 2026 6:00 PM;Aug 4, 2026 6:15 PM;155.95;147.01;140.60;150.86;156.43;103.33;147.55;143.95;173.55;167.39;88.97;175.81;168.64;-;193.95;185.38;179.28
Aug 4, 2026 6:15 PM;Aug 4, 2026 6:30 PM;156.40;163.07;144.01;152.91;161.86;114.82;149.84;144.45;203.95;215.45;129.10;175.81;201.61;-;216.36;259.35;240.80
Aug 4, 2026 6:30 PM;Aug 4, 2026 6:45 PM;176.28;184.29;161.75;172.74;185.35;127.27;168.87;144.44;208.38;282.72;154.16;175.81;245.70;-;265.18;337.03;306.20
Aug 4, 2026 6:45 PM;Aug 4, 2026 7:00 PM;213.56;212.35;164.52;193.73;220.20;142.59;174.93;144.47;262.00;396.14;161.88;175.81;299.55;-;262.00;382.28;365.74
Aug 4, 2026 7:00 PM;Aug 4, 2026 7:15 PM;170.39;189.57;160.00;172.86;178.34;138.34;165.75;151.57;211.71;328.40;115.87;228.03;234.39;-;263.16;299.88;284.27
Aug 4, 2026 7:15 PM;Aug 4, 2026 7:30 PM;201.19;204.52;140.36;199.70;211.03;156.07;150.10;150.98;230.00;378.29;114.28;228.03;290.84;-;230.00;447.01;380.39
Aug 4, 2026 7:30 PM;Aug 4, 2026 7:45 PM;236.85;229.24;166.56;236.89;251.30;172.03;180.33;150.00;255.99;421.16;113.54;228.03;345.82;-;255.99;572.67;464.86
Aug 4, 2026 7:45 PM;Aug 4, 2026 8:00 PM;303.57;252.22;180.00;297.87;316.37;184.47;204.11;149.95;283.90;412.15;110.45;228.03;407.14;-;274.84;710.73;546.00
Aug 4, 2026 8:00 PM;Aug 4, 2026 8:15 PM;240.01;226.69;130.00;233.36;245.43;167.58;153.39;144.66;274.44;434.70;159.32;226.21;324.49;-;255.99;450.00;404.90
Aug 4, 2026 8:15 PM;Aug 4, 2026 8:30 PM;248.74;224.12;174.70;246.59;258.04;185.21;189.84;144.49;238.76;327.49;157.57;226.21;316.44;-;230.00;506.91;405.27
Aug 4, 2026 8:30 PM;Aug 4, 2026 8:45 PM;241.06;223.79;190.29;243.09;253.30;189.11;204.44;144.48;228.07;312.53;161.65;226.21;308.53;-;228.07;504.31;398.22
Aug 4, 2026 8:45 PM;Aug 4, 2026 9:00 PM;230.21;219.18;209.01;235.17;243.77;191.17;217.50;144.47;221.00;299.19;128.00;226.21;295.46;-;221.00;479.91;380.06
Aug 4, 2026 9:00 PM;Aug 4, 2026 9:15 PM;239.71;214.81;177.12;237.13;246.88;179.10;189.50;143.96;229.61;296.81;163.75;204.94;294.09;-;229.61;454.79;367.22
Aug 4, 2026 9:15 PM;Aug 4, 2026 9:30 PM;214.07;201.61;190.84;214.54;219.60;178.90;197.76;143.90;209.43;247.82;163.80;204.94;246.21;-;209.43;338.60;288.28
Aug 4, 2026 9:30 PM;Aug 4, 2026 9:45 PM;203.55;197.45;193.71;205.70;209.47;185.13;197.70;143.77;199.37;234.90;164.03;204.94;233.27;-;200.35;317.98;271.86
Aug 4, 2026 9:45 PM;Aug 4, 2026 10:00 PM;190.85;181.46;188.02;190.63;191.28;182.87;189.36;143.71;190.91;192.55;129.28;204.94;192.53;-;195.50;197.00;194.57
Aug 4, 2026 10:00 PM;Aug 4, 2026 10:15 PM;198.68;185.35;182.87;198.79;202.01;187.13;185.69;143.61;205.92;217.55;109.66;180.41;225.24;-;249.02;329.32;293.65
Aug 4, 2026 10:15 PM;Aug 4, 2026 10:30 PM;181.42;174.18;179.39;181.29;181.43;179.12;179.90;143.58;198.04;178.64;122.13;180.41;192.00;-;210.00;261.52;254.86
Aug 4, 2026 10:30 PM;Aug 4, 2026 10:45 PM;184.89;168.57;185.35;184.14;183.16;185.77;185.05;143.53;202.45;148.73;68.69;180.41;187.03;-;202.45;231.31;237.59
Aug 4, 2026 10:45 PM;Aug 4, 2026 11:00 PM;175.52;159.22;176.31;174.48;173.13;177.12;175.80;143.47;193.95;142.22;39.56;180.41;175.01;-;193.95;212.65;223.29
Aug 4, 2026 11:00 PM;Aug 4, 2026 11:15 PM;170.88;154.10;172.83;168.77;165.84;174.65;171.68;143.52;208.91;115.12;35.40;169.78;168.56;-;250.63;241.39;265.27
Aug 4, 2026 11:15 PM;Aug 4, 2026 11:30 PM;166.50;150.61;167.01;165.42;164.03;168.13;166.50;143.46;184.75;132.92;29.38;169.78;165.36;-;228.49;200.37;211.85
Aug 4, 2026 11:30 PM;Aug 4, 2026 11:45 PM;163.10;147.80;163.53;162.19;161.02;164.48;163.10;143.42;178.47;133.39;24.33;169.78;162.14;-;195.10;191.62;201.28
Aug 4, 2026 11:45 PM;Aug 5, 2026 12:00 AM;151.78;139.90;149.71;150.36;149.17;152.24;149.45;143.37;168.95;137.38;17.88;169.78;150.58;-;191.70;183.77;194.66
Aug 5, 2026 12:00 AM;Aug 5, 2026 12:15 AM;162.65;147.19;160.73;161.38;160.14;153.01;161.71;143.18;183.15;147.65;26.64;159.80;161.72;-;214.00;198.13;210.70
Aug 5, 2026 12:15 AM;Aug 5, 2026 12:30 AM;156.50;143.61;157.29;155.43;153.87;156.50;156.94;143.15;177.58;139.91;24.30;159.80;154.98;-;214.00;194.07;207.73
Aug 5, 2026 12:30 AM;Aug 5, 2026 12:45 AM;151.55;139.70;151.92;151.05;150.31;151.55;151.76;142.99;161.51;143.71;21.32;159.80;150.83;-;193.07;169.30;175.75
Aug 5, 2026 12:45 AM;Aug 5, 2026 1:00 AM;150.07;138.30;150.24;149.58;148.91;149.44;150.18;142.99;159.43;142.78;18.50;159.80;149.43;-;192.95;166.68;172.70
Aug 5, 2026 1:00 AM;Aug 5, 2026 1:15 AM;152.76;140.46;153.25;152.20;151.35;152.91;153.04;143.00;164.83;143.67;22.81;156.10;151.89;-;204.00;173.30;180.79
Aug 5, 2026 1:15 AM;Aug 5, 2026 1:30 AM;148.53;136.93;148.13;147.93;147.21;145.52;148.36;143.00;159.98;140.26;21.89;156.10;147.89;-;216.00;167.75;174.65
Aug 5, 2026 1:30 AM;Aug 5, 2026 1:45 AM;148.29;136.67;147.94;147.68;146.94;145.42;148.15;142.93;159.99;139.82;20.76;156.10;147.63;-;200.00;167.94;175.01
Aug 5, 2026 1:45 AM;Aug 5, 2026 2:00 AM;147.81;136.24;147.38;147.17;146.40;144.60;147.63;142.65;160.00;139.00;20.57;156.10;147.13;-;189.48;168.27;175.62
Aug 5, 2026 2:00 AM;Aug 5, 2026 2:15 AM;152.68;140.12;153.38;152.15;151.28;153.77;153.05;142.93;164.04;143.67;21.56;153.14;152.33;-;193.07;173.03;180.46
Aug 5, 2026 2:15 AM;Aug 5, 2026 2:30 AM;147.52;136.13;147.62;146.92;146.09;146.26;147.61;142.43;159.30;138.47;22.27;153.14;147.29;-;193.07;168.35;175.88
Aug 5, 2026 2:30 AM;Aug 5, 2026 2:45 AM;146.10;134.04;144.25;145.35;144.75;137.91;145.19;140.90;157.57;138.12;21.04;153.14;146.25;-;201.00;165.62;172.42
Aug 5, 2026 2:45 AM;Aug 5, 2026 3:00 AM;145.90;131.89;139.00;144.35;144.58;119.55;142.42;140.95;158.06;139.59;22.14;153.14;147.03;-;187.00;164.63;170.49
Aug 5, 2026 3:00 AM;Aug 5, 2026 3:15 AM;147.72;135.66;147.94;147.24;146.53;147.14;147.87;142.07;157.57;140.12;18.30;150.00;147.53;-;189.48;165.18;171.50
Aug 5, 2026 3:15 AM;Aug 5, 2026 3:30 AM;147.40;134.33;144.34;146.42;146.19;135.07;145.88;142.14;158.12;140.56;21.11;150.00;147.84;-;188.21;165.09;171.07
Aug 5, 2026 3:30 AM;Aug 5, 2026 3:45 AM;142.75;130.25;139.03;141.57;141.58;128.10;140.90;137.57;153.26;136.37;21.01;150.00;143.32;-;188.89;159.80;165.46
Aug 5, 2026 3:45 AM;Aug 5, 2026 4:00 AM;139.15;126.87;133.91;138.15;137.92;119.00;136.52;134.63;150.38;132.86;22.17;150.00;140.00;-;185.00;156.89;162.60
Aug 5, 2026 4:00 AM;Aug 5, 2026 4:15 AM;139.61;128.16;136.82;138.17;138.90;128.62;138.26;133.27;145.61;136.37;23.57;150.00;140.12;-;185.05;149.00;152.00
Aug 5, 2026 4:15 AM;Aug 5, 2026 4:30 AM;138.16;127.12;134.53;137.01;136.40;123.01;136.37;132.85;153.76;127.98;27.70;150.00;138.68;-;181.39;164.20;173.10
Aug 5, 2026 4:30 AM;Aug 5, 2026 4:45 AM;140.61;131.28;138.59;139.76;139.46;132.28;139.48;135.54;159.96;135.00;29.79;150.00;144.24;-;180.36;167.10;173.52
Aug 5, 2026 4:45 AM;Aug 5, 2026 5:00 AM;139.00;130.75;134.97;137.37;137.97;123.85;136.71;133.21;168.05;136.20;33.08;150.00;146.87;-;181.39;174.04;180.02
Aug 5, 2026 5:00 AM;Aug 5, 2026 5:15 AM;135.80;126.85;131.01;131.96;134.38;113.61;132.53;127.62;168.76;134.11;16.18;159.79;145.36;-;187.00;174.19;180.00
Aug 5, 2026 5:15 AM;Aug 5, 2026 5:30 AM;140.47;131.75;137.56;133.03;138.67;126.01;138.61;128.11;174.90;140.80;20.45;159.79;151.36;-;187.17;178.84;183.50
Aug 5, 2026 5:30 AM;Aug 5, 2026 5:45 AM;146.29;137.80;144.43;135.45;144.53;136.66;145.27;129.92;183.13;151.71;24.77;159.79;160.14;-;187.00;183.13;184.77
Aug 5, 2026 5:45 AM;Aug 5, 2026 6:00 AM;154.45;145.30;152.57;144.35;153.08;146.58;153.64;135.84;187.00;161.35;36.48;159.79;167.60;-;187.00;185.24;185.31
Aug 5, 2026 6:00 AM;Aug 5, 2026 6:15 AM;154.81;153.10;148.20;139.43;151.20;148.20;150.62;133.13;205.90;171.47;92.22;164.57;179.19;-;205.90;203.25;200.38
Aug 5, 2026 6:15 AM;Aug 5, 2026 6:30 AM;156.68;151.40;153.97;139.40;147.74;153.97;154.19;135.62;205.97;174.20;54.91;164.57;180.89;-;210.00;203.49;200.82
Aug 5, 2026 6:30 AM;Aug 5, 2026 6:45 AM;160.23;152.72;160.23;138.91;147.45;160.23;158.13;135.15;205.96;170.01;54.47;164.57;184.85;-;223.05;201.38;196.90
Aug 5, 2026 6:45 AM;Aug 5, 2026 7:00 AM;157.00;150.29;157.00;138.26;155.51;157.00;155.09;134.18;196.72;160.05;57.67;164.57;177.15;-;238.98;192.11;187.90
Aug 5, 2026 7:00 AM;Aug 5, 2026 7:15 AM;166.09;160.95;162.16;149.93;165.34;152.65;165.08;142.82;218.06;176.93;91.75;157.39;188.39;-;218.06;211.62;205.44
Aug 5, 2026 7:15 AM;Aug 5, 2026 7:30 AM;162.24;153.02;161.57;156.44;159.31;159.76;162.24;142.99;183.36;147.47;81.42;157.39;171.26;-;230.49;180.76;178.25
Aug 5, 2026 7:30 AM;Aug 5, 2026 7:45 AM;154.41;144.44;154.41;154.41;157.24;154.41;154.41;142.85;154.41;145.00;59.92;157.39;154.41;-;237.30;154.41;154.41
Aug 5, 2026 7:45 AM;Aug 5, 2026 8:00 AM;136.00;130.85;136.00;136.00;136.00;136.00;136.00;141.41;136.00;136.00;52.53;157.39;136.00;-;194.15;136.00;136.00
Aug 5, 2026 8:00 AM;Aug 5, 2026 8:15 AM;162.64;147.66;163.08;159.15;162.07;163.03;163.17;142.06;162.87;155.00;51.04;140.00;162.80;-;200.00;162.82;162.81
Aug 5, 2026 8:15 AM;Aug 5, 2026 8:30 AM;147.91;136.05;147.91;147.91;147.91;147.91;147.91;132.73;147.91;147.91;40.54;140.00;147.91;-;192.95;147.91;147.91
Aug 5, 2026 8:30 AM;Aug 5, 2026 8:45 AM;131.74;124.01;131.74;131.74;131.74;131.74;131.74;125.95;131.74;131.74;44.19;140.00;131.74;-;213.90;131.74;131.74
Aug 5, 2026 8:45 AM;Aug 5, 2026 9:00 AM;116.90;117.10;116.90;116.90;119.04;116.90;116.90;125.52;116.90;116.90;85.26;140.00;116.90;-;191.00;116.90;116.90
Aug 5, 2026 9:00 AM;Aug 5, 2026 9:15 AM;145.09;133.19;145.09;145.09;142.48;145.09;145.09;122.51;145.09;145.09;52.45;132.07;145.09;-;171.20;145.09;145.09
Aug 5, 2026 9:15 AM;Aug 5, 2026 9:30 AM;120.15;113.65;120.15;120.15;120.62;120.15;120.15;117.25;120.15;120.15;39.12;132.07;120.15;-;165.00;120.15;120.15
Aug 5, 2026 9:30 AM;Aug 5, 2026 9:45 AM;104.50;101.14;104.50;104.50;104.50;104.50;104.50;114.15;104.50;104.50;30.31;132.07;104.50;-;165.00;104.50;104.50
Aug 5, 2026 9:45 AM;Aug 5, 2026 10:00 AM;78.41;80.54;78.41;78.41;78.41;78.41;78.41;100.01;78.41;78.41;26.62;132.07;78.41;-;173.45;78.41;78.41
Aug 5, 2026 10:00 AM;Aug 5, 2026 10:15 AM;100.00;97.45;100.00;100.00;100.00;100.00;100.00;103.20;100.00;100.00;36.46;132.34;100.00;-;177.50;100.00;100.00
Aug 5, 2026 10:15 AM;Aug 5, 2026 10:30 AM;85.71;85.38;85.71;85.71;85.71;85.71;85.71;88.52;85.71;85.71;32.67;132.34;85.71;-;177.03;85.71;85.71
Aug 5, 2026 10:30 AM;Aug 5, 2026 10:45 AM;54.60;64.70;54.69;54.94;54.66;54.99;54.62;78.64;69.23;60.51;35.58;132.34;61.46;-;172.03;67.46;65.74
Aug 5, 2026 10:45 AM;Aug 5, 2026 11:00 AM;17.49;40.68;17.77;18.32;20.51;18.51;17.49;81.49;53.88;32.19;20.39;132.34;34.57;-;168.16;49.49;45.22
Aug 5, 2026 11:00 AM;Aug 5, 2026 11:15 AM;24.88;50.36;39.16;24.85;27.85;36.68;10.66;85.71;82.27;48.74;27.79;116.94;53.29;-;172.03;76.42;69.59
Aug 5, 2026 11:15 AM;Aug 5, 2026 11:30 AM;8.35;41.08;18.12;8.67;23.08;17.61;0.00;87.64;82.52;22.93;23.05;116.94;51.34;-;166.00;76.75;68.50
Aug 5, 2026 11:30 AM;Aug 5, 2026 11:45 AM;0.10;42.96;6.70;2.70;22.19;6.70;-0.01;98.99;103.47;20.72;22.18;116.94;72.00;-;173.71;98.01;87.75
Aug 5, 2026 11:45 AM;Aug 5, 2026 12:00 PM;0.00;38.32;4.74;2.44;20.67;4.74;-0.01;94.83;83.02;19.85;20.66;116.94;53.65;-;175.03;77.75;69.09
Aug 5, 2026 12:00 PM;Aug 5, 2026 12:15 PM;0.00;38.69;4.16;3.24;24.32;4.16;-0.01;87.61;102.76;4.90;24.31;102.07;68.07;-;169.16;102.76;89.59
Aug 5, 2026 12:15 PM;Aug 5, 2026 12:30 PM;-0.01;35.43;0.56;2.50;20.74;0.56;-0.01;83.39;92.14;5.75;21.48;102.07;60.56;-;169.72;92.14;80.20
Aug 5, 2026 12:30 PM;Aug 5, 2026 12:45 PM;-0.04;34.63;0.62;2.45;17.04;0.62;-0.04;81.45;91.74;3.83;20.17;102.07;60.97;-;169.56;91.74;80.01
Aug 5, 2026 12:45 PM;Aug 5, 2026 1:00 PM;-0.10;37.34;0.29;2.49;10.00;0.00;-0.23;87.12;110.65;1.70;20.17;102.07;76.51;-;168.88;110.65;100.00
Aug 5, 2026 1:00 PM;Aug 5, 2026 1:15 PM;-0.17;36.91;0.36;2.95;5.88;0.00;-0.17;83.99;102.59;7.05;21.26;108.10;74.03;-;170.16;102.59;90.55
Aug 5, 2026 1:15 PM;Aug 5, 2026 1:30 PM;-0.34;35.10;0.08;2.90;5.00;0.00;-0.37;85.70;98.86;1.70;20.00;108.10;64.13;-;176.58;98.86;88.57
Aug 5, 2026 1:30 PM;Aug 5, 2026 1:45 PM;-0.91;35.94;0.00;2.49;5.19;0.00;-1.51;86.02;101.33;6.96;19.79;108.10;67.00;-;173.15;101.33;90.99
Aug 5, 2026 1:45 PM;Aug 5, 2026 2:00 PM;-0.75;33.88;0.00;2.48;5.00;0.00;-1.51;82.19;81.59;19.79;20.21;108.10;54.84;-;172.03;81.59;72.29
Aug 5, 2026 2:00 PM;Aug 5, 2026 2:15 PM;-0.19;34.61;0.00;2.43;5.00;0.00;-0.37;79.47;76.30;25.70;21.61;116.94;53.58;-;174.80;76.30;68.12
Aug 5, 2026 2:15 PM;Aug 5, 2026 2:30 PM;-0.14;39.98;0.00;2.46;5.00;0.00;-2.00;81.41;95.99;48.08;21.48;116.94;70.40;-;175.00;95.99;92.70
Aug 5, 2026 2:30 PM;Aug 5, 2026 2:45 PM;-0.13;41.98;0.00;2.47;5.20;0.00;-2.00;79.49;102.22;61.55;18.12;116.94;77.76;-;177.00;102.22;98.55
Aug 5, 2026 2:45 PM;Aug 5, 2026 3:00 PM;-0.10;50.01;0.00;2.49;5.19;0.00;-2.00;79.99;126.85;96.40;19.25;116.94;105.01;-;180.00;126.85;121.80
Aug 5, 2026 3:00 PM;Aug 5, 2026 3:15 PM;-0.06;38.90;0.00;0.37;4.99;0.00;-0.26;75.61;56.53;97.79;19.24;133.59;40.00;-;182.00;53.32;47.85
Aug 5, 2026 3:15 PM;Aug 5, 2026 3:30 PM;-0.01;45.65;0.00;0.10;5.00;0.00;-1.51;75.67;93.38;97.80;21.16;133.59;77.00;-;184.39;91.50;84.88
Aug 5, 2026 3:30 PM;Aug 5, 2026 3:45 PM;0.00;50.26;0.00;0.53;6.66;0.00;-2.39;79.99;122.06;106.01;19.99;133.59;86.46;-;190.00;124.67;122.06
Aug 5, 2026 3:45 PM;Aug 5, 2026 4:00 PM;0.00;55.57;0.00;1.32;16.73;0.00;-2.19;81.45;146.00;112.30;20.81;133.59;101.31;-;189.48;148.53;146.00
Aug 5, 2026 4:00 PM;Aug 5, 2026 4:15 PM;0.00;43.92;0.00;0.34;4.95;0.00;-0.26;74.04;55.80;139.50;14.37;155.00;39.39;-;192.40;52.16;46.92
Aug 5, 2026 4:15 PM;Aug 5, 2026 4:30 PM;0.07;53.26;0.69;0.10;9.99;0.00;-0.01;76.32;117.34;121.78;16.54;155.00;88.15;-;199.13;118.13;113.21
Aug 5, 2026 4:30 PM;Aug 5, 2026 4:45 PM;2.25;58.43;0.00;5.11;20.12;0.00;0.00;79.41;150.61;118.01;20.12;155.00;94.33;-;210.00;161.17;148.76
Aug 5, 2026 4:45 PM;Aug 5, 2026 5:00 PM;24.99;70.16;4.19;25.51;33.32;0.00;4.19;75.62;196.42;128.28;33.32;155.00;115.90;-;225.92;198.36;189.99
Aug 5, 2026 5:00 PM;Aug 5, 2026 5:15 PM;15.65;60.27;7.00;10.50;15.96;7.00;7.00;75.67;137.29;118.71;15.89;167.21;100.74;-;181.39;166.83;152.11
Aug 5, 2026 5:15 PM;Aug 5, 2026 5:30 PM;60.05;84.04;35.00;46.90;59.73;35.00;35.00;79.49;175.50;132.29;27.80;167.21;130.49;-;192.95;228.44;194.01
Aug 5, 2026 5:30 PM;Aug 5, 2026 5:45 PM;87.47;117.61;74.95;79.71;87.47;74.95;74.95;99.92;205.91;186.10;42.56;167.21;200.00;-;205.91;473.61;328.98
Aug 5, 2026 5:45 PM;Aug 5, 2026 6:00 PM;126.17;130.26;84.05;104.42;121.32;84.05;84.05;114.09;241.06;183.77;57.48;167.21;191.34;-;241.06;262.71;241.06
Aug 5, 2026 6:00 PM;Aug 5, 2026 6:15 PM;94.66;114.22;84.23;91.21;100.42;68.96;87.67;116.13;146.00;187.11;57.28;171.38;146.00;-;214.66;212.97;190.59
Aug 5, 2026 6:15 PM;Aug 5, 2026 6:30 PM;126.61;145.79;97.76;113.25;130.43;97.00;102.03;120.24;205.90;242.85;112.88;171.38;210.00;-;238.15;351.56;281.43
Aug 5, 2026 6:30 PM;Aug 5, 2026 6:45 PM;152.98;164.77;120.71;128.12;130.48;99.70;127.00;127.15;262.74;296.26;116.59;171.38;232.30;-;263.41;273.45;272.90
Aug 5, 2026 6:45 PM;Aug 5, 2026 7:00 PM;166.07;192.54;132.44;147.00;149.70;115.14;139.13;130.64;305.28;386.10;150.16;171.38;291.00;-;292.00;413.65;371.22
Aug 5, 2026 7:00 PM;Aug 5, 2026 7:15 PM;155.06;179.85;123.03;147.07;149.77;110.00;144.05;132.38;239.99;366.50;148.07;170.30;247.18;-;269.28;306.31;302.40
Aug 5, 2026 7:15 PM;Aug 5, 2026 7:30 PM;158.78;190.94;132.60;154.16;157.00;130.00;144.84;136.93;232.58;429.83;156.10;170.30;255.97;-;278.03;282.62;305.25
Aug 5, 2026 7:30 PM;Aug 5, 2026 7:45 PM;172.39;207.41;144.02;160.08;163.03;152.47;147.33;142.12;263.29;487.95;163.54;170.30;287.40;-;300.00;319.29;345.00
Aug 5, 2026 7:45 PM;Aug 5, 2026 8:00 PM;209.36;223.12;120.35;172.81;175.99;166.48;135.90;142.49;307.49;560.30;164.29;170.30;337.95;-;310.00;371.78;400.76
Aug 5, 2026 8:00 PM;Aug 5, 2026 8:15 PM;177.77;199.42;125.00;158.46;161.37;145.00;138.75;142.90;252.32;453.72;161.84;177.90;276.39;-;283.82;303.27;326.24
Aug 5, 2026 8:15 PM;Aug 5, 2026 8:30 PM;186.45;202.87;139.00;159.31;162.24;158.29;150.90;143.02;253.93;446.90;159.14;177.90;280.98;-;297.29;313.25;329.72
Aug 5, 2026 8:30 PM;Aug 5, 2026 8:45 PM;190.63;206.65;150.00;169.87;172.99;154.65;166.75;143.00;257.63;443.13;156.34;177.90;280.85;-;291.92;304.93;326.12
Aug 5, 2026 8:45 PM;Aug 5, 2026 9:00 PM;195.00;204.62;159.24;188.76;192.23;156.23;177.31;143.00;244.17;403.16;140.11;177.90;268.69;-;251.00;296.21;308.44
Aug 5, 2026 9:00 PM;Aug 5, 2026 9:15 PM;193.32;196.95;140.63;159.64;162.57;143.17;161.59;143.51;247.04;404.59;153.95;180.99;268.72;-;310.00;287.82;305.81
Aug 5, 2026 9:15 PM;Aug 5, 2026 9:30 PM;199.52;199.24;152.00;178.02;181.29;148.64;174.28;143.46;250.06;403.01;108.79;180.99;271.15;-;276.10;290.13;307.35
Aug 5, 2026 9:30 PM;Aug 5, 2026 9:45 PM;217.11;185.64;152.00;179.58;182.87;146.57;180.60;143.42;233.36;315.50;74.25;180.99;252.85;-;233.36;267.07;270.79
Aug 5, 2026 9:45 PM;Aug 5, 2026 10:00 PM;205.00;170.80;158.05;174.81;178.02;140.66;185.13;143.38;205.75;233.62;63.30;180.99;215.09;-;224.11;214.98;218.29
Aug 5, 2026 10:00 PM;Aug 5, 2026 10:15 PM;225.86;181.63;147.54;165.90;162.92;158.23;171.74;144.37;239.99;294.54;82.20;177.80;252.67;-;266.11;255.90;262.21
Aug 5, 2026 10:15 PM;Aug 5, 2026 10:30 PM;187.90;169.74;157.02;162.98;160.05;153.47;170.10;144.35;206.00;245.86;66.83;177.80;222.66;-;268.01;278.80;250.87
Aug 5, 2026 10:30 PM;Aug 5, 2026 10:45 PM;178.54;170.57;175.92;176.01;174.03;175.54;176.38;144.32;205.96;209.95;49.42;177.80;210.98;-;250.00;285.11;243.97
Aug 5, 2026 10:45 PM;Aug 5, 2026 11:00 PM;170.95;160.64;169.50;167.41;170.48;169.35;169.79;144.31;195.88;190.82;19.89;177.80;191.85;-;195.88;240.19;213.57
Aug 5, 2026 11:00 PM;Aug 5, 2026 11:15 PM;175.43;167.90;151.17;164.64;161.68;156.23;157.39;143.72;251.47;211.41;69.31;165.00;214.86;-;259.00;259.92;244.05
Aug 5, 2026 11:15 PM;Aug 5, 2026 11:30 PM;167.09;158.35;156.80;159.63;156.75;151.48;162.96;143.63;215.18;194.47;39.81;165.00;196.15;-;238.56;236.14;219.19
Aug 5, 2026 11:30 PM;Aug 5, 2026 11:45 PM;164.92;152.70;164.51;153.60;150.83;165.44;163.96;143.56;205.97;167.45;20.90;165.00;178.46;-;206.75;216.50;223.10
Aug 5, 2026 11:45 PM;Aug 6, 2026 12:00 AM;156.98;142.08;151.13;150.81;153.58;147.20;155.69;143.44;175.00;146.66;16.05;165.00;158.30;-;182.00;188.83;199.00
Aug 6, 2026 12:00 AM;Aug 6, 2026 12:15 AM;171.83;158.15;164.47;146.51;149.20;170.21;163.89;143.00;225.77;197.43;17.81;163.00;198.35;-;240.00;218.81;213.62
Aug 6, 2026 12:15 AM;Aug 6, 2026 12:30 AM;162.64;150.35;161.41;145.13;147.79;161.41;160.90;141.60;197.91;179.53;15.16;163.00;180.05;-;220.00;193.36;189.99
Aug 6, 2026 12:30 AM;Aug 6, 2026 12:45 AM;160.00;146.51;153.25;157.58;160.46;135.49;156.34;142.71;188.14;170.35;12.00;163.00;172.33;-;199.00;183.26;180.20
Aug 6, 2026 12:45 AM;Aug 6, 2026 1:00 AM;155.58;143.72;151.74;144.28;146.92;143.29;152.90;140.74;187.61;169.69;9.92;163.00;170.79;-;192.95;182.96;179.76
Aug 6, 2026 1:00 AM;Aug 6, 2026 1:15 AM;166.55;146.21;155.19;160.11;163.04;125.26;160.52;132.51;185.63;174.57;15.83;160.08;175.55;-;190.00;182.20;180.31
Aug 6, 2026 1:15 AM;Aug 6, 2026 1:30 AM;160.00;141.66;152.68;140.12;142.69;135.36;155.33;131.61;182.91;172.92;12.11;160.08;172.49;-;184.49;180.13;178.26
Aug 6, 2026 1:30 AM;Aug 6, 2026 1:45 AM;151.66;137.87;151.17;134.23;136.69;152.08;150.54;130.59;170.00;160.30;9.94;160.08;160.90;-;177.50;169.82;169.65
Aug 6, 2026 1:45 AM;Aug 6, 2026 2:00 AM;142.60;130.16;138.46;131.98;134.40;128.41;140.00;128.31;161.45;150.26;6.96;160.08;151.42;-;176.00;160.05;159.28
Aug 6, 2026 2:00 AM;Aug 6, 2026 2:15 AM;158.43;138.74;153.06;129.38;156.26;131.13;157.36;124.90;174.00;164.35;10.96;159.01;165.72;-;174.00;171.10;169.46
Aug 6, 2026 2:15 AM;Aug 6, 2026 2:30 AM;150.54;135.08;146.49;127.87;149.29;129.81;149.74;123.58;171.54;158.48;10.00;159.01;160.10;-;176.00;167.88;165.61
Aug 6, 2026 2:30 AM;Aug 6, 2026 2:45 AM;140.25;127.04;134.99;126.77;130.30;119.31;137.66;123.05;159.00;149.68;7.72;159.01;149.96;-;170.90;156.38;154.69
Aug 6, 2026 2:45 AM;Aug 6, 2026 3:00 AM;137.57;124.39;130.00;126.18;130.28;108.20;133.83;122.47;157.28;146.73;6.95;159.01;147.38;-;179.50;154.24;152.36
Aug 6, 2026 3:00 AM;Aug 6, 2026 3:15 AM;144.69;128.66;139.31;122.29;141.77;119.18;143.38;118.26;159.00;149.96;11.71;159.16;151.24;-;172.36;156.31;154.77
Aug 6, 2026 3:15 AM;Aug 6, 2026 3:30 AM;137.55;125.11;131.50;121.63;136.03;111.27;135.43;117.77;159.92;145.89;10.00;159.16;147.60;-;170.00;155.96;153.53
Aug 6, 2026 3:30 AM;Aug 6, 2026 3:45 AM;136.15;122.23;127.16;120.65;134.54;99.05;132.50;116.83;157.03;143.95;8.08;159.16;145.61;-;176.00;153.19;150.94
Aug 6, 2026 3:45 AM;Aug 6, 2026 4:00 AM;132.93;122.69;127.40;119.95;132.12;109.30;130.86;116.19;159.78;142.97;6.94;159.16;144.91;-;174.50;155.16;152.23
Aug 6, 2026 4:00 AM;Aug 6, 2026 4:15 AM;133.62;122.48;128.20;116.73;132.22;109.05;131.96;112.98;159.00;143.13;9.76;159.31;144.98;-;176.47;154.48;151.74
Aug 6, 2026 4:15 AM;Aug 6, 2026 4:30 AM;133.75;121.62;126.66;116.66;130.29;103.33;131.12;112.96;160.00;144.13;7.56;159.31;145.81;-;171.73;155.41;152.66
Aug 6, 2026 4:30 AM;Aug 6, 2026 4:45 AM;134.05;122.67;128.42;116.59;130.29;108.98;132.16;112.89;161.58;145.00;7.50;159.31;146.70;-;167.54;156.89;154.00
Aug 6, 2026 4:45 AM;Aug 6, 2026 5:00 AM;134.82;125.08;130.99;117.33;130.26;115.90;133.93;111.40;169.98;148.87;6.95;159.31;150.94;-;175.34;164.22;160.51
Aug 6, 2026 5:00 AM;Aug 6, 2026 5:15 AM;132.59;124.93;130.80;116.56;131.93;123.33;132.56;115.00;166.00;144.46;6.95;160.50;146.11;-;166.00;160.39;156.55
Aug 6, 2026 5:15 AM;Aug 6, 2026 5:30 AM;133.09;124.86;128.57;120.70;130.30;114.75;131.40;116.97;168.67;146.37;7.39;160.50;147.87;-;168.67;162.77;158.77
Aug 6, 2026 5:30 AM;Aug 6, 2026 5:45 AM;136.23;127.83;132.53;120.71;130.29;120.66;134.98;116.99;176.89;152.10;6.95;160.50;153.49;-;176.89;170.42;165.94
Aug 6, 2026 5:45 AM;Aug 6, 2026 6:00 AM;141.10;132.16;141.10;118.17;130.29;138.31;141.84;117.33;180.27;157.57;10.00;160.50;158.38;-;177.50;174.54;170.38
Aug 6, 2026 6:00 AM;Aug 6, 2026 6:15 AM;149.96;139.03;148.37;127.91;130.26;142.99;149.80;121.31;192.98;170.13;9.54;165.69;170.40;-;177.50;187.34;183.07
Aug 6, 2026 6:15 AM;Aug 6, 2026 6:30 AM;160.25;143.79;155.54;122.54;130.23;143.06;158.65;122.88;205.92;183.85;10.00;165.69;183.36;-;179.80;200.51;196.32
Aug 6, 2026 6:30 AM;Aug 6, 2026 6:45 AM;160.90;143.95;155.16;121.44;130.24;141.10;158.61;123.44;205.90;184.46;13.57;165.69;183.85;-;192.90;200.66;196.57
Aug 6, 2026 6:45 AM;Aug 6, 2026 7:00 AM;153.08;140.08;153.66;120.11;130.23;153.08;153.73;123.10;186.57;170.66;14.00;165.69;170.06;-;186.57;182.72;179.66
Aug 6, 2026 7:00 AM;Aug 6, 2026 7:15 AM;161.04;146.78;159.58;124.95;130.28;153.30;161.06;124.43;205.92;185.89;16.07;167.90;185.18;-;192.95;202.69;198.40
Aug 6, 2026 7:15 AM;Aug 6, 2026 7:30 AM;152.72;142.07;153.69;125.08;130.28;153.21;153.78;124.28;192.67;173.69;14.76;167.90;173.46;-;192.95;189.63;185.60
Aug 6, 2026 7:30 AM;Aug 6, 2026 7:45 AM;152.05;136.87;153.58;128.62;132.32;152.91;153.68;124.98;159.90;159.68;13.70;167.90;158.32;-;192.95;160.01;159.81
Aug 6, 2026 7:45 AM;Aug 6, 2026 8:00 AM;131.51;123.27;131.37;127.15;130.28;131.66;131.05;124.68;133.19;134.85;10.07;167.90;133.72;-;186.57;133.63;133.83
Aug 6, 2026 8:00 AM;Aug 6, 2026 8:15 AM;170.27;148.40;172.09;115.00;159.56;172.09;172.39;130.86;195.51;162.66;17.21;152.60;182.43;-;195.51;192.98;189.93
Aug 6, 2026 8:15 AM;Aug 6, 2026 8:30 AM;145.00;129.97;146.60;106.59;142.34;146.60;145.84;126.71;158.98;137.40;14.00;152.60;152.00;-;192.95;157.64;156.02
Aug 6, 2026 8:30 AM;Aug 6, 2026 8:45 AM;130.85;120.28;131.48;112.90;130.25;131.46;131.52;120.45;136.08;132.94;10.01;152.60;133.41;-;192.95;135.55;134.92
Aug 6, 2026 8:45 AM;Aug 6, 2026 9:00 AM;110.77;104.40;110.77;100.43;110.77;110.77;110.77;112.98;110.77;110.77;6.95;152.60;110.77;-;179.80;110.77;110.77
Aug 6, 2026 9:00 AM;Aug 6, 2026 9:15 AM;135.38;128.95;140.00;123.68;136.89;139.63;131.41;118.56;161.82;146.40;12.91;158.00;149.18;-;195.37;159.18;156.09
Aug 6, 2026 9:15 AM;Aug 6, 2026 9:30 AM;109.16;107.71;109.57;96.08;110.51;110.00;109.45;115.31;129.30;117.57;9.37;158.00;119.65;-;192.90;127.36;125.00
Aug 6, 2026 9:30 AM;Aug 6, 2026 9:45 AM;89.63;91.05;89.99;82.78;90.36;90.20;89.63;103.21;100.73;94.26;6.94;158.00;95.41;-;186.58;99.66;98.36
Aug 6, 2026 9:45 AM;Aug 6, 2026 10:00 AM;48.11;72.20;50.00;35.70;48.11;50.00;48.11;102.36;110.92;104.91;5.56;158.00;80.52;-;183.34;104.83;97.37
Aug 6, 2026 10:00 AM;Aug 6, 2026 10:15 AM;66.54;84.86;74.90;66.54;69.21;73.80;58.50;99.95;124.37;107.69;9.73;152.27;96.52;-;175.00;118.61;111.66
Aug 6, 2026 10:15 AM;Aug 6, 2026 10:30 AM;27.88;69.33;40.83;27.53;29.54;40.00;19.95;100.71;143.38;106.30;6.95;152.27;95.21;-;174.47;134.04;120.85
Aug 6, 2026 10:30 AM;Aug 6, 2026 10:45 AM;5.52;57.65;13.51;5.78;5.89;13.51;2.53;101.92;133.71;115.10;5.89;152.27;84.00;-;177.50;124.60;110.28
Aug 6, 2026 10:45 AM;Aug 6, 2026 11:00 AM;0.40;51.84;3.78;1.35;4.94;3.78;-0.01;102.14;118.65;106.30;4.94;152.27;72.13;-;178.39;110.20;96.90
Aug 6, 2026 11:00 AM;Aug 6, 2026 11:15 AM;0.70;53.08;5.99;0.83;4.91;5.99;-0.01;112.42;124.44;97.50;4.91;144.10;82.85;-;167.30;111.33;99.62
Aug 6, 2026 11:15 AM;Aug 6, 2026 11:30 AM;0.00;53.11;4.87;0.13;4.13;4.87;-0.05;112.34;127.05;97.62;4.13;144.10;84.99;-;163.83;113.82;101.85
Aug 6, 2026 11:30 AM;Aug 6, 2026 11:45 AM;-0.01;54.85;10.86;0.24;4.10;4.17;-1.82;110.96;139.27;99.32;4.10;144.10;88.00;-;162.78;123.02;109.46
Aug 6, 2026 11:45 AM;Aug 6, 2026 12:00 PM;-0.11;52.75;9.00;0.36;3.92;1.95;-2.00;112.91;129.38;98.41;3.92;144.10;78.26;-;168.61;113.08;100.18
Aug 6, 2026 12:00 PM;Aug 6, 2026 12:15 PM;-0.01;55.36;4.91;0.33;3.95;4.91;-3.01;116.30;145.43;101.51;3.95;140.00;90.70;-;162.00;145.43;120.06
Aug 6, 2026 12:15 PM;Aug 6, 2026 12:30 PM;-0.08;53.93;5.00;0.10;3.78;5.00;-3.02;116.13;137.52;99.14;3.78;140.00;85.79;-;153.90;133.03;111.92
Aug 6, 2026 12:30 PM;Aug 6, 2026 12:45 PM;-0.09;54.81;5.62;0.00;3.52;5.62;-3.06;116.01;141.63;99.45;3.52;140.00;90.62;-;156.06;134.87;115.20
Aug 6, 2026 12:45 PM;Aug 6, 2026 1:00 PM;-0.16;53.96;5.01;0.00;3.30;5.01;-3.04;115.40;138.24;99.35;3.30;140.00;86.97;-;161.48;133.29;112.58
Aug 6, 2026 1:00 PM;Aug 6, 2026 1:15 PM;-1.01;56.22;9.99;1.36;2.84;2.00;-2.57;117.63;147.40;106.31;2.84;140.00;90.59;-;165.98;145.65;120.54
Aug 6, 2026 1:15 PM;Aug 6, 2026 1:30 PM;-1.11;55.22;5.00;1.35;2.54;2.00;-2.00;117.49;144.43;101.84;2.54;140.00;92.28;-;161.96;144.43;119.78
Aug 6, 2026 1:30 PM;Aug 6, 2026 1:45 PM;-1.47;53.79;1.82;1.34;2.20;1.82;-2.00;117.27;133.63;106.30;2.20;140.00;87.06;-;168.70;129.08;109.70
Aug 6, 2026 1:45 PM;Aug 6, 2026 2:00 PM;-1.84;53.42;1.50;1.36;2.19;1.50;-3.02;117.10;134.05;106.58;2.19;140.00;84.16;-;171.00;134.05;110.66
Aug 6, 2026 2:00 PM;Aug 6, 2026 2:15 PM;-1.49;52.40;3.36;1.36;2.11;3.36;-3.04;109.21;129.31;106.31;2.11;140.00;82.26;-;169.50;129.31;109.53
Aug 6, 2026 2:15 PM;Aug 6, 2026 2:30 PM;-1.57;57.07;5.60;1.54;2.11;3.32;-3.05;108.91;141.42;134.15;2.11;140.00;91.65;-;170.00;141.42;120.26
Aug 6, 2026 2:30 PM;Aug 6, 2026 2:45 PM;-1.09;54.69;4.04;1.40;2.03;3.36;-3.03;104.81;142.15;108.07;2.03;140.00;96.77;-;173.61;142.15;121.05
Aug 6, 2026 2:45 PM;Aug 6, 2026 3:00 PM;-1.01;57.61;7.00;1.54;2.03;2.00;-3.03;104.11;145.24;131.49;2.03;140.00;101.32;-;168.25;143.14;122.46
Aug 6, 2026 3:00 PM;Aug 6, 2026 3:15 PM;-1.00;48.76;2.86;0.00;2.19;2.86;-1.00;102.57;102.65;110.01;2.19;134.47;77.51;-;175.50;95.85;87.40
Aug 6, 2026 3:15 PM;Aug 6, 2026 3:30 PM;-0.19;55.15;4.80;0.00;2.19;2.20;-1.51;102.45;122.96;144.36;2.19;134.47;92.56;-;172.00;122.96;107.59
Aug 6, 2026 3:30 PM;Aug 6, 2026 3:45 PM;-0.11;59.31;10.40;0.10;2.19;1.82;-0.11;102.54;153.08;144.36;2.19;134.47;101.35;-;174.00;153.08;140.99
Aug 6, 2026 3:45 PM;Aug 6, 2026 4:00 PM;-0.04;62.35;14.26;0.00;2.20;2.20;-0.04;102.04;176.50;142.98;2.20;134.47;109.03;-;176.50;176.50;173.17
Aug 6, 2026 4:00 PM;Aug 6, 2026 4:15 PM;-0.04;54.70;2.76;-0.01;2.20;1.95;-0.01;101.65;118.38;136.97;2.20;150.00;85.66;-;169.50;121.75;123.33
Aug 6, 2026 4:15 PM;Aug 6, 2026 4:30 PM;-0.01;60.59;14.43;-0.01;2.78;2.81;-0.01;101.86;149.33;144.37;2.78;150.00;98.12;-;177.50;149.94;150.17
Aug 6, 2026 4:30 PM;Aug 6, 2026 4:45 PM;0.00;63.41;2.81;0.00;3.52;2.81;0.00;101.92;177.63;145.30;3.52;150.00;109.97;-;177.63;195.03;195.47
Aug 6, 2026 4:45 PM;Aug 6, 2026 5:00 PM;0.08;84.60;6.76;0.08;4.10;6.76;2.68;100.00;237.34;253.66;4.10;150.00;165.15;-;180.00;290.97;292.02
Aug 6, 2026 5:00 PM;Aug 6, 2026 5:15 PM;2.49;68.32;9.58;2.49;4.95;9.58;3.84;100.00;158.82;177.58;4.95;167.40;112.31;-;163.00;166.01;166.01
Aug 6, 2026 5:15 PM;Aug 6, 2026 5:30 PM;24.40;81.47;35.26;18.23;5.89;35.26;27.64;93.77;173.00;200.07;5.55;167.40;134.05;-;173.00;188.58;188.58
Aug 6, 2026 5:30 PM;Aug 6, 2026 5:45 PM;50.00;96.30;59.20;44.84;35.98;59.20;51.97;74.27;214.19;191.17;7.27;167.40;153.82;-;185.00;280.78;280.09
Aug 6, 2026 5:45 PM;Aug 6, 2026 6:00 PM;76.81;113.37;80.04;73.01;68.91;80.04;76.81;75.37;250.46;191.17;9.36;167.40;174.45;-;235.52;337.33;337.33
Aug 6, 2026 6:00 PM;Aug 6, 2026 6:15 PM;74.76;106.21;82.09;40.92;45.74;82.09;78.84;87.92;159.90;258.03;5.81;167.10;159.90;-;197.00;209.14;232.16
Aug 6, 2026 6:15 PM;Aug 6, 2026 6:30 PM;96.82;125.86;103.44;67.65;60.87;96.82;100.33;102.53;190.09;298.60;6.95;167.10;190.09;-;225.00;263.70;280.48
Aug 6, 2026 6:30 PM;Aug 6, 2026 6:45 PM;127.00;150.49;133.08;103.20;88.66;124.35;130.05;115.37;210.27;347.15;9.43;167.10;226.72;-;259.00;293.24;294.32
Aug 6, 2026 6:45 PM;Aug 6, 2026 7:00 PM;159.34;183.54;166.32;108.23;106.28;145.24;162.50;118.92;275.74;464.22;9.05;167.10;295.39;-;275.74;346.72;363.89
Aug 6, 2026 7:00 PM;Aug 6, 2026 7:15 PM;129.83;143.37;133.87;95.79;103.54;130.65;131.75;117.28;193.20;290.74;9.28;171.08;199.90;-;269.28;219.69;235.97
Aug 6, 2026 7:15 PM;Aug 6, 2026 7:30 PM;137.63;160.99;144.02;108.55;97.50;141.72;140.58;120.48;221.47;379.65;8.91;171.08;236.94;-;260.28;270.62;282.61
Aug 6, 2026 7:30 PM;Aug 6, 2026 7:45 PM;150.54;179.94;160.29;109.42;95.78;160.29;155.54;123.49;249.29;471.47;7.98;171.08;274.68;-;259.70;318.03;323.03
Aug 6, 2026 7:45 PM;Aug 6, 2026 8:00 PM;154.71;187.31;167.26;116.53;119.51;173.07;161.42;124.93;253.64;482.91;8.20;171.08;281.85;-;290.00;332.79;332.79
Aug 6, 2026 8:00 PM;Aug 6, 2026 8:15 PM;152.09;177.71;156.44;116.56;126.66;152.47;156.01;133.71;241.35;443.06;9.41;164.50;254.63;-;263.82;282.00;305.30
Aug 6, 2026 8:15 PM;Aug 6, 2026 8:30 PM;159.99;180.15;167.14;123.31;128.73;170.00;163.80;132.55;242.49;424.70;7.21;164.50;257.26;-;277.29;277.27;297.03
Aug 6, 2026 8:30 PM;Aug 6, 2026 8:45 PM;166.47;183.74;174.87;131.01;131.90;178.47;171.44;130.97;246.95;422.63;6.99;164.50;261.45;-;280.00;280.21;299.09
Aug 6, 2026 8:45 PM;Aug 6, 2026 9:00 PM;172.22;182.89;181.49;130.06;132.14;185.08;178.85;131.24;244.49;401.08;6.04;164.50;256.81;-;249.16;274.49;291.55
Aug 6, 2026 9:00 PM;Aug 6, 2026 9:15 PM;167.00;187.27;176.34;124.92;127.80;182.20;171.12;129.55;257.77;441.01;7.06;168.33;273.90;-;298.53;294.81;316.23
Aug 6, 2026 9:15 PM;Aug 6, 2026 9:30 PM;168.30;180.31;176.67;130.90;130.31;181.29;172.66;129.44;240.03;392.86;7.00;168.33;253.91;-;245.20;268.24;284.20
Aug 6, 2026 9:30 PM;Aug 6, 2026 9:45 PM;168.25;169.60;175.24;134.60;138.75;178.19;172.87;132.55;220.16;311.62;5.85;168.33;227.44;-;245.20;241.63;254.49
Aug 6, 2026 9:45 PM;Aug 6, 2026 10:00 PM;165.01;155.99;169.87;123.95;143.25;171.29;168.88;135.29;193.76;238.52;5.79;168.33;196.92;-;240.00;205.67;212.99
Aug 6, 2026 10:00 PM;Aug 6, 2026 10:15 PM;172.05;162.12;175.87;141.82;144.42;175.86;176.99;133.70;242.96;215.06;5.85;169.20;201.61;-;300.00;250.55;272.85
Aug 6, 2026 10:15 PM;Aug 6, 2026 10:30 PM;170.85;153.95;174.87;140.62;143.20;174.60;175.92;132.59;205.94;190.14;5.32;169.20;181.06;-;263.00;217.35;249.39
Aug 6, 2026 10:30 PM;Aug 6, 2026 10:45 PM;171.35;149.17;177.35;135.38;142.50;178.30;177.21;133.70;205.91;147.36;4.33;169.20;169.68;-;260.05;232.64;258.74
Aug 6, 2026 10:45 PM;Aug 6, 2026 11:00 PM;163.57;143.44;168.54;128.74;138.91;169.35;168.41;131.85;192.85;145.76;4.00;169.20;160.18;-;196.95;220.37;255.32
Aug 6, 2026 11:00 PM;Aug 6, 2026 11:15 PM;165.21;145.69;171.30;139.66;142.22;172.49;170.88;132.52;204.13;136.73;3.72;164.49;164.49;-;277.58;232.75;257.61
Aug 6, 2026 11:15 PM;Aug 6, 2026 11:30 PM;158.55;140.24;163.49;133.86;136.32;164.35;163.24;130.41;188.16;137.14;3.04;164.49;158.16;-;256.51;209.77;228.55
Aug 6, 2026 11:30 PM;Aug 6, 2026 11:45 PM;157.53;139.51;162.44;133.46;135.91;163.36;162.15;129.99;188.01;135.35;2.41;164.49;157.04;-;207.52;210.34;229.74
Aug 6, 2026 11:45 PM;Aug 7, 2026 12:00 AM;152.50;136.07;155.90;133.41;135.86;156.29;155.93;129.95;168.76;141.32;2.18;164.49;152.65;-;178.39;180.26;190.27
Aug 7, 2026 12:00 AM;Aug 7, 2026 12:15 AM;152.93;135.44;156.10;131.63;134.04;156.29;156.35;126.67;166.63;149.85;2.17;161.10;149.01;-;199.35;178.08;187.99
Aug 7, 2026 12:15 AM;Aug 7, 2026 12:30 AM;148.16;132.34;150.65;130.47;132.86;150.83;150.83;126.96;159.52;145.56;2.15;161.10;144.84;-;189.87;169.08;177.35
Aug 7, 2026 12:30 AM;Aug 7, 2026 12:45 AM;144.02;129.69;155.77;130.68;133.08;131.57;152.32;127.20;154.97;139.56;2.10;161.10;138.24;-;186.00;167.31;177.64
Aug 7, 2026 12:45 AM;Aug 7, 2026 1:00 AM;135.18;124.10;146.71;128.77;131.13;121.51;142.87;125.25;147.13;130.10;1.98;161.10;128.52;-;178.00;160.94;172.49
Aug 7, 2026 1:00 AM;Aug 7, 2026 1:15 AM;142.00;127.94;143.83;129.24;131.61;144.01;143.90;125.62;152.12;139.70;1.90;156.45;139.01;-;175.39;159.79;166.91
Aug 7, 2026 1:15 AM;Aug 7, 2026 1:30 AM;138.02;125.33;139.36;128.57;130.92;139.49;139.41;124.97;145.37;136.35;1.88;156.45;135.85;-;172.80;150.95;156.12
Aug 7, 2026 1:30 AM;Aug 7, 2026 1:45 AM;138.61;125.65;140.00;128.53;130.88;140.11;140.08;124.93;145.71;137.03;1.84;156.45;136.56;-;172.80;151.05;156.00
Aug 7, 2026 1:45 AM;Aug 7, 2026 2:00 AM;135.99;123.61;136.98;126.77;129.09;137.00;137.09;124.51;139.83;135.21;1.80;156.45;135.00;-;172.10;142.61;145.20
Aug 7, 2026 2:00 AM;Aug 7, 2026 2:15 AM;137.76;124.75;139.25;129.87;132.25;139.53;139.20;124.96;148.86;134.81;1.84;147.61;134.08;-;172.80;157.51;165.53
Aug 7, 2026 2:15 AM;Aug 7, 2026 2:30 AM;130.76;120.10;131.29;128.01;129.60;130.86;131.21;124.41;141.44;127.82;1.84;147.61;127.02;-;172.10;149.94;157.80
Aug 7, 2026 2:30 AM;Aug 7, 2026 2:45 AM;127.59;117.76;127.81;127.06;127.03;127.56;127.72;123.43;134.71;125.59;1.83;147.61;125.03;-;172.10;140.43;145.72
Aug 7, 2026 2:45 AM;Aug 7, 2026 3:00 AM;128.37;116.94;125.33;127.44;127.88;116.04;126.94;123.83;134.93;127.38;1.86;147.61;127.08;-;172.10;139.09;143.02
Aug 7, 2026 3:00 AM;Aug 7, 2026 3:15 AM;128.84;116.69;127.47;125.33;127.63;122.01;128.49;121.05;134.19;128.00;1.74;140.00;127.72;-;175.39;137.70;141.00
Aug 7, 2026 3:15 AM;Aug 7, 2026 3:30 AM;128.62;116.08;126.17;125.19;127.49;117.84;127.74;120.94;133.47;128.18;1.83;140.00;128.02;-;172.92;136.22;138.84
Aug 7, 2026 3:30 AM;Aug 7, 2026 3:45 AM;128.83;117.14;128.56;125.49;127.79;126.40;129.00;121.20;131.72;128.35;1.83;140.00;128.21;-;172.10;133.64;135.44
Aug 7, 2026 3:45 AM;Aug 7, 2026 4:00 AM;129.98;117.55;129.13;125.64;127.95;125.11;129.96;121.24;132.87;129.69;1.83;140.00;129.62;-;172.10;134.52;136.09
Aug 7, 2026 4:00 AM;Aug 7, 2026 4:15 AM;127.31;116.14;127.02;124.13;126.41;124.74;127.45;119.92;132.25;126.33;1.83;141.54;125.92;-;172.10;135.83;139.16
Aug 7, 2026 4:15 AM;Aug 7, 2026 4:30 AM;129.76;116.72;127.15;124.98;127.27;118.07;128.91;120.57;135.29;129.29;1.83;141.54;129.03;-;169.99;138.44;141.44
Aug 7, 2026 4:30 AM;Aug 7, 2026 4:45 AM;133.39;119.05;131.38;125.73;128.04;123.24;133.08;120.94;136.87;133.42;1.86;141.54;133.43;-;168.00;138.36;139.82
Aug 7, 2026 4:45 AM;Aug 7, 2026 5:00 AM;135.84;121.12;135.29;126.23;128.55;130.34;136.41;121.17;140.36;135.36;1.90;141.54;135.21;-;168.00;143.00;145.50
Aug 7, 2026 5:00 AM;Aug 7, 2026 5:15 AM;129.25;118.31;126.63;127.36;128.50;118.30;128.11;123.25;135.96;128.36;2.01;155.01;127.97;-;169.30;139.56;143.35
Aug 7, 2026 5:15 AM;Aug 7, 2026 5:30 AM;136.82;123.79;135.40;130.53;132.92;128.94;136.65;125.82;143.40;134.83;2.06;155.01;136.09;-;168.00;146.09;148.68
Aug 7, 2026 5:30 AM;Aug 7, 2026 5:45 AM;149.04;130.71;146.67;133.03;135.47;134.01;149.22;127.13;162.07;145.18;2.35;155.01;147.70;-;173.00;167.32;172.38
Aug 7, 2026 5:45 AM;Aug 7, 2026 6:00 AM;150.22;133.58;149.64;135.67;138.16;142.52;151.14;129.88;166.95;147.55;2.78;155.01;150.12;-;174.00;171.42;176.03
Aug 7, 2026 6:00 AM;Aug 7, 2026 6:15 AM;150.57;138.53;151.36;137.42;139.94;150.62;151.80;134.10;175.39;158.13;3.54;161.10;160.46;-;175.39;174.13;171.88
Aug 7, 2026 6:15 AM;Aug 7, 2026 6:30 AM;154.25;139.75;156.47;140.54;143.12;150.58;156.50;137.31;179.28;143.24;4.13;161.10;164.98;-;193.07;177.02;173.81
Aug 7, 2026 6:30 AM;Aug 7, 2026 6:45 AM;159.33;141.48;158.85;145.34;148.01;150.50;159.94;139.68;178.90;141.70;4.41;161.10;167.86;-;200.00;177.00;174.53
Aug 7, 2026 6:45 AM;Aug 7, 2026 7:00 AM;160.52;141.15;163.93;146.05;148.73;156.79;163.83;140.00;162.32;143.47;5.07;161.10;161.37;-;193.07;162.13;161.90
Aug 7, 2026 7:00 AM;Aug 7, 2026 7:15 AM;168.32;145.59;167.04;151.39;154.17;157.73;169.07;144.92;173.53;150.22;5.07;157.70;170.65;-;191.95;172.42;171.84
Aug 7, 2026 7:15 AM;Aug 7, 2026 7:30 AM;163.09;143.02;163.13;152.29;155.08;159.40;164.02;146.63;164.23;141.70;5.44;157.70;163.65;-;191.37;163.84;163.73
Aug 7, 2026 7:30 AM;Aug 7, 2026 7:45 AM;153.18;136.86;153.64;149.50;152.24;153.58;153.72;144.85;153.39;128.09;5.44;157.70;153.28;-;191.95;153.31;153.29
Aug 7, 2026 7:45 AM;Aug 7, 2026 8:00 AM;135.30;124.70;135.30;135.30;137.78;135.30;135.30;133.68;135.30;125.57;5.18;157.70;135.30;-;180.33;135.30;135.30
Aug 7, 2026 8:00 AM;Aug 7, 2026 8:15 AM;165.72;141.05;167.08;155.41;158.26;166.93;167.30;147.32;166.30;111.68;5.20;140.00;166.10;-;198.00;166.17;166.10
Aug 7, 2026 8:15 AM;Aug 7, 2026 8:30 AM;151.27;136.70;151.33;150.77;153.53;151.33;151.35;146.51;151.30;151.27;5.06;140.00;151.29;-;191.37;151.29;151.29
Aug 7, 2026 8:30 AM;Aug 7, 2026 8:45 AM;144.03;130.41;144.03;144.03;144.03;144.03;144.03;137.25;144.03;144.03;4.97;140.00;144.03;-;179.00;144.03;144.03
Aug 7, 2026 8:45 AM;Aug 7, 2026 9:00 AM;121.29;112.93;121.29;121.29;121.29;121.29;121.29;127.56;121.29;121.29;4.31;140.00;121.29;-;173.00;121.29;121.29
Aug 7, 2026 9:00 AM;Aug 7, 2026 9:15 AM;150.42;133.96;150.42;150.42;150.42;150.42;150.42;136.47;150.42;150.42;5.29;128.47;150.42;-;172.80;150.42;150.42
Aug 7, 2026 9:15 AM;Aug 7, 2026 9:30 AM;130.12;118.30;130.12;130.12;130.12;130.12;130.12;126.88;130.12;130.12;4.99;128.47;130.12;-;172.80;130.12;130.12
Aug 7, 2026 9:30 AM;Aug 7, 2026 9:45 AM;114.18;105.68;113.42;114.06;114.14;110.00;113.68;121.31;114.55;114.33;4.14;128.47;114.39;-;172.80;114.46;114.43
Aug 7, 2026 9:45 AM;Aug 7, 2026 10:00 AM;109.75;101.01;107.52;109.40;109.64;93.88;108.22;117.47;110.89;110.22;4.96;128.47;110.39;-;172.10;110.63;110.52
Aug 7, 2026 10:00 AM;Aug 7, 2026 10:15 AM;109.69;98.60;106.76;109.20;109.50;93.88;107.73;112.69;111.03;110.22;5.03;108.10;110.42;-;172.10;110.71;110.58
Aug 7, 2026 10:15 AM;Aug 7, 2026 10:30 AM;103.26;92.18;98.46;102.45;102.94;77.35;100.05;105.72;105.44;104.12;4.92;108.10;104.46;-;172.10;104.93;104.71
Aug 7, 2026 10:30 AM;Aug 7, 2026 10:45 AM;100.00;87.34;91.65;98.59;99.44;54.99;94.41;102.14;103.79;101.49;4.11;108.10;102.07;-;169.19;102.90;102.51
Aug 7, 2026 10:45 AM;Aug 7, 2026 11:00 AM;95.70;82.72;87.57;94.30;95.16;38.66;90.00;97.31;99.67;97.25;4.09;108.10;97.85;-;168.91;98.73;98.32
Aug 7, 2026 11:00 AM;Aug 7, 2026 11:15 AM;85.37;77.09;78.74;84.70;86.42;40.95;80.61;87.40;116.00;98.31;4.19;68.59;102.07;-;167.12;113.13;109.55
Aug 7, 2026 11:15 AM;Aug 7, 2026 11:30 AM;75.07;70.98;69.43;74.71;76.51;37.45;71.03;84.09;110.00;89.89;4.99;68.59;94.14;-;166.53;106.85;102.76
Aug 7, 2026 11:30 AM;Aug 7, 2026 11:45 AM;61.68;64.14;56.16;61.66;63.96;25.01;57.73;87.83;110.01;82.26;4.28;68.59;88.08;-;160.50;105.79;100.14
Aug 7, 2026 11:45 AM;Aug 7, 2026 12:00 PM;43.93;52.02;40.30;44.26;46.30;20.02;41.35;84.09;89.79;63.51;5.00;68.59;69.00;-;166.53;85.88;80.52
Aug 7, 2026 12:00 PM;Aug 7, 2026 12:15 PM;39.99;57.00;54.42;43.01;45.13;25.01;44.24;103.50;113.33;69.62;4.30;43.14;81.29;-;161.43;107.87;99.39
Aug 7, 2026 12:15 PM;Aug 7, 2026 12:30 PM;27.61;49.92;44.60;31.00;32.96;20.02;33.16;104.63;105.79;56.95;4.13;43.14;72.70;-;157.08;100.28;91.32
Aug 7, 2026 12:30 PM;Aug 7, 2026 12:45 PM;24.91;48.37;40.34;27.89;29.63;16.75;29.91;103.44;109.86;50.00;4.09;43.14;77.01;-;159.07;104.48;95.01
Aug 7, 2026 12:45 PM;Aug 7, 2026 1:00 PM;20.09;45.38;32.41;22.11;22.93;20.02;24.50;102.43;112.20;31.68;4.02;43.14;83.77;-;161.98;107.88;98.21
Aug 7, 2026 1:00 PM;Aug 7, 2026 1:15 PM;22.46;48.19;46.90;26.44;27.68;15.00;30.76;99.01;122.74;44.89;4.03;25.33;87.30;-;157.00;117.23;106.28
Aug 7, 2026 1:15 PM;Aug 7, 2026 1:30 PM;12.18;42.29;36.64;16.00;17.01;6.01;20.60;97.70;124.25;30.90;4.01;25.33;86.79;-;161.96;118.68;106.68
Aug 7, 2026 1:30 PM;Aug 7, 2026 1:45 PM;9.75;40.87;34.17;13.52;14.46;3.93;18.19;97.11;124.59;27.40;4.00;25.33;86.86;-;159.10;119.02;106.78
Aug 7, 2026 1:45 PM;Aug 7, 2026 2:00 PM;7.68;38.18;26.79;11.03;12.28;5.00;14.46;95.60;120.35;25.88;4.00;25.33;79.26;-;166.53;116.17;106.73
Aug 7, 2026 2:00 PM;Aug 7, 2026 2:15 PM;10.04;35.12;25.50;12.01;12.23;9.79;15.60;69.97;116.22;12.04;3.97;27.87;81.12;-;164.09;115.00;109.10
Aug 7, 2026 2:15 PM;Aug 7, 2026 2:30 PM;15.25;38.57;34.08;18.03;18.70;11.77;21.76;69.67;115.41;26.12;3.97;27.87;76.84;-;158.79;113.92;108.89
Aug 7, 2026 2:30 PM;Aug 7, 2026 2:45 PM;20.18;41.16;38.42;22.91;23.65;16.48;26.46;70.00;114.23;31.51;3.96;27.87;77.26;-;172.00;112.82;108.21
Aug 7, 2026 2:45 PM;Aug 7, 2026 3:00 PM;29.44;49.39;56.12;33.51;34.72;20.02;38.28;68.00;127.11;50.34;4.00;27.87;83.27;-;172.00;125.32;121.00
Aug 7, 2026 3:00 PM;Aug 7, 2026 3:15 PM;24.26;41.33;38.82;26.30;27.03;20.52;29.04;51.61;96.74;34.29;3.99;62.17;64.10;-;171.65;96.74;94.85
Aug 7, 2026 3:15 PM;Aug 7, 2026 3:30 PM;33.85;49.11;57.20;37.03;38.19;17.17;40.84;48.99;106.65;54.36;4.02;62.17;73.58;-;172.10;104.01;99.14
Aug 7, 2026 3:30 PM;Aug 7, 2026 3:45 PM;50.49;61.00;64.78;52.67;54.58;14.26;53.44;54.35;139.99;75.65;4.10;62.17;95.01;-;173.00;139.52;136.33
Aug 7, 2026 3:45 PM;Aug 7, 2026 4:00 PM;68.76;75.62;72.76;70.13;71.41;20.02;68.76;72.36;173.41;95.81;4.16;62.17;120.79;-;173.41;174.92;173.41
Aug 7, 2026 4:00 PM;Aug 7, 2026 4:15 PM;66.76;64.95;58.82;65.78;67.29;11.29;61.10;84.85;90.42;76.18;3.51;117.00;78.24;-;172.10;87.08;84.40
Aug 7, 2026 4:15 PM;Aug 7, 2026 4:30 PM;83.20;80.13;75.00;81.93;83.36;24.18;77.29;92.63;131.89;89.10;3.74;117.00;105.36;-;176.18;131.01;130.51
Aug 7, 2026 4:30 PM;Aug 7, 2026 4:45 PM;91.69;88.08;84.33;90.32;91.53;36.82;86.34;97.25;152.14;99.93;4.18;117.00;109.00;-;179.00;159.18;165.93
Aug 7, 2026 4:45 PM;Aug 7, 2026 5:00 PM;107.71;98.07;96.35;104.76;105.05;41.32;99.81;108.11;173.86;94.44;5.03;117.00;133.00;-;202.06;183.84;193.40
Aug 7, 2026 5:00 PM;Aug 7, 2026 5:15 PM;104.25;98.79;98.95;101.97;102.93;62.90;100.68;110.22;155.90;93.02;4.16;130.00;125.94;-;170.68;159.89;162.60
Aug 7, 2026 5:15 PM;Aug 7, 2026 5:30 PM;111.54;105.03;105.92;109.15;109.82;77.65;107.89;117.20;162.58;96.74;5.27;130.00;133.14;-;174.00;168.03;172.87
Aug 7, 2026 5:30 PM;Aug 7, 2026 5:45 PM;123.95;115.07;118.63;120.10;121.46;90.04;120.48;120.23;188.82;97.21;6.17;130.00;152.62;-;191.37;197.22;204.58
Aug 7, 2026 5:45 PM;Aug 7, 2026 6:00 PM;134.93;121.99;125.55;130.80;130.25;96.19;130.47;124.95;201.60;97.68;7.73;130.00;166.68;-;240.00;211.40;219.64
Aug 7, 2026 6:00 PM;Aug 7, 2026 6:15 PM;125.82;118.57;116.93;123.00;129.01;96.19;121.31;125.89;179.78;105.57;6.16;153.40;147.02;-;191.95;205.99;205.99
Aug 7, 2026 6:15 PM;Aug 7, 2026 6:30 PM;142.24;130.62;133.55;139.82;142.38;112.55;138.04;131.52;197.23;114.51;10.98;153.40;162.89;-;209.23;218.15;221.95
Aug 7, 2026 6:30 PM;Aug 7, 2026 6:45 PM;147.90;144.63;143.18;145.72;151.17;132.95;145.65;139.95;207.11;163.64;37.93;153.40;170.19;-;243.82;236.99;241.58
Aug 7, 2026 6:45 PM;Aug 7, 2026 7:00 PM;162.88;153.02;160.09;154.95;162.89;151.99;162.09;144.17;203.95;183.79;28.19;153.40;177.72;-;235.00;210.52;212.77
Aug 7, 2026 7:00 PM;Aug 7, 2026 7:15 PM;150.64;149.81;141.20;147.78;155.14;125.00;145.82;147.04;199.62;188.46;34.42;179.85;183.60;-;202.85;317.81;238.08
Aug 7, 2026 7:15 PM;Aug 7, 2026 7:30 PM;170.99;159.57;163.22;168.48;173.03;149.63;167.04;147.90;202.96;191.28;22.61;179.85;189.28;-;222.95;253.44;217.11
Aug 7, 2026 7:30 PM;Aug 7, 2026 7:45 PM;175.18;169.79;170.06;173.75;176.98;159.08;172.83;148.04;211.96;213.76;66.36;179.85;194.98;-;242.20;212.83;211.38
Aug 7, 2026 7:45 PM;Aug 7, 2026 8:00 PM;193.60;182.72;184.98;190.91;194.52;167.59;189.42;148.20;233.31;227.17;80.94;179.85;213.00;-;250.00;232.56;229.87
Aug 7, 2026 8:00 PM;Aug 7, 2026 8:15 PM;181.00;177.27;165.64;183.94;187.31;154.27;179.08;148.73;206.03;291.76;20.47;192.88;219.84;-;225.00;272.98;253.00
Aug 7, 2026 8:15 PM;Aug 7, 2026 8:30 PM;194.38;182.11;177.66;194.54;198.11;165.76;191.70;148.71;211.74;272.10;30.01;192.88;220.00;-;211.74;241.29;238.51
Aug 7, 2026 8:30 PM;Aug 7, 2026 8:45 PM;203.06;188.59;183.52;202.94;206.31;169.83;199.70;148.69;221.13;276.75;46.25;192.88;226.44;-;230.00;233.54;240.38
Aug 7, 2026 8:45 PM;Aug 7, 2026 9:00 PM;202.05;184.61;176.29;204.17;206.01;158.50;196.84;148.68;208.95;269.40;43.84;192.88;225.18;-;209.28;275.98;250.01
Aug 7, 2026 9:00 PM;Aug 7, 2026 9:15 PM;211.20;195.86;191.10;212.59;214.51;172.35;206.66;148.59;226.94;283.47;68.19;194.74;235.31;-;226.94;258.54;253.45
Aug 7, 2026 9:15 PM;Aug 7, 2026 9:30 PM;197.84;188.84;186.19;198.40;201.15;163.57;193.87;148.56;221.00;281.62;60.98;194.74;227.18;-;221.76;251.65;247.62
Aug 7, 2026 9:30 PM;Aug 7, 2026 9:45 PM;188.78;174.56;176.63;190.07;191.19;168.09;186.69;148.53;199.35;238.01;21.93;194.74;204.92;-;199.35;219.02;216.82
Aug 7, 2026 9:45 PM;Aug 7, 2026 10:00 PM;180.78;162.14;169.94;179.33;180.16;148.48;175.52;148.52;183.71;186.50;33.38;194.74;183.24;-;191.95;184.00;184.36
Aug 7, 2026 10:00 PM;Aug 7, 2026 10:15 PM;189.17;168.94;178.28;189.91;190.76;171.10;186.49;148.48;181.53;205.20;49.73;175.44;181.41;-;225.00;196.33;241.23
Aug 7, 2026 10:15 PM;Aug 7, 2026 10:30 PM;177.42;159.79;168.00;177.94;178.59;161.88;175.08;148.44;178.98;188.84;29.40;175.44;175.09;-;215.38;187.01;212.09
Aug 7, 2026 10:30 PM;Aug 7, 2026 10:45 PM;175.05;158.61;175.05;175.05;175.05;175.05;175.05;148.39;175.05;175.05;20.47;175.44;175.05;-;180.80;175.05;175.05
Aug 7, 2026 10:45 PM;Aug 7, 2026 11:00 PM;170.71;154.75;170.47;170.69;170.73;170.03;170.59;148.31;170.60;171.13;13.71;175.44;170.55;-;172.80;170.94;172.04
Aug 7, 2026 11:00 PM;Aug 7, 2026 11:15 PM;172.02;156.90;172.05;171.92;171.86;171.90;172.02;148.24;178.92;172.45;27.08;167.32;172.09;-;182.56;180.84;182.87
Aug 7, 2026 11:15 PM;Aug 7, 2026 11:30 PM;167.05;150.43;163.54;166.54;166.73;153.89;165.31;148.17;170.17;167.10;18.96;167.32;167.02;-;175.39;171.61;172.99
Aug 7, 2026 11:30 PM;Aug 7, 2026 11:45 PM;164.05;148.84;163.51;163.89;163.82;161.78;163.78;148.08;166.89;163.59;11.23;167.32;163.33;-;167.33;168.99;170.91
Aug 7, 2026 11:45 PM;Aug 8, 2026 12:00 AM;161.26;144.12;155.51;160.54;161.00;140.06;158.40;148.00;163.00;162.01;7.30;167.32;162.23;-;163.00;162.67;162.48
Aug 8, 2026 12:00 AM;Aug 8, 2026 12:15 AM;163.38;148.92;163.51;163.29;163.17;163.61;163.44;148.38;166.93;162.90;21.03;160.00;161.89;-;193.07;170.06;173.46
Aug 8, 2026 12:15 AM;Aug 8, 2026 12:30 AM;157.14;142.45;155.66;156.67;157.03;151.73;156.42;148.31;158.62;157.22;8.31;160.00;157.00;-;195.76;159.45;160.37
Aug 8, 2026 12:30 AM;Aug 8, 2026 12:45 AM;155.24;140.41;152.75;154.46;155.16;146.23;154.02;148.26;156.00;155.60;6.28;160.00;155.71;-;191.95;155.90;155.81
Aug 8, 2026 12:45 AM;Aug 8, 2026 1:00 AM;147.20;134.23;145.00;146.51;147.13;139.23;146.12;143.69;147.87;147.52;5.88;160.00;147.62;-;183.00;147.78;147.71
Aug 8, 2026 1:00 AM;Aug 8, 2026 1:15 AM;155.20;140.85;155.20;155.20;155.20;155.20;155.20;147.89;155.20;155.20;5.89;153.97;155.20;-;176.60;155.20;155.20
Aug 8, 2026 1:15 AM;Aug 8, 2026 1:30 AM;150.66;136.58;149.14;150.18;150.61;145.11;149.91;145.94;151.12;150.87;4.62;153.97;150.94;-;180.00;151.06;151.01
Aug 8, 2026 1:30 AM;Aug 8, 2026 1:45 AM;147.14;133.46;145.04;146.89;147.06;139.51;146.11;142.45;147.76;147.43;4.35;153.97;147.52;-;176.00;147.68;147.61
Aug 8, 2026 1:45 AM;Aug 8, 2026 2:00 AM;143.00;129.30;138.92;142.51;142.85;128.15;140.99;139.32;144.22;143.57;4.08;153.97;143.75;-;172.80;144.06;143.92
Aug 8, 2026 2:00 AM;Aug 8, 2026 2:15 AM;148.61;134.20;146.51;148.36;148.54;140.95;147.57;142.65;149.25;148.91;4.45;150.00;149.00;-;193.07;149.16;149.09
Aug 8, 2026 2:15 AM;Aug 8, 2026 2:30 AM;145.34;131.31;142.51;145.01;145.24;135.00;143.94;140.63;146.20;145.75;4.21;150.00;145.87;-;191.05;146.09;145.99
Aug 8, 2026 2:30 AM;Aug 8, 2026 2:45 AM;144.62;130.50;141.29;144.23;144.51;132.45;142.98;139.87;145.64;145.10;4.14;150.00;145.24;-;182.10;145.50;145.39
Aug 8, 2026 2:45 AM;Aug 8, 2026 3:00 AM;142.38;128.09;137.76;141.84;142.22;125.52;140.10;137.54;143.78;143.04;3.94;150.00;143.24;-;182.10;143.59;143.44
Aug 8, 2026 3:00 AM;Aug 8, 2026 3:15 AM;146.92;130.41;140.91;145.01;146.69;124.97;143.94;136.38;148.72;147.74;4.12;147.98;148.02;-;191.05;148.47;148.27
Aug 8, 2026 3:15 AM;Aug 8, 2026 3:30 AM;146.23;129.01;138.41;143.75;145.94;117.64;142.35;135.67;148.58;147.31;3.80;147.98;147.66;-;184.62;148.26;147.99
Aug 8, 2026 3:30 AM;Aug 8, 2026 3:45 AM;146.11;128.50;137.43;143.36;145.79;114.34;141.80;135.34;148.72;147.31;3.76;147.98;147.70;-;182.10;148.36;148.07
Aug 8, 2026 3:45 AM;Aug 8, 2026 4:00 AM;144.42;128.34;138.17;142.44;144.19;121.56;141.32;135.19;146.30;145.28;3.69;147.98;145.57;-;182.10;146.04;145.83
Aug 8, 2026 4:00 AM;Aug 8, 2026 4:15 AM;141.96;126.60;135.65;139.95;141.71;119.17;138.81;136.77;143.82;142.81;3.72;147.10;143.09;-;175.00;143.57;143.36
Aug 8, 2026 4:15 AM;Aug 8, 2026 4:30 AM;144.47;128.87;139.05;142.74;144.25;124.89;141.77;137.46;146.07;145.20;3.61;147.10;145.44;-;179.99;145.85;145.67
Aug 8, 2026 4:30 AM;Aug 8, 2026 4:45 AM;144.76;126.04;132.63;140.88;144.27;100.94;138.71;137.03;148.34;146.39;3.26;147.10;146.92;-;178.00;147.85;147.44
Aug 8, 2026 4:45 AM;Aug 8, 2026 5:00 AM;144.27;128.61;138.74;142.50;144.05;124.29;141.51;136.91;145.90;145.01;3.43;147.10;145.26;-;180.00;145.68;145.49
Aug 8, 2026 5:00 AM;Aug 8, 2026 5:15 AM;139.91;125.77;135.57;138.53;139.75;124.40;137.75;135.05;141.21;140.51;2.94;147.10;140.70;-;179.30;141.03;140.89
Aug 8, 2026 5:15 AM;Aug 8, 2026 5:30 AM;141.33;127.84;139.30;140.69;141.25;134.08;140.32;135.07;141.94;141.61;3.14;147.10;141.70;-;178.00;141.85;141.79
Aug 8, 2026 5:30 AM;Aug 8, 2026 5:45 AM;147.81;132.04;144.60;146.79;147.69;136.32;146.21;135.07;148.78;148.26;3.18;147.10;148.40;-;180.00;148.65;148.54
Aug 8, 2026 5:45 AM;Aug 8, 2026 6:00 AM;153.73;134.46;146.16;151.33;153.45;126.68;149.97;135.07;156.00;154.78;3.41;147.10;155.11;-;175.00;155.69;155.44
Aug 8, 2026 6:00 AM;Aug 8, 2026 6:15 AM;155.08;138.04;152.50;154.27;154.99;145.99;153.80;139.37;155.87;155.45;3.45;147.17;155.56;-;172.10;155.76;155.68
Aug 8, 2026 6:15 AM;Aug 8, 2026 6:30 AM;148.32;134.17;148.05;148.24;148.31;147.36;148.19;139.70;148.41;148.36;3.71;147.17;148.37;-;172.80;148.39;148.39
Aug 8, 2026 6:30 AM;Aug 8, 2026 6:45 AM;143.93;131.07;143.93;143.93;143.92;143.93;143.93;139.44;143.93;143.93;3.76;147.17;143.93;-;172.10;143.93;143.93
Aug 8, 2026 6:45 AM;Aug 8, 2026 7:00 AM;137.72;126.22;137.72;137.72;139.22;137.72;137.72;134.32;137.72;137.72;3.67;147.17;137.72;-;172.10;137.72;137.72
Aug 8, 2026 7:00 AM;Aug 8, 2026 7:15 AM;155.00;138.65;155.00;155.00;153.50;155.00;155.00;146.79;155.00;155.00;4.33;135.52;155.00;-;160.93;155.00;155.00
Aug 8, 2026 7:15 AM;Aug 8, 2026 7:30 AM;142.87;128.99;142.87;142.87;140.40;142.87;142.87;138.76;142.87;142.87;4.15;135.52;142.87;-;160.75;142.87;142.87
Aug 8, 2026 7:30 AM;Aug 8, 2026 7:45 AM;134.90;122.87;134.90;134.90;137.38;134.90;134.90;130.46;134.90;134.90;3.95;135.52;134.90;-;172.10;134.90;134.90
Aug 8, 2026 7:45 AM;Aug 8, 2026 8:00 AM;118.02;110.05;118.02;118.02;120.18;118.02;118.02;124.92;118.02;118.02;3.74;135.52;118.02;-;164.54;118.02;118.02
Aug 8, 2026 8:00 AM;Aug 8, 2026 8:15 AM;145.88;129.36;145.88;145.88;143.25;145.88;145.88;131.50;145.88;145.88;4.02;123.03;145.88;-;172.10;145.88;145.88
Aug 8, 2026 8:15 AM;Aug 8, 2026 8:30 AM;124.56;113.09;124.56;124.56;125.02;124.56;124.56;120.70;124.56;124.56;3.37;123.03;124.56;-;166.53;124.56;124.56
Aug 8, 2026 8:30 AM;Aug 8, 2026 8:45 AM;106.70;98.41;106.70;106.70;106.70;106.70;106.70;103.00;106.70;106.70;2.87;123.03;106.70;-;150.00;106.70;106.70
Aug 8, 2026 8:45 AM;Aug 8, 2026 9:00 AM;82.99;79.62;82.99;82.99;82.99;82.99;82.99;86.05;82.99;82.99;2.84;123.03;82.99;-;141.82;82.99;82.99
Aug 8, 2026 9:00 AM;Aug 8, 2026 9:15 AM;107.54;95.36;107.54;107.54;107.54;107.54;107.54;103.31;107.54;107.54;2.88;82.50;107.54;-;172.10;107.54;107.54
Aug 8, 2026 9:15 AM;Aug 8, 2026 9:30 AM;87.67;79.87;87.67;87.67;87.67;87.67;87.67;90.26;87.67;89.22;2.88;82.50;87.67;-;156.65;87.67;87.67
Aug 8, 2026 9:30 AM;Aug 8, 2026 9:45 AM;44.94;45.37;44.94;44.94;44.94;44.94;44.94;54.25;44.94;44.94;2.80;82.50;44.94;-;141.68;44.94;44.94
Aug 8, 2026 9:45 AM;Aug 8, 2026 10:00 AM;10.03;16.08;10.03;10.03;10.03;10.03;10.03;10.35;10.03;11.04;2.78;82.50;10.03;-;129.97;10.03;10.03
Aug 8, 2026 10:00 AM;Aug 8, 2026 10:15 AM;12.32;12.79;12.32;12.32;12.32;12.32;12.32;12.72;12.32;19.00;3.72;19.00;12.32;-;172.10;12.32;12.32
Aug 8, 2026 10:15 AM;Aug 8, 2026 10:30 AM;3.21;4.65;3.21;3.21;3.21;3.21;3.21;3.21;3.21;3.21;3.21;19.00;3.21;-;151.96;3.21;3.21
Aug 8, 2026 10:30 AM;Aug 8, 2026 10:45 AM;0.00;2.81;0.05;1.34;1.57;0.05;0.03;1.57;3.01;1.16;1.57;19.00;1.51;-;140.50;2.62;2.24
Aug 8, 2026 10:45 AM;Aug 8, 2026 11:00 AM;-0.09;2.66;0.03;1.18;1.22;0.13;-0.01;1.22;2.72;1.09;1.22;19.00;1.42;-;133.48;2.57;2.18
Aug 8, 2026 11:00 AM;Aug 8, 2026 11:15 AM;-1.14;2.98;-0.39;2.00;2.20;-0.01;-0.54;2.20;6.37;3.09;2.20;11.50;4.20;-;141.55;8.47;7.01
Aug 8, 2026 11:15 AM;Aug 8, 2026 11:30 AM;-1.21;2.97;-0.41;2.00;2.06;-0.01;-0.57;2.06;6.48;3.20;2.06;11.50;4.35;-;147.68;8.82;7.30
Aug 8, 2026 11:30 AM;Aug 8, 2026 11:45 AM;-1.71;3.19;-0.56;2.00;2.06;-0.09;-1.06;2.06;7.97;3.84;2.06;11.50;5.29;-;145.36;10.90;8.99
Aug 8, 2026 11:45 AM;Aug 8, 2026 12:00 PM;-2.01;3.21;-0.57;1.54;1.99;-0.10;-1.47;1.99;8.65;4.09;1.99;11.50;5.69;-;137.25;11.87;9.76
Aug 8, 2026 12:00 PM;Aug 8, 2026 12:15 PM;-3.83;1.99;-2.44;1.78;1.83;-1.79;-2.70;1.83;8.81;3.46;1.83;3.79;5.54;-;150.22;12.62;10.13
Aug 8, 2026 12:15 PM;Aug 8, 2026 12:30 PM;-5.01;1.59;-3.44;1.33;1.37;-2.70;-3.73;1.37;9.28;3.23;1.37;3.79;5.59;-;151.64;13.59;10.78
Aug 8, 2026 12:30 PM;Aug 8, 2026 12:45 PM;-6.81;1.28;-4.89;0.99;1.02;-3.98;-5.24;1.02;10.77;3.32;1.02;3.79;6.22;-;149.51;16.07;12.61
Aug 8, 2026 12:45 PM;Aug 8, 2026 1:00 PM;-8.30;0.77;-6.19;0.00;0.96;-5.19;-6.57;0.96;10.98;2.82;0.96;3.79;6.00;-;145.22;16.80;13.01
Aug 8, 2026 1:00 PM;Aug 8, 2026 1:15 PM;-8.77;0.56;-6.55;0.00;0.57;-5.41;-6.99;-0.12;12.60;3.50;0.57;0.91;7.09;-;137.19;19.08;14.86
Aug 8, 2026 1:15 PM;Aug 8, 2026 1:30 PM;-10.06;0.98;-7.35;0.00;0.51;-5.97;-7.89;-0.10;16.00;4.90;0.51;0.91;9.28;-;139.20;23.90;18.76
Aug 8, 2026 1:30 PM;Aug 8, 2026 1:45 PM;-12.29;0.39;-9.31;0.00;0.49;-7.79;-9.90;-0.10;16.37;4.17;0.49;0.91;8.98;-;135.48;25.06;19.41
Aug 8, 2026 1:45 PM;Aug 8, 2026 2:00 PM;-12.87;1.40;-9.32;0.00;0.49;-7.51;-10.02;-0.10;21.27;6.74;0.49;0.91;12.47;-;134.71;31.62;24.89
Aug 8, 2026 2:00 PM;Aug 8, 2026 2:15 PM;-18.49;0.63;-13.71;0.55;0.56;-11.28;-14.65;0.56;25.66;6.78;0.56;-2.39;14.26;-;137.20;39.06;30.67
Aug 8, 2026 2:15 PM;Aug 8, 2026 2:30 PM;-12.99;1.20;-8.80;0.55;0.57;-7.06;-10.55;0.57;21.02;6.46;0.57;-2.39;12.22;-;148.20;31.31;24.85
Aug 8, 2026 2:30 PM;Aug 8, 2026 2:45 PM;-10.00;0.84;-6.90;0.54;0.55;-5.55;-8.04;0.55;15.92;4.83;0.55;-2.39;9.22;-;147.40;23.77;18.85
Aug 8, 2026 2:45 PM;Aug 8, 2026 3:00 PM;-7.13;4.39;-1.19;0.57;0.59;-0.11;-7.07;0.59;23.94;16.90;0.59;-2.39;15.85;-;136.46;33.21;27.32
Aug 8, 2026 3:00 PM;Aug 8, 2026 3:15 PM;-6.97;5.39;-0.99;0.10;0.81;-0.11;-6.97;0.81;21.85;9.55;0.81;19.00;14.42;-;130.91;30.40;25.01
Aug 8, 2026 3:15 PM;Aug 8, 2026 3:30 PM;-8.85;7.31;-1.42;0.94;0.97;-0.04;-8.52;0.97;30.07;17.34;0.97;19.00;20.10;-;131.35;40.81;34.55
Aug 8, 2026 3:30 PM;Aug 8, 2026 3:45 PM;-5.48;8.32;-1.11;0.89;0.92;-0.09;-4.71;0.92;20.27;40.32;0.92;19.00;14.17;-;148.20;30.39;24.64
Aug 8, 2026 3:45 PM;Aug 8, 2026 4:00 PM;-6.75;12.97;-2.26;0.92;0.94;-0.01;-3.15;0.94;36.99;58.40;0.94;19.00;29.95;-;170.90;74.15;53.76
Aug 8, 2026 4:00 PM;Aug 8, 2026 4:15 PM;-1.44;10.23;-0.51;-0.09;0.85;-0.01;-0.71;0.85;7.31;71.70;0.85;27.00;5.31;-;132.10;11.03;10.12
Aug 8, 2026 4:15 PM;Aug 8, 2026 4:30 PM;-0.54;13.02;-0.29;-0.01;1.34;-0.01;-0.39;1.34;14.64;88.76;1.34;27.00;9.48;-;151.00;23.71;19.79
Aug 8, 2026 4:30 PM;Aug 8, 2026 4:45 PM;-0.28;25.12;-0.02;2.53;5.12;0.00;0.00;2.61;74.76;108.26;2.61;27.00;53.40;-;172.10;178.93;102.53
Aug 8, 2026 4:45 PM;Aug 8, 2026 5:00 PM;0.01;34.33;0.82;4.30;11.11;0.01;0.62;3.97;129.81;110.58;3.97;27.00;85.45;-;174.00;206.32;173.00
Aug 8, 2026 5:00 PM;Aug 8, 2026 5:15 PM;1.93;38.86;2.29;2.47;4.22;2.29;1.84;54.79;71.87;111.01;2.80;129.68;44.19;-;176.60;122.88;88.34
Aug 8, 2026 5:15 PM;Aug 8, 2026 5:30 PM;34.80;62.32;32.88;34.22;34.99;22.86;33.20;84.61;107.05;122.10;3.80;129.68;80.17;-;184.00;170.24;137.31
Aug 8, 2026 5:30 PM;Aug 8, 2026 5:45 PM;106.04;100.21;96.59;104.80;107.11;49.22;99.05;99.01;157.76;120.01;5.52;129.68;133.52;-;172.80;177.16;162.14
Aug 8, 2026 5:45 PM;Aug 8, 2026 6:00 PM;129.89;123.81;129.42;129.58;131.60;127.33;129.49;105.72;175.47;147.30;7.78;129.68;148.57;-;176.60;182.56;182.14
Aug 8, 2026 6:00 PM;Aug 8, 2026 6:15 PM;106.31;102.50;98.35;106.31;108.76;69.01;101.52;103.98;139.98;127.41;5.09;140.10;127.00;-;176.60;194.64;153.44
Aug 8, 2026 6:15 PM;Aug 8, 2026 6:30 PM;133.37;122.18;128.61;131.74;134.15;110.63;130.47;116.97;156.00;143.91;6.87;140.10;144.48;-;191.95;169.14;156.00
Aug 8, 2026 6:30 PM;Aug 8, 2026 6:45 PM;157.00;141.18;151.46;155.31;158.16;137.92;154.24;125.08;186.05;167.38;8.47;140.10;168.77;-;193.07;182.71;178.30
Aug 8, 2026 6:45 PM;Aug 8, 2026 7:00 PM;163.32;148.04;163.24;163.39;164.29;163.00;163.32;124.90;186.68;171.38;15.73;140.10;172.37;-;207.15;182.79;179.98
Aug 8, 2026 7:00 PM;Aug 8, 2026 7:15 PM;148.76;141.62;148.46;148.63;149.63;148.18;148.54;138.28;174.13;157.29;16.39;170.00;158.31;-;191.95;169.84;166.73
Aug 8, 2026 7:15 PM;Aug 8, 2026 7:30 PM;160.26;151.13;160.00;160.15;161.02;159.76;160.08;139.85;182.23;167.65;33.14;170.00;168.53;-;199.35;178.51;175.82
Aug 8, 2026 7:30 PM;Aug 8, 2026 7:45 PM;170.72;156.89;167.61;169.74;170.95;159.20;169.19;139.85;176.08;183.94;43.44;170.00;175.80;-;201.26;177.47;178.43
Aug 8, 2026 7:45 PM;Aug 8, 2026 8:00 PM;191.72;171.46;188.39;190.60;191.56;180.01;190.02;140.00;193.35;194.14;55.05;170.00;192.95;-;230.00;193.42;193.49
Aug 8, 2026 8:00 PM;Aug 8, 2026 8:15 PM;185.76;166.92;177.86;183.19;185.46;161.98;181.85;145.98;190.96;198.85;40.94;178.45;190.63;-;199.35;192.29;193.31
Aug 8, 2026 8:15 PM;Aug 8, 2026 8:30 PM;186.37;168.61;183.27;185.94;186.29;177.00;184.84;145.99;188.80;192.64;42.79;178.45;188.67;-;199.35;189.46;189.95
Aug 8, 2026 8:30 PM;Aug 8, 2026 8:45 PM;183.16;168.74;182.78;183.19;183.52;181.62;183.03;145.98;187.40;195.39;47.36;178.45;187.40;-;228.31;188.88;189.90
Aug 8, 2026 8:45 PM;Aug 8, 2026 9:00 PM;183.34;169.25;183.59;183.47;183.75;183.74;183.51;146.06;187.44;195.34;48.97;178.45;187.47;-;239.00;188.92;189.92
Aug 8, 2026 9:00 PM;Aug 8, 2026 9:15 PM;186.66;170.75;185.47;186.30;186.77;182.92;186.09;148.36;189.18;193.70;54.50;175.85;189.14;-;202.81;190.00;190.57
Aug 8, 2026 9:15 PM;Aug 8, 2026 9:30 PM;187.16;171.18;187.27;187.21;187.33;187.33;187.23;148.35;188.90;192.27;52.30;175.85;188.92;-;214.87;189.53;189.96
Aug 8, 2026 9:30 PM;Aug 8, 2026 9:45 PM;178.53;162.94;178.53;178.53;178.53;178.53;178.53;148.34;178.53;178.53;39.90;175.85;178.53;-;191.95;178.53;178.53
Aug 8, 2026 9:45 PM;Aug 8, 2026 10:00 PM;165.64;152.82;165.64;165.64;165.64;165.64;165.64;148.33;165.64;165.64;31.70;175.85;165.64;-;185.85;165.64;165.64
Aug 8, 2026 10:00 PM;Aug 8, 2026 10:15 PM;185.18;166.82;185.18;185.18;185.18;185.18;185.18;148.25;185.18;185.18;37.42;167.90;185.18;-;200.01;185.18;185.18
Aug 8, 2026 10:15 PM;Aug 8, 2026 10:30 PM;170.48;154.72;170.48;170.48;170.48;170.48;170.48;148.21;170.48;170.48;21.96;167.90;170.48;-;191.95;170.48;170.48
Aug 8, 2026 10:30 PM;Aug 8, 2026 10:45 PM;167.90;152.66;167.90;167.90;167.90;167.90;167.90;148.18;167.90;167.90;19.95;167.90;167.90;-;191.95;167.90;167.90
Aug 8, 2026 10:45 PM;Aug 8, 2026 11:00 PM;159.84;145.76;159.84;159.84;159.84;159.84;159.84;148.15;159.84;159.84;8.56;167.90;159.84;-;182.80;159.84;159.84
Aug 8, 2026 11:00 PM;Aug 8, 2026 11:15 PM;161.96;147.67;161.96;161.96;161.96;161.96;161.96;148.06;161.96;161.96;20.16;160.50;161.96;-;225.00;161.96;161.96
Aug 8, 2026 11:15 PM;Aug 8, 2026 11:30 PM;155.90;142.16;155.90;155.90;155.90;155.90;155.90;148.02;155.90;155.90;8.04;160.50;155.90;-;191.05;155.90;155.90
Aug 8, 2026 11:30 PM;Aug 8, 2026 11:45 PM;155.25;141.57;155.25;155.25;155.24;155.25;155.25;146.80;155.25;155.25;7.95;160.50;155.25;-;176.60;155.25;155.25
Aug 8, 2026 11:45 PM;Aug 9, 2026 12:00 AM;144.57;133.02;144.57;144.57;144.56;144.57;144.57;140.28;144.57;144.57;5.86;160.50;144.57;-;170.00;144.57;144.57
Aug 9, 2026 12:00 AM;Aug 9, 2026 12:15 AM;155.20;139.28;155.20;155.20;155.20;155.20;155.20;144.00;155.20;155.20;5.83;140.70;155.20;-;190.20;155.20;155.20
Aug 9, 2026 12:15 AM;Aug 9, 2026 12:30 AM;147.95;133.93;147.95;147.95;147.95;147.95;147.95;143.39;147.95;147.95;5.53;140.70;147.95;-;191.05;147.95;147.95
Aug 9, 2026 12:30 AM;Aug 9, 2026 12:45 AM;143.81;130.51;143.81;143.81;143.81;143.81;143.81;139.38;143.81;143.81;5.09;140.70;143.81;-;176.00;143.81;143.81
Aug 9, 2026 12:45 AM;Aug 9, 2026 1:00 AM;134.14;122.56;134.14;134.14;134.14;134.14;134.14;130.00;134.14;134.14;4.39;140.70;134.14;-;172.10;134.14;134.14
Aug 9, 2026 1:00 AM;Aug 9, 2026 1:15 AM;139.99;126.94;139.99;139.99;139.99;139.99;139.99;135.68;139.99;139.99;5.13;135.66;139.99;-;177.00;139.99;139.99
Aug 9, 2026 1:15 AM;Aug 9, 2026 1:30 AM;140.12;127.05;140.12;140.12;140.11;140.12;140.12;135.80;140.12;140.12;5.14;135.66;140.12;-;172.80;140.12;140.12
Aug 9, 2026 1:30 AM;Aug 9, 2026 1:45 AM;141.23;127.94;141.23;141.23;141.23;141.23;141.23;136.89;141.23;141.23;4.97;135.66;141.23;-;172.10;141.23;141.23
Aug 9, 2026 1:45 AM;Aug 9, 2026 2:00 AM;136.04;123.67;136.04;136.04;136.04;136.04;136.04;131.85;136.04;136.04;4.56;135.66;136.04;-;168.43;136.04;136.04
Aug 9, 2026 2:00 AM;Aug 9, 2026 2:15 AM;141.06;127.51;141.06;141.06;141.06;141.06;141.06;136.65;141.06;141.06;5.21;132.32;141.06;-;150.99;141.06;141.06
Aug 9, 2026 2:15 AM;Aug 9, 2026 2:30 AM;136.28;123.61;136.28;136.28;136.28;136.28;136.28;132.03;136.28;136.28;5.10;132.32;136.28;-;172.10;136.28;136.28
Aug 9, 2026 2:30 AM;Aug 9, 2026 2:45 AM;135.19;122.71;135.19;135.19;135.19;135.19;135.19;130.97;135.19;135.19;4.97;132.32;135.19;-;172.00;135.19;135.19
Aug 9, 2026 2:45 AM;Aug 9, 2026 3:00 AM;133.24;121.10;133.24;133.24;133.24;133.24;133.24;129.08;133.24;133.24;4.76;132.32;133.24;-;146.60;133.24;133.24
Aug 9, 2026 3:00 AM;Aug 9, 2026 3:15 AM;135.01;122.43;135.01;135.01;135.00;135.01;135.01;130.87;135.01;135.01;5.04;130.76;135.01;-;147.50;135.01;135.01
Aug 9, 2026 3:15 AM;Aug 9, 2026 3:30 AM;134.87;122.31;134.87;134.87;134.87;134.87;134.87;130.74;134.87;134.87;4.98;130.76;134.87;-;166.43;134.87;134.87
Aug 9, 2026 3:30 AM;Aug 9, 2026 3:45 AM;133.57;121.22;133.57;133.57;133.57;133.57;133.57;129.48;133.57;133.57;4.63;130.76;133.57;-;159.44;133.57;133.57
Aug 9, 2026 3:45 AM;Aug 9, 2026 4:00 AM;132.35;120.21;132.35;132.35;132.35;132.35;132.35;128.30;132.35;132.35;4.50;130.76;132.35;-;140.80;132.35;132.35
Aug 9, 2026 4:00 AM;Aug 9, 2026 4:15 AM;133.52;121.21;133.52;133.52;133.52;133.52;133.52;129.43;133.52;133.52;4.80;130.95;133.52;-;172.10;133.52;133.52
Aug 9, 2026 4:15 AM;Aug 9, 2026 4:30 AM;134.92;122.36;134.92;134.92;134.91;134.92;134.92;130.78;134.92;134.92;4.89;130.95;134.92;-;163.14;134.92;134.92
Aug 9, 2026 4:30 AM;Aug 9, 2026 4:45 AM;133.86;121.51;133.86;133.86;133.85;133.86;133.86;129.75;133.86;133.86;4.99;130.95;133.86;-;172.10;133.86;133.86
Aug 9, 2026 4:45 AM;Aug 9, 2026 5:00 AM;133.81;121.47;133.81;133.81;133.81;133.81;133.81;129.71;133.81;133.81;5.05;130.95;133.81;-;172.10;133.81;133.81
Aug 9, 2026 5:00 AM;Aug 9, 2026 5:15 AM;136.99;123.82;136.99;136.99;136.99;136.99;136.99;132.73;136.99;136.99;5.05;128.36;136.99;-;172.10;136.99;136.99
Aug 9, 2026 5:15 AM;Aug 9, 2026 5:30 AM;134.99;122.19;134.99;134.99;134.99;134.99;134.99;130.80;134.99;134.99;5.02;128.36;134.99;-;172.10;134.99;134.99
Aug 9, 2026 5:30 AM;Aug 9, 2026 5:45 AM;135.70;122.76;135.70;135.70;135.70;135.70;135.70;131.48;135.70;135.70;4.96;128.36;135.70;-;172.10;135.70;135.70
Aug 9, 2026 5:45 AM;Aug 9, 2026 6:00 AM;132.32;120.00;132.32;132.32;132.32;132.32;132.32;128.43;132.32;132.32;4.62;128.36;132.32;-;172.10;132.32;132.32
Aug 9, 2026 6:00 AM;Aug 9, 2026 6:15 AM;143.37;129.18;143.37;143.37;143.37;143.37;143.37;138.74;143.37;143.37;5.13;130.16;143.37;-;158.26;143.37;143.37
Aug 9, 2026 6:15 AM;Aug 9, 2026 6:30 AM;134.18;121.66;134.18;134.18;134.18;134.18;134.18;130.05;134.18;134.18;4.65;130.16;134.18;-;149.60;134.18;134.18
Aug 9, 2026 6:30 AM;Aug 9, 2026 6:45 AM;128.88;117.33;128.88;128.88;128.88;128.88;128.88;124.91;128.88;128.88;4.47;130.16;128.88;-;140.44;128.88;128.88
Aug 9, 2026 6:45 AM;Aug 9, 2026 7:00 AM;120.76;110.79;120.76;120.76;120.76;120.76;120.76;118.15;120.76;120.76;4.35;130.16;120.76;-;152.10;120.76;120.76
Aug 9, 2026 7:00 AM;Aug 9, 2026 7:15 AM;133.27;120.39;133.27;133.27;133.27;133.27;133.27;128.07;133.27;133.27;5.09;125.00;133.27;-;161.43;133.27;133.27
Aug 9, 2026 7:15 AM;Aug 9, 2026 7:30 AM;123.65;112.65;123.65;123.65;123.65;123.65;123.65;119.84;123.65;123.65;5.06;125.00;123.65;-;157.84;123.65;123.65
Aug 9, 2026 7:30 AM;Aug 9, 2026 7:45 AM;113.87;104.68;113.88;113.87;113.87;113.88;113.88;110.36;114.02;113.84;5.03;125.00;113.83;-;172.00;107.98;116.30
Aug 9, 2026 7:45 AM;Aug 9, 2026 8:00 AM;101.96;95.62;102.88;101.50;100.70;103.53;102.46;98.35;121.30;94.30;4.90;125.00;96.91;-;142.01;39.02;84.72
Aug 9, 2026 8:00 AM;Aug 9, 2026 8:15 AM;115.96;103.89;115.96;115.96;115.96;115.96;115.96;112.38;115.96;115.96;5.01;97.67;115.96;-;172.10;115.96;115.96
Aug 9, 2026 8:15 AM;Aug 9, 2026 8:30 AM;106.41;96.06;106.41;106.41;106.41;106.41;106.41;103.11;106.41;106.41;4.59;97.67;106.41;-;146.53;106.41;106.41
Aug 9, 2026 8:30 AM;Aug 9, 2026 8:45 AM;83.71;76.98;83.60;83.66;83.52;83.53;83.64;86.34;81.70;77.51;4.01;97.67;81.65;-;125.39;80.74;80.66
Aug 9, 2026 8:45 AM;Aug 9, 2026 9:00 AM;60.43;56.66;60.18;60.34;59.67;60.01;60.27;61.13;55.91;47.99;3.78;97.67;56.35;-;135.58;51.67;56.89
Aug 9, 2026 9:00 AM;Aug 9, 2026 9:15 AM;73.51;51.69;72.54;72.79;71.48;71.97;72.83;76.26;53.16;5.65;4.56;19.10;48.24;-;162.00;30.92;33.32
Aug 9, 2026 9:15 AM;Aug 9, 2026 9:30 AM;30.79;22.35;30.30;30.49;29.74;30.00;30.46;31.47;21.25;0.06;3.45;19.10;19.51;-;146.13;13.94;13.39
Aug 9, 2026 9:30 AM;Aug 9, 2026 9:45 AM;4.99;6.13;4.99;4.99;4.90;4.99;4.99;5.15;4.99;4.99;3.38;19.10;4.99;-;121.68;4.99;4.99
Aug 9, 2026 9:45 AM;Aug 9, 2026 10:00 AM;0.67;2.56;0.71;0.88;1.47;0.69;0.73;1.47;0.59;0.50;1.47;19.10;0.56;-;119.18;0.57;0.56
Aug 9, 2026 10:00 AM;Aug 9, 2026 10:15 AM;1.12;1.56;1.14;1.20;1.38;1.13;1.15;1.24;1.10;1.06;1.38;5.28;1.09;-;100.00;1.09;1.09
Aug 9, 2026 10:15 AM;Aug 9, 2026 10:30 AM;0.12;0.75;0.17;0.36;0.89;0.15;0.19;0.37;0.04;-0.06;0.90;5.28;0.01;-;96.88;0.02;0.01
Aug 9, 2026 10:30 AM;Aug 9, 2026 10:45 AM;-0.01;0.60;0.02;0.10;0.36;0.01;0.02;0.10;0.04;-0.06;0.78;5.28;-0.02;-;86.00;0.02;0.00
Aug 9, 2026 10:45 AM;Aug 9, 2026 11:00 AM;-0.02;0.59;0.01;0.10;0.39;0.00;0.02;0.10;0.05;-0.07;0.68;5.28;-0.02;-;84.34;0.02;0.00
Aug 9, 2026 11:00 AM;Aug 9, 2026 11:15 AM;-0.01;0.04;0.00;0.10;0.13;0.00;0.00;0.03;0.02;-0.02;0.74;-0.55;-0.01;-;60.78;0.01;0.00
Aug 9, 2026 11:15 AM;Aug 9, 2026 11:30 AM;-0.03;0.06;0.00;0.10;0.41;-0.01;0.01;0.10;0.06;-0.08;0.65;-0.55;-0.03;-;63.84;0.03;0.00
Aug 9, 2026 11:30 AM;Aug 9, 2026 11:45 AM;-0.04;0.05;-0.01;0.10;0.43;-0.02;0.00;0.10;0.06;-0.09;0.55;-0.55;-0.03;-;59.80;0.03;0.00
Aug 9, 2026 11:45 AM;Aug 9, 2026 12:00 PM;-0.11;0.04;0.02;0.07;0.49;-0.03;-0.01;0.07;0.10;-0.14;0.49;-0.55;-0.06;-;60.00;0.04;0.00
Aug 9, 2026 12:00 PM;Aug 9, 2026 12:15 PM;-1.00;-0.35;0.35;0.07;0.07;-0.02;-1.07;1.22;0.45;-0.62;0.07;-4.00;-0.35;-;76.50;0.20;0.00
Aug 9, 2026 12:15 PM;Aug 9, 2026 12:30 PM;-1.62;-0.35;0.58;0.01;0.01;-0.03;-1.74;2.11;0.71;-0.99;0.01;-4.00;-0.57;-;85.82;0.32;0.00
Aug 9, 2026 12:30 PM;Aug 9, 2026 12:45 PM;-2.99;-0.49;1.11;0.01;0.01;-0.05;-3.05;2.17;1.31;-1.82;0.01;-4.00;-1.04;-;85.13;0.58;-0.01
Aug 9, 2026 12:45 PM;Aug 9, 2026 1:00 PM;-4.99;-0.44;2.37;0.00;0.00;-0.07;-3.10;2.56;2.15;-3.00;0.00;-4.00;-1.73;-;86.00;0.95;-0.01
Aug 9, 2026 1:00 PM;Aug 9, 2026 1:15 PM;-4.99;-0.71;2.36;0.00;0.00;-0.10;-3.05;0.35;2.16;-3.01;0.00;-4.73;-1.74;-;85.13;0.96;-0.02
Aug 9, 2026 1:15 PM;Aug 9, 2026 1:30 PM;-5.30;-0.68;2.56;0.00;0.00;-0.10;-3.05;0.64;2.29;-3.19;0.00;-4.73;-1.85;-;86.00;1.01;-0.02
Aug 9, 2026 1:30 PM;Aug 9, 2026 1:45 PM;-5.01;-0.65;2.35;0.00;0.00;-0.11;-3.05;1.00;2.16;-3.02;0.00;-4.73;-1.75;-;85.13;0.96;-0.02
Aug 9, 2026 1:45 PM;Aug 9, 2026 2:00 PM;-5.02;-0.65;2.36;0.00;0.00;-0.11;-3.05;1.01;2.17;-3.03;0.00;-4.73;-1.75;-;81.81;0.96;-0.02
Aug 9, 2026 2:00 PM;Aug 9, 2026 2:15 PM;-4.90;-0.25;2.26;-0.01;-0.01;-0.10;-3.04;-0.05;2.12;-2.96;0.00;0.76;-1.71;-;96.00;0.94;-0.02
Aug 9, 2026 2:15 PM;Aug 9, 2026 2:30 PM;-2.15;-0.16;0.75;-0.01;-0.01;-0.10;-1.96;-0.03;0.94;-1.31;0.01;0.76;-0.76;-;100.00;0.41;-0.01
Aug 9, 2026 2:30 PM;Aug 9, 2026 2:45 PM;-1.01;0.04;0.47;-0.01;-0.01;-0.09;-0.18;-0.02;0.43;-0.60;0.01;0.76;-0.35;-;102.50;0.19;0.00
Aug 9, 2026 2:45 PM;Aug 9, 2026 3:00 PM;-0.19;0.04;-0.05;-0.01;-0.01;-0.10;-0.11;0.03;0.08;-0.12;0.01;0.76;-0.07;-;102.50;0.04;0.00
Aug 9, 2026 3:00 PM;Aug 9, 2026 3:15 PM;-0.10;0.33;0.04;-0.03;-0.01;-0.02;-0.03;-0.05;0.05;-0.05;0.01;3.72;-0.03;-;91.47;0.02;0.01
Aug 9, 2026 3:15 PM;Aug 9, 2026 3:30 PM;-0.01;0.34;-0.01;-0.01;-0.01;-0.01;-0.01;0.04;0.01;0.00;0.01;3.72;0.00;-;96.00;0.01;0.01
Aug 9, 2026 3:30 PM;Aug 9, 2026 3:45 PM;-0.01;0.34;-0.01;-0.01;-0.01;-0.01;-0.01;0.05;0.01;0.00;0.01;3.72;0.00;-;115.00;0.01;0.01
Aug 9, 2026 3:45 PM;Aug 9, 2026 4:00 PM;-0.01;0.40;-0.01;-0.01;0.00;0.00;-0.01;0.47;0.13;0.04;0.05;3.72;0.06;-;125.00;0.11;0.09
Aug 9, 2026 4:00 PM;Aug 9, 2026 4:15 PM;-0.01;4.01;-0.01;-0.01;0.00;0.00;-0.01;0.12;0.03;0.01;0.02;44.00;0.01;-;120.75;0.02;0.02
Aug 9, 2026 4:15 PM;Aug 9, 2026 4:30 PM;-0.01;4.22;0.00;0.00;0.64;0.01;-0.01;0.64;0.25;0.09;0.64;44.00;0.12;-;144.52;0.22;0.19
Aug 9, 2026 4:30 PM;Aug 9, 2026 4:45 PM;0.62;5.61;0.70;0.62;1.00;0.62;0.65;2.87;6.62;0.00;1.00;44.00;3.61;-;168.49;6.67;6.86
Aug 9, 2026 4:45 PM;Aug 9, 2026 5:00 PM;14.52;27.37;17.80;14.61;13.96;17.80;15.86;46.30;75.04;8.24;1.90;44.00;45.56;-;172.80;75.15;76.53
Aug 9, 2026 5:00 PM;Aug 9, 2026 5:15 PM;6.83;24.42;7.00;6.95;7.07;6.83;6.84;50.42;23.04;12.62;1.93;131.96;13.99;-;172.10;18.94;18.10
Aug 9, 2026 5:15 PM;Aug 9, 2026 5:30 PM;72.10;79.19;77.09;71.84;72.79;27.94;71.84;98.44;136.62;78.96;2.20;131.96;101.40;-;139.20;127.31;127.39
Aug 9, 2026 5:30 PM;Aug 9, 2026 5:45 PM;106.28;101.48;102.35;105.32;106.87;50.64;102.35;103.56;162.41;115.29;3.49;131.96;132.00;-;152.80;152.80;152.59
Aug 9, 2026 5:45 PM;Aug 9, 2026 6:00 PM;144.59;127.09;137.35;143.49;144.64;99.52;140.00;116.30;173.44;149.02;4.09;131.96;158.17;-;169.44;169.44;169.00
Aug 9, 2026 6:00 PM;Aug 9, 2026 6:15 PM;121.90;114.07;120.20;121.71;121.95;111.23;120.87;129.18;127.21;123.30;4.16;151.29;123.68;-;165.00;126.36;126.25
Aug 9, 2026 6:15 PM;Aug 9, 2026 6:30 PM;151.00;133.52;142.71;149.99;151.01;110.45;145.94;142.82;159.75;154.63;4.85;151.29;155.26;-;172.80;159.15;157.58
Aug 9, 2026 6:30 PM;Aug 9, 2026 6:45 PM;160.95;142.92;155.26;160.40;160.97;141.29;158.12;146.44;166.45;163.13;5.27;151.29;163.49;-;191.95;165.83;164.96
Aug 9, 2026 6:45 PM;Aug 9, 2026 7:00 PM;170.90;150.76;163.04;170.23;171.19;143.56;167.00;146.15;186.60;176.37;5.80;151.29;177.14;-;191.95;183.10;181.45
Aug 9, 2026 7:00 PM;Aug 9, 2026 7:15 PM;154.94;142.08;150.34;154.04;154.76;131.53;152.02;145.85;175.66;160.74;6.22;170.10;161.62;-;183.38;168.08;167.26
Aug 9, 2026 7:15 PM;Aug 9, 2026 7:30 PM;161.51;147.08;158.27;160.88;161.39;145.04;159.46;146.67;176.10;165.59;8.13;170.10;166.21;-;191.95;170.76;170.18
Aug 9, 2026 7:30 PM;Aug 9, 2026 7:45 PM;172.00;153.90;165.97;170.80;171.62;141.13;168.19;147.19;193.06;177.81;8.33;170.10;178.75;-;199.35;185.16;184.41
Aug 9, 2026 7:45 PM;Aug 9, 2026 8:00 PM;187.66;166.20;184.40;186.23;187.54;171.10;185.58;147.25;202.91;191.93;8.64;170.10;192.57;-;210.00;197.35;196.73
Aug 9, 2026 8:00 PM;Aug 9, 2026 8:15 PM;171.97;155.35;166.62;170.95;171.77;144.47;168.60;147.24;195.28;178.54;8.29;177.65;179.48;-;195.28;186.73;185.82
Aug 9, 2026 8:15 PM;Aug 9, 2026 8:30 PM;176.85;158.94;173.61;176.24;176.73;160.22;174.82;147.24;190.95;180.83;8.64;177.65;181.40;-;199.35;185.78;185.23
Aug 9, 2026 8:30 PM;Aug 9, 2026 8:45 PM;178.54;160.18;177.19;178.29;178.49;171.62;177.70;147.24;184.41;180.20;8.73;177.65;180.43;-;208.31;182.26;182.03
Aug 9, 2026 8:45 PM;Aug 9, 2026 9:00 PM;177.00;158.90;176.76;176.95;176.97;175.73;176.85;147.26;177.01;176.99;8.78;177.65;177.00;-;225.00;176.97;176.99
Aug 9, 2026 9:00 PM;Aug 9, 2026 9:15 PM;175.23;156.81;175.23;175.23;175.23;175.23;175.23;147.31;175.23;165.63;8.10;177.28;175.23;-;199.35;175.23;175.23
Aug 9, 2026 9:15 PM;Aug 9, 2026 9:30 PM;175.73;156.52;175.73;175.73;175.73;175.73;175.73;147.30;175.73;159.17;7.88;177.28;175.73;-;199.35;175.73;175.73
Aug 9, 2026 9:30 PM;Aug 9, 2026 9:45 PM;175.31;157.07;175.31;175.31;175.31;175.31;175.31;147.30;175.31;167.50;8.55;177.28;175.31;-;199.35;175.31;175.31
Aug 9, 2026 9:45 PM;Aug 9, 2026 10:00 PM;170.26;153.82;170.26;170.26;170.26;170.26;170.26;147.29;170.26;170.26;5.35;177.28;170.26;-;199.35;170.26;170.26
Aug 9, 2026 10:00 PM;Aug 9, 2026 10:15 PM;174.05;156.49;174.05;174.05;174.05;174.05;174.05;147.04;174.05;174.05;8.40;173.59;174.05;-;222.70;174.05;174.05
Aug 9, 2026 10:15 PM;Aug 9, 2026 10:30 PM;171.10;154.05;171.10;171.10;171.10;171.10;171.10;147.00;171.10;171.10;5.17;173.59;171.10;-;205.15;171.10;171.10
Aug 9, 2026 10:30 PM;Aug 9, 2026 10:45 PM;170.89;153.87;170.89;170.89;170.89;170.89;170.89;146.92;170.89;170.89;4.92;173.59;170.89;-;199.35;170.89;170.89
Aug 9, 2026 10:45 PM;Aug 9, 2026 11:00 PM;163.96;148.75;163.96;163.96;163.96;163.96;163.96;146.82;163.96;163.96;4.15;173.59;163.96;-;212.80;163.96;163.96
Aug 9, 2026 11:00 PM;Aug 9, 2026 11:15 PM;163.89;147.84;164.33;163.68;163.26;164.61;164.14;146.75;167.82;160.04;4.11;163.16;164.33;-;250.00;168.98;171.36
Aug 9, 2026 11:15 PM;Aug 9, 2026 11:30 PM;158.12;143.56;158.26;158.06;157.92;158.35;158.20;146.61;159.37;156.90;4.02;163.16;158.26;-;225.00;159.74;160.49
Aug 9, 2026 11:30 PM;Aug 9, 2026 11:45 PM;157.94;143.43;158.20;157.82;157.57;158.37;158.09;146.52;160.28;155.65;3.85;163.16;158.20;-;181.83;160.97;162.38
Aug 9, 2026 11:45 PM;Aug 10, 2026 12:00 AM;148.65;136.44;149.08;148.44;148.03;149.37;148.89;143.80;152.55;144.83;3.58;163.16;149.08;-;163.17;153.69;156.05
