date,price,product_name
2021-05-12,315.0,BASE_Y-25
2021-05-13,315.0,BASE_Y-25
2021-05-14,318.0,BASE_Y-25
2021-05-17,333.9,BASE_Y-25
2021-05-18,345.0,BASE_Y-25
2021-05-19,345.0,BASE_Y-25
2021-05-20,345.0,BASE_Y-25
2021-05-21,345.0,BASE_Y-25
2021-05-24,345.0,BASE_Y-25
2021-05-25,345.0,BASE_Y-25
2021-05-26,350.0,BASE_Y-25
2021-05-27,350.0,BASE_Y-25
2021-05-28,350.0,BASE_Y-25
2021-05-31,350.0,BASE_Y-25
2021-06-01,350.0,BASE_Y-25
2021-06-02,350.0,BASE_Y-25
2021-06-04,350.0,BASE_Y-25
2021-06-07,350.0,BASE_Y-25
2021-06-08,350.0,BASE_Y-25
2021-06-09,350.0,BASE_Y-25
2021-06-10,350.0,BASE_Y-25
2021-06-11,350.0,BASE_Y-25
2021-06-14,350.0,BASE_Y-25
2021-06-15,350.0,BASE_Y-25
2021-06-16,350.0,BASE_Y-25
2021-06-17,350.0,BASE_Y-25
2021-06-18,350.0,BASE_Y-25
2021-06-21,350.0,BASE_Y-25
2021-06-22,350.0,BASE_Y-25
2021-06-23,350.0,BASE_Y-25
2021-06-24,350.0,BASE_Y-25
2021-06-25,350.0,BASE_Y-25
2021-06-28,350.0,BASE_Y-25
2021-06-29,350.0,BASE_Y-25
2021-06-30,350.0,BASE_Y-25
2021-07-01,347.5,BASE_Y-25
2021-07-02,349.0,BASE_Y-25
2021-07-05,347.0,BASE_Y-25
2021-07-06,342.0,BASE_Y-25
2021-07-07,342.0,BASE_Y-25
2021-07-08,336.5,BASE_Y-25
2021-07-09,344.0,BASE_Y-25
2021-07-12,344.0,BASE_Y-25
2021-07-13,344.0,BASE_Y-25
2021-07-14,345.0,BASE_Y-25
2021-07-15,339.0,BASE_Y-25
2021-07-16,339.0,BASE_Y-25
2021-07-19,343.0,BASE_Y-25
2021-07-20,333.0,BASE_Y-25
2021-07-21,333.0,BASE_Y-25
2021-07-22,327.0,BASE_Y-25
2021-07-23,330.0,BASE_Y-25
2021-07-26,330.0,BASE_Y-25
2021-07-27,344.75,BASE_Y-25
2021-07-28,344.75,BASE_Y-25
2021-07-29,345.0,BASE_Y-25
2021-07-30,341.0,BASE_Y-25
2021-08-02,341.0,BASE_Y-25
2021-08-03,348.0,BASE_Y-25
2021-08-04,348.0,BASE_Y-25
2021-08-05,348.0,BASE_Y-25
2021-08-06,354.0,BASE_Y-25
2021-08-09,354.0,BASE_Y-25
2021-08-10,354.0,BASE_Y-25
2021-08-11,354.0,BASE_Y-25
2021-08-12,354.0,BASE_Y-25
2021-08-13,354.0,BASE_Y-25
2021-08-16,359.0,BASE_Y-25
2021-08-17,360.0,BASE_Y-25
2021-08-18,360.0,BASE_Y-25
2021-08-19,360.0,BASE_Y-25
2021-08-20,360.0,BASE_Y-25
2021-08-23,360.0,BASE_Y-25
2021-08-24,360.0,BASE_Y-25
2021-08-25,360.0,BASE_Y-25
2021-08-26,360.0,BASE_Y-25
2021-08-27,360.0,BASE_Y-25
2021-08-30,367.0,BASE_Y-25
2021-08-31,367.0,BASE_Y-25
2021-09-01,384.0,BASE_Y-25
2021-09-02,382.5,BASE_Y-25
2021-09-03,393.0,BASE_Y-25
2021-09-06,393.0,BASE_Y-25
2021-09-07,393.0,BASE_Y-25
2021-09-08,395.0,BASE_Y-25
2021-09-09,395.0,BASE_Y-25
2021-09-10,395.0,BASE_Y-25
2021-09-13,395.0,BASE_Y-25
2021-09-14,397.5,BASE_Y-25
2021-09-15,397.5,BASE_Y-25
2021-09-16,397.5,BASE_Y-25
2021-09-17,397.5,BASE_Y-25
2021-09-20,397.5,BASE_Y-25
2021-09-21,397.5,BASE_Y-25
2021-09-22,397.5,BASE_Y-25
2021-09-23,397.5,BASE_Y-25
2021-09-24,397.5,BASE_Y-25
2021-09-27,397.5,BASE_Y-25
2021-09-28,397.5,BASE_Y-25
2021-09-29,397.5,BASE_Y-25
2021-09-30,397.5,BASE_Y-25
2021-10-01,417.38,BASE_Y-25
2021-10-04,417.38,BASE_Y-25
2021-10-05,417.38,BASE_Y-25
2021-10-06,417.38,BASE_Y-25
2021-10-07,417.38,BASE_Y-25
2021-10-08,417.38,BASE_Y-25
2021-10-11,417.38,BASE_Y-25
2021-10-12,417.38,BASE_Y-25
2021-10-13,417.38,BASE_Y-25
2021-10-14,417.38,BASE_Y-25
2021-10-15,417.38,BASE_Y-25
2021-10-18,417.38,BASE_Y-25
2021-10-19,417.38,BASE_Y-25
2021-10-20,417.38,BASE_Y-25
2021-10-21,417.38,BASE_Y-25
2021-10-22,417.38,BASE_Y-25
2021-10-25,417.38,BASE_Y-25
2021-10-26,418.0,BASE_Y-25
2021-10-27,414.75,BASE_Y-25
2021-10-28,409.0,BASE_Y-25
2021-10-29,415.0,BASE_Y-25
2021-11-02,415.0,BASE_Y-25
2021-11-03,415.0,BASE_Y-25
2021-11-04,415.0,BASE_Y-25
2021-11-05,415.0,BASE_Y-25
2021-11-08,415.0,BASE_Y-25
2021-11-09,415.0,BASE_Y-25
2021-11-10,415.0,BASE_Y-25
2021-11-12,415.0,BASE_Y-25
2021-11-15,415.0,BASE_Y-25
2021-11-16,415.0,BASE_Y-25
2021-11-17,415.0,BASE_Y-25
2021-11-18,415.0,BASE_Y-25
2021-11-19,415.0,BASE_Y-25
2021-11-22,415.0,BASE_Y-25
2021-11-23,435.75,BASE_Y-25
2021-11-24,435.75,BASE_Y-25
2021-11-25,457.54,BASE_Y-25
2021-11-26,457.54,BASE_Y-25
2021-11-29,480.42,BASE_Y-25
2021-11-30,490.0,BASE_Y-25
2021-12-01,490.0,BASE_Y-25
2021-12-02,495.0,BASE_Y-25
2021-12-03,505.0,BASE_Y-25
2021-12-06,530.25,BASE_Y-25
2021-12-07,550.0,BASE_Y-25
2021-12-08,577.5,BASE_Y-25
2021-12-09,577.5,BASE_Y-25
2021-12-10,577.5,BASE_Y-25
2021-12-13,577.5,BASE_Y-25
2021-12-14,577.5,BASE_Y-25
2021-12-15,548.63,BASE_Y-25
2021-12-16,548.63,BASE_Y-25
2021-12-17,521.2,BASE_Y-25
2021-12-20,495.14,BASE_Y-25
2021-12-21,495.14,BASE_Y-25
2021-12-22,519.9,BASE_Y-25
2021-12-23,507.5,BASE_Y-25
2021-12-24,507.5,BASE_Y-25
2021-12-27,495.0,BASE_Y-25
2021-12-28,492.5,BASE_Y-25
2021-12-29,492.5,BASE_Y-25
2021-12-30,517.13,BASE_Y-25
2021-12-31,520.0,BASE_Y-25
2022-01-03,507.5,BASE_Y-25
2022-01-04,532.88,BASE_Y-25
2022-01-05,559.52,BASE_Y-25
2022-01-07,559.52,BASE_Y-25
2022-01-10,559.52,BASE_Y-25
2022-01-11,559.52,BASE_Y-25
2022-01-12,559.52,BASE_Y-25
2022-01-13,531.54,BASE_Y-25
2022-01-14,531.54,BASE_Y-25
2022-01-17,540.0,BASE_Y-25
2022-01-18,540.0,BASE_Y-25
2022-01-19,540.0,BASE_Y-25
2022-01-20,536.5,BASE_Y-25
2022-01-21,536.5,BASE_Y-25
2022-01-24,536.5,BASE_Y-25
2022-01-25,536.5,BASE_Y-25
2022-01-28,560.0,BASE_Y-25
2022-01-31,560.0,BASE_Y-25
2022-02-01,588.0,BASE_Y-25
2022-02-02,617.4,BASE_Y-25
2022-02-03,609.0,BASE_Y-25
2022-02-04,605.0,BASE_Y-25
2022-02-07,600.0,BASE_Y-25
2022-02-08,600.0,BASE_Y-25
2022-02-09,580.0,BASE_Y-25
2022-02-10,580.0,BASE_Y-25
2022-02-11,580.0,BASE_Y-25
2022-02-14,580.0,BASE_Y-25
2022-02-15,570.0,BASE_Y-25
2022-02-16,570.0,BASE_Y-25
2022-02-18,570.0,BASE_Y-25
2022-02-21,570.0,BASE_Y-25
2022-02-22,570.0,BASE_Y-25
2022-02-23,570.0,BASE_Y-25
2022-02-24,598.5,BASE_Y-25
2022-02-25,598.5,BASE_Y-25
2022-02-28,598.5,BASE_Y-25
2022-03-01,568.58,BASE_Y-25
2022-03-02,568.58,BASE_Y-25
2022-03-03,597.01,BASE_Y-25
2022-03-04,597.01,BASE_Y-25
2022-03-07,597.01,BASE_Y-25
2022-03-08,597.01,BASE_Y-25
2022-03-09,626.86,BASE_Y-25
2022-03-10,640.0,BASE_Y-25
2022-03-11,630.0,BASE_Y-25
2022-03-14,652.5,BASE_Y-25
2022-03-15,657.5,BASE_Y-25
2022-03-16,650.0,BASE_Y-25
2022-03-17,645.0,BASE_Y-25
2022-03-18,645.0,BASE_Y-25
2022-03-21,650.0,BASE_Y-25
2022-03-22,657.5,BASE_Y-25
2022-03-23,667.5,BASE_Y-25
2022-03-24,675.0,BASE_Y-25
2022-03-25,675.0,BASE_Y-25
2022-03-28,690.0,BASE_Y-25
2022-03-29,724.5,BASE_Y-25
2022-03-30,747.5,BASE_Y-25
2022-03-31,752.5,BASE_Y-25
2022-04-01,750.0,BASE_Y-25
2022-04-04,730.63,BASE_Y-25
2022-04-05,710.0,BASE_Y-25
2022-04-06,721.0,BASE_Y-25
2022-04-07,725.0,BASE_Y-25
2022-04-08,722.5,BASE_Y-25
2022-04-11,725.0,BASE_Y-25
2022-04-12,732.5,BASE_Y-25
2022-04-13,735.0,BASE_Y-25
2022-04-14,763.0,BASE_Y-25
2022-04-15,756.75,BASE_Y-25
2022-04-19,744.5,BASE_Y-25
2022-04-20,743.33,BASE_Y-25
2022-04-21,743.33,BASE_Y-25
2022-04-22,743.33,BASE_Y-25
2022-04-26,699.0,BASE_Y-25
2022-04-27,733.0,BASE_Y-25
2022-04-28,750.0,BASE_Y-25
2022-04-29,786.0,BASE_Y-25
2022-05-02,797.5,BASE_Y-25
2022-05-04,837.38,BASE_Y-25
2022-05-05,863.53,BASE_Y-25
2022-05-06,902.5,BASE_Y-25
2022-05-09,915.0,BASE_Y-25
2022-05-10,935.0,BASE_Y-25
2022-05-11,935.0,BASE_Y-25
2022-05-12,962.5,BASE_Y-25
2022-05-13,990.5,BASE_Y-25
2022-05-16,999.0,BASE_Y-25
2022-05-17,1048.95,BASE_Y-25
2022-05-18,1084.71,BASE_Y-25
2022-05-19,1055.0,BASE_Y-25
2022-05-20,1002.25,BASE_Y-25
2022-05-23,1017.5,BASE_Y-25
2022-05-24,1040.0,BASE_Y-25
2022-05-25,1035.0,BASE_Y-25
2022-05-26,1035.0,BASE_Y-25
2022-05-27,1015.0,BASE_Y-25
2022-05-30,1037.5,BASE_Y-25
2022-05-31,1060.0,BASE_Y-25
2022-06-01,1065.0,BASE_Y-25
2022-06-02,1086.25,BASE_Y-25
2022-06-03,1096.5,BASE_Y-25
2022-06-06,1100.0,BASE_Y-25
2022-06-07,1070.0,BASE_Y-25
2022-06-08,1065.0,BASE_Y-25
2022-06-10,961.16,BASE_Y-25
2022-06-13,913.1,BASE_Y-25
2022-06-14,917.5,BASE_Y-25
2022-06-15,924.5,BASE_Y-25
2022-06-17,970.73,BASE_Y-25
2022-06-20,1019.27,BASE_Y-25
2022-06-21,1030.0,BASE_Y-25
2022-06-22,1030.0,BASE_Y-25
2022-06-23,1081.5,BASE_Y-25
2022-06-24,1027.43,BASE_Y-25
2022-06-27,1035.0,BASE_Y-25
2022-06-28,1042.5,BASE_Y-25
2022-06-29,1070.0,BASE_Y-25
2022-06-30,1060.0,BASE_Y-25
2022-07-01,1050.0,BASE_Y-25
2022-07-04,1050.0,BASE_Y-25
2022-07-05,1050.0,BASE_Y-25
2022-07-06,1075.0,BASE_Y-25
2022-07-07,1090.0,BASE_Y-25
2022-07-08,1100.0,BASE_Y-25
2022-07-11,1100.0,BASE_Y-25
2022-07-12,1100.0,BASE_Y-25
2022-07-13,1100.0,BASE_Y-25
2022-07-14,1100.0,BASE_Y-25
2022-07-15,1100.0,BASE_Y-25
2022-07-18,1100.0,BASE_Y-25
2022-07-19,1125.0,BASE_Y-25
2022-07-20,1150.0,BASE_Y-25
2022-07-21,1120.0,BASE_Y-25
2022-07-22,1158.48,BASE_Y-25
2022-07-25,1158.48,BASE_Y-25
2022-07-26,1125.0,BASE_Y-25
2022-07-27,1150.0,BASE_Y-25
2022-07-28,1175.0,BASE_Y-25
2022-07-29,1190.0,BASE_Y-25
2022-08-01,1165.0,BASE_Y-25
2022-08-02,1125.0,BASE_Y-25
2022-08-03,1155.0,BASE_Y-25
2022-08-04,1165.0,BASE_Y-25
2022-08-05,1223.25,BASE_Y-25
2022-08-08,1243.0,BASE_Y-25
2022-08-09,1257.0,BASE_Y-25
2022-08-10,1298.0,BASE_Y-25
2022-08-11,1362.9,BASE_Y-25
2022-08-12,1415.0,BASE_Y-25
2022-08-16,1485.75,BASE_Y-25
2022-08-17,1487.5,BASE_Y-25
2022-08-18,1500.0,BASE_Y-25
2022-08-19,1562.5,BASE_Y-25
2022-08-22,1640.63,BASE_Y-25
2022-08-23,1600.0,BASE_Y-25
2022-08-24,1680.0,BASE_Y-25
2022-08-25,1725.0,BASE_Y-25
2022-08-26,1750.0,BASE_Y-25
2022-08-29,1750.0,BASE_Y-25
2022-08-30,1750.0,BASE_Y-25
2022-08-31,1750.0,BASE_Y-25
2022-09-01,1662.5,BASE_Y-25
2022-09-02,1579.38,BASE_Y-25
2022-09-05,1579.38,BASE_Y-25
2022-09-06,1658.35,BASE_Y-25
2022-09-07,1741.27,BASE_Y-25
2022-09-08,1741.27,BASE_Y-25
2022-09-09,1654.21,BASE_Y-25
2022-09-12,1654.21,BASE_Y-25
2022-09-13,1571.5,BASE_Y-25
2022-09-14,1492.93,BASE_Y-25
2022-09-15,1500.0,BASE_Y-25
2022-09-16,1500.0,BASE_Y-25
2022-09-19,1500.0,BASE_Y-25
2022-09-20,1475.0,BASE_Y-25
2022-09-21,1475.0,BASE_Y-25
2022-09-22,1475.0,BASE_Y-25
2022-09-23,1475.0,BASE_Y-25
2022-09-26,1401.25,BASE_Y-25
2022-09-27,1401.25,BASE_Y-25
2022-09-28,1401.25,BASE_Y-25
2022-09-29,1401.25,BASE_Y-25
2022-09-30,1437.5,BASE_Y-25
2022-10-03,1437.5,BASE_Y-25
2022-10-04,1437.5,BASE_Y-25
2022-10-05,1365.63,BASE_Y-25
2022-10-06,1297.35,BASE_Y-25
2022-10-07,1232.48,BASE_Y-25
2022-10-10,1232.48,BASE_Y-25
2022-10-11,1232.48,BASE_Y-25
2022-10-12,1232.48,BASE_Y-25
2022-10-13,1232.48,BASE_Y-25
2022-10-14,1232.48,BASE_Y-25
2022-10-17,1232.48,BASE_Y-25
2022-10-18,1232.48,BASE_Y-25
2022-10-19,1232.48,BASE_Y-25
2022-10-20,1232.48,BASE_Y-25
2022-10-21,1232.48,BASE_Y-25
2022-10-24,1232.48,BASE_Y-25
2022-10-25,1232.48,BASE_Y-25
2022-10-26,1232.48,BASE_Y-25
2022-10-27,1232.48,BASE_Y-25
2022-10-28,1232.48,BASE_Y-25
2022-10-31,1232.48,BASE_Y-25
2022-11-02,1232.48,BASE_Y-25
2022-11-03,1232.48,BASE_Y-25
2022-11-04,1232.48,BASE_Y-25
2022-11-07,1232.48,BASE_Y-25
2022-11-08,1232.48,BASE_Y-25
2022-11-09,1232.48,BASE_Y-25
2022-11-10,1232.48,BASE_Y-25
2022-11-14,1232.48,BASE_Y-25
2022-11-15,1232.48,BASE_Y-25
2022-11-16,1232.48,BASE_Y-25
2022-11-17,1232.48,BASE_Y-25
2022-11-18,1232.48,BASE_Y-25
2022-11-21,1232.48,BASE_Y-25
2022-11-22,1232.48,BASE_Y-25
2022-11-23,1232.48,BASE_Y-25
2022-11-24,1232.48,BASE_Y-25
2022-11-25,1232.48,BASE_Y-25
2022-11-28,1232.48,BASE_Y-25
2022-11-29,1232.48,BASE_Y-25
2022-11-30,1175.0,BASE_Y-25
2022-12-01,1175.0,BASE_Y-25
2022-12-02,1175.0,BASE_Y-25
2022-12-05,1116.25,BASE_Y-25
2022-12-06,1116.25,BASE_Y-25
2022-12-07,1116.25,BASE_Y-25
2022-12-08,1116.25,BASE_Y-25
2022-12-09,1060.44,BASE_Y-25
2022-12-12,1060.44,BASE_Y-25
2022-12-13,1060.44,BASE_Y-25
2022-12-14,1060.44,BASE_Y-25
2022-12-15,1060.44,BASE_Y-25
2022-12-16,1060.44,BASE_Y-25
2022-12-19,1060.44,BASE_Y-25
2022-12-20,1044.5,BASE_Y-25
2022-12-21,1044.5,BASE_Y-25
2022-12-22,1044.5,BASE_Y-25
2022-12-23,1065.0,BASE_Y-25
2022-12-27,1100.0,BASE_Y-25
2022-12-28,1100.0,BASE_Y-25
2022-12-29,1100.0,BASE_Y-25
2022-12-30,1100.0,BASE_Y-25
2023-01-02,1100.0,BASE_Y-25
2023-01-03,1100.0,BASE_Y-25
2023-01-04,1100.0,BASE_Y-25
2023-01-05,1100.0,BASE_Y-25
2023-01-09,1100.0,BASE_Y-25
2023-01-10,1100.0,BASE_Y-25
2023-01-11,1045.0,BASE_Y-25
2023-01-12,992.75,BASE_Y-25
2023-01-13,943.11,BASE_Y-25
2023-01-16,943.11,BASE_Y-25
2023-01-17,895.95,BASE_Y-25
2023-01-18,851.15,BASE_Y-25
2023-01-19,808.59,BASE_Y-25
2023-01-20,768.16,BASE_Y-25
2023-01-23,768.16,BASE_Y-25
2023-01-24,738.98,BASE_Y-25
2023-01-25,702.03,BASE_Y-25
2023-01-26,700.0,BASE_Y-25
2023-01-27,696.5,BASE_Y-25
2023-01-30,696.5,BASE_Y-25
2023-01-31,696.5,BASE_Y-25
2023-02-01,670.0,BASE_Y-25
2023-02-02,692.5,BASE_Y-25
2023-02-03,675.0,BASE_Y-25
2023-02-06,708.75,BASE_Y-25
2023-02-07,708.75,BASE_Y-25
2023-02-08,706.0,BASE_Y-25
2023-02-09,682.4,BASE_Y-25
2023-02-10,690.0,BASE_Y-25
2023-02-13,690.0,BASE_Y-25
2023-02-14,690.0,BASE_Y-25
2023-02-15,715.0,BASE_Y-25
2023-02-16,715.0,BASE_Y-25
2023-02-17,715.0,BASE_Y-25
2023-02-20,715.0,BASE_Y-25
2023-02-21,679.5,BASE_Y-25
2023-02-22,675.0,BASE_Y-25
2023-02-23,668.0,BASE_Y-25
2023-02-24,668.0,BASE_Y-25
2023-02-27,668.0,BASE_Y-25
2023-02-28,668.0,BASE_Y-25
2023-03-01,675.0,BASE_Y-25
2023-03-01,675.0,BASE_Y-26
2023-03-02,647.5,BASE_Y-26
2023-03-02,652.5,BASE_Y-25
2023-03-03,652.5,BASE_Y-25
2023-03-03,647.5,BASE_Y-26
2023-03-06,652.5,BASE_Y-25
2023-03-06,647.5,BASE_Y-26
2023-03-07,647.5,BASE_Y-26
2023-03-07,652.5,BASE_Y-25
2023-03-08,652.25,BASE_Y-25
2023-03-08,647.5,BASE_Y-26
2023-03-09,652.25,BASE_Y-25
2023-03-09,647.5,BASE_Y-26
2023-03-10,655.0,BASE_Y-26
2023-03-10,619.88,BASE_Y-25
2023-03-13,650.87,BASE_Y-25
2023-03-13,675.0,BASE_Y-26
2023-03-14,683.41,BASE_Y-25
2023-03-14,685.0,BASE_Y-26
2023-03-15,695.0,BASE_Y-26
2023-03-15,683.41,BASE_Y-25
2023-03-16,695.0,BASE_Y-26
2023-03-16,649.24,BASE_Y-25
2023-03-17,660.25,BASE_Y-26
2023-03-17,639.48,BASE_Y-25
2023-03-20,624.72,BASE_Y-25
2023-03-20,640.0,BASE_Y-26
2023-03-21,635.0,BASE_Y-26
2023-03-21,624.72,BASE_Y-25
2023-03-22,610.0,BASE_Y-25
2023-03-22,612.5,BASE_Y-26
2023-03-23,612.5,BASE_Y-26
2023-03-23,620.0,BASE_Y-25
2023-03-24,617.5,BASE_Y-26
2023-03-24,611.5,BASE_Y-25
2023-03-27,610.0,BASE_Y-25
2023-03-27,620.0,BASE_Y-26
2023-03-28,603.67,BASE_Y-26
2023-03-28,610.14,BASE_Y-25
2023-03-29,605.0,BASE_Y-26
2023-03-29,626.88,BASE_Y-25
2023-03-30,634.5,BASE_Y-25
2023-03-30,612.5,BASE_Y-26
2023-03-31,644.57,BASE_Y-25
2023-03-31,630.0,BASE_Y-26
2023-04-03,653.33,BASE_Y-25
2023-04-03,630.0,BASE_Y-26
2023-04-04,630.0,BASE_Y-26
2023-04-04,650.0,BASE_Y-25
2023-04-05,650.0,BASE_Y-25
2023-04-05,640.0,BASE_Y-26
2023-04-06,640.0,BASE_Y-26
2023-04-06,647.5,BASE_Y-25
2023-04-06,649.99,BASE_Y-27
2023-04-07,649.99,BASE_Y-27
2023-04-07,679.88,BASE_Y-25
2023-04-07,640.0,BASE_Y-26
2023-04-11,660.0,BASE_Y-27
2023-04-11,680.0,BASE_Y-25
2023-04-11,659.99,BASE_Y-26
2023-04-12,650.0,BASE_Y-27
2023-04-12,650.0,BASE_Y-26
2023-04-12,675.0,BASE_Y-25
2023-04-13,641.25,BASE_Y-25
2023-04-13,650.0,BASE_Y-27
2023-04-13,637.5,BASE_Y-26
2023-04-14,644.0,BASE_Y-27
2023-04-14,655.0,BASE_Y-25
2023-04-14,647.5,BASE_Y-26
2023-04-17,650.0,BASE_Y-25
2023-04-17,642.5,BASE_Y-27
2023-04-17,642.5,BASE_Y-26
2023-04-18,635.5,BASE_Y-25
2023-04-18,640.0,BASE_Y-27
2023-04-18,640.5,BASE_Y-26
2023-04-19,650.0,BASE_Y-25
2023-04-19,647.5,BASE_Y-27
2023-04-19,645.0,BASE_Y-26
2023-04-20,647.5,BASE_Y-27
2023-04-20,645.0,BASE_Y-26
2023-04-20,637.63,BASE_Y-25
2023-04-21,645.0,BASE_Y-26
2023-04-21,630.5,BASE_Y-25
2023-04-21,647.5,BASE_Y-27
2023-04-24,617.0,BASE_Y-26
2023-04-24,625.4,BASE_Y-25
2023-04-24,647.5,BASE_Y-27
2023-04-25,617.0,BASE_Y-26
2023-04-25,627.67,BASE_Y-25
2023-04-25,620.0,BASE_Y-27
2023-04-26,619.5,BASE_Y-25
2023-04-26,625.0,BASE_Y-27
2023-04-26,617.0,BASE_Y-26
2023-04-27,617.0,BASE_Y-26
2023-04-27,625.0,BASE_Y-27
2023-04-27,625.0,BASE_Y-25
2023-04-28,624.29,BASE_Y-25
2023-04-28,617.0,BASE_Y-26
2023-04-28,625.0,BASE_Y-27
2023-05-02,625.0,BASE_Y-27
2023-05-02,625.1,BASE_Y-25
2023-05-02,619.0,BASE_Y-26
2023-05-04,617.5,BASE_Y-25
2023-05-04,603.0,BASE_Y-26
2023-05-04,625.0,BASE_Y-27
2023-05-05,617.0,BASE_Y-25
2023-05-05,603.0,BASE_Y-26
2023-05-05,625.0,BASE_Y-27
2023-05-08,610.0,BASE_Y-25
2023-05-08,603.0,BASE_Y-26
2023-05-08,625.0,BASE_Y-27
2023-05-09,625.0,BASE_Y-27
2023-05-09,610.0,BASE_Y-25
2023-05-09,603.0,BASE_Y-26
2023-05-10,610.0,BASE_Y-25
2023-05-10,603.0,BASE_Y-26
2023-05-10,625.0,BASE_Y-27
2023-05-11,625.0,BASE_Y-27
2023-05-11,603.0,BASE_Y-26
2023-05-11,619.98,BASE_Y-25
2023-05-12,625.0,BASE_Y-27
2023-05-12,608.67,BASE_Y-25
2023-05-12,603.0,BASE_Y-26
2023-05-15,600.0,BASE_Y-26
2023-05-15,625.0,BASE_Y-27
2023-05-15,604.5,BASE_Y-25
2023-05-16,579.5,BASE_Y-25
2023-05-16,570.0,BASE_Y-26
2023-05-16,625.0,BASE_Y-27
2023-05-17,577.0,BASE_Y-25
2023-05-17,625.0,BASE_Y-27
2023-05-17,570.0,BASE_Y-26
2023-05-18,585.0,BASE_Y-26
2023-05-18,583.0,BASE_Y-25
2023-05-18,625.0,BASE_Y-27
2023-05-19,585.0,BASE_Y-26
2023-05-19,586.84,BASE_Y-25
2023-05-19,625.0,BASE_Y-27
2023-05-22,625.0,BASE_Y-27
2023-05-22,579.0,BASE_Y-25
2023-05-22,575.0,BASE_Y-26
2023-05-23,591.0,BASE_Y-25
2023-05-23,572.5,BASE_Y-26
2023-05-23,600.0,BASE_Y-27
2023-05-24,590.42,BASE_Y-25
2023-05-24,595.0,BASE_Y-27
2023-05-24,572.5,BASE_Y-26
2023-05-25,577.5,BASE_Y-26
2023-05-25,595.0,BASE_Y-27
2023-05-25,585.0,BASE_Y-25
2023-05-26,578.88,BASE_Y-25
2023-05-26,595.0,BASE_Y-27
2023-05-26,570.0,BASE_Y-26
2023-05-29,595.0,BASE_Y-27
2023-05-29,570.0,BASE_Y-26
2023-05-29,570.0,BASE_Y-25
2023-05-30,590.0,BASE_Y-27
2023-05-30,562.5,BASE_Y-26
2023-05-30,567.5,BASE_Y-25
2023-05-31,562.5,BASE_Y-26
2023-05-31,565.79,BASE_Y-25
2023-05-31,590.0,BASE_Y-27
2023-06-01,558.33,BASE_Y-25
2023-06-01,555.0,BASE_Y-26
2023-06-01,590.0,BASE_Y-27
2023-06-02,530.0,BASE_Y-25
2023-06-02,540.0,BASE_Y-26
2023-06-02,560.5,BASE_Y-27
2023-06-05,540.0,BASE_Y-26
2023-06-05,547.5,BASE_Y-25
2023-06-05,545.0,BASE_Y-27
2023-06-06,545.0,BASE_Y-27
2023-06-06,546.25,BASE_Y-25
2023-06-06,535.0,BASE_Y-26
2023-06-07,535.33,BASE_Y-25
2023-06-07,535.63,BASE_Y-26
2023-06-07,545.0,BASE_Y-27
2023-06-09,555.0,BASE_Y-25
2023-06-09,535.63,BASE_Y-26
2023-06-09,550.0,BASE_Y-27
2023-06-12,555.03,BASE_Y-25
2023-06-12,550.0,BASE_Y-27
2023-06-12,535.63,BASE_Y-26
2023-06-13,535.63,BASE_Y-26
2023-06-13,545.33,BASE_Y-25
2023-06-13,550.0,BASE_Y-27
2023-06-14,550.0,BASE_Y-27
2023-06-14,548.75,BASE_Y-25
2023-06-14,532.5,BASE_Y-26
2023-06-15,550.0,BASE_Y-27
2023-06-15,555.0,BASE_Y-25
2023-06-15,532.5,BASE_Y-26
2023-06-16,550.0,BASE_Y-27
2023-06-16,540.71,BASE_Y-25
2023-06-16,532.5,BASE_Y-26
2023-06-19,546.67,BASE_Y-25
2023-06-19,550.0,BASE_Y-27
2023-06-19,532.5,BASE_Y-26
2023-06-20,550.0,BASE_Y-27
2023-06-20,532.5,BASE_Y-26
2023-06-20,560.0,BASE_Y-25
2023-06-21,559.92,BASE_Y-25
2023-06-21,532.5,BASE_Y-26
2023-06-21,550.0,BASE_Y-27
2023-06-22,561.27,BASE_Y-25
2023-06-22,555.0,BASE_Y-26
2023-06-22,550.0,BASE_Y-27
2023-06-23,552.5,BASE_Y-27
2023-06-23,560.0,BASE_Y-26
2023-06-23,565.0,BASE_Y-25
2023-06-26,565.84,BASE_Y-25
2023-06-26,555.0,BASE_Y-27
2023-06-26,560.0,BASE_Y-26
2023-06-27,560.0,BASE_Y-25
2023-06-27,555.0,BASE_Y-27
2023-06-27,560.0,BASE_Y-26
2023-06-28,588.0,BASE_Y-25
2023-06-28,585.0,BASE_Y-26
2023-06-28,555.0,BASE_Y-27
2023-06-29,575.0,BASE_Y-25
2023-06-29,585.0,BASE_Y-26
2023-06-29,555.0,BASE_Y-27
2023-06-30,575.0,BASE_Y-26
2023-06-30,581.3,BASE_Y-25
2023-06-30,555.0,BASE_Y-27
2023-07-03,555.0,BASE_Y-27
2023-07-03,546.25,BASE_Y-26
2023-07-03,609.17,BASE_Y-25
2023-07-04,637.57,BASE_Y-25
2023-07-04,555.0,BASE_Y-27
2023-07-04,556.75,BASE_Y-26
2023-07-05,621.43,BASE_Y-25
2023-07-05,540.5,BASE_Y-26
2023-07-05,555.0,BASE_Y-27
2023-07-06,555.0,BASE_Y-27
2023-07-06,605.0,BASE_Y-25
2023-07-06,539.5,BASE_Y-26
2023-07-07,621.6,BASE_Y-25
2023-07-07,512.53,BASE_Y-26
2023-07-07,555.0,BASE_Y-27
2023-07-10,555.0,BASE_Y-27
2023-07-10,538.16,BASE_Y-26
2023-07-10,621.0,BASE_Y-25
2023-07-11,547.0,BASE_Y-26
2023-07-11,607.25,BASE_Y-25
2023-07-11,575.0,BASE_Y-27
2023-07-12,610.0,BASE_Y-25
2023-07-12,580.0,BASE_Y-27
2023-07-12,574.35,BASE_Y-26
2023-07-13,582.5,BASE_Y-27
2023-07-13,545.63,BASE_Y-26
2023-07-13,602.5,BASE_Y-25
2023-07-14,595.0,BASE_Y-25
2023-07-14,582.5,BASE_Y-27
2023-07-14,542.5,BASE_Y-26
2023-07-17,517.5,BASE_Y-26
2023-07-17,577.5,BASE_Y-27
2023-07-17,592.0,BASE_Y-25
2023-07-18,603.5,BASE_Y-25
2023-07-18,517.5,BASE_Y-26
2023-07-18,577.5,BASE_Y-27
2023-07-19,613.75,BASE_Y-25
2023-07-19,580.0,BASE_Y-27
2023-07-19,517.5,BASE_Y-26
2023-07-20,543.38,BASE_Y-26
2023-07-20,581.5,BASE_Y-27
2023-07-20,620.3,BASE_Y-25
2023-07-21,570.55,BASE_Y-26
2023-07-21,628.5,BASE_Y-25
2023-07-21,577.5,BASE_Y-27
2023-07-24,569.0,BASE_Y-26
2023-07-24,634.0,BASE_Y-25
2023-07-24,580.0,BASE_Y-27
2023-07-25,655.3,BASE_Y-25
2023-07-25,575.0,BASE_Y-26
2023-07-25,585.0,BASE_Y-27
2023-07-26,655.19,BASE_Y-25
2023-07-26,572.5,BASE_Y-26
2023-07-26,587.5,BASE_Y-27
2023-07-27,646.0,BASE_Y-25
2023-07-27,600.5,BASE_Y-26
2023-07-27,587.5,BASE_Y-27
2023-07-28,575.0,BASE_Y-27
2023-07-28,602.5,BASE_Y-26
2023-07-28,633.14,BASE_Y-25
2023-07-31,628.8,BASE_Y-25
2023-07-31,575.0,BASE_Y-27
2023-07-31,584.0,BASE_Y-26
2023-08-01,629.54,BASE_Y-25
2023-08-01,575.0,BASE_Y-27
2023-08-01,573.5,BASE_Y-26
2023-08-02,625.67,BASE_Y-25
2023-08-02,575.0,BASE_Y-26
2023-08-02,572.5,BASE_Y-27
2023-08-03,582.5,BASE_Y-27
2023-08-03,634.0,BASE_Y-25
2023-08-03,572.0,BASE_Y-26
2023-08-04,634.5,BASE_Y-25
2023-08-04,570.0,BASE_Y-26
2023-08-04,582.5,BASE_Y-27
2023-08-07,582.5,BASE_Y-27
2023-08-07,635.0,BASE_Y-25
2023-08-07,572.5,BASE_Y-26
2023-08-08,580.0,BASE_Y-26
2023-08-08,635.0,BASE_Y-25
2023-08-08,582.5,BASE_Y-27
2023-08-09,584.5,BASE_Y-27
2023-08-09,647.0,BASE_Y-25
2023-08-09,580.25,BASE_Y-26
2023-08-10,580.25,BASE_Y-26
2023-08-10,584.0,BASE_Y-27
2023-08-10,658.33,BASE_Y-25
2023-08-11,558.0,BASE_Y-26
2023-08-11,581.0,BASE_Y-27
2023-08-11,660.0,BASE_Y-25
2023-08-14,569.75,BASE_Y-27
2023-08-14,530.1,BASE_Y-26
2023-08-14,657.0,BASE_Y-25
2023-08-16,660.67,BASE_Y-25
2023-08-16,540.0,BASE_Y-26
2023-08-16,569.75,BASE_Y-27
2023-08-17,660.0,BASE_Y-25
2023-08-17,567.0,BASE_Y-26
2023-08-17,569.75,BASE_Y-27
2023-08-18,672.5,BASE_Y-25
2023-08-18,580.0,BASE_Y-26
2023-08-18,569.75,BASE_Y-27
2023-08-21,675.0,BASE_Y-25
2023-08-21,577.5,BASE_Y-26
2023-08-21,575.0,BASE_Y-27
2023-08-22,687.5,BASE_Y-25
2023-08-22,582.33,BASE_Y-26
2023-08-22,587.5,BASE_Y-27
2023-08-23,681.38,BASE_Y-25
2023-08-23,580.0,BASE_Y-27
2023-08-23,578.5,BASE_Y-26
2023-08-24,580.0,BASE_Y-27
2023-08-24,549.58,BASE_Y-26
2023-08-24,687.5,BASE_Y-25
2023-08-25,580.0,BASE_Y-27
2023-08-25,685.25,BASE_Y-25
2023-08-25,575.0,BASE_Y-26
2023-08-28,580.0,BASE_Y-27
2023-08-28,686.36,BASE_Y-25
2023-08-28,582.5,BASE_Y-26
2023-08-29,586.0,BASE_Y-26
2023-08-29,580.0,BASE_Y-27
2023-08-29,683.2,BASE_Y-25
2023-08-30,580.0,BASE_Y-27
2023-08-30,682.09,BASE_Y-25
2023-08-30,590.0,BASE_Y-26
2023-08-31,580.0,BASE_Y-27
2023-08-31,680.0,BASE_Y-25
2023-08-31,590.0,BASE_Y-26
2023-09-01,676.8,BASE_Y-25
2023-09-01,580.0,BASE_Y-27
2023-09-01,592.5,BASE_Y-26
2023-09-04,580.0,BASE_Y-27
2023-09-04,590.0,BASE_Y-26
2023-09-04,675.81,BASE_Y-25
2023-09-05,585.25,BASE_Y-26
2023-09-05,670.63,BASE_Y-25
2023-09-05,580.0,BASE_Y-27
2023-09-06,580.0,BASE_Y-27
2023-09-06,590.0,BASE_Y-26
2023-09-06,681.0,BASE_Y-25
2023-09-07,595.0,BASE_Y-26
2023-09-07,684.83,BASE_Y-25
2023-09-07,580.0,BASE_Y-27
2023-09-08,685.0,BASE_Y-25
2023-09-08,685.0,BASE_Y-25
2023-09-08,597.5,BASE_Y-26
2023-09-08,597.5,BASE_Y-26
2023-09-08,580.0,BASE_Y-27
2023-09-08,580.0,BASE_Y-27
2023-09-11,580.0,BASE_Y-27
2023-09-11,597.5,BASE_Y-26
2023-09-11,685.5,BASE_Y-25
2023-09-12,695.0,BASE_Y-25
2023-09-12,580.0,BASE_Y-27
2023-09-12,627.38,BASE_Y-26
2023-09-13,580.0,BASE_Y-27
2023-09-13,694.0,BASE_Y-25
2023-09-13,597.5,BASE_Y-26
2023-09-14,693.0,BASE_Y-25
2023-09-14,585.0,BASE_Y-27
2023-09-14,600.0,BASE_Y-26
2023-09-15,585.0,BASE_Y-27
2023-09-15,686.0,BASE_Y-25
2023-09-15,595.0,BASE_Y-26
2023-09-18,612.5,BASE_Y-26
2023-09-18,685.5,BASE_Y-25
2023-09-18,585.0,BASE_Y-27
2023-09-19,680.0,BASE_Y-25
2023-09-19,585.0,BASE_Y-27
2023-09-19,600.0,BASE_Y-26
2023-09-20,555.75,BASE_Y-27
2023-09-20,670.0,BASE_Y-25
2023-09-20,605.0,BASE_Y-26
2023-09-21,600.0,BASE_Y-26
2023-09-21,537.5,BASE_Y-27
2023-09-21,672.5,BASE_Y-25
2023-09-22,610.0,BASE_Y-26
2023-09-22,560.0,BASE_Y-27
2023-09-22,680.0,BASE_Y-25
2023-09-25,610.0,BASE_Y-26
2023-09-25,684.33,BASE_Y-25
2023-09-25,540.0,BASE_Y-27
2023-09-26,530.0,BASE_Y-27
2023-09-26,680.0,BASE_Y-25
2023-09-26,606.5,BASE_Y-26
2023-09-27,556.5,BASE_Y-27
2023-09-27,680.0,BASE_Y-25
2023-09-27,600.0,BASE_Y-26
2023-09-28,556.5,BASE_Y-27
2023-09-28,681.0,BASE_Y-25
2023-09-28,600.0,BASE_Y-26
2023-09-29,680.49,BASE_Y-25
2023-09-29,605.0,BASE_Y-26
2023-09-29,584.33,BASE_Y-27
2023-10-02,680.0,BASE_Y-25
2023-10-02,605.0,BASE_Y-26
2023-10-02,605.0,BASE_Y-27
2023-10-03,644.6,BASE_Y-25
2023-10-03,585.0,BASE_Y-27
2023-10-03,617.5,BASE_Y-26
2023-10-04,600.0,BASE_Y-26
2023-10-04,637.71,BASE_Y-25
2023-10-04,570.0,BASE_Y-27
2023-10-05,638.33,BASE_Y-25
2023-10-05,555.0,BASE_Y-27
2023-10-05,598.0,BASE_Y-26
2023-10-06,595.0,BASE_Y-26
2023-10-06,642.5,BASE_Y-25
2023-10-06,549.5,BASE_Y-27
2023-10-09,644.0,BASE_Y-25
2023-10-09,576.98,BASE_Y-27
2023-10-09,603.5,BASE_Y-26
2023-10-10,646.0,BASE_Y-25
2023-10-10,605.83,BASE_Y-27
2023-10-10,604.25,BASE_Y-26
2023-10-11,597.5,BASE_Y-27
2023-10-11,600.0,BASE_Y-26
2023-10-11,647.0,BASE_Y-25
2023-10-12,610.0,BASE_Y-26
2023-10-12,673.5,BASE_Y-25
2023-10-12,597.5,BASE_Y-27
2023-10-13,600.0,BASE_Y-26
2023-10-13,669.8,BASE_Y-25
2023-10-13,570.5,BASE_Y-27
2023-10-16,664.33,BASE_Y-25
2023-10-16,577.5,BASE_Y-27
2023-10-16,570.0,BASE_Y-26
2023-10-17,581.0,BASE_Y-26
2023-10-17,562.5,BASE_Y-27
2023-10-17,640.39,BASE_Y-25
2023-10-18,644.4,BASE_Y-25
2023-10-18,562.5,BASE_Y-27
2023-10-18,579.5,BASE_Y-26
2023-10-19,638.0,BASE_Y-25
2023-10-19,582.5,BASE_Y-26
2023-10-19,562.5,BASE_Y-27
2023-10-20,643.0,BASE_Y-25
2023-10-20,585.0,BASE_Y-26
2023-10-20,562.5,BASE_Y-27
2023-10-23,640.0,BASE_Y-25
2023-10-23,562.5,BASE_Y-27
2023-10-23,579.5,BASE_Y-26
2023-10-24,580.0,BASE_Y-26
2023-10-24,562.5,BASE_Y-27
2023-10-24,642.0,BASE_Y-25
2023-10-25,562.5,BASE_Y-27
2023-10-25,640.83,BASE_Y-25
2023-10-25,580.0,BASE_Y-26
2023-10-26,578.0,BASE_Y-26
2023-10-26,639.17,BASE_Y-25
2023-10-26,575.0,BASE_Y-27
2023-10-27,579.5,BASE_Y-27
2023-10-27,635.01,BASE_Y-25
2023-10-27,575.0,BASE_Y-26
2023-10-30,579.5,BASE_Y-27
2023-10-30,630.0,BASE_Y-25
2023-10-30,575.0,BASE_Y-26
2023-10-31,573.0,BASE_M-01-24
2023-10-31,579.5,BASE_Y-27
2023-10-31,625.95,BASE_Y-25
2023-10-31,572.5,BASE_Y-26
2023-11-03,626.0,BASE_Y-25
2023-11-03,591.5,BASE_Y-26
2023-11-03,568.5,BASE_Y-27
2023-11-03,559.5,BASE_M-01-24
2023-11-06,519.0,BASE_M-03-24
2023-11-06,552.0,BASE_M-01-24
2023-11-06,583.4,BASE_M-02-24
2023-11-06,574.5,BASE_Y-27
2023-11-06,574.0,BASE_Y-26
2023-11-06,622.8,BASE_Y-25
2023-11-07,583.2,BASE_M-02-24
2023-11-07,520.33,BASE_M-03-24
2023-11-07,553.0,BASE_M-01-24
2023-11-07,575.0,BASE_Y-27
2023-11-07,574.99,BASE_Y-26
2023-11-07,621.6,BASE_Y-25
2023-11-08,582.5,BASE_M-02-24
2023-11-08,562.0,BASE_Y-26
2023-11-08,617.0,BASE_Y-25
2023-11-08,575.0,BASE_Y-27
2023-11-08,557.0,BASE_M-01-24
2023-11-08,517.0,BASE_M-03-24
2023-11-09,580.51,BASE_M-02-24
2023-11-09,580.0,BASE_Y-26
2023-11-09,575.0,BASE_Y-27
2023-11-09,513.5,BASE_M-03-24
2023-11-09,607.57,BASE_Y-25
2023-11-09,554.65,BASE_M-01-24
2023-11-10,582.0,BASE_M-02-24
2023-11-10,605.5,BASE_Y-25
2023-11-10,515.0,BASE_M-03-24
2023-11-10,575.0,BASE_Y-27
2023-11-10,554.5,BASE_M-01-24
2023-11-10,580.0,BASE_Y-26
2023-11-13,584.0,BASE_M-02-24
2023-11-13,572.5,BASE_Y-27
2023-11-13,517.0,BASE_M-03-24
2023-11-13,603.67,BASE_Y-25
2023-11-13,555.5,BASE_M-01-24
2023-11-13,570.0,BASE_Y-26
2023-11-14,570.0,BASE_Y-26
2023-11-14,609.0,BASE_Y-25
2023-11-14,571.5,BASE_Y-27
2023-11-14,520.45,BASE_M-03-24
2023-11-14,587.82,BASE_M-02-24
2023-11-14,558.8,BASE_M-01-24
2023-11-15,549.5,BASE_Y-27
2023-11-15,590.0,BASE_M-02-24
2023-11-15,569.0,BASE_M-01-24
2023-11-15,605.0,BASE_Y-25
2023-11-15,529.0,BASE_M-03-24
2023-11-15,565.0,BASE_Y-26
2023-11-16,572.0,BASE_Y-27
2023-11-16,556.6,BASE_M-01-24
2023-11-16,565.0,BASE_Y-26
2023-11-16,585.0,BASE_M-02-24
2023-11-16,607.83,BASE_Y-25
2023-11-16,520.0,BASE_M-03-24
2023-11-17,517.0,BASE_M-03-24
2023-11-17,572.0,BASE_Y-27
2023-11-17,549.75,BASE_M-01-24
2023-11-17,601.29,BASE_Y-25
2023-11-17,570.0,BASE_Y-26
2023-11-17,580.6,BASE_M-02-24
2023-11-20,580.0,BASE_Y-26
2023-11-20,558.5,BASE_Y-27
2023-11-20,546.38,BASE_M-01-24
2023-11-20,599.85,BASE_Y-25
2023-11-20,577.75,BASE_M-02-24
2023-11-20,509.5,BASE_M-03-24
2023-11-21,543.0,BASE_M-01-24
2023-11-21,575.0,BASE_Y-26
2023-11-21,599.84,BASE_Y-25
2023-11-21,586.43,BASE_Y-27
2023-11-21,487.0,BASE_M-03-24
2023-11-21,567.5,BASE_M-02-24
2023-11-22,567.0,BASE_M-02-24
2023-11-22,541.17,BASE_M-01-24
2023-11-22,587.5,BASE_Y-27
2023-11-22,598.0,BASE_Y-25
2023-11-22,509.0,BASE_M-03-24
2023-11-22,577.5,BASE_Y-26
2023-11-23,582.5,BASE_Y-27
2023-11-23,585.0,BASE_Y-26
2023-11-23,565.0,BASE_M-02-24
2023-11-23,595.6,BASE_Y-25
2023-11-23,540.44,BASE_M-01-24
2023-11-23,509.5,BASE_M-03-24
2023-11-24,580.0,BASE_Y-26
2023-11-24,573.0,BASE_M-02-24
2023-11-24,545.25,BASE_M-01-24
2023-11-24,597.8,BASE_Y-25
2023-11-24,585.0,BASE_Y-27
2023-11-24,517.0,BASE_M-03-24
2023-11-27,533.55,BASE_M-01-24
2023-11-27,504.4,BASE_M-04-24
2023-11-27,572.5,BASE_Y-26
2023-11-27,561.0,BASE_M-02-24
2023-11-27,589.71,BASE_Y-25
2023-11-27,489.0,BASE_M-03-24
2023-11-27,583.0,BASE_Y-27
2023-11-28,502.5,BASE_M-04-24
2023-11-28,523.89,BASE_M-01-24
2023-11-28,576.6,BASE_Y-25
2023-11-28,549.75,BASE_M-02-24
2023-11-28,487.75,BASE_M-03-24
2023-11-28,550.0,BASE_Y-26
2023-11-28,570.0,BASE_Y-27
2023-11-29,540.0,BASE_M-02-24
2023-11-29,570.0,BASE_Y-26
2023-11-29,560.0,BASE_Y-27
2023-11-29,490.5,BASE_M-04-24
2023-11-29,515.0,BASE_M-01-24
2023-11-29,489.5,BASE_M-03-24
2023-11-29,570.0,BASE_Y-25
2023-11-30,570.0,BASE_Y-26
2023-11-30,487.5,BASE_M-04-24
2023-11-30,562.5,BASE_Y-27
2023-11-30,460.0,BASE_M-03-24
2023-11-30,567.5,BASE_Y-25
2023-11-30,535.0,BASE_M-02-24
2023-11-30,510.75,BASE_M-01-24
2023-12-01,575.0,BASE_Y-25
2023-12-01,487.97,BASE_M-03-24
2023-12-01,522.0,BASE_M-01-24
2023-12-01,570.0,BASE_Y-26
2023-12-01,572.5,BASE_Y-27
2023-12-01,539.0,BASE_M-02-24
2023-12-01,487.5,BASE_M-04-24
2023-12-04,510.22,BASE_M-01-24
2023-12-04,568.0,BASE_Y-25
2023-12-04,525.5,BASE_M-02-24
2023-12-04,575.0,BASE_Y-26
2023-12-04,480.0,BASE_M-04-24
2023-12-04,481.0,BASE_M-03-24
2023-12-04,574.5,BASE_Y-27
2023-12-05,472.0,BASE_M-03-24
2023-12-05,478.75,BASE_M-04-24
2023-12-05,523.0,BASE_M-02-24
2023-12-05,560.0,BASE_Y-27
2023-12-05,554.0,BASE_Y-25
2023-12-05,499.0,BASE_M-01-24
2023-12-05,560.0,BASE_Y-26
2023-12-06,487.25,BASE_M-01-24
2023-12-06,460.0,BASE_M-03-24
2023-12-06,538.5,BASE_Y-25
2023-12-06,470.8,BASE_M-04-24
2023-12-06,557.0,BASE_Y-27
2023-12-06,560.0,BASE_Y-26
2023-12-06,514.5,BASE_M-02-24
2023-12-07,538.0,BASE_Y-25
2023-12-07,489.74,BASE_M-01-24
2023-12-07,564.5,BASE_Y-27
2023-12-07,429.0,BASE_M-04-24
2023-12-07,547.5,BASE_Y-26
2023-12-07,455.0,BASE_M-03-24
2023-12-07,514.43,BASE_M-02-24
2023-12-08,468.0,BASE_M-04-24
2023-12-08,560.0,BASE_Y-27
2023-12-08,545.0,BASE_Y-26
2023-12-08,539.0,BASE_Y-25
2023-12-08,440.0,BASE_M-03-24
2023-12-08,516.0,BASE_M-02-24
2023-12-08,488.6,BASE_M-01-24
2023-12-11,436.56,BASE_M-03-24
2023-12-11,475.3,BASE_M-01-24
2023-12-11,562.0,BASE_Y-27
2023-12-11,452.5,BASE_M-04-24
2023-12-11,499.6,BASE_M-02-24
2023-12-11,531.5,BASE_Y-25
2023-12-11,540.0,BASE_Y-26
2023-12-12,498.7,BASE_M-02-24
2023-12-12,472.72,BASE_M-01-24
2023-12-12,562.5,BASE_Y-26
2023-12-12,454.5,BASE_M-04-24
2023-12-12,525.14,BASE_Y-25
2023-12-12,550.0,BASE_Y-27
2023-12-12,439.89,BASE_M-03-24
2023-12-13,465.0,BASE_M-04-24
2023-12-13,562.0,BASE_Y-27
2023-12-13,525.08,BASE_Y-25
2023-12-13,511.5,BASE_M-02-24
2023-12-13,442.67,BASE_M-03-24
2023-12-13,475.5,BASE_M-01-24
2023-12-13,557.5,BASE_Y-26
2023-12-14,505.0,BASE_M-02-24
2023-12-14,523.0,BASE_Y-25
2023-12-14,566.5,BASE_Y-26
2023-12-14,474.6,BASE_M-01-24
2023-12-14,440.4,BASE_M-03-24
2023-12-14,452.5,BASE_M-04-24
2023-12-14,566.5,BASE_Y-27
2023-12-15,565.5,BASE_Y-27
2023-12-15,443.5,BASE_M-04-24
2023-12-15,433.4,BASE_M-03-24
2023-12-15,538.18,BASE_Y-26
2023-12-15,512.0,BASE_Y-25
2023-12-15,495.9,BASE_M-02-24
2023-12-15,466.5,BASE_M-01-24
2023-12-18,441.5,BASE_M-03-24
2023-12-18,517.53,BASE_Y-25
2023-12-18,562.5,BASE_Y-27
2023-12-18,540.0,BASE_Y-26
2023-12-18,470.95,BASE_M-01-24
2023-12-18,495.88,BASE_M-02-24
2023-12-18,447.0,BASE_M-04-24
2023-12-19,540.0,BASE_Y-26
2023-12-19,494.67,BASE_M-02-24
2023-12-19,517.0,BASE_Y-25
2023-12-19,468.8,BASE_M-01-24
2023-12-19,450.0,BASE_M-04-24
2023-12-19,442.67,BASE_M-03-24
2023-12-19,564.0,BASE_Y-27
2023-12-20,457.5,BASE_M-04-24
2023-12-20,535.0,BASE_Y-26
2023-12-20,497.45,BASE_M-02-24
2023-12-20,473.15,BASE_M-01-24
2023-12-20,537.5,BASE_Y-27
2023-12-20,521.5,BASE_Y-25
2023-12-20,445.0,BASE_M-03-24
2023-12-21,547.0,BASE_Y-26
2023-12-21,540.3,BASE_Y-25
2023-12-21,555.0,BASE_Y-27
2023-12-21,457.5,BASE_M-04-24
2023-12-21,497.4,BASE_M-01-24
2023-12-21,458.0,BASE_M-03-24
2023-12-21,511.33,BASE_M-02-24
2023-12-22,457.5,BASE_M-04-24
2023-12-22,521.0,BASE_M-02-24
2023-12-22,570.0,BASE_Y-26
2023-12-22,466.5,BASE_M-03-24
2023-12-22,545.0,BASE_Y-25
2023-12-22,498.8,BASE_M-01-24
2023-12-22,555.0,BASE_Y-27
2023-12-27,480.0,BASE_M-03-24
2023-12-27,457.5,BASE_M-04-24
2023-12-27,505.0,BASE_M-01-24
2023-12-27,556.5,BASE_Y-26
2023-12-27,569.5,BASE_Y-27
2023-12-27,524.5,BASE_M-02-24
2023-12-27,553.0,BASE_Y-25
2023-12-28,458.5,BASE_M-03-24
2023-12-28,550.0,BASE_Y-26
2023-12-28,549.0,BASE_Y-27
2023-12-28,514.95,BASE_M-02-24
2023-12-28,500.0,BASE_M-04-24
2023-12-28,491.1,BASE_M-01-24
2023-12-28,542.79,BASE_Y-25
2023-12-29,530.0,BASE_Y-25
2023-12-29,544.5,BASE_Y-27
2023-12-29,525.0,BASE_M-04-24
2023-12-29,453.1,BASE_M-03-24
2023-12-29,545.0,BASE_Y-26
2023-12-29,483.01,BASE_M-01-24
2023-12-29,499.31,BASE_M-02-24
2024-01-02,530.0,BASE_Y-25
2024-01-02,510.0,BASE_M-04-24
2024-01-02,445.0,BASE_M-03-24
2024-01-02,540.0,BASE_Y-27
2024-01-02,535.0,BASE_Y-26
2024-01-02,495.01,BASE_M-02-24
2024-01-03,437.0,BASE_M-03-24
2024-01-03,527.75,BASE_Y-25
2024-01-03,530.5,BASE_Y-27
2024-01-03,535.44,BASE_Y-26
2024-01-03,459.0,BASE_M-04-24
2024-01-03,482.22,BASE_M-02-24
2024-01-04,524.93,BASE_Y-25
2024-01-04,525.0,BASE_Y-27
2024-01-04,484.9,BASE_M-02-24
2024-01-04,526.5,BASE_Y-26
2024-01-04,452.0,BASE_M-04-24
2024-01-04,438.67,BASE_M-03-24
2024-01-05,522.99,BASE_Y-25
2024-01-05,439.0,BASE_M-03-24
2024-01-05,485.18,BASE_M-02-24
2024-01-05,440.5,BASE_M-04-24
2024-01-05,510.0,BASE_Y-27
2024-01-05,530.0,BASE_Y-26
2024-01-08,430.43,BASE_M-03-24
2024-01-08,447.0,BASE_M-04-24
2024-01-08,520.0,BASE_Y-26
2024-01-08,484.5,BASE_Y-27
2024-01-08,469.9,BASE_M-02-24
2024-01-08,512.0,BASE_Y-25
2024-01-09,484.5,BASE_Y-27
2024-01-09,494.0,BASE_Y-26
2024-01-09,502.18,BASE_Y-25
2024-01-09,457.2,BASE_M-06-24
2024-01-09,448.79,BASE_M-02-24
2024-01-09,446.6,BASE_M-05-24
2024-01-09,429.2,BASE_M-03-24
2024-01-09,438.2,BASE_M-04-24
2024-01-10,486.67,BASE_Y-26
2024-01-10,427.4,BASE_M-04-24
2024-01-10,431.21,BASE_M-05-24
2024-01-10,449.0,BASE_M-06-24
2024-01-10,494.2,BASE_Y-25
2024-01-10,436.75,BASE_M-02-24
2024-01-10,424.21,BASE_M-03-24
2024-01-10,505.0,BASE_Y-27
2024-01-11,426.4,BASE_M-04-24
2024-01-11,421.95,BASE_M-03-24
2024-01-11,504.5,BASE_Y-27
2024-01-11,437.5,BASE_M-06-24
2024-01-11,417.4,BASE_M-05-24
2024-01-11,493.4,BASE_Y-25
2024-01-11,435.1,BASE_M-02-24
2024-01-11,480.0,BASE_Y-26
2024-01-12,420.75,BASE_M-04-24
2024-01-12,489.75,BASE_Y-25
2024-01-12,431.55,BASE_M-02-24
2024-01-12,456.0,BASE_Y-26
2024-01-12,415.0,BASE_M-05-24
2024-01-12,420.92,BASE_M-03-24
2024-01-12,432.5,BASE_M-06-24
2024-01-12,496.75,BASE_Y-27
2024-01-15,408.5,BASE_M-03-24
2024-01-15,482.5,BASE_Y-25
2024-01-15,415.0,BASE_M-02-24
2024-01-15,469.9,BASE_Y-26
2024-01-15,404.6,BASE_M-04-24
2024-01-15,373.5,BASE_M-05-24
2024-01-15,395.0,BASE_M-06-24
2024-01-15,496.75,BASE_Y-27
2024-01-16,404.0,BASE_M-06-24
2024-01-16,456.0,BASE_Y-26
2024-01-16,400.33,BASE_M-03-24
2024-01-16,473.72,BASE_Y-25
2024-01-16,382.75,BASE_M-05-24
2024-01-16,408.06,BASE_M-02-24
2024-01-16,395.7,BASE_M-04-24
2024-01-16,480.0,BASE_Y-27
2024-01-17,393.55,BASE_M-03-24
2024-01-17,469.0,BASE_Y-25
2024-01-17,390.92,BASE_M-04-24
2024-01-17,456.0,BASE_Y-27
2024-01-17,457.5,BASE_Y-26
2024-01-17,375.45,BASE_M-05-24
2024-01-17,397.0,BASE_M-06-24
2024-01-17,407.2,BASE_M-02-24
2024-01-18,459.6,BASE_Y-25
2024-01-18,366.61,BASE_M-05-24
2024-01-18,380.7,BASE_M-04-24
2024-01-18,456.0,BASE_Y-27
2024-01-18,390.0,BASE_M-03-24
2024-01-18,449.83,BASE_Y-26
2024-01-18,402.54,BASE_M-02-24
2024-01-18,390.13,BASE_M-06-24
2024-01-19,387.9,BASE_M-03-24
2024-01-19,367.5,BASE_M-05-24
2024-01-19,427.34,BASE_Y-26
2024-01-19,387.5,BASE_M-06-24
2024-01-19,380.0,BASE_M-04-24
2024-01-19,456.0,BASE_Y-27
2024-01-19,401.4,BASE_M-02-24
2024-01-19,458.97,BASE_Y-25
2024-01-22,456.0,BASE_Y-27
2024-01-22,379.95,BASE_M-02-24
2024-01-22,447.4,BASE_Y-25
2024-01-22,441.5,BASE_Y-26
2024-01-22,360.0,BASE_M-04-24
2024-01-22,375.5,BASE_M-06-24
2024-01-22,330.75,BASE_M-05-24
2024-01-22,371.7,BASE_M-03-24
2024-01-23,371.27,BASE_M-04-24
2024-01-23,346.0,BASE_M-05-24
2024-01-23,372.33,BASE_M-03-24
2024-01-23,377.7,BASE_M-02-24
2024-01-23,450.2,BASE_Y-25
2024-01-23,380.25,BASE_M-06-24
2024-01-23,440.0,BASE_Y-26
2024-01-23,456.0,BASE_Y-27
2024-01-24,361.5,BASE_M-05-24
2024-01-24,465.6,BASE_Y-25
2024-01-24,450.0,BASE_Y-26
2024-01-24,388.0,BASE_M-06-24
2024-01-24,450.0,BASE_Y-27
2024-01-24,370.02,BASE_M-02-24
2024-01-24,371.2,BASE_M-03-24
2024-01-24,380.3,BASE_M-04-24
2024-01-25,359.5,BASE_M-05-24
2024-01-25,445.0,BASE_Y-26
2024-01-25,450.0,BASE_Y-27
2024-01-25,368.5,BASE_M-02-24
2024-01-25,461.4,BASE_Y-25
2024-01-25,375.4,BASE_M-04-24
2024-01-25,379.5,BASE_M-06-24
2024-01-25,365.66,BASE_M-03-24
2024-01-26,365.0,BASE_M-03-24
2024-01-26,450.0,BASE_Y-27
2024-01-26,359.65,BASE_M-02-24
2024-01-26,380.0,BASE_M-06-24
2024-01-26,369.4,BASE_M-04-24
2024-01-26,458.0,BASE_Y-25
2024-01-26,364.0,BASE_M-05-24
2024-01-26,448.5,BASE_Y-26
2024-01-29,355.5,BASE_M-05-24
2024-01-29,365.0,BASE_M-04-24
2024-01-29,450.0,BASE_Y-27
2024-01-29,377.0,BASE_M-06-24
2024-01-29,448.0,BASE_Y-26
2024-01-29,359.22,BASE_M-03-24
2024-01-29,355.27,BASE_M-02-24
2024-01-29,458.0,BASE_Y-25
2024-01-30,357.5,BASE_M-03-24
2024-01-30,377.0,BASE_M-06-24
2024-01-30,354.5,BASE_M-05-24
2024-01-30,438.5,BASE_Y-26
2024-01-30,453.93,BASE_Y-25
2024-01-30,358.3,BASE_M-04-24
2024-01-30,450.0,BASE_Y-27
2024-01-31,450.25,BASE_Y-26
2024-01-31,450.0,BASE_Y-27
2024-01-31,361.55,BASE_M-04-24
2024-01-31,465.05,BASE_Y-25
2024-01-31,362.25,BASE_M-03-24
2024-01-31,337.5,BASE_M-05-24
2024-01-31,345.0,BASE_M-06-24
2024-02-01,460.95,BASE_Y-25
2024-02-01,447.0,BASE_Y-26
2024-02-01,359.51,BASE_M-04-24
2024-02-01,450.0,BASE_Y-27
2024-02-01,359.4,BASE_M-03-24
2024-02-01,368.0,BASE_M-06-24
2024-02-01,331.81,BASE_M-05-24
2024-02-02,368.5,BASE_M-06-24
2024-02-02,465.3,BASE_Y-25
2024-02-02,360.0,BASE_M-04-24
2024-02-02,450.0,BASE_Y-27
2024-02-02,362.0,BASE_M-03-24
2024-02-02,450.5,BASE_Y-26
2024-02-02,327.0,BASE_M-05-24
2024-02-05,361.25,BASE_M-04-24
2024-02-05,325.0,BASE_M-05-24
2024-02-05,462.0,BASE_Y-25
2024-02-05,361.96,BASE_M-03-24
2024-02-05,450.0,BASE_Y-27
2024-02-05,368.0,BASE_M-06-24
2024-02-05,447.0,BASE_Y-26
2024-02-06,345.0,BASE_M-05-24
2024-02-06,437.5,BASE_Y-27
2024-02-06,446.33,BASE_Y-26
2024-02-06,461.93,BASE_Y-25
2024-02-06,361.0,BASE_M-04-24
2024-02-06,362.5,BASE_M-03-24
2024-02-06,367.5,BASE_M-06-24
2024-02-07,461.32,BASE_Y-25
2024-02-07,351.0,BASE_M-05-24
2024-02-07,362.0,BASE_M-03-24
2024-02-07,400.0,BASE_M-06-24
2024-02-07,363.63,BASE_M-04-24
2024-02-07,459.38,BASE_Y-27
2024-02-07,445.0,BASE_Y-26
2024-02-07,464.0,BASE_Q-1-25
2024-02-08,365.67,BASE_M-06-24
2024-02-08,477.5,BASE_Y-27
2024-02-08,437.0,BASE_Y-26
2024-02-08,454.1,BASE_Y-25
2024-02-08,358.58,BASE_M-04-24
2024-02-08,345.0,BASE_M-05-24
2024-02-08,361.0,BASE_M-03-24
2024-02-08,454.67,BASE_Q-1-25
2024-02-09,447.5,BASE_Q-1-25
2024-02-09,351.05,BASE_M-04-24
2024-02-09,342.0,BASE_M-05-24
2024-02-09,354.0,BASE_M-06-24
2024-02-09,445.7,BASE_Y-25
2024-02-09,350.01,BASE_M-03-24
2024-02-09,453.63,BASE_Y-27
2024-02-09,429.8,BASE_Y-26
2024-02-12,340.1,BASE_M-04-24
2024-02-12,331.33,BASE_M-05-24
2024-02-12,351.67,BASE_M-06-24
2024-02-12,439.95,BASE_Y-27
2024-02-12,432.0,BASE_Q-1-25
2024-02-12,333.2,BASE_M-03-24
2024-02-12,428.0,BASE_Y-26
2024-02-12,434.5,BASE_Y-25
2024-02-13,430.0,BASE_Y-26
2024-02-13,432.0,BASE_Q-1-25
2024-02-13,334.0,BASE_M-03-24
2024-02-13,454.5,BASE_Y-27
2024-02-13,339.7,BASE_M-04-24
2024-02-13,429.0,BASE_Y-25
2024-02-13,348.0,BASE_M-06-24
2024-02-13,335.0,BASE_M-05-24
2024-02-14,438.0,BASE_Q-1-25
2024-02-14,434.24,BASE_Y-25
2024-02-14,340.4,BASE_M-04-24
2024-02-14,345.0,BASE_M-06-24
2024-02-14,463.0,BASE_Y-27
2024-02-14,332.35,BASE_M-03-24
2024-02-14,427.5,BASE_Y-26
2024-02-14,335.0,BASE_M-05-24
2024-02-15,344.0,BASE_M-06-24
2024-02-15,443.0,BASE_Q-1-25
2024-02-15,439.85,BASE_Y-27
2024-02-15,336.25,BASE_M-05-24
2024-02-15,340.5,BASE_M-04-24
2024-02-15,430.0,BASE_Y-26
2024-02-15,440.25,BASE_Y-25
2024-02-15,330.75,BASE_M-03-24
2024-02-16,418.5,BASE_Y-27
2024-02-16,332.8,BASE_M-04-24
2024-02-16,341.25,BASE_M-06-24
2024-02-16,428.62,BASE_Y-25
2024-02-16,434.45,BASE_Q-1-25
2024-02-16,314.26,BASE_M-03-24
2024-02-16,329.0,BASE_M-05-24
2024-02-16,420.0,BASE_Y-26
2024-02-19,414.33,BASE_Y-26
2024-02-19,412.5,BASE_Y-27
2024-02-19,318.67,BASE_M-05-24
2024-02-19,418.0,BASE_Q-1-25
2024-02-19,294.55,BASE_M-03-24
2024-02-19,334.0,BASE_M-06-24
2024-02-19,325.45,BASE_M-04-24
2024-02-19,415.85,BASE_Y-25
2024-02-20,283.23,BASE_M-03-24
2024-02-20,312.5,BASE_M-06-24
2024-02-20,400.61,BASE_Y-25
2024-02-20,391.88,BASE_Y-27
2024-02-20,314.05,BASE_M-04-24
2024-02-20,393.61,BASE_Y-26
2024-02-20,305.1,BASE_M-05-24
2024-02-20,412.5,BASE_Q-1-25
2024-02-21,410.5,BASE_Q-1-25
2024-02-21,411.47,BASE_Y-27
2024-02-21,311.5,BASE_M-06-24
2024-02-21,304.0,BASE_M-05-24
2024-02-21,290.1,BASE_M-03-24
2024-02-21,315.06,BASE_M-04-24
2024-02-21,406.83,BASE_Y-26
2024-02-21,407.5,BASE_Y-25
2024-02-22,313.5,BASE_M-06-24
2024-02-22,290.3,BASE_M-03-24
2024-02-22,304.7,BASE_M-04-24
2024-02-22,403.5,BASE_Q-1-25
2024-02-22,405.0,BASE_Y-26
2024-02-22,410.0,BASE_Y-27
2024-02-22,409.85,BASE_Y-25
2024-02-22,297.5,BASE_M-05-24
2024-02-23,404.2,BASE_Y-25
2024-02-23,299.64,BASE_M-04-24
2024-02-23,399.0,BASE_Y-26
2024-02-23,294.4,BASE_M-03-24
2024-02-23,296.3,BASE_M-05-24
2024-02-23,430.5,BASE_Y-27
2024-02-23,304.8,BASE_M-06-24
2024-02-23,400.0,BASE_Q-1-25
2024-02-26,411.24,BASE_Y-27
2024-02-26,321.75,BASE_M-05-24
2024-02-26,329.9,BASE_M-06-24
2024-02-26,408.5,BASE_Y-26
2024-02-26,413.7,BASE_Y-25
2024-02-26,413.0,BASE_Q-1-25
2024-02-26,307.0,BASE_M-04-24
2024-02-26,306.31,BASE_M-03-24
2024-02-27,302.3,BASE_M-05-24
2024-02-27,405.0,BASE_Y-26
2024-02-27,302.6,BASE_M-03-24
2024-02-27,327.0,BASE_M-06-24
2024-02-27,408.0,BASE_Q-1-25
2024-02-27,409.05,BASE_Y-25
2024-02-27,409.0,BASE_Y-27
2024-02-27,310.1,BASE_M-04-24
2024-02-28,329.5,BASE_M-05-24
2024-02-28,344.8,BASE_M-06-24
2024-02-28,427.0,BASE_Q-1-25
2024-02-28,412.5,BASE_Y-27
2024-02-28,327.58,BASE_M-04-24
2024-02-28,414.5,BASE_Y-26
2024-02-28,428.41,BASE_Y-25
2024-02-29,324.11,BASE_M-05-24
2024-02-29,414.6,BASE_Y-26
2024-02-29,415.5,BASE_Y-27
2024-02-29,426.89,BASE_Y-25
2024-02-29,338.0,BASE_M-06-24
2024-02-29,325.34,BASE_M-04-24
2024-02-29,425.0,BASE_Q-1-25
2024-03-01,340.0,BASE_M-06-24
2024-03-01,430.05,BASE_Y-25
2024-03-01,425.0,BASE_Y-26
2024-03-01,428.0,BASE_Q-1-25
2024-03-01,323.0,BASE_M-04-24
2024-03-01,415.0,BASE_Y-27
2024-03-01,329.0,BASE_M-05-24
2024-03-04,422.7,BASE_Y-25
2024-03-04,302.41,BASE_M-04-24
2024-03-04,421.0,BASE_Y-26
2024-03-04,316.17,BASE_M-05-24
2024-03-04,422.5,BASE_Q-1-25
2024-03-04,411.0,BASE_Y-27
2024-03-04,327.5,BASE_M-06-24
2024-03-05,330.25,BASE_M-05-24
2024-03-05,448.2,BASE_Y-25
2024-03-05,321.5,BASE_M-04-24
2024-03-05,349.88,BASE_M-06-24
2024-03-05,447.3,BASE_Q-1-25
2024-03-05,402.5,BASE_Y-27
2024-03-05,442.05,BASE_Y-26
2024-03-06,448.4,BASE_Y-26
2024-03-06,360.43,BASE_M-06-24
2024-03-06,335.0,BASE_M-04-24
2024-03-06,422.63,BASE_Y-27
2024-03-06,456.2,BASE_Y-25
2024-03-06,458.0,BASE_Q-1-25
2024-03-06,347.44,BASE_M-05-24
2024-03-07,356.8,BASE_M-06-24
2024-03-07,328.0,BASE_M-04-24
2024-03-07,440.63,BASE_Y-26
2024-03-07,432.13,BASE_Y-27
2024-03-07,449.0,BASE_Q-1-25
2024-03-07,446.0,BASE_Y-25
2024-03-07,341.47,BASE_M-05-24
2024-03-08,334.8,BASE_M-05-24
2024-03-08,438.0,BASE_Y-26
2024-03-08,354.8,BASE_M-06-24
2024-03-08,432.33,BASE_Y-27
2024-03-08,440.61,BASE_Y-25
2024-03-08,322.5,BASE_M-04-24
2024-03-08,448.0,BASE_Q-1-25
2024-03-11,435.33,BASE_Y-25
2024-03-11,427.33,BASE_Y-27
2024-03-11,307.44,BASE_M-04-24
2024-03-11,323.26,BASE_M-05-24
2024-03-11,433.0,BASE_Y-26
2024-03-11,439.0,BASE_Q-1-25
2024-03-11,340.01,BASE_M-06-24
2024-03-12,319.1,BASE_M-05-24
2024-03-12,341.05,BASE_M-06-24
2024-03-12,429.55,BASE_Y-25
2024-03-12,301.77,BASE_M-04-24
2024-03-12,435.0,BASE_Q-1-25
2024-03-12,425.0,BASE_Y-27
2024-03-12,430.0,BASE_Y-26
2024-03-13,344.8,BASE_M-06-24
2024-03-13,430.0,BASE_Y-25
2024-03-13,427.0,BASE_Y-27
2024-03-13,302.04,BASE_M-04-24
2024-03-13,319.0,BASE_M-05-24
2024-03-13,434.0,BASE_Q-1-25
2024-03-13,436.0,BASE_Y-26
2024-03-14,314.51,BASE_M-05-24
2024-03-14,430.0,BASE_Q-1-25
2024-03-14,292.18,BASE_M-04-24
2024-03-14,425.0,BASE_Y-27
2024-03-14,340.6,BASE_M-06-24
2024-03-14,428.0,BASE_Y-25
2024-03-14,434.75,BASE_Y-26
2024-03-15,361.25,BASE_M-06-24
2024-03-15,440.33,BASE_Y-25
2024-03-15,441.5,BASE_Q-1-25
2024-03-15,445.0,BASE_Y-26
2024-03-15,328.61,BASE_M-05-24
2024-03-15,307.2,BASE_M-04-24
2024-03-15,432.55,BASE_Y-27
2024-03-18,460.0,BASE_Y-26
2024-03-18,455.0,BASE_Q-1-25
2024-03-18,425.0,BASE_Y-28
2024-03-18,335.2,BASE_M-05-24
2024-03-18,453.7,BASE_Y-25
2024-03-18,319.3,BASE_M-04-24
2024-03-18,440.0,BASE_Y-27
2024-03-18,374.25,BASE_M-06-24
2024-03-19,450.0,BASE_Q-1-25
2024-03-19,442.5,BASE_Y-27
2024-03-19,304.65,BASE_M-04-24
2024-03-19,448.8,BASE_Y-25
2024-03-19,329.74,BASE_M-05-24
2024-03-19,425.0,BASE_Y-28
2024-03-19,454.75,BASE_Y-26
2024-03-19,367.12,BASE_M-06-24
2024-03-20,425.0,BASE_Y-28
2024-03-20,359.15,BASE_M-06-24
2024-03-20,448.94,BASE_Y-25
2024-03-20,442.25,BASE_Y-27
2024-03-20,452.25,BASE_Q-1-25
2024-03-20,299.55,BASE_M-04-24
2024-03-20,319.01,BASE_M-05-24
2024-03-20,453.5,BASE_Y-26
2024-03-21,455.5,BASE_Q-1-25
2024-03-21,439.5,BASE_Y-27
2024-03-21,299.4,BASE_M-04-24
2024-03-21,453.0,BASE_Y-26
2024-03-21,449.16,BASE_Y-25
2024-03-21,425.0,BASE_Y-28
2024-03-21,357.49,BASE_M-06-24
2024-03-21,322.95,BASE_M-05-24
2024-03-22,368.4,BASE_M-06-24
2024-03-22,440.17,BASE_Y-27
2024-03-22,462.0,BASE_Q-1-25
2024-03-22,303.61,BASE_M-04-24
2024-03-22,329.4,BASE_M-05-24
2024-03-22,425.0,BASE_Y-28
2024-03-22,459.25,BASE_Y-25
2024-03-22,458.5,BASE_Y-26
2024-03-25,473.41,BASE_Y-25
2024-03-25,478.6,BASE_Y-26
2024-03-25,425.0,BASE_Y-28
2024-03-25,453.5,BASE_Y-27
2024-03-25,474.0,BASE_Q-1-25
2024-03-25,338.21,BASE_M-05-24
2024-03-25,316.2,BASE_M-04-24
2024-03-25,375.31,BASE_M-06-24
2024-03-26,425.0,BASE_Y-28
2024-03-26,311.9,BASE_M-04-24
2024-03-26,333.14,BASE_M-05-24
2024-03-26,475.03,BASE_Y-26
2024-03-26,474.0,BASE_Q-1-25
2024-03-26,444.5,BASE_Y-27
2024-03-26,372.21,BASE_M-06-24
2024-03-26,466.15,BASE_Y-25
2024-03-27,314.45,BASE_M-04-24
2024-03-27,422.5,BASE_Y-28
2024-03-27,445.0,BASE_Y-27
2024-03-27,359.28,BASE_M-06-24
2024-03-27,470.0,BASE_Y-26
2024-03-27,459.15,BASE_Y-25
2024-03-27,463.75,BASE_Q-1-25
2024-03-27,325.3,BASE_M-05-24
2024-03-28,310.0,BASE_M-04-24
2024-03-28,324.28,BASE_M-05-24
2024-03-28,459.0,BASE_Y-25
2024-03-28,362.5,BASE_M-06-24
2024-03-28,422.5,BASE_Y-28
2024-03-28,468.0,BASE_Y-26
2024-03-28,467.25,BASE_Y-27
2024-03-28,454.5,BASE_Q-1-25
2024-03-29,335.0,BASE_M-05-24
2024-03-29,490.61,BASE_Y-27
2024-03-29,314.29,BASE_M-04-24
2024-03-29,459.5,BASE_Y-25
2024-03-29,369.5,BASE_M-06-24
2024-03-29,467.75,BASE_Y-26
2024-03-29,434.5,BASE_Q-1-25
2024-03-29,422.5,BASE_Y-28
2024-04-02,360.65,BASE_M-06-24
2024-04-02,449.8,BASE_Y-25
2024-04-02,458.0,BASE_Y-26
2024-04-02,422.5,BASE_Y-28
2024-04-02,453.0,BASE_Q-1-25
2024-04-02,324.95,BASE_M-05-24
2024-04-02,466.08,BASE_Y-27
2024-04-03,361.72,BASE_M-06-24
2024-04-03,422.5,BASE_Y-28
2024-04-03,450.25,BASE_Q-1-25
2024-04-03,452.5,BASE_Y-26
2024-04-03,333.38,BASE_M-05-24
2024-04-03,449.1,BASE_Y-25
2024-04-03,442.78,BASE_Y-27
2024-04-04,445.33,BASE_Q-1-25
2024-04-04,331.3,BASE_M-05-24
2024-04-04,360.6,BASE_M-06-24
2024-04-04,443.55,BASE_Y-25
2024-04-04,442.0,BASE_Y-26
2024-04-04,422.5,BASE_Y-28
2024-04-04,440.0,BASE_Y-27
2024-04-05,444.5,BASE_Y-25
2024-04-05,442.5,BASE_Y-26
2024-04-05,422.5,BASE_Y-28
2024-04-05,332.5,BASE_M-05-24
2024-04-05,435.05,BASE_Y-27
2024-04-05,451.0,BASE_Q-1-25
2024-04-05,365.0,BASE_M-06-24
2024-04-08,453.0,BASE_Q-1-25
2024-04-08,422.5,BASE_Y-28
2024-04-08,376.7,BASE_M-06-24
2024-04-08,456.0,BASE_Y-26
2024-04-08,442.53,BASE_Y-27
2024-04-08,345.0,BASE_M-05-24
2024-04-08,456.6,BASE_Y-25
2024-04-09,354.25,BASE_M-05-24
2024-04-09,384.9,BASE_M-06-24
2024-04-09,464.0,BASE_Y-26
2024-04-09,463.53,BASE_Y-25
2024-04-09,452.0,BASE_Y-27
2024-04-09,422.5,BASE_Y-28
2024-04-09,460.0,BASE_Q-1-25
2024-04-10,455.25,BASE_Y-26
2024-04-10,370.55,BASE_M-06-24
2024-04-10,442.0,BASE_Y-27
2024-04-10,453.35,BASE_Y-25
2024-04-10,449.5,BASE_Q-1-25
2024-04-10,335.72,BASE_M-05-24
2024-04-10,422.5,BASE_Y-28
2024-04-11,463.0,BASE_Y-26
2024-04-11,454.5,BASE_Q-1-25
2024-04-11,331.05,BASE_M-05-24
2024-04-11,450.0,BASE_Y-27
2024-04-11,456.36,BASE_Y-25
2024-04-11,374.94,BASE_M-06-24
2024-04-11,422.5,BASE_Y-28
2024-04-12,479.6,BASE_Y-25
2024-04-12,401.71,BASE_M-06-24
2024-04-12,486.15,BASE_Y-26
2024-04-12,351.8,BASE_M-05-24
2024-04-12,417.5,BASE_Y-28
2024-04-12,477.23,BASE_Q-1-25
2024-04-12,457.5,BASE_Y-27
2024-04-15,480.38,BASE_Y-27
2024-04-15,370.6,BASE_M-05-24
2024-04-15,415.0,BASE_M-06-24
2024-04-15,425.5,BASE_Y-28
2024-04-15,494.0,BASE_Y-26
2024-04-15,487.25,BASE_Y-25
2024-04-15,477.0,BASE_Q-1-25
2024-04-16,496.0,BASE_Y-26
2024-04-16,429.9,BASE_M-06-24
2024-04-16,467.5,BASE_Y-27
2024-04-16,498.44,BASE_Y-25
2024-04-16,388.42,BASE_M-05-24
2024-04-16,446.78,BASE_Y-28
2024-04-16,499.0,BASE_Q-1-25
2024-04-17,465.0,BASE_Y-28
2024-04-17,467.5,BASE_Y-27
2024-04-17,492.0,BASE_Y-26
2024-04-17,493.31,BASE_Y-25
2024-04-17,492.25,BASE_Q-1-25
2024-04-17,416.5,BASE_M-06-24
2024-04-17,375.6,BASE_M-05-24
2024-04-18,465.0,BASE_Y-28
2024-04-18,452.5,BASE_Y-27
2024-04-18,376.88,BASE_M-05-24
2024-04-18,490.0,BASE_Y-26
2024-04-18,487.14,BASE_Y-25
2024-04-18,491.5,BASE_Q-1-25
2024-04-18,415.08,BASE_M-06-24
2024-04-19,378.71,BASE_M-05-24
2024-04-19,415.79,BASE_M-06-24
2024-04-19,465.0,BASE_Y-27
2024-04-19,488.75,BASE_Q-1-25
2024-04-19,488.2,BASE_Y-26
2024-04-19,485.63,BASE_Y-25
2024-04-19,471.5,BASE_Y-28
2024-04-22,396.4,BASE_M-06-24
2024-04-22,455.0,BASE_Y-27
2024-04-22,478.33,BASE_Y-26
2024-04-22,470.7,BASE_Y-25
2024-04-22,471.5,BASE_Y-28
2024-04-22,364.45,BASE_M-05-24
2024-04-22,475.0,BASE_Q-1-25
2024-04-23,468.5,BASE_Y-26
2024-04-23,471.5,BASE_Y-28
2024-04-23,362.55,BASE_M-05-24
2024-04-23,392.09,BASE_M-06-24
2024-04-23,464.71,BASE_Y-25
2024-04-23,470.0,BASE_Q-1-25
2024-04-23,458.0,BASE_Y-27
2024-04-24,358.4,BASE_M-05-24
2024-04-24,460.0,BASE_Q-1-25
2024-04-24,471.5,BASE_Y-28
2024-04-24,457.76,BASE_Y-25
2024-04-24,459.92,BASE_Y-26
2024-04-24,381.8,BASE_M-06-24
2024-04-24,458.0,BASE_Y-27
2024-04-25,454.0,BASE_Y-27
2024-04-25,469.0,BASE_Q-1-25
2024-04-25,362.35,BASE_M-05-24
2024-04-25,471.5,BASE_Y-28
2024-04-25,462.0,BASE_Y-26
2024-04-25,464.0,BASE_Y-25
2024-04-25,384.95,BASE_M-06-24
2024-04-26,454.0,BASE_Y-27
2024-04-26,465.0,BASE_Q-1-25
2024-04-26,463.8,BASE_Y-25
2024-04-26,471.5,BASE_Y-28
2024-04-26,362.01,BASE_M-05-24
2024-04-26,464.33,BASE_Y-26
2024-04-26,384.32,BASE_M-06-24
2024-04-29,464.83,BASE_Y-26
2024-04-29,460.0,BASE_Q-1-25
2024-04-29,471.5,BASE_Y-28
2024-04-29,462.86,BASE_Y-25
2024-04-29,454.0,BASE_Y-27
2024-04-29,378.05,BASE_M-06-24
2024-04-30,454.0,BASE_Y-27
2024-04-30,410.0,BASE_M-09-24
2024-04-30,390.0,BASE_M-06-24
2024-04-30,382.0,BASE_M-08-24
2024-04-30,466.0,BASE_Q-1-25
2024-04-30,465.22,BASE_Y-25
2024-04-30,471.5,BASE_Y-28
2024-04-30,382.0,BASE_M-08-24
2024-04-30,469.4,BASE_Y-26
2024-04-30,378.63,BASE_M-07-24
2024-05-02,394.5,BASE_M-08-24
2024-05-02,476.66,BASE_Y-25
2024-05-02,400.09,BASE_M-06-24
2024-05-02,480.0,BASE_Y-26
2024-05-02,391.5,BASE_M-07-24
2024-05-02,394.5,BASE_M-08-24
2024-05-02,424.0,BASE_M-09-24
2024-05-02,454.0,BASE_Y-27
2024-05-02,466.0,BASE_Q-1-25
2024-05-02,471.5,BASE_Y-28
2024-05-06,424.0,BASE_M-09-24
2024-05-06,454.0,BASE_Y-27
2024-05-06,485.5,BASE_Q-1-25
2024-05-06,412.5,BASE_M-07-24
2024-05-06,482.0,BASE_Y-26
2024-05-06,394.5,BASE_M-08-24
2024-05-06,408.95,BASE_M-06-24
2024-05-06,481.0,BASE_Y-25
2024-05-06,394.5,BASE_M-08-24
2024-05-06,471.5,BASE_Y-28
2024-05-07,475.5,BASE_Y-25
2024-05-07,425.5,BASE_M-09-24
2024-05-07,402.5,BASE_M-08-24
2024-05-07,393.0,BASE_M-07-24
2024-05-07,402.5,BASE_M-08-24
2024-05-07,471.5,BASE_Y-28
2024-05-07,474.0,BASE_Q-1-25
2024-05-07,476.7,BASE_Y-27
2024-05-07,479.0,BASE_Y-26
2024-05-07,400.75,BASE_M-06-24
2024-05-08,382.0,BASE_M-07-24
2024-05-08,420.0,BASE_M-08-24
2024-05-08,473.5,BASE_Q-1-25
2024-05-08,474.5,BASE_Y-26
2024-05-08,420.0,BASE_M-08-24
2024-05-08,437.5,BASE_M-09-24
2024-05-08,471.5,BASE_Y-28
2024-05-08,476.7,BASE_Y-27
2024-05-08,475.55,BASE_Y-25
2024-05-08,394.01,BASE_M-06-24
2024-05-09,417.5,BASE_M-08-24
2024-05-09,417.5,BASE_M-08-24
2024-05-09,483.0,BASE_Q-1-25
2024-05-09,408.5,BASE_M-06-24
2024-05-09,478.93,BASE_Y-25
2024-05-09,476.7,BASE_Y-27
2024-05-09,432.5,BASE_M-09-24
2024-05-09,375.5,BASE_M-07-24
2024-05-09,471.5,BASE_Y-28
2024-05-09,479.5,BASE_Y-26
2024-05-10,419.75,BASE_M-08-24
2024-05-10,432.0,BASE_M-09-24
2024-05-10,419.75,BASE_M-08-24
2024-05-10,471.5,BASE_Y-28
2024-05-10,406.3,BASE_M-06-24
2024-05-10,473.0,BASE_Q-1-25
2024-05-10,477.67,BASE_Y-26
2024-05-10,380.83,BASE_M-07-24
2024-05-10,476.7,BASE_Y-27
2024-05-10,475.25,BASE_Y-25
2024-05-13,475.5,BASE_Q-1-25
2024-05-13,380.0,BASE_M-07-24
2024-05-13,474.03,BASE_Y-25
2024-05-13,471.5,BASE_Y-28
2024-05-13,470.0,BASE_Y-27
2024-05-13,460.0,BASE_M-09-24
2024-05-13,398.0,BASE_M-06-24
2024-05-13,398.0,BASE_M-08-24
2024-05-13,398.0,BASE_M-08-24
2024-05-13,475.09,BASE_Y-26
2024-05-14,493.5,BASE_Y-27
2024-05-14,412.5,BASE_M-08-24
2024-05-14,390.55,BASE_M-06-24
2024-05-14,475.33,BASE_Y-25
2024-05-14,412.5,BASE_M-08-24
2024-05-14,383.5,BASE_M-07-24
2024-05-14,499.28,BASE_Q-1-25
2024-05-14,477.5,BASE_Y-26
2024-05-14,471.5,BASE_M-09-24
2024-05-14,471.5,BASE_Y-28
2024-05-15,407.5,BASE_M-08-24
2024-05-15,468.83,BASE_Y-27
2024-05-15,383.0,BASE_M-07-24
2024-05-15,447.75,BASE_M-09-24
2024-05-15,475.0,BASE_Y-25
2024-05-15,477.5,BASE_Y-26
2024-05-15,482.5,BASE_Y-28
2024-05-15,388.06,BASE_M-06-24
2024-05-15,489.5,BASE_Q-1-25
2024-05-15,407.5,BASE_M-08-24
2024-05-16,400.0,BASE_M-08-24
2024-05-16,475.0,BASE_Y-25
2024-05-16,468.83,BASE_Y-27
2024-05-16,484.5,BASE_Q-1-25
2024-05-16,473.03,BASE_Y-26
2024-05-16,482.5,BASE_Y-28
2024-05-16,390.0,BASE_M-07-24
2024-05-16,440.0,BASE_M-09-24
2024-05-16,396.7,BASE_M-06-24
2024-05-16,400.0,BASE_M-08-24
2024-05-17,392.5,BASE_M-06-24
2024-05-17,484.0,BASE_Q-1-25
2024-05-17,475.98,BASE_Y-26
2024-05-17,386.25,BASE_M-07-24
2024-05-17,388.0,BASE_M-08-24
2024-05-17,482.5,BASE_Y-28
2024-05-17,475.31,BASE_Y-25
2024-05-17,388.0,BASE_M-08-24
2024-05-17,466.5,BASE_M-09-24
2024-05-17,468.83,BASE_Y-27
2024-05-20,385.0,BASE_M-08-24
2024-05-20,482.5,BASE_Y-28
2024-05-20,416.0,BASE_M-07-24
2024-05-20,385.0,BASE_M-08-24
2024-05-20,479.5,BASE_Y-25
2024-05-20,469.0,BASE_M-09-24
2024-05-20,468.83,BASE_Y-27
2024-05-20,408.0,BASE_M-06-24
2024-05-20,482.5,BASE_Q-1-25
2024-05-20,478.0,BASE_Y-26
2024-05-21,492.27,BASE_Y-27
2024-05-21,413.17,BASE_M-07-24
2024-05-21,413.5,BASE_M-06-24
2024-05-21,472.5,BASE_Q-1-25
2024-05-21,407.5,BASE_M-08-24
2024-05-21,407.5,BASE_M-08-24
2024-05-21,482.5,BASE_Y-28
2024-05-21,478.0,BASE_Y-26
2024-05-21,499.5,BASE_M-09-24
2024-05-21,477.62,BASE_Y-25
2024-05-22,420.17,BASE_M-06-24
2024-05-22,512.5,BASE_M-09-24
2024-05-22,492.27,BASE_Y-27
2024-05-22,485.0,BASE_Q-1-25
2024-05-22,482.5,BASE_Y-28
2024-05-22,480.0,BASE_Y-25
2024-05-22,429.5,BASE_M-08-24
2024-05-22,481.0,BASE_Y-26
2024-05-22,429.5,BASE_M-08-24
2024-05-22,424.0,BASE_M-07-24
2024-05-23,485.0,BASE_Y-26
2024-05-23,458.38,BASE_Y-28
2024-05-23,394.5,BASE_M-08-24
2024-05-23,478.85,BASE_M-09-24
2024-05-23,394.5,BASE_M-08-24
2024-05-23,481.0,BASE_Q-1-25
2024-05-23,422.1,BASE_M-06-24
2024-05-23,492.0,BASE_Y-27
2024-05-23,427.0,BASE_M-07-24
2024-05-23,485.2,BASE_Y-25
2024-05-24,485.0,BASE_Y-27
2024-05-24,458.38,BASE_Y-28
2024-05-24,484.0,BASE_Q-1-25
2024-05-24,480.08,BASE_Y-25
2024-05-24,421.33,BASE_M-07-24
2024-05-24,418.33,BASE_M-06-24
2024-05-24,413.33,BASE_M-08-24
2024-05-24,413.33,BASE_M-08-24
2024-05-24,485.2,BASE_Y-26
2024-05-24,460.0,BASE_M-09-24
2024-05-27,509.25,BASE_Y-27
2024-05-27,486.5,BASE_Q-1-25
2024-05-27,458.38,BASE_Y-28
2024-05-27,412.0,BASE_M-08-24
2024-05-27,412.0,BASE_M-08-24
2024-05-27,423.5,BASE_M-07-24
2024-05-27,487.0,BASE_Y-26
2024-05-27,453.5,BASE_M-09-24
2024-05-27,423.1,BASE_M-06-24
2024-05-27,484.33,BASE_Y-25
2024-05-28,488.0,BASE_Q-1-25
2024-05-28,416.44,BASE_M-06-24
2024-05-28,509.25,BASE_Y-27
2024-05-28,420.17,BASE_M-07-24
2024-05-28,410.25,BASE_M-08-24
2024-05-28,458.38,BASE_Y-28
2024-05-28,445.0,BASE_M-09-24
2024-05-28,483.0,BASE_Y-26
2024-05-28,410.25,BASE_M-08-24
2024-05-28,481.26,BASE_Y-25
2024-05-29,478.65,BASE_Y-25
2024-05-29,411.28,BASE_M-08-24
2024-05-29,483.01,BASE_Y-26
2024-05-29,485.0,BASE_Y-27
2024-05-29,414.85,BASE_M-06-24
2024-05-29,458.38,BASE_Y-28
2024-05-29,417.0,BASE_M-07-24
2024-05-29,484.5,BASE_Q-1-25
2024-05-29,411.28,BASE_M-08-24
2024-05-29,423.59,BASE_M-09-24
2024-05-31,491.5,BASE_Y-26
2024-05-31,431.5,BASE_M-09-24
2024-05-31,485.75,BASE_Y-25
2024-05-31,423.7,BASE_M-07-24
2024-05-31,509.25,BASE_Y-27
2024-05-31,455.0,BASE_Y-28
2024-05-31,409.0,BASE_M-08-24
2024-05-31,409.0,BASE_M-08-24
2024-05-31,490.0,BASE_Q-1-25
2024-06-03,494.5,BASE_Q-1-25
2024-06-03,437.55,BASE_M-07-24
2024-06-03,486.86,BASE_Y-25
2024-06-03,455.0,BASE_Y-28
2024-06-03,425.0,BASE_M-08-24
2024-06-03,449.14,BASE_M-09-24
2024-06-03,425.0,BASE_M-08-24
2024-06-03,490.01,BASE_Y-26
2024-06-03,533.0,BASE_Y-27
2024-06-04,412.33,BASE_M-08-24
2024-06-04,483.0,BASE_Q-1-25
2024-06-04,412.33,BASE_M-08-24
2024-06-04,485.0,BASE_Y-26
2024-06-04,455.0,BASE_Y-28
2024-06-04,429.47,BASE_M-07-24
2024-06-04,482.3,BASE_Y-25
2024-06-04,506.35,BASE_Y-27
2024-06-04,438.0,BASE_M-09-24
2024-06-05,438.1,BASE_M-09-24
2024-06-05,477.5,BASE_Q-1-25
2024-06-05,477.0,BASE_Y-25
2024-06-05,425.5,BASE_M-07-24
2024-06-05,410.5,BASE_M-08-24
2024-06-05,481.75,BASE_Y-26
2024-06-05,410.5,BASE_M-08-24
2024-06-05,423.5,BASE_M-10-24
2024-06-05,459.25,BASE_Y-28
2024-06-05,488.5,BASE_Y-27
2024-06-06,425.84,BASE_M-07-24
2024-06-06,477.0,BASE_Q-1-25
2024-06-06,473.28,BASE_Y-25
2024-06-06,412.54,BASE_M-08-24
2024-06-06,434.67,BASE_M-09-24
2024-06-06,420.75,BASE_M-10-24
2024-06-06,463.0,BASE_Y-28
2024-06-06,412.54,BASE_M-08-24
2024-06-06,482.5,BASE_Y-26
2024-06-06,512.93,BASE_Y-27
2024-06-07,532.0,BASE_Y-27
2024-06-07,453.15,BASE_Q-1-25
2024-06-07,416.73,BASE_M-07-24
2024-06-07,465.65,BASE_Y-25
2024-06-07,408.5,BASE_M-08-24
2024-06-07,423.5,BASE_M-09-24
2024-06-07,479.0,BASE_Y-26
2024-06-07,408.5,BASE_M-08-24
2024-06-07,420.5,BASE_M-10-24
2024-06-07,463.0,BASE_Y-28
2024-06-10,472.0,BASE_Y-26
2024-06-10,460.85,BASE_Y-25
2024-06-10,414.95,BASE_M-07-24
2024-06-10,414.0,BASE_M-10-24
2024-06-10,406.0,BASE_M-08-24
2024-06-10,406.0,BASE_M-08-24
2024-06-10,418.0,BASE_M-09-24
2024-06-10,505.4,BASE_Y-27
2024-06-10,464.5,BASE_Q-1-25
2024-06-10,463.0,BASE_Y-28
2024-06-11,413.72,BASE_M-08-24
2024-06-11,475.0,BASE_Q-1-25
2024-06-11,413.72,BASE_M-08-24
2024-06-11,478.0,BASE_Y-26
2024-06-11,467.5,BASE_Y-28
2024-06-11,420.25,BASE_M-10-24
2024-06-11,530.67,BASE_Y-27
2024-06-11,426.0,BASE_M-09-24
2024-06-11,422.4,BASE_M-07-24
2024-06-11,470.75,BASE_Y-25
2024-06-12,429.25,BASE_M-09-24
2024-06-12,482.0,BASE_Y-26
2024-06-12,413.61,BASE_M-08-24
2024-06-12,422.88,BASE_M-07-24
2024-06-12,413.61,BASE_M-08-24
2024-06-12,467.5,BASE_Y-28
2024-06-12,415.5,BASE_M-10-24
2024-06-12,475.0,BASE_Q-1-25
2024-06-12,473.45,BASE_Y-25
2024-06-12,512.5,BASE_Y-27
2024-06-13,428.7,BASE_M-07-24
2024-06-13,475.3,BASE_Y-25
2024-06-13,467.5,BASE_Y-28
2024-06-13,421.71,BASE_M-08-24
2024-06-13,410.0,BASE_M-10-24
2024-06-13,421.71,BASE_M-08-24
2024-06-13,435.0,BASE_M-09-24
2024-06-13,538.13,BASE_Y-27
2024-06-13,484.14,BASE_Y-26
2024-06-13,475.6,BASE_Q-1-25
2024-06-14,468.95,BASE_Y-25
2024-06-14,467.5,BASE_Y-28
2024-06-14,415.0,BASE_M-07-24
2024-06-14,468.0,BASE_Q-1-25
2024-06-14,483.84,BASE_Y-26
2024-06-14,411.0,BASE_M-08-24
2024-06-14,411.0,BASE_M-08-24
2024-06-14,415.0,BASE_M-10-24
2024-06-14,511.22,BASE_Y-27
2024-06-14,422.0,BASE_M-09-24
2024-06-17,466.17,BASE_Q-1-25
2024-06-17,381.0,BASE_M-10-24
2024-06-17,483.0,BASE_Y-26
2024-06-17,490.0,BASE_Y-27
2024-06-17,425.0,BASE_M-09-24
2024-06-17,415.0,BASE_M-08-24
2024-06-17,415.0,BASE_M-08-24
2024-06-17,418.6,BASE_M-07-24
2024-06-17,466.8,BASE_Y-25
2024-06-17,467.5,BASE_Y-28
2024-06-18,427.95,BASE_M-07-24
2024-06-18,478.25,BASE_Q-1-25
2024-06-18,488.0,BASE_Y-26
2024-06-18,492.5,BASE_Y-27
2024-06-18,415.0,BASE_M-10-24
2024-06-18,418.8,BASE_M-08-24
2024-06-18,474.0,BASE_Y-25
2024-06-18,418.8,BASE_M-08-24
2024-06-18,431.0,BASE_M-09-24
2024-06-18,467.5,BASE_Y-28
2024-06-19,499.0,BASE_Y-26
2024-06-19,431.65,BASE_M-08-24
2024-06-19,483.69,BASE_Y-25
2024-06-19,431.65,BASE_M-08-24
2024-06-19,480.0,BASE_Q-1-25
2024-06-19,496.0,BASE_Y-27
2024-06-19,467.5,BASE_Y-28
2024-06-19,441.7,BASE_M-07-24
2024-06-19,441.7,BASE_M-09-24
2024-06-19,425.0,BASE_M-10-24
2024-06-20,500.0,BASE_Y-27
2024-06-20,450.6,BASE_M-09-24
2024-06-20,467.5,BASE_Y-28
2024-06-20,443.16,BASE_M-08-24
2024-06-20,496.0,BASE_Y-26
2024-06-20,443.16,BASE_M-08-24
2024-06-20,480.0,BASE_Q-1-25
2024-06-20,422.5,BASE_M-10-24
2024-06-20,440.0,BASE_M-07-24
2024-06-20,482.69,BASE_Y-25
2024-06-21,425.0,BASE_M-10-24
2024-06-21,493.22,BASE_Y-26
2024-06-21,434.0,BASE_M-08-24
2024-06-21,440.0,BASE_M-09-24
2024-06-21,473.6,BASE_Q-1-25
2024-06-21,467.5,BASE_Y-28
2024-06-21,431.7,BASE_M-07-24
2024-06-21,480.02,BASE_Y-25
2024-06-21,434.0,BASE_M-08-24
2024-06-21,500.0,BASE_Y-27
2024-06-24,437.2,BASE_M-07-24
2024-06-24,440.0,BASE_M-09-24
2024-06-24,525.0,BASE_Y-27
2024-06-24,490.17,BASE_Y-26
2024-06-24,476.01,BASE_Y-25
2024-06-24,430.0,BASE_M-10-24
2024-06-24,436.5,BASE_M-08-24
2024-06-24,436.5,BASE_M-08-24
2024-06-24,469.0,BASE_Q-1-25
2024-06-24,467.5,BASE_Y-28
2024-06-25,467.5,BASE_Y-28
2024-06-25,483.0,BASE_Q-4-25
2024-06-25,425.0,BASE_M-10-24
2024-06-25,439.5,BASE_M-08-24
2024-06-25,441.0,BASE_M-09-24
2024-06-25,442.7,BASE_M-07-24
2024-06-25,439.5,BASE_M-08-24
2024-06-25,524.0,BASE_Y-27
2024-06-25,474.45,BASE_Y-25
2024-06-25,490.5,BASE_Y-26
2024-06-25,466.0,BASE_Q-1-25
2024-06-26,441.6,BASE_M-08-24
2024-06-26,446.36,BASE_M-09-24
2024-06-26,441.6,BASE_M-08-24
2024-06-26,483.0,BASE_Q-4-25
2024-06-26,474.55,BASE_Y-25
2024-06-26,470.5,BASE_Q-1-25
2024-06-26,425.0,BASE_M-10-24
2024-06-26,470.5,BASE_Y-28
2024-06-26,445.7,BASE_M-07-24
2024-06-26,490.55,BASE_Y-26
2024-06-26,550.2,BASE_Y-27
2024-06-27,440.38,BASE_M-08-24
2024-06-27,469.5,BASE_Q-1-25
2024-06-27,470.5,BASE_Y-28
2024-06-27,476.5,BASE_Q-4-25
2024-06-27,445.6,BASE_M-07-24
2024-06-27,442.22,BASE_M-09-24
2024-06-27,471.9,BASE_Y-25
2024-06-27,557.5,BASE_Y-27
2024-06-27,440.38,BASE_M-08-24
2024-06-27,426.0,BASE_M-10-24
2024-06-27,488.4,BASE_Y-26
2024-06-28,573.5,BASE_Y-27
2024-06-28,470.5,BASE_Y-28
2024-06-28,462.75,BASE_M-10-24
2024-06-28,454.62,BASE_M-07-24
2024-06-28,476.5,BASE_Q-4-25
2024-06-28,472.4,BASE_Y-25
2024-06-28,440.75,BASE_M-08-24
2024-06-28,448.1,BASE_M-09-24
2024-06-28,472.25,BASE_Q-1-25
2024-06-28,440.75,BASE_M-08-24
2024-06-28,487.67,BASE_Y-26
2024-07-01,447.5,BASE_M-10-24
2024-07-01,460.87,BASE_M-08-24
2024-07-01,475.0,BASE_Q-1-25
2024-07-01,460.87,BASE_M-08-24
2024-07-01,487.84,BASE_Y-26
2024-07-01,544.83,BASE_Y-27
2024-07-01,465.0,BASE_M-09-24
2024-07-01,470.5,BASE_Y-28
2024-07-01,483.5,BASE_Q-4-25
2024-07-01,475.05,BASE_Y-25
2024-07-02,471.0,BASE_Q-1-25
2024-07-02,471.03,BASE_Y-25
2024-07-02,460.8,BASE_M-09-24
2024-07-02,528.5,BASE_Y-27
2024-07-02,453.25,BASE_M-08-24
2024-07-02,453.25,BASE_M-08-24
2024-07-02,483.5,BASE_Q-4-25
2024-07-02,483.5,BASE_M-10-24
2024-07-02,470.5,BASE_Y-28
2024-07-02,485.57,BASE_Y-26
2024-07-03,458.22,BASE_M-08-24
2024-07-03,473.5,BASE_Q-4-25
2024-07-03,462.3,BASE_M-09-24
2024-07-03,458.22,BASE_M-08-24
2024-07-03,443.0,BASE_M-10-24
2024-07-03,467.17,BASE_Q-1-25
2024-07-03,470.5,BASE_Y-28
2024-07-03,487.75,BASE_Y-26
2024-07-03,471.65,BASE_Y-25
2024-07-03,528.5,BASE_Y-27
2024-07-04,460.0,BASE_Q-2-25
2024-07-04,412.5,BASE_M-10-24
2024-07-04,469.4,BASE_Y-25
2024-07-04,475.0,BASE_Q-4-25
2024-07-04,470.5,BASE_Y-28
2024-07-04,449.33,BASE_M-08-24
2024-07-04,488.59,BASE_Y-26
2024-07-04,455.7,BASE_M-09-24
2024-07-04,489.41,BASE_Y-27
2024-07-04,465.33,BASE_Q-1-25
2024-07-04,449.33,BASE_M-08-24
2024-07-05,492.5,BASE_Y-27
2024-07-05,443.0,BASE_M-11-24
2024-07-05,476.19,BASE_Q-4-25
2024-07-05,454.5,BASE_Q-2-25
2024-07-05,452.35,BASE_M-08-24
2024-07-05,452.35,BASE_M-08-24
2024-07-05,446.0,BASE_M-12-24
2024-07-05,467.61,BASE_Q-1-25
2024-07-05,454.5,BASE_M-09-24
2024-07-05,467.55,BASE_Y-25
2024-07-05,470.5,BASE_Y-28
2024-07-05,441.67,BASE_M-10-24
2024-07-05,488.29,BASE_Y-26
2024-07-08,442.43,BASE_M-10-24
2024-07-08,449.5,BASE_M-08-24
2024-07-08,446.33,BASE_M-12-24
2024-07-08,456.4,BASE_M-09-24
2024-07-08,474.55,BASE_Q-4-25
2024-07-08,452.5,BASE_Q-2-25
2024-07-08,464.63,BASE_Y-25
2024-07-08,486.5,BASE_Y-26
2024-07-08,470.5,BASE_Y-28
2024-07-08,496.0,BASE_Y-27
2024-07-08,466.75,BASE_Q-1-25
2024-07-08,449.5,BASE_M-08-24
2024-07-08,440.5,BASE_M-11-24
2024-07-09,469.5,BASE_Q-4-25
2024-07-09,440.85,BASE_M-08-24
2024-07-09,440.85,BASE_M-08-24
2024-07-09,480.0,BASE_Y-26
2024-07-09,445.8,BASE_M-12-24
2024-07-09,444.0,BASE_M-11-24
2024-07-09,452.5,BASE_Q-2-25
2024-07-09,462.0,BASE_Q-1-25
2024-07-09,458.73,BASE_Y-25
2024-07-09,494.0,BASE_Y-27
2024-07-09,470.5,BASE_Y-28
2024-07-09,439.2,BASE_M-10-24
2024-07-09,448.65,BASE_M-09-24
2024-07-10,440.0,BASE_M-10-24
2024-07-10,443.5,BASE_M-12-24
2024-07-10,480.0,BASE_Y-26
2024-07-10,465.5,BASE_Q-4-25
2024-07-10,435.7,BASE_M-08-24
2024-07-10,470.5,BASE_Y-28
2024-07-10,447.45,BASE_M-09-24
2024-07-10,435.7,BASE_M-08-24
2024-07-10,443.0,BASE_M-11-24
2024-07-10,452.5,BASE_Q-2-25
2024-07-10,490.56,BASE_Y-27
2024-07-10,459.59,BASE_Y-25
2024-07-10,462.7,BASE_Q-1-25
2024-07-11,459.0,BASE_Y-25
2024-07-11,452.5,BASE_Q-2-25
2024-07-11,441.0,BASE_M-09-24
2024-07-11,441.0,BASE_M-12-24
2024-07-11,479.13,BASE_Y-26
2024-07-11,440.0,BASE_M-11-24
2024-07-11,465.5,BASE_Q-4-25
2024-07-11,429.75,BASE_M-08-24
2024-07-11,461.52,BASE_Q-1-25
2024-07-11,470.5,BASE_Y-28
2024-07-11,490.56,BASE_Y-27
2024-07-11,429.75,BASE_M-08-24
2024-07-11,435.5,BASE_M-10-24
2024-07-12,463.0,BASE_Q-1-25
2024-07-12,465.5,BASE_Q-4-25
2024-07-12,440.5,BASE_M-10-24
2024-07-12,479.07,BASE_Y-26
2024-07-12,440.0,BASE_M-11-24
2024-07-12,432.3,BASE_M-08-24
2024-07-12,442.14,BASE_M-09-24
2024-07-12,432.3,BASE_M-08-24
2024-07-12,490.56,BASE_Y-27
2024-07-12,437.5,BASE_M-12-24
2024-07-12,470.5,BASE_Y-28
2024-07-12,459.95,BASE_Y-25
2024-07-12,432.5,BASE_Q-2-25
2024-07-15,468.5,BASE_Q-4-25
2024-07-15,443.5,BASE_M-11-24
2024-07-15,435.0,BASE_M-10-24
2024-07-15,460.4,BASE_Q-1-25
2024-07-15,439.0,BASE_M-12-24
2024-07-15,479.58,BASE_Y-26
2024-07-15,441.5,BASE_M-09-24
2024-07-15,470.5,BASE_Y-28
2024-07-15,457.2,BASE_Y-25
2024-07-15,490.0,BASE_Y-27
2024-07-15,436.1,BASE_M-08-24
2024-07-15,436.1,BASE_M-08-24
2024-07-15,432.5,BASE_Q-2-25
2024-07-16,470.5,BASE_Y-28
2024-07-16,434.0,BASE_M-10-24
2024-07-16,490.0,BASE_Y-27
2024-07-16,439.16,BASE_M-08-24
2024-07-16,420.0,BASE_Q-2-25
2024-07-16,439.16,BASE_M-08-24
2024-07-16,480.0,BASE_Y-26
2024-07-16,454.27,BASE_Y-25
2024-07-16,442.55,BASE_M-12-24
2024-07-16,467.0,BASE_Q-4-25
2024-07-16,455.6,BASE_Q-1-25
2024-07-16,442.15,BASE_M-09-24
2024-07-16,445.0,BASE_M-11-24
2024-07-17,440.0,BASE_M-08-24
2024-07-17,437.75,BASE_M-10-24
2024-07-17,502.5,BASE_Y-27
2024-07-17,441.0,BASE_M-11-24
2024-07-17,443.41,BASE_M-12-24
2024-07-17,470.5,BASE_Y-28
2024-07-17,440.0,BASE_M-08-24
2024-07-17,454.9,BASE_Y-25
2024-07-17,442.4,BASE_M-09-24
2024-07-17,480.0,BASE_Y-26
2024-07-17,456.0,BASE_Q-1-25
2024-07-17,468.0,BASE_Q-4-25
2024-07-17,420.0,BASE_Q-2-25
2024-07-18,453.5,BASE_Q-1-25
2024-07-18,500.0,BASE_Y-27
2024-07-18,470.5,BASE_Y-28
2024-07-18,435.95,BASE_M-08-24
2024-07-18,449.78,BASE_Y-25
2024-07-18,435.95,BASE_M-08-24
2024-07-18,438.65,BASE_M-12-24
2024-07-18,420.0,BASE_Q-2-25
2024-07-18,435.0,BASE_M-10-24
2024-07-18,476.0,BASE_Y-26
2024-07-18,437.5,BASE_M-11-24
2024-07-18,438.45,BASE_M-09-24
2024-07-18,457.5,BASE_Q-4-25
2024-07-19,420.0,BASE_Q-2-25
2024-07-19,500.0,BASE_Y-27
2024-07-19,435.0,BASE_M-10-24
2024-07-19,470.5,BASE_Y-28
2024-07-19,437.17,BASE_M-08-24
2024-07-19,448.86,BASE_Y-25
2024-07-19,439.0,BASE_M-09-24
2024-07-19,437.5,BASE_M-11-24
2024-07-19,437.17,BASE_M-08-24
2024-07-19,475.0,BASE_Y-26
2024-07-19,439.5,BASE_M-12-24
2024-07-19,457.25,BASE_Q-4-25
2024-07-19,450.64,BASE_Q-1-25
2024-07-22,442.83,BASE_Y-25
2024-07-22,470.5,BASE_Y-28
2024-07-22,437.0,BASE_M-12-24
2024-07-22,435.0,BASE_M-10-24
2024-07-22,445.0,BASE_Q-1-25
2024-07-22,470.29,BASE_Y-26
2024-07-22,490.0,BASE_Y-27
2024-07-22,436.05,BASE_M-09-24
2024-07-22,455.0,BASE_Q-4-25
2024-07-22,420.0,BASE_Q-2-25
2024-07-22,437.5,BASE_M-11-24
2024-07-22,435.0,BASE_M-08-24
2024-07-22,435.0,BASE_M-08-24
2024-07-23,448.0,BASE_Q-1-25
2024-07-23,442.73,BASE_Y-25
2024-07-23,438.61,BASE_M-08-24
2024-07-23,453.0,BASE_Q-4-25
2024-07-23,470.02,BASE_Y-26
2024-07-23,438.23,BASE_M-09-24
2024-07-23,436.64,BASE_M-12-24
2024-07-23,470.5,BASE_Y-28
2024-07-23,430.0,BASE_M-11-24
2024-07-23,420.0,BASE_Q-2-25
2024-07-23,438.61,BASE_M-08-24
2024-07-23,490.0,BASE_Y-27
2024-07-23,431.58,BASE_M-10-24
2024-07-24,475.0,BASE_Y-26
2024-07-24,442.5,BASE_M-12-24
2024-07-24,420.0,BASE_Q-2-25
2024-07-24,446.2,BASE_M-09-24
2024-07-24,449.05,BASE_Y-25
2024-07-24,470.5,BASE_Y-28
2024-07-24,445.75,BASE_M-08-24
2024-07-24,457.0,BASE_Q-4-25
2024-07-24,454.0,BASE_Q-1-25
2024-07-24,490.0,BASE_Y-27
2024-07-24,434.25,BASE_M-11-24
2024-07-24,445.75,BASE_M-08-24
2024-07-24,439.0,BASE_M-10-24
2024-07-25,457.64,BASE_Q-1-25
2024-07-25,420.0,BASE_Q-2-25
2024-07-25,449.9,BASE_M-09-24
2024-07-25,480.6,BASE_Y-26
2024-07-25,455.0,BASE_Y-25
2024-07-25,441.5,BASE_M-10-24
2024-07-25,464.0,BASE_Q-4-25
2024-07-25,470.0,BASE_Y-28
2024-07-25,447.5,BASE_M-12-24
2024-07-25,442.5,BASE_M-11-24
2024-07-25,449.03,BASE_M-08-24
2024-07-25,449.03,BASE_M-08-24
2024-07-25,490.0,BASE_Y-27
2024-07-26,480.0,BASE_Q-4-25
2024-07-26,440.2,BASE_M-11-24
2024-07-26,440.0,BASE_M-10-24
2024-07-26,450.36,BASE_M-09-24
2024-07-26,420.0,BASE_Q-2-25
2024-07-26,455.8,BASE_Q-1-25
2024-07-26,481.0,BASE_Y-26
2024-07-26,452.28,BASE_Y-25
2024-07-26,470.0,BASE_Y-28
2024-07-26,447.03,BASE_M-12-24
2024-07-26,500.0,BASE_Y-27
2024-07-26,453.7,BASE_M-08-24
2024-07-26,453.7,BASE_M-08-24
2024-07-29,440.0,BASE_Q-2-25
2024-07-29,470.0,BASE_Y-28
2024-07-29,500.0,BASE_Y-27
2024-07-29,449.5,BASE_M-08-24
2024-07-29,451.0,BASE_M-09-24
2024-07-29,449.5,BASE_M-08-24
2024-07-29,469.5,BASE_Q-4-25
2024-07-29,460.0,BASE_Q-1-25
2024-07-29,448.55,BASE_M-12-24
2024-07-29,442.0,BASE_M-10-24
2024-07-29,442.87,BASE_M-11-24
2024-07-29,482.55,BASE_Y-26
2024-07-29,454.91,BASE_Y-25
2024-07-30,455.23,BASE_Y-25
2024-07-30,440.0,BASE_Q-2-25
2024-07-30,482.5,BASE_Y-26
2024-07-30,463.5,BASE_Q-4-25
2024-07-30,454.0,BASE_Q-1-25
2024-07-30,470.0,BASE_Y-28
2024-07-30,437.5,BASE_M-11-24
2024-07-30,444.72,BASE_M-12-24
2024-07-30,448.07,BASE_M-09-24
2024-07-30,438.0,BASE_M-10-24
2024-07-30,510.0,BASE_Y-27
2024-07-31,462.28,BASE_Y-25
2024-07-31,449.11,BASE_M-09-24
2024-07-31,451.5,BASE_Q-2-25
2024-07-31,444.0,BASE_M-10-24
2024-07-31,450.5,BASE_M-12-24
2024-07-31,516.0,BASE_Y-27
2024-07-31,444.0,BASE_M-11-24
2024-07-31,484.44,BASE_Y-26
2024-07-31,462.8,BASE_Q-1-25
2024-07-31,473.5,BASE_Q-4-25
2024-07-31,470.0,BASE_Y-28
2024-08-01,468.2,BASE_Q-1-25
2024-08-01,449.65,BASE_M-09-24
2024-08-01,474.08,BASE_Q-2-25
2024-08-01,454.25,BASE_M-12-24
2024-08-01,446.88,BASE_M-10-24
2024-08-01,516.0,BASE_Y-27
2024-08-01,447.0,BASE_M-11-24
2024-08-01,489.8,BASE_Y-26
2024-08-01,470.0,BASE_Y-28
2024-08-01,481.0,BASE_Q-4-25
2024-08-01,469.79,BASE_Y-25
2024-08-02,468.67,BASE_Y-25
2024-08-02,468.88,BASE_Q-1-25
2024-08-02,474.08,BASE_Q-2-25
2024-08-02,453.0,BASE_M-12-24
2024-08-02,489.6,BASE_Y-26
2024-08-02,450.0,BASE_M-11-24
2024-08-02,451.15,BASE_M-09-24
2024-08-02,473.0,BASE_Q-4-25
2024-08-02,516.0,BASE_Y-27
2024-08-02,447.0,BASE_M-10-24
2024-08-02,470.0,BASE_Y-28
2024-08-05,515.0,BASE_Y-27
2024-08-05,460.5,BASE_Q-4-25
2024-08-05,440.0,BASE_M-11-24
2024-08-05,435.5,BASE_M-10-24
2024-08-05,452.5,BASE_Q-2-25
2024-08-05,482.07,BASE_Y-26
2024-08-05,457.91,BASE_Y-25
2024-08-05,447.5,BASE_M-12-24
2024-08-05,444.42,BASE_M-09-24
2024-08-05,470.0,BASE_Y-28
2024-08-05,462.0,BASE_Q-1-25
2024-08-06,451.5,BASE_M-11-24
2024-08-06,464.0,BASE_Q-1-25
2024-08-06,517.0,BASE_Y-27
2024-08-06,469.0,BASE_Q-4-25
2024-08-06,448.86,BASE_M-09-24
2024-08-06,438.0,BASE_M-10-24
2024-08-06,483.23,BASE_Y-26
2024-08-06,458.0,BASE_Y-25
2024-08-06,451.5,BASE_M-12-24
2024-08-06,470.0,BASE_Y-28
2024-08-06,441.5,BASE_Q-2-25
2024-08-07,452.75,BASE_M-12-24
2024-08-07,439.0,BASE_M-10-24
2024-08-07,462.07,BASE_Q-1-25
2024-08-07,451.55,BASE_M-09-24
2024-08-07,470.0,BASE_Y-28
2024-08-07,443.5,BASE_M-11-24
2024-08-07,459.73,BASE_Y-25
2024-08-07,448.5,BASE_Q-2-25
2024-08-07,460.0,BASE_Q-4-25
2024-08-07,484.0,BASE_Y-26
2024-08-07,521.0,BASE_Y-27
2024-08-08,445.38,BASE_M-11-24
2024-08-08,461.5,BASE_Q-4-25
2024-08-08,469.0,BASE_Q-1-25
2024-08-08,449.0,BASE_Q-2-25
2024-08-08,526.0,BASE_Y-27
2024-08-08,437.33,BASE_M-10-24
2024-08-08,442.0,BASE_M-09-24
2024-08-08,481.0,BASE_Y-26
2024-08-08,462.0,BASE_Q-3-25
2024-08-08,457.85,BASE_Y-25
2024-08-08,470.0,BASE_Y-28
2024-08-08,443.5,BASE_M-12-24
2024-08-09,442.5,BASE_M-10-24
2024-08-09,482.5,BASE_Y-26
2024-08-09,453.5,BASE_Q-3-25
2024-08-09,462.0,BASE_M-11-24
2024-08-09,521.5,BASE_Y-27
2024-08-09,441.7,BASE_M-09-24
2024-08-09,475.8,BASE_Q-1-25
2024-08-09,470.0,BASE_Y-28
2024-08-09,455.0,BASE_M-12-24
2024-08-09,463.02,BASE_Y-25
2024-08-09,469.5,BASE_Q-4-25
2024-08-09,443.5,BASE_Q-2-25
2024-08-12,465.0,BASE_Q-3-25
2024-08-12,477.5,BASE_Q-4-25
2024-08-12,470.0,BASE_Y-28
2024-08-12,480.0,BASE_Q-1-25
2024-08-12,450.38,BASE_M-10-24
2024-08-12,470.1,BASE_Y-25
2024-08-12,521.5,BASE_Y-27
2024-08-12,450.0,BASE_Q-2-25
2024-08-12,461.2,BASE_M-12-24
2024-08-12,490.0,BASE_Y-26
2024-08-12,470.57,BASE_M-11-24
2024-08-12,446.51,BASE_M-09-24
2024-08-13,443.67,BASE_M-10-24
2024-08-13,458.14,BASE_M-12-24
2024-08-13,485.94,BASE_Y-26
2024-08-13,449.0,BASE_Q-2-25
2024-08-13,441.75,BASE_Q-3-25
2024-08-13,442.4,BASE_M-09-24
2024-08-13,476.5,BASE_Q-4-25
2024-08-13,525.0,BASE_Y-27
2024-08-13,470.0,BASE_Y-28
2024-08-13,479.0,BASE_Q-1-25
2024-08-13,469.0,BASE_Y-25
2024-08-13,465.7,BASE_M-11-24
2024-08-14,484.75,BASE_Q-1-25
2024-08-14,450.0,BASE_M-12-24
2024-08-14,475.0,BASE_Y-28
2024-08-14,466.5,BASE_M-11-24
2024-08-14,469.0,BASE_Y-25
2024-08-14,455.0,BASE_Q-2-25
2024-08-14,443.75,BASE_M-10-24
2024-08-14,500.33,BASE_Q-4-25
2024-08-14,523.5,BASE_Y-27
2024-08-14,463.84,BASE_Q-3-25
2024-08-14,445.0,BASE_M-09-24
2024-08-14,491.0,BASE_Y-26
2024-08-16,466.13,BASE_M-11-24
2024-08-16,454.5,BASE_Q-2-25
2024-08-16,475.0,BASE_Y-28
2024-08-16,478.5,BASE_Q-4-25
2024-08-16,480.0,BASE_Q-1-25
2024-08-16,445.0,BASE_M-09-24
2024-08-16,444.0,BASE_M-10-24
2024-08-16,460.0,BASE_M-12-24
2024-08-16,477.25,BASE_Q-3-25
2024-08-16,474.7,BASE_Y-25
2024-08-16,492.0,BASE_Y-26
2024-08-16,534.0,BASE_Y-27
2024-08-19,534.0,BASE_Y-27
2024-08-19,460.5,BASE_M-12-24
2024-08-19,494.0,BASE_Y-26
2024-08-19,490.0,BASE_Q-4-25
2024-08-19,477.25,BASE_Q-3-25
2024-08-19,477.0,BASE_Y-25
2024-08-19,447.5,BASE_M-10-24
2024-08-19,475.0,BASE_Y-28
2024-08-19,454.5,BASE_Q-2-25
2024-08-19,465.5,BASE_M-11-24
2024-08-19,451.6,BASE_M-09-24
2024-08-19,487.05,BASE_Q-1-25
2024-08-20,454.0,BASE_M-10-24
2024-08-20,456.15,BASE_M-09-24
2024-08-20,506.0,BASE_Q-4-25
2024-08-20,534.0,BASE_Y-27
2024-08-20,472.0,BASE_M-11-24
2024-08-20,499.0,BASE_Y-26
2024-08-20,485.0,BASE_Q-3-25
2024-08-20,464.5,BASE_M-12-24
2024-08-20,480.8,BASE_Y-25
2024-08-20,475.0,BASE_Y-28
2024-08-20,500.0,BASE_Q-1-25
2024-08-20,457.5,BASE_Q-2-25
2024-08-21,476.5,BASE_Y-25
2024-08-21,526.0,BASE_Y-27
2024-08-21,500.0,BASE_Q-4-25
2024-08-21,475.0,BASE_Y-28
2024-08-21,455.0,BASE_Q-2-25
2024-08-21,460.0,BASE_M-12-24
2024-08-21,454.77,BASE_M-09-24
2024-08-21,480.0,BASE_Q-1-25
2024-08-21,452.0,BASE_M-10-24
2024-08-21,466.0,BASE_M-11-24
2024-08-21,497.0,BASE_Y-26
2024-08-21,485.0,BASE_Q-3-25
2024-08-22,475.59,BASE_Y-25
2024-08-22,495.65,BASE_Y-26
2024-08-22,532.5,BASE_Y-27
2024-08-22,489.5,BASE_Q-4-25
2024-08-22,456.0,BASE_Q-2-25
2024-08-22,466.04,BASE_M-11-24
2024-08-22,475.0,BASE_Y-28
2024-08-22,479.0,BASE_Q-3-25
2024-08-22,449.67,BASE_M-10-24
2024-08-22,479.93,BASE_Q-1-25
2024-08-22,456.25,BASE_M-12-24
2024-08-22,450.1,BASE_M-09-24
2024-08-23,534.5,BASE_Y-27
2024-08-23,457.5,BASE_Q-2-25
2024-08-23,474.18,BASE_Q-1-25
2024-08-23,467.5,BASE_Q-3-25
2024-08-23,463.13,BASE_M-11-24
2024-08-23,492.75,BASE_Y-26
2024-08-23,454.79,BASE_M-12-24
2024-08-23,474.7,BASE_Y-25
2024-08-23,445.5,BASE_M-10-24
2024-08-23,447.02,BASE_M-09-24
2024-08-23,475.0,BASE_Y-28
2024-08-23,489.5,BASE_Q-4-25
2024-08-26,443.3,BASE_M-09-24
2024-08-26,473.95,BASE_Q-1-25
2024-08-26,464.13,BASE_M-11-24
2024-08-26,457.5,BASE_Q-2-25
2024-08-26,440.0,BASE_M-10-24
2024-08-26,490.88,BASE_Q-3-25
2024-08-26,523.0,BASE_Y-27
2024-08-26,473.0,BASE_Y-25
2024-08-26,491.05,BASE_Y-26
2024-08-26,475.0,BASE_Y-28
2024-08-26,454.25,BASE_M-12-24
2024-08-26,489.5,BASE_Q-4-25
2024-08-27,477.5,BASE_Q-4-25
2024-08-27,463.4,BASE_M-11-24
2024-08-27,471.84,BASE_Q-1-25
2024-08-27,445.71,BASE_M-09-24
2024-08-27,490.94,BASE_Y-26
2024-08-27,521.5,BASE_Y-27
2024-08-27,457.5,BASE_Q-2-25
2024-08-27,490.88,BASE_Q-3-25
2024-08-27,455.5,BASE_M-12-24
2024-08-27,470.84,BASE_Y-25
2024-08-27,441.3,BASE_M-10-24
2024-08-27,475.0,BASE_Y-28
2024-08-28,519.0,BASE_Y-27
2024-08-28,457.5,BASE_Q-2-25
2024-08-28,469.0,BASE_Q-1-25
2024-08-28,468.67,BASE_Y-25
2024-08-28,475.0,BASE_Y-28
2024-08-28,488.5,BASE_Y-26
2024-08-28,438.17,BASE_M-10-24
2024-08-28,461.5,BASE_Q-4-25
2024-08-28,452.68,BASE_M-12-24
2024-08-28,445.33,BASE_M-09-24
2024-08-28,490.88,BASE_Q-3-25
2024-08-28,464.01,BASE_M-11-24
2024-08-29,490.88,BASE_Q-3-25
2024-08-29,452.48,BASE_M-12-24
2024-08-29,468.0,BASE_Q-1-25
2024-08-29,467.4,BASE_Y-25
2024-08-29,457.5,BASE_Q-2-25
2024-08-29,462.64,BASE_M-11-24
2024-08-29,483.75,BASE_Y-26
2024-08-29,446.73,BASE_M-09-24
2024-08-29,465.0,BASE_Q-4-25
2024-08-29,517.0,BASE_Y-27
2024-08-29,438.36,BASE_M-10-24
2024-08-29,475.0,BASE_Y-28
2024-08-30,467.11,BASE_Y-25
2024-08-30,465.0,BASE_Q-4-25
2024-08-30,438.5,BASE_M-10-24
2024-08-30,451.5,BASE_M-12-24
2024-08-30,462.0,BASE_M-11-24
2024-08-30,459.99,BASE_Y-28
2024-08-30,514.0,BASE_Y-27
2024-08-30,483.63,BASE_Y-26
2024-08-30,465.0,BASE_Q-2-25
2024-08-30,468.0,BASE_Q-1-25
2024-08-30,466.34,BASE_Q-3-25
2024-09-02,518.5,BASE_Y-27
2024-09-02,459.99,BASE_Y-28
2024-09-02,461.67,BASE_M-11-24
2024-09-02,441.71,BASE_M-10-24
2024-09-02,468.5,BASE_Q-4-25
2024-09-02,466.83,BASE_Q-1-25
2024-09-02,449.5,BASE_Q-2-25
2024-09-02,477.5,BASE_Q-3-25
2024-09-02,464.91,BASE_Y-25
2024-09-02,481.25,BASE_Y-26
2024-09-02,451.75,BASE_M-12-24
2024-09-03,440.0,BASE_Q-2-25
2024-09-03,459.7,BASE_Y-25
2024-09-03,470.0,BASE_Q-3-25
2024-09-03,465.5,BASE_Q-4-25
2024-09-03,505.0,BASE_Y-27
2024-09-03,459.99,BASE_Y-28
2024-09-03,476.85,BASE_Y-26
2024-09-03,432.7,BASE_M-10-24
2024-09-03,455.65,BASE_M-11-24
2024-09-03,463.0,BASE_Q-1-25
2024-09-03,445.5,BASE_M-12-24
2024-09-04,462.5,BASE_Q-4-25
2024-09-04,490.0,BASE_Y-27
2024-09-04,427.4,BASE_M-10-24
2024-09-04,435.0,BASE_Q-2-25
2024-09-04,455.0,BASE_Y-25
2024-09-04,459.2,BASE_Q-1-25
2024-09-04,437.6,BASE_M-12-24
2024-09-04,470.0,BASE_Y-26
2024-09-04,459.99,BASE_Y-28
2024-09-04,451.28,BASE_M-11-24
2024-09-04,452.5,BASE_Q-3-25
2024-09-05,445.1,BASE_M-11-24
2024-09-05,456.67,BASE_Q-4-25
2024-09-05,437.0,BASE_Q-2-25
2024-09-05,432.15,BASE_M-12-24
2024-09-05,464.33,BASE_Y-26
2024-09-05,459.99,BASE_Y-28
2024-09-05,485.0,BASE_Y-27
2024-09-05,424.6,BASE_M-10-24
2024-09-05,455.75,BASE_Q-1-25
2024-09-05,452.5,BASE_Q-3-25
2024-09-05,450.25,BASE_Y-25
2024-09-06,475.0,BASE_Y-27
2024-09-06,460.75,BASE_Q-4-25
2024-09-06,448.0,BASE_M-11-24
2024-09-06,436.0,BASE_Q-2-25
2024-09-06,427.9,BASE_M-10-24
2024-09-06,462.67,BASE_Y-26
2024-09-06,459.99,BASE_Y-28
2024-09-06,433.83,BASE_M-12-24
2024-09-06,457.88,BASE_Q-1-25
2024-09-06,451.5,BASE_Q-3-25
2024-09-06,450.65,BASE_Y-25
2024-09-09,422.5,BASE_Q-2-25
2024-09-09,459.99,BASE_Y-28
2024-09-09,452.5,BASE_Q-3-25
2024-09-09,449.0,BASE_M-11-24
2024-09-09,454.0,BASE_Y-27
2024-09-09,460.5,BASE_Y-26
2024-09-09,449.4,BASE_Y-25
2024-09-09,454.8,BASE_Q-1-25
2024-09-09,433.26,BASE_M-10-24
2024-09-09,459.0,BASE_Q-4-25
2024-09-09,433.44,BASE_M-12-24
2024-09-10,452.75,BASE_Q-4-25
2024-09-10,454.0,BASE_Y-27
2024-09-10,450.0,BASE_Y-26
2024-09-10,429.3,BASE_M-10-24
2024-09-10,424.5,BASE_Q-2-25
2024-09-10,428.8,BASE_M-12-24
2024-09-10,459.99,BASE_Y-28
2024-09-10,449.12,BASE_Q-1-25
2024-09-10,447.0,BASE_M-11-24
2024-09-10,444.3,BASE_Y-25
2024-09-10,446.25,BASE_Q-3-25
2024-09-11,440.6,BASE_M-11-24
2024-09-11,451.0,BASE_Y-26
2024-09-11,444.35,BASE_Y-25
2024-09-11,427.06,BASE_M-10-24
2024-09-11,426.28,BASE_M-12-24
2024-09-11,452.0,BASE_Q-4-25
2024-09-11,428.5,BASE_Q-2-25
2024-09-11,459.99,BASE_Y-28
2024-09-11,447.5,BASE_Q-3-25
2024-09-11,431.3,BASE_Y-27
2024-09-11,449.3,BASE_Q-1-25
2024-09-12,425.8,BASE_M-12-24
2024-09-12,430.0,BASE_Q-2-25
2024-09-12,426.85,BASE_M-10-24
2024-09-12,448.21,BASE_Q-1-25
2024-09-12,444.62,BASE_Y-25
2024-09-12,468.5,BASE_Q-3-25
2024-09-12,448.63,BASE_Y-26
2024-09-12,441.9,BASE_M-11-24
2024-09-12,452.33,BASE_Q-4-25
2024-09-12,431.3,BASE_Y-27
2024-09-12,459.99,BASE_Y-28
2024-09-13,446.75,BASE_Q-1-25
2024-09-13,447.0,BASE_Y-26
2024-09-13,433.44,BASE_Y-27
2024-09-13,443.21,BASE_Y-25
2024-09-13,452.5,BASE_Q-3-25
2024-09-13,451.5,BASE_Q-4-25
2024-09-13,439.3,BASE_M-11-24
2024-09-13,459.99,BASE_Y-28
2024-09-13,424.0,BASE_M-12-24
2024-09-13,442.5,BASE_Q-2-25
2024-09-13,426.49,BASE_M-10-24
2024-09-16,439.0,BASE_Y-27
2024-09-16,460.0,BASE_Q-4-25
2024-09-16,459.99,BASE_Y-28
2024-09-16,420.38,BASE_Q-2-25
2024-09-16,414.05,BASE_M-10-24
2024-09-16,444.25,BASE_Y-26
2024-09-16,415.55,BASE_M-12-24
2024-09-16,439.0,BASE_Q-1-25
2024-09-16,430.25,BASE_M-11-24
2024-09-16,436.25,BASE_Q-3-25
2024-09-16,438.39,BASE_Y-25
2024-09-17,413.0,BASE_M-12-24
2024-09-17,436.99,BASE_Y-28
2024-09-17,427.89,BASE_M-11-24
2024-09-17,436.25,BASE_Q-3-25
2024-09-17,448.0,BASE_Q-4-25
2024-09-17,439.4,BASE_Y-27
2024-09-17,436.01,BASE_Y-25
2024-09-17,420.0,BASE_Q-2-25
2024-09-17,445.0,BASE_Y-26
2024-09-17,414.15,BASE_M-10-24
2024-09-17,437.64,BASE_Q-1-25
2024-09-18,445.75,BASE_Y-26
2024-09-18,420.0,BASE_Q-2-25
2024-09-18,424.7,BASE_M-11-24
2024-09-18,448.75,BASE_Q-4-25
2024-09-18,427.5,BASE_Y-28
2024-09-18,436.0,BASE_Q-1-25
2024-09-18,439.0,BASE_Y-27
2024-09-18,411.55,BASE_M-12-24
2024-09-18,404.31,BASE_M-10-24
2024-09-18,433.95,BASE_Y-25
2024-09-18,430.0,BASE_Q-3-25
2024-09-19,440.25,BASE_Y-27
2024-09-19,431.0,BASE_Y-28
2024-09-19,419.64,BASE_M-11-24
2024-09-19,440.0,BASE_Q-3-25
2024-09-19,395.65,BASE_M-10-24
2024-09-19,471.19,BASE_Q-4-25
2024-09-19,430.0,BASE_Q-2-25
2024-09-19,409.13,BASE_M-12-24
2024-09-19,436.24,BASE_Q-1-25
2024-09-19,435.48,BASE_Y-25
2024-09-19,446.7,BASE_Y-26
2024-09-20,447.0,BASE_Y-26
2024-09-20,431.0,BASE_Y-28
2024-09-20,394.0,BASE_M-10-24
2024-09-20,454.0,BASE_Q-4-25
2024-09-20,417.56,BASE_M-11-24
2024-09-20,440.0,BASE_Y-27
2024-09-20,438.22,BASE_Q-1-25
2024-09-20,440.0,BASE_Q-3-25
2024-09-20,419.5,BASE_Q-2-25
2024-09-20,433.93,BASE_Y-25
2024-09-20,409.0,BASE_M-12-24
2024-09-23,417.59,BASE_M-11-24
2024-09-23,420.17,BASE_Q-2-25
2024-09-23,419.0,BASE_Y-28
2024-09-23,433.98,BASE_Y-25
2024-09-23,393.81,BASE_M-10-24
2024-09-23,452.0,BASE_Q-4-25
2024-09-23,436.35,BASE_Q-1-25
2024-09-23,440.0,BASE_Y-27
2024-09-23,447.0,BASE_Y-26
2024-09-23,430.0,BASE_Q-3-25
2024-09-23,410.0,BASE_M-12-24
2024-09-24,433.88,BASE_Q-1-25
2024-09-24,431.55,BASE_Y-25
2024-09-24,388.9,BASE_M-10-24
2024-09-24,488.85,BASE_M-01-25
2024-09-24,446.0,BASE_Y-26
2024-09-24,413.0,BASE_Q-2-25
2024-09-24,445.5,BASE_Y-27
2024-09-24,415.85,BASE_M-11-24
2024-09-24,447.22,BASE_Q-4-25
2024-09-24,405.5,BASE_M-12-24
2024-09-24,419.0,BASE_Y-28
2024-09-24,427.5,BASE_Q-3-25
2024-09-25,427.0,BASE_Q-3-25
2024-09-25,377.7,BASE_M-10-24
2024-09-25,405.0,BASE_Y-28
2024-09-25,445.17,BASE_Q-4-25
2024-09-25,407.3,BASE_M-11-24
2024-09-25,429.86,BASE_Y-25
2024-09-25,428.75,BASE_Q-1-25
2024-09-25,444.0,BASE_Y-26
2024-09-25,450.5,BASE_Y-27
2024-09-25,412.56,BASE_Q-2-25
2024-09-25,398.58,BASE_M-12-24
2024-09-25,470.0,BASE_M-01-25
2024-09-26,470.0,BASE_M-01-25
2024-09-26,431.78,BASE_Y-25
2024-09-26,444.18,BASE_Y-26
2024-09-26,423.0,BASE_Y-28
2024-09-26,429.5,BASE_Q-3-25
2024-09-26,450.0,BASE_Y-27
2024-09-26,397.91,BASE_M-12-24
2024-09-26,416.05,BASE_Q-2-25
2024-09-26,406.43,BASE_M-11-24
2024-09-26,379.23,BASE_M-10-24
2024-09-26,430.95,BASE_Q-1-25
2024-09-26,445.42,BASE_Q-4-25
2024-09-27,395.28,BASE_M-12-24
2024-09-27,420.57,BASE_Q-2-25
2024-09-27,404.37,BASE_M-11-24
2024-09-27,433.3,BASE_Y-25
2024-09-27,465.0,BASE_M-01-25
2024-09-27,425.0,BASE_Y-28
2024-09-27,431.6,BASE_Q-1-25
2024-09-27,433.5,BASE_Q-3-25
2024-09-27,380.17,BASE_M-10-24
2024-09-27,444.69,BASE_Y-26
2024-09-27,472.5,BASE_Y-27
2024-09-27,445.75,BASE_Q-4-25
2024-09-30,447.5,BASE_Y-26
2024-09-30,436.0,BASE_Q-3-25
2024-09-30,449.75,BASE_Q-4-25
2024-09-30,405.64,BASE_M-12-24
2024-09-30,460.0,BASE_M-01-25
2024-09-30,455.0,BASE_Y-27
2024-09-30,436.45,BASE_Y-25
2024-09-30,439.91,BASE_Q-1-25
2024-09-30,415.1,BASE_M-11-24
2024-09-30,424.5,BASE_Q-2-25
2024-09-30,425.0,BASE_Y-28
2024-10-01,429.54,BASE_Y-25
2024-10-01,462.0,BASE_M-01-25
2024-10-01,437.5,BASE_Y-27
2024-10-01,431.8,BASE_Q-1-25
2024-10-01,402.12,BASE_M-12-24
2024-10-01,443.01,BASE_Y-26
2024-10-01,418.0,BASE_Q-2-25
2024-10-01,427.5,BASE_Y-28
2024-10-01,417.11,BASE_M-11-24
2024-10-01,445.0,BASE_Q-4-25
2024-10-01,425.0,BASE_Q-3-25
2024-10-02,416.75,BASE_Q-2-25
2024-10-02,440.0,BASE_M-01-25
2024-10-02,444.5,BASE_Y-26
2024-10-02,398.0,BASE_M-12-24
2024-10-02,450.5,BASE_Y-27
2024-10-02,423.5,BASE_Q-3-25
2024-10-02,427.95,BASE_Y-25
2024-10-02,444.17,BASE_Q-4-25
2024-10-02,415.1,BASE_M-11-24
2024-10-02,423.0,BASE_Y-28
2024-10-02,429.32,BASE_Q-1-25
2024-10-03,457.6,BASE_Y-27
2024-10-03,445.02,BASE_Q-4-25
2024-10-03,408.07,BASE_M-11-24
2024-10-03,442.75,BASE_Y-26
2024-10-03,441.0,BASE_M-01-25
2024-10-03,428.5,BASE_Q-1-25
2024-10-03,396.5,BASE_M-12-24
2024-10-03,426.45,BASE_Y-25
2024-10-03,427.55,BASE_Y-28
2024-10-03,420.0,BASE_Q-3-25
2024-10-03,415.0,BASE_Q-2-25
2024-10-04,441.1,BASE_Q-4-25
2024-10-04,428.95,BASE_Q-1-25
2024-10-04,422.6,BASE_Q-3-25
2024-10-04,404.16,BASE_M-12-24
2024-10-04,412.45,BASE_M-11-24
2024-10-04,414.3,BASE_Q-2-25
2024-10-04,424.0,BASE_Y-28
2024-10-04,444.0,BASE_Y-26
2024-10-04,425.94,BASE_Y-25
2024-10-04,456.5,BASE_Y-27
2024-10-04,443.0,BASE_M-01-25
2024-10-07,434.5,BASE_M-01-25
2024-10-07,420.0,BASE_Q-3-25
2024-10-07,410.84,BASE_Q-2-25
2024-10-07,421.6,BASE_Y-25
2024-10-07,433.5,BASE_Q-4-25
2024-10-07,404.86,BASE_M-12-24
2024-10-07,441.0,BASE_Y-26
2024-10-07,425.0,BASE_Y-28
2024-10-07,410.46,BASE_M-11-24
2024-10-07,421.65,BASE_Q-1-25
2024-10-07,451.5,BASE_Y-27
2024-10-08,411.5,BASE_M-11-24
2024-10-08,433.6,BASE_Q-4-25
2024-10-08,423.05,BASE_Q-1-25
2024-10-08,409.42,BASE_Q-2-25
2024-10-08,402.79,BASE_M-12-24
2024-10-08,426.0,BASE_Y-28
2024-10-08,432.5,BASE_M-01-25
2024-10-08,456.0,BASE_Y-27
2024-10-08,421.4,BASE_Y-25
2024-10-08,440.68,BASE_Y-26
2024-10-08,420.0,BASE_Q-3-25
2024-10-09,426.0,BASE_Q-1-25
2024-10-09,444.0,BASE_Y-26
2024-10-09,458.5,BASE_Y-27
2024-10-09,432.43,BASE_Q-4-25
2024-10-09,421.22,BASE_Y-25
2024-10-09,416.0,BASE_M-11-24
2024-10-09,428.55,BASE_Y-28
2024-10-09,422.47,BASE_Q-3-25
2024-10-09,432.5,BASE_M-01-25
2024-10-09,408.99,BASE_Q-2-25
2024-10-09,406.26,BASE_M-12-24
2024-10-10,431.0,BASE_Y-28
2024-10-10,437.0,BASE_Q-4-25
2024-10-10,415.0,BASE_M-12-24
2024-10-10,453.5,BASE_Y-26
2024-10-10,427.15,BASE_Y-25
2024-10-10,460.0,BASE_Y-27
2024-10-10,414.0,BASE_Q-2-25
2024-10-10,424.55,BASE_Q-3-25
2024-10-10,434.9,BASE_Q-1-25
2024-10-10,427.1,BASE_M-11-24
2024-10-10,448.0,BASE_M-01-25
2024-10-11,453.5,BASE_Y-26
2024-10-11,430.85,BASE_Y-25
2024-10-11,434.5,BASE_Y-28
2024-10-11,419.3,BASE_M-12-24
2024-10-11,430.85,BASE_M-11-24
2024-10-11,416.2,BASE_Q-2-25
2024-10-11,486.0,BASE_M-01-25
2024-10-11,425.0,BASE_Q-3-25
2024-10-11,470.0,BASE_Y-27
2024-10-11,436.4,BASE_Q-1-25
2024-10-11,439.88,BASE_Q-4-25
2024-10-14,475.0,BASE_Y-27
2024-10-14,437.5,BASE_M-01-25
2024-10-14,440.14,BASE_Q-4-25
2024-10-14,431.5,BASE_Y-28
2024-10-14,423.0,BASE_M-12-24
2024-10-14,417.75,BASE_Q-2-25
2024-10-14,430.63,BASE_Q-3-25
2024-10-14,455.39,BASE_Y-26
2024-10-14,433.53,BASE_M-11-24
2024-10-14,430.6,BASE_Y-25
2024-10-14,437.63,BASE_Q-1-25
2024-10-15,432.5,BASE_Y-28
2024-10-15,433.5,BASE_Q-3-25
2024-10-15,428.63,BASE_Y-25
2024-10-15,436.43,BASE_Q-1-25
2024-10-15,413.0,BASE_Q-2-25
2024-10-15,423.42,BASE_M-12-24
2024-10-15,475.0,BASE_Y-27
2024-10-15,437.84,BASE_Q-4-25
2024-10-15,433.65,BASE_M-11-24
2024-10-15,451.33,BASE_Y-26
2024-10-15,447.5,BASE_M-01-25
2024-10-16,410.0,BASE_Q-2-25
2024-10-16,472.0,BASE_Y-27
2024-10-16,424.65,BASE_Y-25
2024-10-16,433.0,BASE_Q-4-25
2024-10-16,432.4,BASE_M-11-24
2024-10-16,433.03,BASE_Q-1-25
2024-10-16,450.0,BASE_Y-26
2024-10-16,425.5,BASE_Q-3-25
2024-10-16,420.9,BASE_M-12-24
2024-10-16,449.25,BASE_M-01-25
2024-10-16,433.0,BASE_Y-28
2024-10-17,432.99,BASE_M-11-24
2024-10-17,421.65,BASE_M-12-24
2024-10-17,434.5,BASE_Y-28
2024-10-17,411.25,BASE_Q-2-25
2024-10-17,433.0,BASE_Q-4-25
2024-10-17,433.33,BASE_Q-1-25
2024-10-17,472.0,BASE_Y-27
2024-10-17,439.0,BASE_M-01-25
2024-10-17,427.0,BASE_Q-3-25
2024-10-17,425.14,BASE_Y-25
2024-10-17,450.67,BASE_Y-26
2024-10-18,426.78,BASE_Q-1-25
2024-10-18,433.5,BASE_Y-28
2024-10-18,406.3,BASE_Q-2-25
2024-10-18,449.5,BASE_Y-26
2024-10-18,427.0,BASE_Q-4-25
2024-10-18,433.0,BASE_M-01-25
2024-10-18,419.8,BASE_M-12-24
2024-10-18,475.0,BASE_Y-27
2024-10-18,429.65,BASE_M-11-24
2024-10-18,420.1,BASE_Y-25
2024-10-18,423.53,BASE_Q-3-25
2024-10-21,449.0,BASE_Y-26
2024-10-21,426.7,BASE_Q-4-25
2024-10-21,407.0,BASE_Q-2-25
2024-10-21,477.5,BASE_Y-27
2024-10-21,433.5,BASE_Y-28
2024-10-21,422.87,BASE_Q-3-25
2024-10-21,427.7,BASE_Q-1-25
2024-10-21,438.0,BASE_M-01-25
2024-10-21,423.0,BASE_M-12-24
2024-10-21,435.01,BASE_M-11-24
2024-10-21,419.84,BASE_Y-25
2024-10-22,477.0,BASE_Y-27
2024-10-22,425.79,BASE_Q-1-25
2024-10-22,426.0,BASE_Q-4-25
2024-10-22,445.0,BASE_Y-26
2024-10-22,422.66,BASE_Q-3-25
2024-10-22,400.8,BASE_Q-2-25
2024-10-22,434.95,BASE_M-11-24
2024-10-22,437.75,BASE_M-01-25
2024-10-22,418.89,BASE_Y-25
2024-10-22,435.75,BASE_Y-28
2024-10-22,423.0,BASE_M-12-24
2024-10-23,429.0,BASE_Q-1-25
2024-10-23,405.0,BASE_Q-2-25
2024-10-23,480.45,BASE_Y-27
2024-10-23,437.0,BASE_Y-28
2024-10-23,428.5,BASE_Q-4-25
2024-10-23,425.52,BASE_M-12-24
2024-10-23,424.0,BASE_Q-3-25
2024-10-23,435.0,BASE_M-01-25
2024-10-23,421.73,BASE_Y-25
2024-10-23,448.89,BASE_Y-26
2024-10-23,439.83,BASE_M-11-24
2024-10-24,480.0,BASE_Y-27
2024-10-24,408.0,BASE_Q-2-25
2024-10-24,424.12,BASE_Y-25
2024-10-24,451.75,BASE_Y-26
2024-10-24,434.0,BASE_Y-28
2024-10-24,434.0,BASE_Q-4-25
2024-10-24,427.67,BASE_M-12-24
2024-10-24,431.65,BASE_Q-1-25
2024-10-24,446.5,BASE_M-01-25
2024-10-24,426.0,BASE_Q-3-25
2024-10-24,441.8,BASE_M-11-24
2024-10-25,452.0,BASE_Y-26
2024-10-25,424.94,BASE_Y-25
2024-10-25,432.63,BASE_Y-28
2024-10-25,434.25,BASE_Q-4-25
2024-10-25,433.6,BASE_Q-1-25
2024-10-25,444.71,BASE_M-11-24
2024-10-25,444.5,BASE_M-01-25
2024-10-25,406.79,BASE_Q-2-25
2024-10-25,426.0,BASE_Q-3-25
2024-10-25,427.43,BASE_M-12-24
2024-10-25,481.0,BASE_Y-27
2024-10-28,403.95,BASE_Q-2-25
2024-10-28,431.0,BASE_Q-4-25
2024-10-28,425.0,BASE_Q-3-25
2024-10-28,431.5,BASE_Y-28
2024-10-28,422.41,BASE_M-12-24
2024-10-28,477.0,BASE_Y-27
2024-10-28,444.5,BASE_M-01-25
2024-10-28,420.88,BASE_Y-25
2024-10-28,431.65,BASE_Q-1-25
2024-10-28,448.0,BASE_Y-26
2024-10-28,445.55,BASE_M-11-24
2024-10-29,438.0,BASE_Y-28
2024-10-29,439.6,BASE_Q-1-25
2024-10-29,452.62,BASE_M-11-24
2024-10-29,425.5,BASE_Q-3-25
2024-10-29,432.51,BASE_Q-4-25
2024-10-29,404.67,BASE_Q-2-25
2024-10-29,425.0,BASE_M-12-24
2024-10-29,425.47,BASE_Y-25
2024-10-29,467.5,BASE_M-01-25
2024-10-29,452.0,BASE_Y-26
2024-10-29,475.0,BASE_Y-27
2024-10-30,440.0,BASE_Q-1-25
2024-10-30,423.95,BASE_M-12-24
2024-10-30,471.5,BASE_Y-27
2024-10-30,455.05,BASE_M-01-25
2024-10-30,449.75,BASE_Y-26
2024-10-30,438.0,BASE_Y-28
2024-10-30,430.0,BASE_Q-3-25
2024-10-30,424.99,BASE_Y-25
2024-10-30,405.0,BASE_Q-2-25
2024-10-30,433.5,BASE_Q-4-25
2024-10-31,455.0,BASE_M-01-25
2024-10-31,439.56,BASE_Q-1-25
2024-10-31,425.0,BASE_Y-25
2024-10-31,423.89,BASE_M-12-24
2024-10-31,403.06,BASE_Q-2-25
2024-10-31,440.5,BASE_Y-28
2024-10-31,472.0,BASE_Y-27
2024-10-31,425.0,BASE_Q-3-25
2024-10-31,448.5,BASE_Y-26
2024-10-31,433.25,BASE_Q-4-25
2024-11-04,427.0,BASE_M-12-24
2024-11-04,435.2,BASE_Q-4-25
2024-11-04,427.5,BASE_Y-25
2024-11-04,442.0,BASE_Q-1-25
2024-11-04,451.0,BASE_Y-26
2024-11-04,441.0,BASE_Y-28
2024-11-04,406.3,BASE_Q-2-25
2024-11-04,427.0,BASE_Q-3-25
2024-11-04,455.35,BASE_M-01-25
2024-11-04,470.5,BASE_Y-27
2024-11-05,426.22,BASE_M-12-24
2024-11-05,441.0,BASE_Y-28
2024-11-05,450.0,BASE_Y-26
2024-11-05,427.0,BASE_Q-3-25
2024-11-05,440.65,BASE_Q-1-25
2024-11-05,474.68,BASE_M-01-25
2024-11-05,426.5,BASE_Y-25
2024-11-05,435.37,BASE_Q-4-25
2024-11-05,470.0,BASE_Y-27
2024-11-05,405.6,BASE_Q-2-25
2024-11-06,421.2,BASE_Y-25
2024-11-06,424.25,BASE_Q-3-25
2024-11-06,445.0,BASE_Y-26
2024-11-06,432.33,BASE_Q-1-25
2024-11-06,400.41,BASE_Q-2-25
2024-11-06,472.0,BASE_Y-27
2024-11-06,421.33,BASE_M-12-24
2024-11-06,441.5,BASE_Y-28
2024-11-06,430.71,BASE_Q-4-25
2024-11-06,456.0,BASE_M-01-25
2024-11-07,436.5,BASE_Q-4-25
2024-11-07,421.56,BASE_M-12-24
2024-11-07,462.0,BASE_M-01-25
2024-11-07,478.55,BASE_Y-27
2024-11-07,444.0,BASE_Y-28
2024-11-07,438.0,BASE_Q-1-25
2024-11-07,426.66,BASE_Y-25
2024-11-07,404.36,BASE_Q-2-25
2024-11-07,447.5,BASE_Y-26
2024-11-07,427.5,BASE_Q-3-25
2024-11-08,444.5,BASE_Y-28
2024-11-08,485.0,BASE_Y-27
2024-11-08,452.0,BASE_Y-26
2024-11-08,440.65,BASE_Q-4-25
2024-11-08,433.2,BASE_Q-3-25
2024-11-08,430.85,BASE_Y-25
2024-11-08,442.97,BASE_Q-1-25
2024-11-08,454.67,BASE_M-01-25
2024-11-08,408.06,BASE_Q-2-25
2024-11-08,427.07,BASE_M-12-24
2024-11-12,432.83,BASE_Q-3-25
2024-11-12,480.0,BASE_Y-27
2024-11-12,457.0,BASE_M-01-25
2024-11-12,441.27,BASE_Q-1-25
2024-11-12,444.5,BASE_Y-28
2024-11-12,406.86,BASE_Q-2-25
2024-11-12,444.67,BASE_Y-26
2024-11-12,430.7,BASE_Y-25
2024-11-12,427.16,BASE_M-12-24
2024-11-12,440.0,BASE_Q-4-25
2024-11-13,430.5,BASE_Y-25
2024-11-13,431.0,BASE_Q-3-25
2024-11-13,441.02,BASE_Q-1-25
2024-11-13,449.0,BASE_Y-26
2024-11-13,431.2,BASE_M-12-24
2024-11-13,439.0,BASE_Y-28
2024-11-13,462.5,BASE_M-01-25
2024-11-13,481.5,BASE_Y-27
2024-11-13,440.38,BASE_Q-4-25
2024-11-13,406.5,BASE_Q-2-25
2024-11-14,452.2,BASE_Y-26
2024-11-14,435.0,BASE_M-12-24
2024-11-14,446.8,BASE_Q-4-25
2024-11-14,471.5,BASE_M-01-25
2024-11-14,481.0,BASE_Y-27
2024-11-14,436.8,BASE_Y-25
2024-11-14,438.33,BASE_Q-3-25
2024-11-14,446.32,BASE_Q-1-25
2024-11-14,448.0,BASE_Y-28
2024-11-14,414.5,BASE_Q-2-25
2024-11-15,436.04,BASE_Y-25
2024-11-15,413.0,BASE_Q-2-25
2024-11-15,443.82,BASE_Q-1-25
2024-11-15,437.9,BASE_M-12-24
2024-11-15,445.55,BASE_Q-4-25
2024-11-15,471.6,BASE_M-01-25
2024-11-15,451.8,BASE_Y-26
2024-11-15,484.0,BASE_Y-27
2024-11-15,436.75,BASE_Q-3-25
2024-11-15,447.5,BASE_Y-28
2024-11-18,485.75,BASE_Y-27
2024-11-18,450.15,BASE_Q-4-25
2024-11-18,455.5,BASE_Y-26
2024-11-18,441.24,BASE_Y-25
2024-11-18,420.5,BASE_Q-2-25
2024-11-18,442.13,BASE_Q-3-25
2024-11-18,483.4,BASE_M-01-25
2024-11-18,449.76,BASE_Q-1-25
2024-11-18,452.4,BASE_M-12-24
2024-11-18,445.5,BASE_Y-28
2024-11-19,439.89,BASE_Y-25
2024-11-19,480.0,BASE_M-01-25
2024-11-19,447.8,BASE_Q-1-25
2024-11-19,445.0,BASE_Y-28
2024-11-19,454.0,BASE_Y-26
2024-11-19,458.62,BASE_M-12-24
2024-11-19,450.0,BASE_Q-4-25
2024-11-19,416.0,BASE_Q-2-25
2024-11-19,485.0,BASE_Y-27
2024-11-19,440.75,BASE_Q-3-25
2024-11-20,476.33,BASE_M-01-25
2024-11-20,492.75,BASE_Y-27
2024-11-20,447.0,BASE_Y-28
2024-11-20,436.28,BASE_Y-25
2024-11-20,437.0,BASE_Q-3-25
2024-11-20,413.56,BASE_Q-2-25
2024-11-20,449.57,BASE_M-12-24
2024-11-20,448.0,BASE_Q-4-25
2024-11-20,444.45,BASE_Q-1-25
2024-11-20,453.33,BASE_Y-26
2024-11-21,459.5,BASE_Y-26
2024-11-21,417.0,BASE_Q-2-25
2024-11-21,500.5,BASE_Y-27
2024-11-21,453.5,BASE_Q-4-25
2024-11-21,446.0,BASE_Y-28
2024-11-21,443.0,BASE_Q-3-25
2024-11-21,455.9,BASE_Q-1-25
2024-11-21,464.03,BASE_M-12-24
2024-11-21,486.81,BASE_M-01-25
2024-11-21,441.7,BASE_Y-25
2024-11-22,451.5,BASE_Y-28
2024-11-22,452.0,BASE_Q-1-25
2024-11-22,448.0,BASE_Q-4-25
2024-11-22,459.29,BASE_M-12-24
2024-11-22,438.2,BASE_Y-25
2024-11-22,482.94,BASE_M-01-25
2024-11-22,497.5,BASE_Y-27
2024-11-22,414.0,BASE_Q-2-25
2024-11-22,469.0,BASE_M-02-25
2024-11-22,458.33,BASE_Y-26
2024-11-22,437.75,BASE_Q-3-25
2024-11-25,448.13,BASE_Q-4-25
2024-11-25,481.83,BASE_M-01-25
2024-11-25,500.0,BASE_Y-27
2024-11-25,469.9,BASE_M-12-24
2024-11-25,474.08,BASE_Y-28
2024-11-25,438.47,BASE_Y-25
2024-11-25,436.75,BASE_Q-3-25
2024-11-25,415.0,BASE_Q-2-25
2024-11-25,455.1,BASE_Q-1-25
2024-11-25,465.0,BASE_M-02-25
2024-11-25,458.0,BASE_Y-26
2024-11-26,496.5,BASE_Y-27
2024-11-26,462.34,BASE_M-12-24
2024-11-26,444.0,BASE_Q-4-25
2024-11-26,495.5,BASE_Y-28
2024-11-26,430.0,BASE_Q-3-25
2024-11-26,448.99,BASE_Q-1-25
2024-11-26,484.5,BASE_M-02-25
2024-11-26,478.2,BASE_M-01-25
2024-11-26,410.2,BASE_Q-2-25
2024-11-26,432.6,BASE_Y-25
2024-11-26,455.25,BASE_Y-26
2024-11-27,411.0,BASE_Q-2-25
2024-11-27,445.0,BASE_Q-4-25
2024-11-27,496.0,BASE_Y-27
2024-11-27,507.0,BASE_Y-28
2024-11-27,483.5,BASE_M-02-25
2024-11-27,455.75,BASE_Y-26
2024-11-27,447.41,BASE_Q-1-25
2024-11-27,465.5,BASE_M-12-24
2024-11-27,433.48,BASE_Y-25
2024-11-27,478.38,BASE_M-01-25
2024-11-27,430.8,BASE_Q-3-25
2024-11-28,431.0,BASE_Q-3-25
2024-11-28,447.45,BASE_Q-4-25
2024-11-28,468.0,BASE_M-02-25
2024-11-28,433.5,BASE_Y-25
2024-11-28,472.51,BASE_M-12-24
2024-11-28,497.0,BASE_Y-27
2024-11-28,517.0,BASE_Y-28
2024-11-28,447.7,BASE_Q-1-25
2024-11-28,412.0,BASE_Q-2-25
2024-11-28,477.36,BASE_M-01-25
2024-11-28,457.0,BASE_Y-26
2024-11-29,465.0,BASE_M-02-25
2024-11-29,456.0,BASE_Y-26
2024-11-29,494.19,BASE_Y-27
2024-11-29,430.29,BASE_Y-25
2024-11-29,442.76,BASE_Q-1-25
2024-11-29,534.0,BASE_Y-28
2024-11-29,474.24,BASE_M-01-25
2024-11-29,428.0,BASE_Q-3-25
2024-11-29,408.0,BASE_Q-2-25
2024-11-29,445.0,BASE_Q-4-25
2024-12-02,433.04,BASE_Y-25
2024-12-02,482.4,BASE_M-01-25
2024-12-02,455.0,BASE_Y-26
2024-12-02,463.0,BASE_M-02-25
2024-12-02,447.3,BASE_Q-1-25
2024-12-02,446.75,BASE_Q-4-25
2024-12-02,412.0,BASE_Q-2-25
2024-12-02,483.5,BASE_Y-27
2024-12-02,429.5,BASE_Q-3-25
2024-12-02,507.3,BASE_Y-28
2024-12-02,408.0,BASE_M-03-25
2024-12-03,428.75,BASE_Q-3-25
2024-12-03,483.6,BASE_M-01-25
2024-12-03,411.8,BASE_Q-2-25
2024-12-03,481.94,BASE_Y-28
2024-12-03,433.48,BASE_Y-25
2024-12-03,488.1,BASE_Y-27
2024-12-03,448.0,BASE_Q-4-25
2024-12-03,456.16,BASE_Y-26
2024-12-03,447.0,BASE_Q-1-25
2024-12-03,456.5,BASE_M-02-25
2024-12-03,404.0,BASE_M-03-25
2024-12-04,450.87,BASE_M-02-25
2024-12-04,445.0,BASE_Q-4-25
2024-12-04,409.8,BASE_Q-2-25
2024-12-04,478.0,BASE_M-01-25
2024-12-04,484.5,BASE_Y-28
2024-12-04,400.0,BASE_M-03-25
2024-12-04,454.0,BASE_Y-26
2024-12-04,430.65,BASE_Y-25
2024-12-04,441.98,BASE_Q-1-25
2024-12-04,488.0,BASE_Y-27
2024-12-04,427.8,BASE_Q-3-25
2024-12-05,426.0,BASE_Q-3-25
2024-12-05,488.25,BASE_Y-27
2024-12-05,444.08,BASE_Q-4-25
2024-12-05,453.0,BASE_Y-26
2024-12-05,430.25,BASE_Y-25
2024-12-05,474.0,BASE_M-01-25
2024-12-05,410.0,BASE_Q-2-25
2024-12-05,485.0,BASE_Y-28
2024-12-05,397.5,BASE_M-03-25
2024-12-05,452.0,BASE_M-02-25
2024-12-05,440.0,BASE_Q-1-25
2024-12-06,424.0,BASE_Q-3-25
2024-12-06,469.2,BASE_M-01-25
2024-12-06,390.7,BASE_M-03-25
2024-12-06,428.06,BASE_Y-25
2024-12-06,465.0,BASE_Y-28
2024-12-06,408.47,BASE_Q-2-25
2024-12-06,442.5,BASE_Q-4-25
2024-12-06,435.16,BASE_Q-1-25
2024-12-06,452.0,BASE_M-02-25
2024-12-06,485.0,BASE_Y-27
2024-12-06,450.13,BASE_Y-26
2024-12-09,435.05,BASE_Q-1-25
2024-12-09,407.0,BASE_Q-2-25
2024-12-09,465.0,BASE_Y-28
2024-12-09,472.0,BASE_Y-27
2024-12-09,424.0,BASE_Q-3-25
2024-12-09,443.0,BASE_Q-4-25
2024-12-09,450.0,BASE_Y-26
2024-12-09,462.6,BASE_M-01-25
2024-12-09,426.27,BASE_Y-25
2024-12-09,389.79,BASE_M-03-25
2024-12-09,451.9,BASE_M-02-25
2024-12-10,466.5,BASE_Y-28
2024-12-10,472.5,BASE_Y-27
2024-12-10,450.33,BASE_Y-26
2024-12-10,410.15,BASE_Q-2-25
2024-12-10,463.34,BASE_M-01-25
2024-12-10,436.23,BASE_Q-1-25
2024-12-10,394.0,BASE_M-03-25
2024-12-10,425.0,BASE_Q-3-25
2024-12-10,428.2,BASE_Y-25
2024-12-10,443.0,BASE_Q-4-25
2024-12-10,452.47,BASE_M-02-25
2024-12-11,397.0,BASE_M-03-25
2024-12-11,455.0,BASE_Y-26
2024-12-11,413.5,BASE_Q-2-25
2024-12-11,477.5,BASE_Y-28
2024-12-11,465.26,BASE_M-01-25
2024-12-11,431.85,BASE_Y-25
2024-12-11,456.07,BASE_M-02-25
2024-12-11,428.0,BASE_Q-3-25
2024-12-11,445.0,BASE_Q-4-25
2024-12-11,472.5,BASE_Y-27
2024-12-11,439.4,BASE_Q-1-25
2024-12-12,454.05,BASE_M-02-25
2024-12-12,470.0,BASE_Y-27
2024-12-12,409.85,BASE_Q-2-25
2024-12-12,394.81,BASE_M-03-25
2024-12-12,428.74,BASE_Y-25
2024-12-12,451.8,BASE_Y-26
2024-12-12,461.34,BASE_M-01-25
2024-12-12,425.6,BASE_Q-3-25
2024-12-12,436.52,BASE_Q-1-25
2024-12-12,442.6,BASE_Q-4-25
2024-12-12,455.0,BASE_Y-28
2024-12-13,467.25,BASE_Y-27
2024-12-13,459.06,BASE_M-01-25
2024-12-13,424.67,BASE_Q-3-25
2024-12-13,394.0,BASE_M-03-25
2024-12-13,427.55,BASE_Y-25
2024-12-13,441.9,BASE_Q-4-25
2024-12-13,434.39,BASE_Q-1-25
2024-12-13,455.0,BASE_Y-28
2024-12-13,448.0,BASE_Y-26
2024-12-13,451.0,BASE_M-02-25
2024-12-13,408.0,BASE_Q-2-25
2024-12-16,465.5,BASE_Y-28
2024-12-16,418.0,BASE_Q-1-25
2024-12-16,415.21,BASE_Q-3-25
2024-12-16,431.86,BASE_Q-4-25
2024-12-16,439.6,BASE_M-01-25
2024-12-16,417.14,BASE_Y-25
2024-12-16,435.45,BASE_M-02-25
2024-12-16,381.89,BASE_M-03-25
2024-12-16,442.0,BASE_Y-26
2024-12-16,397.8,BASE_Q-2-25
2024-12-16,464.5,BASE_Y-27
2024-12-17,432.55,BASE_Q-4-25
2024-12-17,440.5,BASE_Y-26
2024-12-17,417.13,BASE_Q-3-25
2024-12-17,401.25,BASE_Q-2-25
2024-12-17,418.0,BASE_Y-25
2024-12-17,437.13,BASE_M-01-25
2024-12-17,435.05,BASE_M-02-25
2024-12-17,416.99,BASE_Q-1-25
2024-12-17,380.79,BASE_M-03-25
2024-12-17,453.0,BASE_Y-28
2024-12-17,468.75,BASE_Y-27
2024-12-18,436.05,BASE_M-02-25
2024-12-18,419.75,BASE_Q-3-25
2024-12-18,468.0,BASE_Y-27
2024-12-18,417.35,BASE_Q-1-25
2024-12-18,457.5,BASE_Y-28
2024-12-18,439.5,BASE_Y-26
2024-12-18,418.45,BASE_Y-25
2024-12-18,401.63,BASE_Q-2-25
2024-12-18,436.3,BASE_M-01-25
2024-12-18,434.23,BASE_Q-4-25
2024-12-18,385.0,BASE_M-03-25
2024-12-19,423.5,BASE_Q-3-25
2024-12-19,436.78,BASE_Q-4-25
2024-12-19,445.6,BASE_M-01-25
2024-12-19,438.5,BASE_Y-26
2024-12-19,388.83,BASE_M-03-25
2024-12-19,420.59,BASE_Y-25
2024-12-19,480.38,BASE_Y-28
2024-12-19,467.9,BASE_Y-27
2024-12-19,440.3,BASE_M-02-25
2024-12-19,422.15,BASE_Q-1-25
2024-12-19,403.6,BASE_Q-2-25
2024-12-20,436.0,BASE_Q-4-25
2024-12-20,441.0,BASE_M-02-25
2024-12-20,424.0,BASE_Q-3-25
2024-12-20,445.85,BASE_M-01-25
2024-12-20,467.0,BASE_Y-27
2024-12-20,467.5,BASE_Y-28
2024-12-20,390.13,BASE_M-03-25
2024-12-20,439.92,BASE_Y-26
2024-12-20,425.48,BASE_Q-1-25
2024-12-20,422.5,BASE_Y-25
2024-12-20,406.0,BASE_Q-2-25
2024-12-23,467.9,BASE_M-01-25
2024-12-23,448.97,BASE_M-02-25
2024-12-23,410.0,BASE_Q-2-25
2024-12-23,442.2,BASE_Q-4-25
2024-12-23,437.9,BASE_Q-1-25
2024-12-23,427.93,BASE_Y-25
2024-12-23,467.5,BASE_Y-28
2024-12-23,443.25,BASE_Y-26
2024-12-23,466.0,BASE_Y-27
2024-12-23,394.0,BASE_M-03-25
2024-12-23,428.1,BASE_Q-3-25
2024-12-24,469.3,BASE_M-01-25
2024-12-24,444.0,BASE_Y-26
2024-12-24,426.5,BASE_Q-3-25
2024-12-24,427.25,BASE_Y-25
2024-12-24,439.9,BASE_Q-1-25
2024-12-24,468.0,BASE_Y-27
2024-12-24,449.06,BASE_M-02-25
2024-12-24,409.0,BASE_Q-2-25
2024-12-24,467.5,BASE_Y-28
2024-12-24,443.75,BASE_Q-4-25
2024-12-24,397.5,BASE_M-03-25
2024-12-27,426.5,BASE_Q-3-25
2024-12-27,408.0,BASE_Q-2-25
2024-12-27,465.0,BASE_Y-27
2024-12-27,443.25,BASE_Q-4-25
2024-12-27,438.8,BASE_Q-1-25
2024-12-27,438.05,BASE_Y-26
2024-12-27,428.02,BASE_Y-25
2024-12-27,450.7,BASE_M-02-25
2024-12-27,467.5,BASE_Y-28
2024-12-27,467.15,BASE_M-01-25
2024-12-27,393.07,BASE_M-03-25
2024-12-30,437.1,BASE_Y-26
2024-12-30,450.0,BASE_M-02-25
2024-12-30,458.25,BASE_Y-27
2024-12-30,445.0,BASE_Q-4-25
2024-12-30,463.0,BASE_Y-28
2024-12-30,403.5,BASE_Q-2-25
2024-12-30,398.0,BASE_M-03-25
2024-12-30,427.0,BASE_Q-3-25
2024-12-31,463.0,BASE_Y-28
2024-12-31,449.85,BASE_M-02-25
2024-12-31,437.5,BASE_Y-26
2024-12-31,430.0,BASE_Q-3-25
2024-12-31,396.36,BASE_M-03-25
2024-12-31,449.0,BASE_Q-4-25
2024-12-31,408.75,BASE_Q-2-25
2024-12-31,460.0,BASE_Y-27
2025-01-02,431.0,BASE_Q-3-25
2025-01-02,408.13,BASE_Q-2-25
2025-01-02,463.0,BASE_Y-28
2025-01-02,453.47,BASE_M-02-25
2025-01-02,397.67,BASE_M-03-25
2025-01-02,449.19,BASE_Q-4-25
2025-01-02,438.75,BASE_Y-26
2025-01-02,463.0,BASE_Y-27
2025-01-03,410.5,BASE_Q-2-25
2025-01-03,458.65,BASE_M-02-25
2025-01-03,447.57,BASE_Y-26
2025-01-03,400.0,BASE_M-03-25
2025-01-03,450.38,BASE_Q-4-25
2025-01-03,467.0,BASE_Y-27
2025-01-03,432.0,BASE_Q-3-25
2025-01-03,463.0,BASE_Y-28
2025-01-07,463.0,BASE_Y-28
2025-01-07,397.0,BASE_M-04-25
2025-01-07,457.5,BASE_Y-27
2025-01-07,429.0,BASE_Q-3-25
2025-01-07,448.0,BASE_Q-4-25
2025-01-07,396.5,BASE_M-03-25
2025-01-07,452.4,BASE_M-02-25
2025-01-07,405.5,BASE_Q-2-25
2025-01-07,445.0,BASE_Y-26
2025-01-08,463.0,BASE_Y-28
2025-01-08,443.15,BASE_Y-26
2025-01-08,445.03,BASE_Q-4-25
2025-01-08,402.61,BASE_Q-2-25
2025-01-08,397.0,BASE_M-04-25
2025-01-08,440.46,BASE_M-02-25
2025-01-08,423.93,BASE_Q-3-25
2025-01-08,462.4,BASE_Y-27
2025-01-08,394.2,BASE_M-03-25
2025-01-09,395.56,BASE_M-04-25
2025-01-09,447.7,BASE_Y-26
2025-01-09,463.0,BASE_Y-28
2025-01-09,393.45,BASE_M-03-25
2025-01-09,461.5,BASE_Y-27
2025-01-09,401.5,BASE_Q-2-25
2025-01-09,425.63,BASE_Q-3-25
2025-01-09,446.5,BASE_Q-4-25
2025-01-09,436.4,BASE_M-02-25
2025-01-10,463.0,BASE_Y-28
2025-01-10,396.25,BASE_M-03-25
2025-01-10,450.81,BASE_Y-26
2025-01-10,404.71,BASE_Q-2-25
2025-01-10,459.5,BASE_Y-27
2025-01-10,426.0,BASE_Q-3-25
2025-01-10,435.39,BASE_M-02-25
2025-01-10,398.14,BASE_M-04-25
2025-01-10,447.5,BASE_Q-4-25
2025-01-13,410.13,BASE_Q-2-25
2025-01-13,441.98,BASE_M-02-25
2025-01-13,448.0,BASE_Q-4-25
2025-01-13,402.0,BASE_M-03-25
2025-01-13,445.0,BASE_Y-28
2025-01-13,431.25,BASE_Q-3-25
2025-01-13,408.15,BASE_M-04-25
2025-01-13,460.0,BASE_Y-27
2025-01-13,454.5,BASE_Y-26
2025-01-14,408.0,BASE_M-04-25
2025-01-14,404.13,BASE_Q-2-25
2025-01-14,444.5,BASE_M-02-25
2025-01-14,463.25,BASE_Y-27
2025-01-14,442.5,BASE_Y-28
2025-01-14,448.11,BASE_Q-4-25
2025-01-14,431.78,BASE_Q-3-25
2025-01-14,457.0,BASE_Y-26
2025-01-14,401.17,BASE_M-03-25
2025-01-15,449.78,BASE_Q-4-25
2025-01-15,405.5,BASE_M-03-25
2025-01-15,452.5,BASE_Y-28
2025-01-15,464.67,BASE_Y-27
2025-01-15,433.05,BASE_Q-3-25
2025-01-15,410.0,BASE_Q-2-25
2025-01-15,411.0,BASE_M-04-25
2025-01-15,459.44,BASE_Y-26
2025-01-15,449.71,BASE_M-02-25
2025-01-16,448.0,BASE_Q-4-25
2025-01-16,432.0,BASE_Q-3-25
2025-01-16,458.15,BASE_Y-26
2025-01-16,409.5,BASE_Q-2-25
2025-01-16,409.0,BASE_M-04-25
2025-01-16,450.0,BASE_Y-28
2025-01-16,460.13,BASE_Y-27
2025-01-16,447.16,BASE_M-02-25
2025-01-16,400.17,BASE_M-03-25
2025-01-17,432.8,BASE_Q-3-25
2025-01-17,460.0,BASE_Y-26
2025-01-17,408.5,BASE_Q-2-25
2025-01-17,460.0,BASE_Y-27
2025-01-17,451.41,BASE_Q-4-25
2025-01-17,409.84,BASE_M-04-25
2025-01-17,450.0,BASE_Y-28
2025-01-17,405.48,BASE_M-03-25
2025-01-17,455.29,BASE_M-02-25
2025-01-20,462.0,BASE_Y-27
2025-01-20,462.0,BASE_Y-26
2025-01-20,410.6,BASE_Q-2-25
2025-01-20,445.0,BASE_Y-28
2025-01-20,411.7,BASE_M-04-25
2025-01-20,454.39,BASE_Q-4-25
2025-01-20,407.0,BASE_M-03-25
2025-01-20,432.0,BASE_Q-3-25
2025-01-20,457.74,BASE_M-02-25
2025-01-21,406.16,BASE_M-03-25
2025-01-21,445.0,BASE_Y-28
2025-01-21,457.0,BASE_Y-26
2025-01-21,409.25,BASE_Q-2-25
2025-01-21,453.39,BASE_Q-4-25
2025-01-21,459.0,BASE_Y-27
2025-01-21,456.71,BASE_M-02-25
2025-01-21,408.75,BASE_M-04-25
2025-01-21,430.92,BASE_Q-3-25
2025-01-22,406.5,BASE_M-03-25
2025-01-22,408.03,BASE_M-04-25
2025-01-22,440.0,BASE_Y-28
2025-01-22,407.69,BASE_Q-2-25
2025-01-22,454.25,BASE_Y-27
2025-01-22,456.85,BASE_M-02-25
2025-01-22,457.0,BASE_Y-26
2025-01-22,430.92,BASE_Q-3-25
2025-01-22,452.0,BASE_Q-4-25
2025-01-23,456.0,BASE_Y-27
2025-01-23,411.5,BASE_M-04-25
2025-01-23,411.3,BASE_M-03-25
2025-01-23,410.88,BASE_Q-2-25
2025-01-23,449.5,BASE_Y-28
2025-01-23,434.0,BASE_Q-3-25
2025-01-23,461.8,BASE_Y-26
2025-01-23,460.45,BASE_M-02-25
2025-01-23,459.5,BASE_Q-4-25
2025-01-24,447.0,BASE_Y-28
2025-01-24,408.5,BASE_M-04-25
2025-01-24,462.0,BASE_M-02-25
2025-01-24,412.5,BASE_M-03-25
2025-01-24,457.13,BASE_Q-4-25
2025-01-24,413.34,BASE_Q-2-25
2025-01-24,451.6,BASE_Y-27
2025-01-24,461.33,BASE_Y-26
2025-01-24,434.56,BASE_Q-3-25
2025-01-27,460.53,BASE_M-02-25
2025-01-27,432.45,BASE_Q-3-25
2025-01-27,411.5,BASE_Q-2-25
2025-01-27,447.5,BASE_Y-28
2025-01-27,454.0,BASE_Q-4-25
2025-01-27,413.0,BASE_M-03-25
2025-01-27,461.0,BASE_Y-26
2025-01-27,403.0,BASE_M-04-25
2025-01-27,450.0,BASE_Y-27
2025-01-28,461.5,BASE_Y-26
2025-01-28,415.75,BASE_M-03-25
2025-01-28,450.0,BASE_Y-27
2025-01-28,404.75,BASE_M-04-25
2025-01-28,452.5,BASE_Y-28
2025-01-28,432.75,BASE_Q-3-25
2025-01-28,454.33,BASE_Q-4-25
2025-01-28,411.33,BASE_Q-2-25
2025-01-28,463.86,BASE_M-02-25
2025-01-29,454.0,BASE_Y-27
2025-01-29,421.25,BASE_M-03-25
2025-01-29,444.6,BASE_Q-3-25
2025-01-29,422.2,BASE_Q-2-25
2025-01-29,492.7,BASE_M-02-25
2025-01-29,459.9,BASE_Q-4-25
2025-01-29,449.5,BASE_Y-28
2025-01-29,415.5,BASE_M-04-25
2025-01-29,466.69,BASE_Y-26
2025-01-30,469.45,BASE_Y-26
2025-01-30,428.0,BASE_Q-2-25
2025-01-30,433.86,BASE_M-03-25
2025-01-30,453.0,BASE_Y-27
2025-01-30,448.33,BASE_Q-3-25
2025-01-30,460.48,BASE_Q-4-25
2025-01-30,452.5,BASE_Y-28
2025-01-30,422.0,BASE_M-04-25
2025-01-31,445.99,BASE_M-03-25
2025-01-31,451.5,BASE_Y-27
2025-01-31,450.25,BASE_Y-28
2025-01-31,470.0,BASE_M-06-25
2025-01-31,455.33,BASE_Q-3-25
2025-01-31,470.93,BASE_Y-26
2025-01-31,436.15,BASE_Q-2-25
2025-01-31,466.36,BASE_Q-4-25
2025-01-31,430.4,BASE_M-04-25
2025-02-03,465.0,BASE_Q-4-25
2025-02-03,457.0,BASE_Q-3-25
2025-02-03,469.0,BASE_Y-26
2025-02-03,445.83,BASE_M-03-25
2025-02-03,434.8,BASE_Q-2-25
2025-02-03,451.0,BASE_Y-27
2025-02-03,450.0,BASE_Y-28
2025-02-03,433.05,BASE_M-04-25
2025-02-03,470.01,BASE_M-06-25
2025-02-04,450.0,BASE_Y-27
2025-02-04,465.5,BASE_Q-4-25
2025-02-04,450.0,BASE_Y-28
2025-02-04,445.2,BASE_M-03-25
2025-02-04,455.83,BASE_Q-3-25
2025-02-04,465.63,BASE_Y-26
2025-02-04,430.92,BASE_Q-2-25
2025-02-04,432.37,BASE_M-04-25
2025-02-04,467.0,BASE_M-06-25
2025-02-05,450.75,BASE_M-03-25
2025-02-05,472.0,BASE_M-06-25
2025-02-05,432.51,BASE_Q-2-25
2025-02-05,456.0,BASE_Q-3-25
2025-02-05,466.38,BASE_Q-4-25
2025-02-05,445.0,BASE_Y-28
2025-02-05,450.0,BASE_Y-27
2025-02-05,434.86,BASE_M-04-25
2025-02-05,466.07,BASE_Y-26
2025-02-06,467.33,BASE_M-03-25
2025-02-06,451.68,BASE_Y-28
2025-02-06,442.63,BASE_M-04-25
2025-02-06,439.0,BASE_Q-2-25
2025-02-06,480.0,BASE_M-06-25
2025-02-06,470.88,BASE_Q-4-25
2025-02-06,461.0,BASE_Q-3-25
2025-02-06,466.34,BASE_Y-26
2025-02-06,448.5,BASE_Y-27
2025-02-07,452.5,BASE_Y-28
2025-02-07,445.0,BASE_M-04-25
2025-02-07,473.57,BASE_M-03-25
2025-02-07,448.75,BASE_Y-27
2025-02-07,465.0,BASE_Q-3-25
2025-02-07,466.52,BASE_Y-26
2025-02-07,448.3,BASE_Q-2-25
2025-02-07,471.91,BASE_Q-4-25
2025-02-07,476.75,BASE_M-06-25
2025-02-07,432.25,BASE_M-05-25
2025-02-10,485.0,BASE_M-06-25
2025-02-10,453.5,BASE_Y-27
2025-02-10,451.75,BASE_M-04-25
2025-02-10,476.3,BASE_Q-4-25
2025-02-10,456.56,BASE_Q-2-25
2025-02-10,472.3,BASE_Q-3-25
2025-02-10,453.5,BASE_Y-28
2025-02-10,468.0,BASE_Y-26
2025-02-10,489.51,BASE_M-03-25
2025-02-10,432.25,BASE_M-05-25
2025-02-11,471.9,BASE_Q-3-25
2025-02-11,453.96,BASE_Q-2-25
2025-02-11,480.0,BASE_M-06-25
2025-02-11,451.0,BASE_M-04-25
2025-02-11,474.99,BASE_Q-4-25
2025-02-11,467.75,BASE_Y-26
2025-02-11,485.2,BASE_M-03-25
2025-02-11,454.5,BASE_Y-27
2025-02-11,435.63,BASE_M-05-25
2025-02-11,452.5,BASE_Y-28
2025-02-12,448.55,BASE_Y-28
2025-02-12,465.78,BASE_Q-4-25
2025-02-12,420.0,BASE_M-05-25
2025-02-12,436.61,BASE_M-04-25
2025-02-12,442.09,BASE_Q-2-25
2025-02-12,462.0,BASE_M-06-25
2025-02-12,451.88,BASE_Y-27
2025-02-12,469.78,BASE_M-03-25
2025-02-12,464.0,BASE_Q-3-25
2025-02-12,464.95,BASE_Y-26
2025-02-13,421.3,BASE_Q-2-25
2025-02-13,445.0,BASE_Y-28
2025-02-13,424.85,BASE_M-04-25
2025-02-13,445.0,BASE_Y-27
2025-02-13,448.0,BASE_Q-3-25
2025-02-13,457.0,BASE_Y-26
2025-02-13,454.32,BASE_Q-4-25
2025-02-13,450.0,BASE_M-06-25
2025-02-13,447.51,BASE_M-03-25
2025-02-13,402.07,BASE_M-05-25
2025-02-14,420.35,BASE_Q-2-25
2025-02-14,449.0,BASE_Y-28
2025-02-14,422.0,BASE_M-04-25
2025-02-14,445.0,BASE_Y-27
2025-02-14,442.75,BASE_M-03-25
2025-02-14,440.0,BASE_M-06-25
2025-02-14,444.29,BASE_Q-3-25
2025-02-14,399.0,BASE_M-05-25
2025-02-14,459.25,BASE_Q-4-25
2025-02-14,458.0,BASE_Y-26
2025-02-17,456.1,BASE_Y-26
2025-02-17,419.9,BASE_M-04-25
2025-02-17,444.5,BASE_M-06-25
2025-02-17,456.0,BASE_Q-4-25
2025-02-17,445.0,BASE_Y-27
2025-02-17,450.0,BASE_Y-28
2025-02-17,396.0,BASE_M-05-25
2025-02-17,420.0,BASE_Q-2-25
2025-02-17,440.0,BASE_Q-3-25
2025-02-17,429.61,BASE_M-03-25
2025-02-18,418.0,BASE_Q-2-25
2025-02-18,441.8,BASE_Y-27
2025-02-18,418.4,BASE_M-04-25
2025-02-18,445.17,BASE_Y-28
2025-02-18,444.5,BASE_M-06-25
2025-02-18,450.33,BASE_Q-4-25
2025-02-18,399.5,BASE_M-05-25
2025-02-18,442.25,BASE_Q-3-25
2025-02-18,436.9,BASE_M-03-25
2025-02-18,451.61,BASE_Y-26
2025-02-19,422.52,BASE_M-04-25
2025-02-19,448.0,BASE_Y-26
2025-02-19,452.43,BASE_Q-4-25
2025-02-19,442.86,BASE_Q-3-25
2025-02-19,440.0,BASE_Y-27
2025-02-19,402.25,BASE_M-05-25
2025-02-19,446.0,BASE_Y-28
2025-02-19,450.5,BASE_M-06-25
2025-02-19,431.9,BASE_M-03-25
2025-02-19,419.43,BASE_Q-2-25
2025-02-20,430.3,BASE_Q-2-25
2025-02-20,441.0,BASE_Y-28
2025-02-20,401.25,BASE_M-05-25
2025-02-20,458.5,BASE_Q-4-25
2025-02-20,427.4,BASE_M-04-25
2025-02-20,439.2,BASE_Y-27
2025-02-20,442.8,BASE_M-03-25
2025-02-20,450.5,BASE_M-06-25
2025-02-20,446.5,BASE_Y-26
2025-02-20,450.67,BASE_Q-3-25
2025-02-21,458.75,BASE_M-06-25
2025-02-21,443.0,BASE_Y-28
2025-02-21,475.0,BASE_Q-1-26
2025-02-21,433.0,BASE_Q-3-26
2025-02-21,448.25,BASE_Y-26
2025-02-21,434.8,BASE_Q-2-25
2025-02-21,416.0,BASE_M-05-25
2025-02-21,433.9,BASE_M-04-25
2025-02-21,441.86,BASE_Y-27
2025-02-21,453.41,BASE_Q-3-25
2025-02-21,447.15,BASE_M-03-25
2025-02-21,460.0,BASE_Q-4-25
2025-02-24,446.25,BASE_Y-26
2025-02-24,446.5,BASE_M-06-25
2025-02-24,429.33,BASE_M-04-25
2025-02-24,435.0,BASE_Y-27
2025-02-24,440.0,BASE_Y-28
2025-02-24,439.1,BASE_M-03-25
2025-02-24,475.0,BASE_Q-1-26
2025-02-24,447.67,BASE_Q-3-25
2025-02-24,456.35,BASE_Q-4-25
2025-02-24,432.5,BASE_Q-3-26
2025-02-24,428.4,BASE_Q-2-25
2025-02-24,410.0,BASE_M-05-25
2025-02-25,434.72,BASE_M-03-25
2025-02-25,438.75,BASE_Q-3-26
2025-02-25,442.63,BASE_Q-3-25
2025-02-25,410.0,BASE_M-05-25
2025-02-25,467.5,BASE_Q-1-26
2025-02-25,427.5,BASE_Y-28
2025-02-25,445.1,BASE_Y-26
2025-02-25,455.5,BASE_Q-4-25
2025-02-25,434.75,BASE_Y-27
2025-02-25,441.0,BASE_M-06-25
2025-02-25,419.71,BASE_Q-2-25
2025-02-25,425.58,BASE_M-04-25
2025-02-26,431.25,BASE_Y-27
2025-02-26,424.0,BASE_Y-28
2025-02-26,461.0,BASE_Q-1-26
2025-02-26,440.38,BASE_Y-26
2025-02-26,435.95,BASE_M-06-25
2025-02-26,415.33,BASE_Q-2-25
2025-02-26,397.89,BASE_M-05-25
2025-02-26,437.65,BASE_Q-3-25
2025-02-26,439.0,BASE_Q-3-26
2025-02-26,429.85,BASE_M-03-25
2025-02-26,416.81,BASE_M-04-25
2025-02-26,449.5,BASE_Q-4-25
2025-02-27,439.5,BASE_Y-26
2025-02-27,442.07,BASE_Q-3-25
2025-02-27,424.31,BASE_Q-2-25
2025-02-27,449.67,BASE_Q-4-25
2025-02-27,441.0,BASE_Q-3-26
2025-02-27,403.0,BASE_M-05-25
2025-02-27,433.5,BASE_Y-28
2025-02-27,440.5,BASE_M-06-25
2025-02-27,423.1,BASE_M-04-25
2025-02-27,464.5,BASE_Q-1-26
2025-02-27,430.67,BASE_Y-27
2025-02-28,443.0,BASE_Q-3-26
2025-02-28,438.0,BASE_Q-3-25
2025-02-28,439.25,BASE_Y-28
2025-02-28,422.08,BASE_Q-2-25
2025-02-28,423.39,BASE_M-04-25
2025-02-28,448.03,BASE_Q-4-25
2025-02-28,429.83,BASE_Y-27
2025-02-28,467.0,BASE_Q-1-26
2025-02-28,439.9,BASE_M-06-25
2025-02-28,439.3,BASE_Y-26
2025-02-28,403.0,BASE_M-05-25
2025-03-03,432.0,BASE_Y-27
2025-03-03,439.25,BASE_Y-28
2025-03-03,467.0,BASE_Q-1-26
2025-03-03,439.5,BASE_M-06-25
2025-03-03,440.42,BASE_Y-26
2025-03-03,400.15,BASE_M-05-25
2025-03-03,438.13,BASE_Q-3-25
2025-03-03,430.5,BASE_Q-3-26
2025-03-03,450.0,BASE_Q-4-25
2025-03-03,422.1,BASE_M-04-25
2025-03-03,420.4,BASE_Q-2-25
2025-03-04,427.25,BASE_M-06-25
2025-03-04,426.76,BASE_Q-3-25
2025-03-04,410.9,BASE_Q-2-25
2025-03-04,456.0,BASE_Q-1-26
2025-03-04,434.4,BASE_Q-4-25
2025-03-04,395.01,BASE_M-05-25
2025-03-04,415.99,BASE_M-04-25
2025-03-04,430.4,BASE_Y-26
2025-03-04,424.97,BASE_Y-27
2025-03-04,415.25,BASE_Q-3-26
2025-03-04,439.63,BASE_Y-28
2025-03-05,418.63,BASE_Q-3-26
2025-03-05,426.0,BASE_Y-27
2025-03-05,448.0,BASE_Q-1-26
2025-03-05,435.12,BASE_Q-4-25
2025-03-05,442.32,BASE_Y-28
2025-03-05,426.25,BASE_Q-3-25
2025-03-05,415.65,BASE_M-04-25
2025-03-05,409.36,BASE_Q-2-25
2025-03-05,424.9,BASE_M-06-25
2025-03-05,393.75,BASE_M-05-25
2025-03-05,430.1,BASE_Y-26
2025-03-06,442.0,BASE_Q-1-26
2025-03-06,436.01,BASE_Q-4-25
2025-03-06,420.0,BASE_M-06-25
2025-03-06,425.3,BASE_Y-26
2025-03-06,417.5,BASE_M-04-25
2025-03-06,406.82,BASE_Q-3-26
2025-03-06,422.0,BASE_Y-27
2025-03-06,427.3,BASE_Q-3-25
2025-03-06,392.0,BASE_M-05-25
2025-03-06,435.01,BASE_Y-28
2025-03-06,409.25,BASE_Q-2-25
2025-03-07,418.91,BASE_Q-3-26
2025-03-07,399.89,BASE_M-05-25
2025-03-07,425.29,BASE_M-06-25
2025-03-07,413.9,BASE_Q-2-25
2025-03-07,427.45,BASE_Y-26
2025-03-07,423.33,BASE_Y-27
2025-03-07,403.0,BASE_Q-2-26
2025-03-07,415.0,BASE_M-04-25
2025-03-07,435.0,BASE_Q-1-26
2025-03-07,433.0,BASE_Y-28
2025-03-07,436.4,BASE_Q-4-25
2025-03-07,429.1,BASE_Q-3-25
2025-03-10,441.0,BASE_Q-1-26
2025-03-10,437.0,BASE_Y-28
2025-03-10,400.5,BASE_M-05-25
2025-03-10,423.0,BASE_Y-27
2025-03-10,427.5,BASE_Y-26
2025-03-10,403.0,BASE_Q-2-26
2025-03-10,415.45,BASE_M-04-25
2025-03-10,412.55,BASE_Q-2-25
2025-03-10,418.91,BASE_Q-3-26
2025-03-10,429.6,BASE_Q-3-25
2025-03-10,436.83,BASE_Q-4-25
2025-03-10,430.0,BASE_M-06-25
2025-03-11,408.8,BASE_Q-2-25
2025-03-11,397.31,BASE_M-05-25
2025-03-11,439.86,BASE_Q-3-26
2025-03-11,437.0,BASE_Y-28
2025-03-11,403.22,BASE_M-04-25
2025-03-11,425.31,BASE_M-06-25
2025-03-11,434.5,BASE_Q-4-25
2025-03-11,427.1,BASE_Q-3-25
2025-03-11,425.95,BASE_Y-26
2025-03-11,420.63,BASE_Y-27
2025-03-11,423.0,BASE_Q-1-26
2025-03-11,423.15,BASE_Q-2-26
2025-03-12,398.2,BASE_M-04-25
2025-03-12,430.0,BASE_M-06-25
2025-03-12,429.5,BASE_Y-28
2025-03-12,426.33,BASE_Q-3-25
2025-03-12,395.68,BASE_M-05-25
2025-03-12,425.39,BASE_Y-26
2025-03-12,434.4,BASE_Q-4-25
2025-03-12,420.0,BASE_Y-27
2025-03-12,408.61,BASE_Q-2-25
2025-03-12,439.86,BASE_Q-3-26
2025-03-12,405.0,BASE_Q-2-26
2025-03-12,430.0,BASE_Q-1-26
2025-03-13,434.0,BASE_Y-28
2025-03-13,423.5,BASE_Y-27
2025-03-13,430.9,BASE_Q-3-25
2025-03-13,410.0,BASE_Q-2-26
2025-03-13,436.75,BASE_Q-4-25
2025-03-13,427.7,BASE_Y-26
2025-03-13,432.71,BASE_M-06-25
2025-03-13,439.86,BASE_Q-3-26
2025-03-13,409.37,BASE_Q-2-25
2025-03-13,394.95,BASE_M-05-25
2025-03-13,395.45,BASE_M-04-25
2025-03-13,415.0,BASE_Q-1-26
2025-03-14,396.0,BASE_M-05-25
2025-03-14,424.5,BASE_Q-3-26
2025-03-14,438.25,BASE_Q-4-25
2025-03-14,407.8,BASE_Q-2-25
2025-03-14,406.0,BASE_Q-2-26
2025-03-14,420.5,BASE_Y-27
2025-03-14,429.88,BASE_Q-3-25
2025-03-14,427.25,BASE_Y-26
2025-03-14,435.75,BASE_Q-1-26
2025-03-14,435.0,BASE_Y-28
2025-03-14,395.86,BASE_M-04-25
2025-03-14,430.5,BASE_M-06-25
2025-03-17,395.1,BASE_Q-2-25
2025-03-17,406.0,BASE_Q-2-26
2025-03-17,403.28,BASE_Q-3-26
2025-03-17,425.16,BASE_Q-3-25
2025-03-17,435.0,BASE_Q-4-25
2025-03-17,423.63,BASE_Y-26
2025-03-17,415.4,BASE_M-06-25
2025-03-17,438.0,BASE_Q-1-26
2025-03-17,415.0,BASE_Y-27
2025-03-17,388.0,BASE_M-04-25
2025-03-17,432.5,BASE_Y-28
2025-03-17,385.05,BASE_M-05-25
2025-03-18,435.0,BASE_Q-1-26
2025-03-18,435.0,BASE_Y-28
2025-03-18,416.0,BASE_Y-27
2025-03-18,409.0,BASE_Q-3-26
2025-03-18,411.0,BASE_Q-2-26
2025-03-18,424.81,BASE_Q-3-25
2025-03-18,397.43,BASE_Q-2-25
2025-03-18,437.63,BASE_Q-4-25
2025-03-18,423.64,BASE_Y-26
2025-03-18,418.0,BASE_M-06-25
2025-03-18,389.5,BASE_M-04-25
2025-03-18,387.3,BASE_M-05-25
2025-03-19,431.15,BASE_Q-3-25
2025-03-19,441.86,BASE_Q-4-25
2025-03-19,429.45,BASE_Q-3-26
2025-03-19,426.2,BASE_M-06-25
2025-03-19,396.1,BASE_M-04-25
2025-03-19,404.44,BASE_Q-2-25
2025-03-19,439.75,BASE_Y-28
2025-03-19,430.5,BASE_Y-26
2025-03-19,410.0,BASE_Q-2-26
2025-03-19,395.1,BASE_M-05-25
2025-03-19,452.0,BASE_Q-1-26
2025-03-19,423.0,BASE_Y-27
2025-03-20,432.8,BASE_Q-3-25
2025-03-20,431.5,BASE_M-06-25
2025-03-20,450.0,BASE_Q-1-26
2025-03-20,441.5,BASE_Q-3-26
2025-03-20,443.0,BASE_Q-4-25
2025-03-20,430.6,BASE_Y-26
2025-03-20,405.07,BASE_Q-2-25
2025-03-20,392.03,BASE_M-04-25
2025-03-20,427.67,BASE_Y-27
2025-03-20,393.56,BASE_M-05-25
2025-03-20,437.0,BASE_Y-28
2025-03-20,410.0,BASE_Q-2-26
2025-03-21,430.6,BASE_Y-27
2025-03-21,410.0,BASE_Q-2-26
2025-03-21,443.5,BASE_Q-4-25
2025-03-21,437.5,BASE_Y-28
2025-03-21,430.2,BASE_M-06-25
2025-03-21,392.28,BASE_M-04-25
2025-03-21,442.0,BASE_Q-1-26
2025-03-21,404.02,BASE_Q-2-25
2025-03-21,425.0,BASE_Q-3-26
2025-03-21,432.0,BASE_Q-3-25
2025-03-21,434.17,BASE_Y-26
2025-03-21,391.35,BASE_M-05-25
2025-03-24,440.22,BASE_Q-4-25
2025-03-24,427.0,BASE_Y-26
2025-03-24,401.0,BASE_Q-2-26
2025-03-24,398.01,BASE_Q-2-25
2025-03-24,427.0,BASE_Y-27
2025-03-24,426.7,BASE_M-06-25
2025-03-24,422.5,BASE_Q-3-26
2025-03-24,428.0,BASE_Q-3-25
2025-03-24,380.0,BASE_M-04-25
2025-03-24,436.0,BASE_Q-1-26
2025-03-24,384.97,BASE_M-05-25
2025-03-24,434.0,BASE_Y-28
2025-03-25,441.1,BASE_Q-1-26
2025-03-25,424.6,BASE_Y-27
2025-03-25,425.75,BASE_Y-26
2025-03-25,424.5,BASE_Q-3-26
2025-03-25,436.65,BASE_Q-4-25
2025-03-25,384.6,BASE_M-05-25
2025-03-25,426.17,BASE_Q-3-25
2025-03-25,396.95,BASE_Q-2-25
2025-03-25,406.0,BASE_Q-2-26
2025-03-25,425.17,BASE_M-06-25
2025-03-25,381.91,BASE_M-04-25
2025-03-25,434.0,BASE_Y-28
2025-03-26,406.0,BASE_Q-2-26
2025-03-26,427.25,BASE_Q-3-26
2025-03-26,422.5,BASE_Y-27
2025-03-26,431.05,BASE_Q-1-26
2025-03-26,384.35,BASE_M-05-25
2025-03-26,398.16,BASE_Q-2-25
2025-03-26,437.0,BASE_Y-28
2025-03-26,427.95,BASE_M-06-25
2025-03-26,436.5,BASE_Q-4-25
2025-03-26,427.56,BASE_Y-26
2025-03-26,425.3,BASE_Q-3-25
2025-03-26,382.18,BASE_M-04-25
2025-03-27,424.84,BASE_M-06-25
2025-03-27,428.63,BASE_Q-3-26
2025-03-27,422.05,BASE_Q-3-25
2025-03-27,379.24,BASE_M-04-25
2025-03-27,406.0,BASE_Q-2-26
2025-03-27,423.59,BASE_Y-26
2025-03-27,435.5,BASE_Y-28
2025-03-27,435.5,BASE_Q-4-25
2025-03-27,381.0,BASE_M-05-25
2025-03-27,436.5,BASE_Q-1-26
2025-03-27,420.0,BASE_Y-27
2025-03-27,394.55,BASE_Q-2-25
2025-03-28,406.0,BASE_Q-2-26
2025-03-28,436.4,BASE_Q-4-25
2025-03-28,426.85,BASE_M-06-25
2025-03-28,419.32,BASE_Q-3-26
2025-03-28,423.0,BASE_Y-27
2025-03-28,424.26,BASE_Q-3-25
2025-03-28,424.34,BASE_Y-26
2025-03-28,383.98,BASE_M-05-25
2025-03-28,439.0,BASE_Y-28
2025-03-28,397.76,BASE_Q-2-25
2025-03-28,384.05,BASE_M-04-25
2025-03-28,437.0,BASE_Q-1-26
2025-03-31,422.45,BASE_Q-3-25
2025-03-31,420.67,BASE_Y-27
2025-03-31,440.01,BASE_Q-1-26
2025-03-31,424.25,BASE_M-06-25
2025-03-31,419.32,BASE_Q-3-26
2025-03-31,439.0,BASE_Y-28
2025-03-31,435.0,BASE_Q-4-25
2025-03-31,384.0,BASE_M-05-25
2025-03-31,422.39,BASE_Y-26
2025-03-31,409.0,BASE_Q-2-26
2025-04-01,426.6,BASE_Q-3-25
2025-04-01,439.5,BASE_Q-4-25
2025-04-01,424.0,BASE_Y-26
2025-04-01,420.93,BASE_Y-27
2025-04-01,425.66,BASE_Q-3-26
2025-04-01,441.86,BASE_Q-1-26
2025-04-01,405.0,BASE_Q-2-26
2025-04-01,438.5,BASE_Y-28
2025-04-01,392.0,BASE_M-05-25
2025-04-01,430.73,BASE_M-06-25
2025-04-02,389.71,BASE_M-05-25
2025-04-02,443.5,BASE_Q-1-26
2025-04-02,407.5,BASE_Q-2-26
2025-04-02,430.4,BASE_M-06-25
2025-04-02,437.0,BASE_Y-28
2025-04-02,424.65,BASE_Y-26
2025-04-02,427.83,BASE_Q-3-26
2025-04-02,439.0,BASE_Q-4-25
2025-04-02,420.95,BASE_Y-27
2025-04-02,425.5,BASE_Q-3-25
2025-04-03,380.45,BASE_M-05-25
2025-04-03,415.95,BASE_Y-26
2025-04-03,415.8,BASE_Y-27
2025-04-03,435.33,BASE_Q-1-26
2025-04-03,416.85,BASE_M-06-25
2025-04-03,428.51,BASE_Q-4-25
2025-04-03,415.45,BASE_Q-3-25
2025-04-03,432.0,BASE_Y-28
2025-04-03,400.17,BASE_Q-2-26
2025-04-03,410.0,BASE_Q-3-26
2025-04-04,410.05,BASE_Y-26
2025-04-04,434.67,BASE_Y-28
2025-04-04,378.65,BASE_M-05-25
2025-04-04,400.0,BASE_Q-3-26
2025-04-04,396.71,BASE_Q-2-26
2025-04-04,431.2,BASE_Q-1-26
2025-04-04,424.8,BASE_Q-4-25
2025-04-04,411.0,BASE_Y-27
2025-04-04,406.8,BASE_M-06-25
2025-04-04,405.51,BASE_Q-3-25
2025-04-07,393.67,BASE_Q-3-26
2025-04-07,414.6,BASE_Q-4-25
2025-04-07,402.06,BASE_Y-27
2025-04-07,424.0,BASE_Y-28
2025-04-07,375.2,BASE_M-05-25
2025-04-07,393.9,BASE_Q-3-25
2025-04-07,425.0,BASE_Q-1-26
2025-04-07,389.83,BASE_Q-2-26
2025-04-07,403.15,BASE_Y-26
2025-04-07,403.07,BASE_M-06-25
2025-04-08,423.05,BASE_Q-4-25
2025-04-08,376.8,BASE_M-05-25
2025-04-08,394.5,BASE_Q-2-26
2025-04-08,400.4,BASE_Q-3-25
2025-04-08,405.9,BASE_M-06-25
2025-04-08,408.2,BASE_Y-27
2025-04-08,427.5,BASE_Q-1-26
2025-04-08,408.2,BASE_Y-26
2025-04-08,405.5,BASE_Q-3-26
2025-04-08,424.67,BASE_Y-28
2025-04-09,422.0,BASE_Y-28
2025-04-09,407.3,BASE_Y-27
2025-04-09,419.36,BASE_Q-4-25
2025-04-09,429.0,BASE_Q-1-26
2025-04-09,375.5,BASE_M-05-25
2025-04-09,402.5,BASE_Q-3-26
2025-04-09,406.15,BASE_M-06-25
2025-04-09,392.5,BASE_Q-2-26
2025-04-09,405.65,BASE_Y-26
2025-04-09,398.4,BASE_Q-3-25
2025-04-10,393.33,BASE_Q-2-26
2025-04-10,378.9,BASE_M-05-25
2025-04-10,398.5,BASE_Q-3-26
2025-04-10,411.14,BASE_Y-27
2025-04-10,429.0,BASE_Q-1-26
2025-04-10,411.9,BASE_M-06-25
2025-04-10,408.55,BASE_Y-26
2025-04-10,421.0,BASE_Y-28
2025-04-10,404.5,BASE_Q-3-25
2025-04-10,423.7,BASE_Q-4-25
2025-04-11,393.0,BASE_Q-2-26
2025-04-11,423.75,BASE_Y-28
2025-04-11,410.5,BASE_M-06-25
2025-04-11,410.92,BASE_Y-27
2025-04-11,400.0,BASE_Q-3-26
2025-04-11,429.8,BASE_Q-1-26
2025-04-11,380.7,BASE_M-05-25
2025-04-11,409.6,BASE_Y-26
2025-04-11,423.5,BASE_Q-4-25
2025-04-11,404.2,BASE_Q-3-25
2025-04-14,434.0,BASE_Q-1-26
2025-04-14,414.56,BASE_Y-27
2025-04-14,404.0,BASE_Q-3-26
2025-04-14,412.8,BASE_M-06-25
2025-04-14,396.0,BASE_Q-2-26
2025-04-14,380.5,BASE_M-05-25
2025-04-14,409.13,BASE_Q-3-25
2025-04-14,414.2,BASE_Y-26
2025-04-14,428.5,BASE_Y-28
2025-04-14,429.0,BASE_Q-4-25
2025-04-15,405.03,BASE_Q-3-25
2025-04-15,413.75,BASE_Y-26
2025-04-15,407.0,BASE_Q-3-26
2025-04-15,426.03,BASE_Q-4-25
2025-04-15,413.88,BASE_Y-27
2025-04-15,429.0,BASE_Y-28
2025-04-15,432.5,BASE_Q-1-26
2025-04-15,413.45,BASE_M-06-25
2025-04-15,379.92,BASE_M-05-25
2025-04-15,396.0,BASE_Q-2-26
2025-04-16,410.0,BASE_Q-3-26
2025-04-16,415.71,BASE_Y-26
2025-04-16,414.25,BASE_Y-27
2025-04-16,427.89,BASE_Q-4-25
2025-04-16,425.5,BASE_Y-28
2025-04-16,433.0,BASE_Q-1-26
2025-04-16,413.1,BASE_M-06-25
2025-04-16,381.8,BASE_M-05-25
2025-04-16,402.5,BASE_Q-2-26
2025-04-16,406.05,BASE_Q-3-25
2025-04-17,417.5,BASE_Y-27
2025-04-17,399.0,BASE_Q-2-26
2025-04-17,414.25,BASE_Y-26
2025-04-17,407.5,BASE_Q-3-26
2025-04-17,402.11,BASE_Q-3-25
2025-04-17,379.36,BASE_M-05-25
2025-04-17,435.5,BASE_Y-28
2025-04-17,412.0,BASE_M-06-25
2025-04-17,430.5,BASE_Q-1-26
2025-04-17,425.38,BASE_Q-4-25
2025-04-18,400.0,BASE_Q-2-26
2025-04-18,416.0,BASE_Y-27
2025-04-18,437.5,BASE_Y-28
2025-04-18,431.0,BASE_Q-1-26
2025-04-18,414.9,BASE_Y-26
2025-04-18,410.0,BASE_M-06-25
2025-04-18,405.5,BASE_Q-3-26
2025-04-18,425.5,BASE_Q-4-25
2025-04-18,405.51,BASE_Q-3-25
2025-04-18,380.56,BASE_M-05-25
2025-04-22,403.5,BASE_Q-3-26
2025-04-22,424.22,BASE_Q-4-25
2025-04-22,430.5,BASE_Q-1-26
2025-04-22,411.0,BASE_Y-26
2025-04-22,397.5,BASE_Q-2-26
2025-04-22,444.25,BASE_Y-28
2025-04-22,387.46,BASE_M-05-25
2025-04-22,408.13,BASE_M-06-25
2025-04-22,413.5,BASE_Y-27
2025-04-22,404.35,BASE_Q-3-25
2025-04-23,430.5,BASE_Q-1-26
2025-04-23,426.0,BASE_Q-4-25
2025-04-23,413.58,BASE_Y-26
2025-04-23,405.6,BASE_M-06-25
2025-04-23,413.5,BASE_Y-27
2025-04-23,382.0,BASE_M-05-25
2025-04-23,416.0,BASE_Q-3-26
2025-04-23,431.0,BASE_Y-28
2025-04-23,405.25,BASE_Q-3-25
2025-04-23,397.5,BASE_Q-2-26
2025-04-24,413.14,BASE_Y-27
2025-04-24,396.5,BASE_Q-2-26
2025-04-24,411.42,BASE_Y-26
2025-04-24,423.0,BASE_Q-4-25
2025-04-24,401.65,BASE_Q-3-25
2025-04-24,401.46,BASE_M-06-25
2025-04-24,374.1,BASE_M-05-25
2025-04-24,428.5,BASE_Y-28
2025-04-24,429.76,BASE_Q-1-26
2025-04-24,402.0,BASE_Q-3-26
2025-04-25,429.0,BASE_Q-1-26
2025-04-25,394.33,BASE_Q-2-26
2025-04-25,400.0,BASE_M-06-25
2025-04-25,399.5,BASE_Q-3-26
2025-04-25,373.93,BASE_M-05-25
2025-04-25,423.88,BASE_Q-4-25
2025-04-25,409.55,BASE_Y-26
2025-04-25,400.73,BASE_Q-3-25
2025-04-25,431.75,BASE_Y-28
2025-04-25,413.08,BASE_Y-27
2025-04-28,405.8,BASE_Y-27
2025-04-28,363.0,BASE_M-05-25
2025-04-28,388.9,BASE_Q-2-26
2025-04-28,423.25,BASE_Q-1-26
2025-04-28,404.19,BASE_Y-26
2025-04-28,430.0,BASE_Y-28
2025-04-28,414.75,BASE_Q-4-25
2025-04-28,412.5,BASE_Q-4-26
2025-04-28,397.0,BASE_Q-3-26
2025-04-28,390.3,BASE_M-06-25
2025-04-28,391.0,BASE_Q-3-25
2025-04-29,386.34,BASE_M-07-25
2025-04-29,384.0,BASE_Q-2-26
2025-04-29,429.5,BASE_Y-28
2025-04-29,402.75,BASE_Y-27
2025-04-29,419.0,BASE_Q-1-26
2025-04-29,412.5,BASE_Q-4-26
2025-04-29,411.65,BASE_Q-4-25
2025-04-29,381.6,BASE_M-08-25
2025-04-29,400.2,BASE_Y-26
2025-04-29,394.5,BASE_Q-3-26
2025-04-29,387.1,BASE_Q-3-25
2025-04-29,385.6,BASE_M-06-25
2025-04-29,390.0,BASE_M-09-25
2025-04-30,383.5,BASE_M-08-25
2025-04-30,387.5,BASE_M-07-25
2025-04-30,404.0,BASE_Y-27
2025-04-30,414.0,BASE_Q-4-26
2025-04-30,411.6,BASE_Q-4-25
2025-04-30,384.2,BASE_M-06-25
2025-04-30,386.5,BASE_Q-2-26
2025-04-30,424.5,BASE_Q-1-26
2025-04-30,395.5,BASE_Q-3-26
2025-04-30,433.5,BASE_Y-28
2025-04-30,401.26,BASE_Y-26
2025-04-30,390.29,BASE_Q-3-25
2025-04-30,429.0,BASE_M-09-25
2025-05-02,410.0,BASE_Y-27
2025-05-02,416.5,BASE_Q-4-25
2025-05-02,432.0,BASE_Q-4-26
2025-05-02,382.75,BASE_Q-3-26
2025-05-02,388.75,BASE_M-08-25
2025-05-02,434.25,BASE_Y-28
2025-05-02,396.0,BASE_Q-3-25
2025-05-02,373.25,BASE_Q-2-26
2025-05-02,383.75,BASE_M-07-25
2025-05-02,429.0,BASE_M-09-25
2025-05-02,430.0,BASE_Q-1-26
2025-05-02,382.0,BASE_M-06-25
2025-05-02,407.33,BASE_Y-26
2025-05-05,407.4,BASE_Y-26
2025-05-05,436.5,BASE_Y-28
2025-05-05,428.0,BASE_Q-1-26
2025-05-05,391.91,BASE_Q-2-26
2025-05-05,391.75,BASE_Q-3-25
2025-05-05,432.0,BASE_Q-4-26
2025-05-05,412.0,BASE_M-09-25
2025-05-05,384.55,BASE_M-06-25
2025-05-05,396.0,BASE_M-07-25
2025-05-05,397.0,BASE_Q-3-26
2025-05-05,394.5,BASE_M-08-25
2025-05-05,408.0,BASE_Y-27
2025-05-05,414.9,BASE_Q-4-25
2025-05-06,386.96,BASE_Q-2-26
2025-05-06,404.5,BASE_M-09-25
2025-05-06,399.14,BASE_Q-3-26
2025-05-06,408.0,BASE_Y-27
2025-05-06,387.74,BASE_M-06-25
2025-05-06,411.0,BASE_Q-4-26
2025-05-06,406.93,BASE_Y-26
2025-05-06,428.0,BASE_Q-1-26
2025-05-06,416.95,BASE_Q-4-25
2025-05-06,392.5,BASE_M-07-25
2025-05-06,372.25,BASE_M-08-25
2025-05-06,432.0,BASE_Y-28
2025-05-06,394.4,BASE_Q-3-25
2025-05-07,391.43,BASE_M-06-25
2025-05-07,410.0,BASE_Y-27
2025-05-07,397.34,BASE_Q-3-25
2025-05-07,433.99,BASE_Q-1-26
2025-05-07,420.65,BASE_Q-4-25
2025-05-07,397.0,BASE_Q-3-26
2025-05-07,410.5,BASE_Y-26
2025-05-07,417.0,BASE_Q-4-26
2025-05-07,391.5,BASE_Q-2-26
2025-05-07,395.0,BASE_M-07-25
2025-05-07,395.5,BASE_M-08-25
2025-05-07,435.0,BASE_Y-28
2025-05-07,410.0,BASE_M-09-25
2025-05-08,408.0,BASE_M-09-25
2025-05-08,409.5,BASE_Y-27
2025-05-08,402.5,BASE_M-07-25
2025-05-08,430.0,BASE_Q-1-26
2025-05-08,399.69,BASE_Q-3-25
2025-05-08,378.25,BASE_Q-2-26
2025-05-08,420.45,BASE_Q-4-25
2025-05-08,383.5,BASE_Q-3-26
2025-05-08,434.0,BASE_Y-28
2025-05-08,399.5,BASE_M-08-25
2025-05-08,408.58,BASE_Y-26
2025-05-08,417.0,BASE_Q-4-26
2025-05-08,395.55,BASE_M-06-25
2025-05-09,397.0,BASE_M-06-25
2025-05-09,430.0,BASE_Q-1-26
2025-05-09,399.44,BASE_Q-3-25
2025-05-09,391.75,BASE_Q-3-26
2025-05-09,433.0,BASE_Y-28
2025-05-09,399.0,BASE_M-07-25
2025-05-09,400.0,BASE_M-08-25
2025-05-09,433.0,BASE_Q-4-26
2025-05-09,404.75,BASE_M-09-25
2025-05-09,409.46,BASE_Y-27
2025-05-09,384.13,BASE_Q-2-26
2025-05-09,420.08,BASE_Q-4-25
2025-05-09,407.93,BASE_Y-26
2025-05-12,422.88,BASE_M-09-25
2025-05-12,403.5,BASE_M-07-25
2025-05-12,432.5,BASE_Y-28
2025-05-12,407.3,BASE_Q-3-25
2025-05-12,413.25,BASE_Y-27
2025-05-12,391.5,BASE_Q-2-26
2025-05-12,405.5,BASE_Q-3-26
2025-05-12,408.7,BASE_M-06-25
2025-05-12,400.0,BASE_M-08-25
2025-05-12,435.0,BASE_Q-1-26
2025-05-12,426.0,BASE_Q-4-26
2025-05-12,415.8,BASE_Y-26
2025-05-12,428.5,BASE_Q-4-25
2025-05-13,409.6,BASE_M-06-25
2025-05-13,435.75,BASE_Q-1-26
2025-05-13,407.69,BASE_Q-3-25
2025-05-13,400.25,BASE_Q-3-26
2025-05-13,445.25,BASE_Y-28
2025-05-13,413.25,BASE_Y-27
2025-05-13,407.08,BASE_M-08-25
2025-05-13,427.3,BASE_Q-4-25
2025-05-13,413.72,BASE_Y-26
2025-05-13,414.5,BASE_M-09-25
2025-05-13,406.5,BASE_M-07-25
2025-05-13,380.75,BASE_Q-2-26
2025-05-13,428.5,BASE_Q-4-26
2025-05-14,438.5,BASE_Q-1-26
2025-05-14,430.5,BASE_Q-4-26
2025-05-14,413.04,BASE_Y-26
2025-05-14,435.0,BASE_Y-28
2025-05-14,380.75,BASE_Q-2-26
2025-05-14,413.75,BASE_Y-27
2025-05-14,411.83,BASE_M-06-25
2025-05-14,404.0,BASE_M-07-25
2025-05-14,405.0,BASE_Q-3-26
2025-05-14,406.45,BASE_M-08-25
2025-05-14,418.0,BASE_M-09-25
2025-05-14,408.95,BASE_Q-3-25
2025-05-14,428.67,BASE_Q-4-25
2025-05-15,409.0,BASE_M-08-25
2025-05-15,434.0,BASE_M-09-25
2025-05-15,428.0,BASE_Y-28
2025-05-15,437.1,BASE_Q-4-25
2025-05-15,419.91,BASE_Q-3-25
2025-05-15,434.0,BASE_Q-4-26
2025-05-15,435.75,BASE_Q-1-26
2025-05-15,414.97,BASE_Y-27
2025-05-15,410.5,BASE_M-07-25
2025-05-15,409.0,BASE_Q-3-26
2025-05-15,390.0,BASE_Q-2-26
2025-05-15,418.2,BASE_M-06-25
2025-05-15,415.0,BASE_Y-26
2025-05-16,416.65,BASE_Y-26
2025-05-16,436.75,BASE_Q-1-26
2025-05-16,413.0,BASE_M-08-25
2025-05-16,445.5,BASE_M-09-25
2025-05-16,434.0,BASE_Y-28
2025-05-16,417.0,BASE_Y-27
2025-05-16,393.0,BASE_Q-2-26
2025-05-16,417.5,BASE_M-07-25
2025-05-16,410.0,BASE_Q-3-26
2025-05-16,427.25,BASE_M-06-25
2025-05-16,426.01,BASE_Q-3-25
2025-05-16,438.64,BASE_Q-4-25
2025-05-16,435.5,BASE_Q-4-26
2025-05-19,435.0,BASE_M-09-25
2025-05-19,391.0,BASE_Q-2-26
2025-05-19,437.5,BASE_Y-28
2025-05-19,431.5,BASE_Q-4-25
2025-05-19,416.5,BASE_Y-27
2025-05-19,413.0,BASE_Y-26
2025-05-19,432.0,BASE_Q-1-26
2025-05-19,426.5,BASE_M-08-25
2025-05-19,423.0,BASE_Q-4-26
2025-05-19,419.5,BASE_M-07-25
2025-05-19,419.95,BASE_M-06-25
2025-05-19,421.08,BASE_Q-3-25
2025-05-19,402.5,BASE_Q-3-26
2025-05-20,439.98,BASE_Y-28
2025-05-20,430.0,BASE_Q-4-26
2025-05-20,425.15,BASE_M-06-25
2025-05-20,440.0,BASE_Q-4-25
2025-05-20,390.5,BASE_Q-2-26
2025-05-20,416.67,BASE_Y-27
2025-05-20,414.75,BASE_Y-26
2025-05-20,419.0,BASE_Q-3-26
2025-05-20,423.5,BASE_M-08-25
2025-05-20,426.0,BASE_M-07-25
2025-05-20,430.0,BASE_Q-3-25
2025-05-20,435.5,BASE_Q-1-26
2025-05-20,445.0,BASE_M-09-25
2025-05-21,432.67,BASE_M-07-25
2025-05-21,418.0,BASE_Y-27
2025-05-21,442.5,BASE_Y-28
2025-05-21,398.5,BASE_Q-2-26
2025-05-21,417.75,BASE_Q-3-26
2025-05-21,435.54,BASE_Q-3-25
2025-05-21,429.0,BASE_M-08-25
2025-05-21,417.34,BASE_Y-26
2025-05-21,444.67,BASE_M-09-25
2025-05-21,430.0,BASE_Q-4-26
2025-05-21,434.46,BASE_M-06-25
2025-05-21,436.5,BASE_Q-1-26
2025-05-21,441.33,BASE_Q-4-25
2025-05-22,441.5,BASE_M-09-25
2025-05-22,432.02,BASE_M-06-25
2025-05-22,420.0,BASE_Q-3-26
2025-05-22,438.83,BASE_Q-4-25
2025-05-22,417.0,BASE_Y-27
2025-05-22,431.59,BASE_Q-3-25
2025-05-22,430.0,BASE_M-07-25
2025-05-22,441.5,BASE_Y-28
2025-05-22,433.0,BASE_Q-1-26
2025-05-22,436.0,BASE_M-08-25
2025-05-22,416.0,BASE_Y-26
2025-05-22,405.0,BASE_Q-2-26
2025-05-22,432.0,BASE_Q-4-26
2025-05-23,433.03,BASE_M-06-25
2025-05-23,430.0,BASE_M-08-25
2025-05-23,405.0,BASE_Q-2-26
2025-05-23,432.5,BASE_Q-3-25
2025-05-23,437.75,BASE_Q-4-25
2025-05-23,415.33,BASE_Y-27
2025-05-23,413.01,BASE_Y-26
2025-05-23,433.4,BASE_Q-1-26
2025-05-23,435.0,BASE_M-09-25
2025-05-23,426.0,BASE_Q-4-26
2025-05-23,441.5,BASE_Y-28
2025-05-23,422.5,BASE_Q-3-26
2025-05-23,429.0,BASE_M-07-25
2025-05-26,418.0,BASE_Y-27
2025-05-26,451.5,BASE_M-08-25
2025-05-26,439.73,BASE_M-06-25
2025-05-26,430.5,BASE_Q-4-26
2025-05-26,406.0,BASE_Q-3-26
2025-05-26,448.5,BASE_M-09-25
2025-05-26,441.57,BASE_Q-4-25
2025-05-26,435.0,BASE_Q-1-26
2025-05-26,435.15,BASE_Q-3-25
2025-05-26,436.0,BASE_M-07-25
2025-05-26,413.84,BASE_Y-26
2025-05-26,395.0,BASE_Q-2-26
2025-05-26,445.0,BASE_Y-28
2025-05-27,438.38,BASE_Q-4-25
2025-05-27,436.25,BASE_M-06-25
2025-05-27,418.0,BASE_Q-3-26
2025-05-27,440.5,BASE_M-09-25
2025-05-27,417.67,BASE_Y-27
2025-05-27,438.2,BASE_M-07-25
2025-05-27,412.86,BASE_Y-26
2025-05-27,396.0,BASE_Q-2-26
2025-05-27,424.5,BASE_Q-4-26
2025-05-27,434.0,BASE_Q-1-26
2025-05-27,445.0,BASE_Y-28
2025-05-27,431.25,BASE_Q-3-25
2025-05-27,439.0,BASE_M-08-25
2025-05-28,433.75,BASE_M-07-25
2025-05-28,457.0,BASE_Y-28
2025-05-28,406.0,BASE_Q-3-26
2025-05-28,416.5,BASE_Y-27
2025-05-28,434.5,BASE_M-06-25
2025-05-28,439.2,BASE_Q-4-25
2025-05-28,435.5,BASE_M-09-25
2025-05-28,432.06,BASE_Q-3-25
2025-05-28,431.0,BASE_Q-1-26
2025-05-28,428.75,BASE_M-08-25
2025-05-28,425.0,BASE_Q-4-26
2025-05-28,392.5,BASE_Q-2-26
2025-05-28,412.32,BASE_Y-26
2025-05-29,429.0,BASE_Q-3-25
2025-05-29,457.5,BASE_Y-28
2025-05-29,430.78,BASE_Q-1-26
2025-05-29,426.0,BASE_Q-4-26
2025-05-29,392.5,BASE_Q-2-26
2025-05-29,437.0,BASE_Q-4-25
2025-05-29,428.5,BASE_M-08-25
2025-05-29,419.0,BASE_Y-27
2025-05-29,429.5,BASE_M-07-25
2025-05-29,433.2,BASE_M-06-25
2025-05-29,431.0,BASE_M-09-25
2025-05-29,418.0,BASE_Q-3-26
2025-05-29,414.0,BASE_Y-26
2025-05-30,414.91,BASE_Y-26
2025-05-30,429.0,BASE_M-08-25
2025-05-30,437.5,BASE_Q-4-25
2025-05-30,426.9,BASE_Q-3-25
2025-05-30,417.0,BASE_Q-3-26
2025-05-30,452.0,BASE_Y-28
2025-05-30,429.0,BASE_M-07-25
2025-05-30,430.25,BASE_M-09-25
2025-05-30,395.0,BASE_Q-2-26
2025-05-30,432.0,BASE_Q-1-26
2025-05-30,422.2,BASE_Y-27
2025-05-30,428.25,BASE_Q-4-26
2025-06-02,435.0,BASE_M-09-25
2025-06-02,414.4,BASE_Y-26
2025-06-02,427.0,BASE_M-08-25
2025-06-02,422.25,BASE_Y-27
2025-06-02,426.96,BASE_Q-3-25
2025-06-02,427.0,BASE_Q-4-26
2025-06-02,452.0,BASE_Y-28
2025-06-02,415.0,BASE_Q-3-26
2025-06-02,440.28,BASE_Q-4-25
2025-06-02,434.0,BASE_Q-1-26
2025-06-02,394.0,BASE_Q-2-26
2025-06-02,430.0,BASE_M-07-25
2025-06-03,434.5,BASE_Q-1-26
2025-06-03,424.0,BASE_Q-4-26
2025-06-03,455.0,BASE_Y-28
2025-06-03,427.75,BASE_Q-3-25
2025-06-03,426.0,BASE_M-08-25
2025-06-03,395.0,BASE_Q-2-26
2025-06-03,436.0,BASE_M-09-25
2025-06-03,411.5,BASE_Q-3-26
2025-06-03,438.0,BASE_Q-4-25
2025-06-03,427.0,BASE_M-07-25
2025-06-03,423.17,BASE_Y-27
2025-06-03,414.89,BASE_Y-26
2025-06-04,425.0,BASE_Q-4-26
2025-06-04,435.0,BASE_M-09-25
2025-06-04,427.14,BASE_Q-3-25
2025-06-04,411.5,BASE_Q-3-26
2025-06-04,434.0,BASE_Q-1-26
2025-06-04,435.72,BASE_Q-4-25
2025-06-04,421.33,BASE_M-07-25
2025-06-04,424.5,BASE_Y-27
2025-06-04,396.0,BASE_Q-2-26
2025-06-04,414.65,BASE_Y-26
2025-06-04,424.55,BASE_M-08-25
2025-06-04,458.5,BASE_Y-28
2025-06-05,419.8,BASE_M-07-25
2025-06-05,433.22,BASE_Q-4-25
2025-06-05,411.0,BASE_Q-3-26
2025-06-05,433.0,BASE_M-09-25
2025-06-05,396.13,BASE_Q-2-26
2025-06-05,403.0,BASE_M-08-25
2025-06-05,424.5,BASE_Q-4-26
2025-06-05,455.5,BASE_Y-28
2025-06-05,426.17,BASE_Q-3-25
2025-06-05,422.0,BASE_Y-27
2025-06-05,414.5,BASE_Y-26
2025-06-05,434.0,BASE_Q-1-26
2025-06-06,393.5,BASE_Q-2-26
2025-06-06,430.35,BASE_Q-4-25
2025-06-06,422.5,BASE_Q-3-25
2025-06-06,415.0,BASE_M-08-25
2025-06-06,412.25,BASE_Y-26
2025-06-06,433.0,BASE_Q-1-26
2025-06-06,451.0,BASE_Y-28
2025-06-06,419.68,BASE_M-07-25
2025-06-06,422.0,BASE_Y-27
2025-06-06,430.0,BASE_M-09-25
2025-06-06,408.0,BASE_Q-3-26
2025-06-06,426.5,BASE_Q-4-26
2025-06-09,396.5,BASE_Q-2-26
2025-06-09,408.5,BASE_Q-3-26
2025-06-09,422.55,BASE_M-08-25
2025-06-09,435.0,BASE_M-09-25
2025-06-09,434.0,BASE_Q-1-26
2025-06-09,425.03,BASE_Q-4-26
2025-06-09,448.75,BASE_Y-28
2025-06-09,423.0,BASE_Q-3-25
2025-06-09,432.97,BASE_Q-4-25
2025-06-09,420.36,BASE_M-07-25
2025-06-09,414.03,BASE_Y-26
2025-06-09,425.0,BASE_Y-27
2025-06-10,405.0,BASE_Q-3-26
2025-06-10,423.5,BASE_Y-27
2025-06-10,430.7,BASE_Q-4-25
2025-06-10,416.61,BASE_M-07-25
2025-06-10,413.79,BASE_Y-26
2025-06-10,394.5,BASE_Q-2-26
2025-06-10,425.5,BASE_Q-4-26
2025-06-10,432.67,BASE_Q-1-26
2025-06-10,422.7,BASE_Q-3-25
2025-06-10,431.0,BASE_M-09-25
2025-06-10,446.0,BASE_Y-28
2025-06-10,422.5,BASE_M-08-25
2025-06-11,448.03,BASE_Y-28
2025-06-11,425.05,BASE_Q-3-25
2025-06-11,430.5,BASE_M-09-25
2025-06-11,425.5,BASE_Q-4-26
2025-06-11,395.0,BASE_Q-2-26
2025-06-11,419.37,BASE_M-07-25
2025-06-11,428.0,BASE_M-08-25
2025-06-11,414.03,BASE_Y-26
2025-06-11,423.55,BASE_Y-27
2025-06-11,406.0,BASE_Q-3-26
2025-06-11,435.03,BASE_Q-1-26
2025-06-11,433.13,BASE_Q-4-25
2025-06-12,435.0,BASE_Q-1-26
2025-06-12,425.0,BASE_Q-4-26
2025-06-12,414.06,BASE_Y-26
2025-06-12,422.42,BASE_Q-3-25
2025-06-12,424.25,BASE_M-08-25
2025-06-12,430.0,BASE_M-09-25
2025-06-12,398.5,BASE_Q-2-26
2025-06-12,430.53,BASE_Q-4-25
2025-06-12,447.5,BASE_Y-28
2025-06-12,424.0,BASE_Y-27
2025-06-12,406.0,BASE_Q-3-26
2025-06-12,417.45,BASE_M-07-25
2025-06-13,422.9,BASE_Y-26
2025-06-13,424.9,BASE_M-07-25
2025-06-13,406.0,BASE_Q-3-26
2025-06-13,442.0,BASE_M-09-25
2025-06-13,438.75,BASE_Q-4-25
2025-06-13,441.43,BASE_Q-1-26
2025-06-13,453.0,BASE_Y-28
2025-06-13,434.75,BASE_Q-3-25
2025-06-13,429.8,BASE_Y-27
2025-06-13,406.5,BASE_Q-2-26
2025-06-13,430.0,BASE_Q-4-26
2025-06-13,429.5,BASE_M-08-25
2025-06-16,436.0,BASE_Y-27
2025-06-16,443.83,BASE_Q-1-26
2025-06-16,460.0,BASE_Y-28
2025-06-16,437.35,BASE_Q-3-25
2025-06-16,429.0,BASE_Y-26
2025-06-16,429.17,BASE_M-07-25
2025-06-16,441.0,BASE_M-09-25
2025-06-16,426.3,BASE_Q-3-26
2025-06-16,432.0,BASE_Q-4-26
2025-06-16,405.5,BASE_Q-2-26
2025-06-16,441.7,BASE_Q-4-25
2025-06-16,437.0,BASE_M-08-25
2025-06-17,437.0,BASE_M-08-25
2025-06-17,443.83,BASE_Q-4-25
2025-06-17,430.0,BASE_Y-26
2025-06-17,432.0,BASE_M-07-25
2025-06-17,404.75,BASE_Q-2-26
2025-06-17,438.9,BASE_Q-3-25
2025-06-17,445.0,BASE_M-09-25
2025-06-17,436.5,BASE_Y-27
2025-06-17,446.0,BASE_Q-1-26
2025-06-17,465.0,BASE_Y-28
2025-06-17,442.0,BASE_Q-3-26
2025-06-17,442.5,BASE_Q-4-26
2025-06-18,447.5,BASE_Q-3-26
2025-06-18,445.72,BASE_Q-4-25
2025-06-18,431.5,BASE_Y-26
2025-06-18,450.0,BASE_Q-4-26
2025-06-18,437.7,BASE_M-07-25
2025-06-18,467.5,BASE_Y-28
2025-06-18,404.9,BASE_Q-2-26
2025-06-18,442.0,BASE_Q-3-25
2025-06-18,448.0,BASE_Q-1-26
2025-06-18,437.5,BASE_Y-27
2025-06-18,445.0,BASE_M-09-25
2025-06-18,480.5,BASE_M-08-25
2025-06-20,447.13,BASE_Q-1-26
2025-06-20,442.5,BASE_Q-4-26
2025-06-20,453.5,BASE_M-09-25
2025-06-20,430.77,BASE_Y-26
2025-06-20,445.5,BASE_Q-4-25
2025-06-20,445.0,BASE_M-08-25
2025-06-20,438.0,BASE_Y-27
2025-06-20,440.71,BASE_Q-3-25
2025-06-20,425.13,BASE_Q-3-26
2025-06-20,463.0,BASE_Y-28
2025-06-20,404.9,BASE_Q-2-26
2025-06-20,440.2,BASE_M-07-25
2025-06-23,438.6,BASE_Q-3-25
2025-06-23,437.2,BASE_Y-27
2025-06-23,447.0,BASE_Q-1-26
2025-06-23,457.5,BASE_Y-28
2025-06-23,437.1,BASE_M-07-25
2025-06-23,444.22,BASE_Q-4-25
2025-06-23,402.5,BASE_Q-2-26
2025-06-23,446.5,BASE_M-09-25
2025-06-23,420.0,BASE_Q-3-26
2025-06-23,439.34,BASE_M-08-25
2025-06-23,445.0,BASE_Q-4-26
2025-06-23,430.1,BASE_Y-26
2025-06-24,425.33,BASE_Y-26
2025-06-24,427.6,BASE_Q-3-25
2025-06-24,400.0,BASE_Q-2-26
2025-06-24,435.25,BASE_Q-1-26
2025-06-24,433.15,BASE_Q-4-25
2025-06-24,429.11,BASE_M-08-25
2025-06-24,428.0,BASE_M-09-25
2025-06-24,438.5,BASE_Q-4-26
2025-06-24,418.0,BASE_Q-3-26
2025-06-24,458.5,BASE_Y-28
2025-06-24,426.84,BASE_M-07-25
2025-06-24,433.0,BASE_Y-27
2025-06-25,429.0,BASE_M-09-25
2025-06-25,435.0,BASE_Q-4-26
2025-06-25,427.22,BASE_M-07-25
2025-06-25,419.72,BASE_Y-26
2025-06-25,422.5,BASE_Q-3-26
2025-06-25,427.45,BASE_Q-3-25
2025-06-25,401.0,BASE_Q-2-26
2025-06-25,434.57,BASE_Q-1-26
2025-06-25,429.2,BASE_M-08-25
2025-06-25,456.5,BASE_Y-28
2025-06-25,432.0,BASE_Y-27
2025-06-25,431.99,BASE_Q-4-25
2025-06-26,393.5,BASE_Q-2-26
2025-06-26,419.41,BASE_M-07-25
2025-06-26,419.5,BASE_Q-3-25
2025-06-26,430.0,BASE_Q-4-26
2025-06-26,426.43,BASE_M-09-25
2025-06-26,429.33,BASE_Y-27
2025-06-26,430.33,BASE_Q-1-26
2025-06-26,430.56,BASE_Q-4-25
2025-06-26,414.27,BASE_Y-26
2025-06-26,449.45,BASE_Y-28
2025-06-26,430.0,BASE_M-10-25
2025-06-26,420.0,BASE_Q-3-26
2025-06-26,421.42,BASE_M-08-25
2025-06-27,394.5,BASE_Q-2-26
2025-06-27,409.65,BASE_Q-3-25
2025-06-27,450.0,BASE_M-10-25
2025-06-27,427.5,BASE_Y-27
2025-06-27,440.25,BASE_Y-28
2025-06-27,422.5,BASE_Q-4-26
2025-06-27,413.0,BASE_Y-26
2025-06-27,418.09,BASE_M-09-25
2025-06-27,417.5,BASE_Q-3-26
2025-06-27,413.85,BASE_M-08-25
2025-06-27,423.15,BASE_Q-4-25
2025-06-27,400.2,BASE_M-07-25
2025-06-27,426.67,BASE_Q-1-26
2025-06-30,420.0,BASE_Q-4-26
2025-06-30,410.22,BASE_M-08-25
2025-06-30,389.67,BASE_Q-2-26
2025-06-30,422.5,BASE_M-10-25
2025-06-30,441.5,BASE_Y-28
2025-06-30,409.0,BASE_Y-26
2025-06-30,419.44,BASE_Q-4-25
2025-06-30,422.28,BASE_Q-1-26
2025-06-30,409.25,BASE_Q-3-26
2025-06-30,419.0,BASE_M-09-25
2025-06-30,423.75,BASE_Y-27
2025-07-01,415.92,BASE_Y-26
2025-07-01,426.5,BASE_Y-27
2025-07-01,415.0,BASE_Q-3-26
2025-07-01,426.1,BASE_Q-1-26
2025-07-01,423.0,BASE_M-10-25
2025-07-01,425.0,BASE_M-09-25
2025-07-01,395.0,BASE_Q-2-26
2025-07-01,424.5,BASE_Q-4-25
2025-07-01,425.9,BASE_Q-4-26
2025-07-01,440.5,BASE_Y-28
2025-07-01,418.2,BASE_M-08-25
2025-07-02,427.75,BASE_Q-4-25
2025-07-02,442.5,BASE_Y-28
2025-07-02,418.14,BASE_Y-26
2025-07-02,428.0,BASE_Y-27
2025-07-02,420.0,BASE_Q-3-26
2025-07-02,425.0,BASE_M-10-25
2025-07-02,396.0,BASE_Q-2-26
2025-07-02,424.51,BASE_M-09-25
2025-07-02,430.1,BASE_Q-1-26
2025-07-02,433.5,BASE_Q-4-26
2025-07-02,420.25,BASE_M-08-25
2025-07-03,431.22,BASE_Q-1-26
2025-07-03,394.0,BASE_Q-2-26
2025-07-03,423.25,BASE_M-09-25
2025-07-03,419.0,BASE_Q-3-26
2025-07-03,417.13,BASE_M-08-25
2025-07-03,426.88,BASE_Q-4-25
2025-07-03,452.25,BASE_Q-4-26
2025-07-03,418.94,BASE_Y-26
2025-07-03,423.0,BASE_M-10-25
2025-07-03,427.0,BASE_Y-27
2025-07-03,445.0,BASE_Y-28
2025-07-04,424.93,BASE_Q-4-25
2025-07-04,422.0,BASE_M-09-25
2025-07-04,424.0,BASE_Y-27
2025-07-04,414.55,BASE_Y-26
2025-07-04,445.0,BASE_Y-28
2025-07-04,413.5,BASE_Q-3-26
2025-07-04,426.07,BASE_Q-1-26
2025-07-04,420.0,BASE_M-10-25
2025-07-04,429.64,BASE_Q-4-26
2025-07-04,391.33,BASE_Q-2-26
2025-07-04,414.6,BASE_M-08-25
2025-07-07,412.5,BASE_Q-3-26
2025-07-07,423.0,BASE_M-09-25
2025-07-07,413.53,BASE_Y-26
2025-07-07,430.0,BASE_Q-4-26
2025-07-07,419.0,BASE_M-10-25
2025-07-07,394.0,BASE_Q-2-26
2025-07-07,445.0,BASE_Y-28
2025-07-07,417.67,BASE_M-08-25
2025-07-07,425.48,BASE_Y-27
2025-07-07,425.69,BASE_Q-4-25
2025-07-07,427.0,BASE_Q-1-26
2025-07-08,424.94,BASE_M-08-25
2025-07-08,430.1,BASE_Q-1-26
2025-07-08,440.5,BASE_Y-28
2025-07-08,426.25,BASE_Y-27
2025-07-08,398.0,BASE_Q-2-26
2025-07-08,432.5,BASE_Q-4-26
2025-07-08,423.5,BASE_M-10-25
2025-07-08,419.0,BASE_Q-3-26
2025-07-08,426.17,BASE_M-09-25
2025-07-08,414.43,BASE_Y-26
2025-07-08,431.14,BASE_Q-4-25
2025-07-09,429.0,BASE_Q-1-26
2025-07-09,426.25,BASE_Y-27
2025-07-09,443.0,BASE_Y-28
2025-07-09,424.88,BASE_M-09-25
2025-07-09,414.85,BASE_Y-26
2025-07-09,423.88,BASE_M-10-25
2025-07-09,394.0,BASE_Q-2-26
2025-07-09,415.0,BASE_Q-3-26
2025-07-09,426.0,BASE_Q-4-26
2025-07-09,426.43,BASE_M-08-25
2025-07-09,427.37,BASE_Q-4-25
2025-07-10,422.33,BASE_M-10-25
2025-07-10,423.5,BASE_Q-4-26
2025-07-10,392.5,BASE_Q-2-26
2025-07-10,413.7,BASE_Y-26
2025-07-10,424.17,BASE_M-09-25
2025-07-10,429.0,BASE_Q-1-26
2025-07-10,425.1,BASE_Y-27
2025-07-10,426.88,BASE_Q-4-25
2025-07-10,441.98,BASE_Y-28
2025-07-10,426.75,BASE_M-08-25
2025-07-10,412.5,BASE_Q-3-26
2025-07-11,429.0,BASE_Q-1-26
2025-07-11,423.0,BASE_M-09-25
2025-07-11,424.0,BASE_Y-27
2025-07-11,442.0,BASE_Y-28
2025-07-11,412.51,BASE_Y-26
2025-07-11,421.13,BASE_M-08-25
2025-07-11,392.5,BASE_Q-2-26
2025-07-11,425.5,BASE_Q-4-25
2025-07-11,427.0,BASE_Q-4-26
2025-07-11,409.75,BASE_Q-3-26
2025-07-11,419.0,BASE_M-10-25
2025-07-14,425.5,BASE_Y-27
2025-07-14,442.5,BASE_Y-28
2025-07-14,431.0,BASE_Q-4-26
2025-07-14,423.7,BASE_M-08-25
2025-07-14,431.0,BASE_Q-1-26
2025-07-14,394.5,BASE_Q-2-26
2025-07-14,419.75,BASE_M-10-25
2025-07-14,426.0,BASE_M-09-25
2025-07-14,427.75,BASE_Q-4-25
2025-07-14,414.43,BASE_Y-26
2025-07-14,406.5,BASE_Q-3-26
2025-07-15,417.05,BASE_M-08-25
2025-07-15,413.51,BASE_Y-26
2025-07-15,440.5,BASE_Y-28
2025-07-15,429.5,BASE_Q-1-26
2025-07-15,425.72,BASE_Q-4-25
2025-07-15,417.5,BASE_M-10-25
2025-07-15,390.0,BASE_Q-2-26
2025-07-15,406.0,BASE_Q-3-26
2025-07-15,431.0,BASE_Q-4-26
2025-07-15,424.0,BASE_Y-27
2025-07-15,422.9,BASE_M-09-25
2025-07-16,426.4,BASE_Q-4-25
2025-07-16,429.2,BASE_Q-1-26
2025-07-16,445.5,BASE_Q-4-26
2025-07-16,415.36,BASE_Y-26
2025-07-16,445.0,BASE_Y-28
2025-07-16,393.0,BASE_Q-2-26
2025-07-16,425.25,BASE_Y-27
2025-07-16,423.5,BASE_M-09-25
2025-07-16,405.0,BASE_Q-3-26
2025-07-16,418.1,BASE_M-08-25
2025-07-16,416.0,BASE_M-10-25
2025-07-17,390.0,BASE_Q-2-26
2025-07-17,433.0,BASE_Q-4-26
2025-07-17,419.85,BASE_M-09-25
2025-07-17,424.65,BASE_Q-4-25
2025-07-17,423.5,BASE_Y-27
2025-07-17,413.5,BASE_M-10-25
2025-07-17,440.0,BASE_Y-28
2025-07-17,404.5,BASE_Q-3-26
2025-07-17,412.95,BASE_Y-26
2025-07-17,425.09,BASE_Q-1-26
2025-07-17,417.01,BASE_M-08-25
2025-07-18,439.5,BASE_Y-28
2025-07-18,405.0,BASE_Q-3-26
2025-07-18,425.5,BASE_Q-1-26
2025-07-18,425.0,BASE_Q-4-25
2025-07-18,415.28,BASE_M-08-25
2025-07-18,394.5,BASE_Q-2-26
2025-07-18,413.0,BASE_M-10-25
2025-07-18,413.96,BASE_Y-26
2025-07-18,419.57,BASE_M-09-25
2025-07-18,435.0,BASE_Q-4-26
2025-07-18,424.75,BASE_Y-27
2025-07-21,422.4,BASE_Q-4-25
2025-07-21,413.59,BASE_M-08-25
2025-07-21,392.0,BASE_Q-2-26
2025-07-21,414.5,BASE_M-10-25
2025-07-21,413.01,BASE_Y-26
2025-07-21,436.5,BASE_Y-28
2025-07-21,425.5,BASE_Q-1-26
2025-07-21,430.0,BASE_Q-4-26
2025-07-21,405.0,BASE_Q-3-26
2025-07-21,417.21,BASE_M-09-25
2025-07-21,422.02,BASE_Y-27
2025-07-22,420.0,BASE_Y-27
2025-07-22,409.7,BASE_M-08-25
2025-07-22,422.71,BASE_Q-1-26
2025-07-22,428.5,BASE_Q-4-26
2025-07-22,412.99,BASE_M-09-25
2025-07-22,436.0,BASE_Y-28
2025-07-22,390.5,BASE_Q-2-26
2025-07-22,410.71,BASE_Y-26
2025-07-22,410.25,BASE_M-10-25
2025-07-22,419.5,BASE_Q-4-25
2025-07-22,404.0,BASE_Q-3-26
2025-07-23,411.58,BASE_M-08-25
2025-07-23,420.9,BASE_Q-4-25
2025-07-23,423.17,BASE_Q-1-26
2025-07-23,393.0,BASE_Q-2-26
2025-07-23,428.5,BASE_Q-4-26
2025-07-23,411.65,BASE_M-10-25
2025-07-23,412.34,BASE_Y-26
2025-07-23,441.8,BASE_Y-28
2025-07-23,418.51,BASE_Y-27
2025-07-23,413.8,BASE_M-09-25
2025-07-23,404.25,BASE_Q-3-26
2025-07-24,414.0,BASE_Y-26
2025-07-24,411.66,BASE_M-10-25
2025-07-24,411.9,BASE_M-08-25
2025-07-24,418.5,BASE_Y-27
2025-07-24,430.0,BASE_Q-4-26
2025-07-24,419.85,BASE_Q-4-25
2025-07-24,440.0,BASE_Y-28
2025-07-24,393.0,BASE_Q-2-26
2025-07-24,421.01,BASE_Q-1-26
2025-07-24,404.0,BASE_Q-3-26
2025-07-24,425.0,BASE_M-12-25
2025-07-24,413.67,BASE_M-09-25
2025-07-25,395.0,BASE_Q-2-26
2025-07-25,406.5,BASE_Q-3-26
2025-07-25,411.4,BASE_M-10-25
2025-07-25,433.0,BASE_Q-4-26
2025-07-25,412.0,BASE_M-08-25
2025-07-25,413.0,BASE_M-09-25
2025-07-25,426.75,BASE_M-12-25
2025-07-25,437.5,BASE_Y-28
2025-07-25,419.07,BASE_Y-27
2025-07-25,420.95,BASE_Q-4-25
2025-07-25,414.61,BASE_Y-26
2025-07-25,422.59,BASE_Q-1-26
2025-07-28,408.23,BASE_M-10-25
2025-07-28,414.58,BASE_Y-26
2025-07-28,412.64,BASE_M-09-25
2025-07-28,428.0,BASE_M-12-25
2025-07-28,454.25,BASE_Y-28
2025-07-28,394.5,BASE_Q-2-26
2025-07-28,407.5,BASE_Q-3-26
2025-07-28,418.0,BASE_Y-27
2025-07-28,423.1,BASE_Q-1-26
2025-07-28,421.0,BASE_Q-4-25
2025-07-28,410.98,BASE_M-08-25
2025-07-28,432.5,BASE_Q-4-26
2025-07-29,416.95,BASE_M-08-25
2025-07-29,434.5,BASE_Q-4-26
2025-07-29,420.0,BASE_Y-27
2025-07-29,423.0,BASE_Q-4-25
2025-07-29,393.0,BASE_Q-2-26
2025-07-29,417.25,BASE_Y-26
2025-07-29,426.0,BASE_Q-1-26
2025-07-29,410.98,BASE_M-10-25
2025-07-29,409.0,BASE_Q-3-26
2025-07-29,431.0,BASE_M-12-25
2025-07-29,416.0,BASE_M-09-25
2025-07-29,432.5,BASE_Y-28
2025-07-30,425.0,BASE_Q-4-25
2025-07-30,433.0,BASE_M-12-25
2025-07-30,429.67,BASE_Q-1-26
2025-07-30,420.25,BASE_Y-26
2025-07-30,412.25,BASE_M-10-25
2025-07-30,398.4,BASE_Q-2-26
2025-07-30,432.75,BASE_Y-28
2025-07-30,423.0,BASE_Y-27
2025-07-30,416.05,BASE_M-09-25
2025-07-30,445.0,BASE_Q-4-26
2025-07-30,415.0,BASE_Q-3-26
2025-07-31,419.25,BASE_M-09-25
2025-07-31,432.5,BASE_M-12-25
2025-07-31,423.3,BASE_Y-26
2025-07-31,433.94,BASE_Q-1-26
2025-07-31,444.75,BASE_Y-28
2025-07-31,440.0,BASE_Q-4-26
2025-07-31,425.0,BASE_Y-27
2025-07-31,426.93,BASE_Q-4-25
2025-07-31,400.0,BASE_Q-2-26
2025-07-31,415.0,BASE_M-10-25
2025-07-31,415.75,BASE_Q-3-26
2025-08-01,435.0,BASE_Q-4-26
2025-08-01,419.01,BASE_M-09-25
2025-08-01,425.0,BASE_Y-27
2025-08-01,431.31,BASE_Q-1-26
2025-08-01,415.08,BASE_M-10-25
2025-08-01,420.79,BASE_Y-26
2025-08-01,413.0,BASE_Q-3-26
2025-08-01,440.0,BASE_Y-28
2025-08-01,432.5,BASE_M-12-25
2025-08-01,397.0,BASE_Q-2-26
2025-08-01,425.27,BASE_Q-4-25
2025-08-04,429.0,BASE_M-12-25
2025-08-04,435.5,BASE_Q-4-26
2025-08-04,416.0,BASE_M-09-25
2025-08-04,424.63,BASE_Y-27
2025-08-04,394.75,BASE_Q-2-26
2025-08-04,419.0,BASE_Y-26
2025-08-04,412.63,BASE_M-10-25
2025-08-04,430.3,BASE_Q-1-26
2025-08-04,423.99,BASE_Q-4-25
2025-08-04,436.88,BASE_Y-28
2025-08-04,412.5,BASE_Q-3-26
2025-08-05,420.92,BASE_Y-26
2025-08-05,414.0,BASE_M-10-25
2025-08-05,396.5,BASE_Q-2-26
2025-08-05,442.0,BASE_Y-28
2025-08-05,429.75,BASE_Y-27
2025-08-05,425.83,BASE_Q-4-25
2025-08-05,426.5,BASE_Q-3-26
2025-08-05,434.0,BASE_Q-1-26
2025-08-05,440.0,BASE_Q-4-26
2025-08-05,430.0,BASE_M-12-25
2025-08-05,418.31,BASE_M-09-25
2025-08-06,425.3,BASE_Q-4-25
2025-08-06,417.0,BASE_M-09-25
2025-08-06,397.0,BASE_Q-2-26
2025-08-06,430.6,BASE_M-12-25
2025-08-06,444.5,BASE_Y-28
2025-08-06,420.0,BASE_Y-26
2025-08-06,438.5,BASE_Q-4-26
2025-08-06,430.8,BASE_M-11-25
2025-08-06,428.5,BASE_Y-27
2025-08-06,413.5,BASE_Q-3-26
2025-08-06,412.0,BASE_M-10-25
2025-08-06,433.0,BASE_Q-1-26
2025-08-07,418.0,BASE_Y-26
2025-08-07,409.5,BASE_Q-3-26
2025-08-07,423.83,BASE_Q-4-25
2025-08-07,428.0,BASE_M-12-25
2025-08-07,436.0,BASE_Q-4-26
2025-08-07,433.34,BASE_Q-1-26
2025-08-07,427.67,BASE_Y-27
2025-08-07,431.5,BASE_M-11-25
2025-08-07,414.0,BASE_M-09-25
2025-08-07,440.0,BASE_Y-28
2025-08-07,411.0,BASE_M-10-25
2025-08-07,396.0,BASE_Q-2-26
2025-08-08,434.0,BASE_M-11-25
2025-08-08,400.0,BASE_Q-2-26
2025-08-08,410.0,BASE_Q-3-26
2025-08-08,422.5,BASE_Y-26
2025-08-08,443.5,BASE_Y-28
2025-08-08,434.63,BASE_Q-1-26
2025-08-08,431.67,BASE_Y-27
2025-08-08,425.25,BASE_Q-4-25
2025-08-08,430.0,BASE_M-12-25
2025-08-08,420.43,BASE_M-09-25
2025-08-08,413.0,BASE_M-10-25
2025-08-08,436.0,BASE_Q-4-26
2025-08-11,433.0,BASE_Q-1-26
2025-08-11,410.0,BASE_Q-3-26
2025-08-11,428.5,BASE_Y-27
2025-08-11,420.25,BASE_Y-26
2025-08-11,423.57,BASE_Q-4-25
2025-08-11,430.0,BASE_M-12-25
2025-08-11,419.45,BASE_M-09-25
2025-08-11,437.5,BASE_Q-4-26
2025-08-11,413.0,BASE_M-10-25
2025-08-11,398.0,BASE_Q-2-26
2025-08-11,437.0,BASE_M-11-25
2025-08-11,440.0,BASE_Y-28
2025-08-12,432.0,BASE_M-11-25
2025-08-12,438.75,BASE_Q-4-26
2025-08-12,410.17,BASE_M-10-25
2025-08-12,434.0,BASE_Q-1-26
2025-08-12,398.0,BASE_Q-2-26
2025-08-12,427.44,BASE_M-12-25
2025-08-12,420.16,BASE_Y-26
2025-08-12,439.5,BASE_Y-28
2025-08-12,417.51,BASE_M-09-25
2025-08-12,422.0,BASE_Q-4-25
2025-08-12,406.0,BASE_Q-3-26
2025-08-12,428.5,BASE_Y-27
2025-08-13,425.75,BASE_Y-27
2025-08-13,433.53,BASE_Q-4-26
2025-08-13,417.5,BASE_M-09-25
2025-08-13,439.25,BASE_Y-28
2025-08-13,431.0,BASE_M-11-25
2025-08-13,433.5,BASE_Q-1-26
2025-08-13,409.0,BASE_Q-3-26
2025-08-13,397.0,BASE_Q-2-26
2025-08-13,429.0,BASE_M-12-25
2025-08-13,422.0,BASE_Q-4-25
2025-08-13,420.45,BASE_Y-26
2025-08-13,410.0,BASE_M-10-25
2025-08-14,433.0,BASE_Y-28
2025-08-14,393.0,BASE_Q-2-26
2025-08-14,421.33,BASE_Y-27
2025-08-14,426.5,BASE_M-12-25
2025-08-14,415.29,BASE_M-09-25
2025-08-14,437.25,BASE_Q-4-26
2025-08-14,429.5,BASE_M-11-25
2025-08-14,418.35,BASE_Y-26
2025-08-14,410.0,BASE_Q-3-26
2025-08-14,420.1,BASE_Q-4-25
2025-08-14,408.4,BASE_M-10-25
2025-08-14,430.5,BASE_Q-1-26
2025-08-18,407.0,BASE_M-10-25
2025-08-18,437.7,BASE_Q-4-26
2025-08-18,412.7,BASE_M-09-25
2025-08-18,405.0,BASE_Q-3-26
2025-08-18,430.0,BASE_Y-28
2025-08-18,430.37,BASE_Q-1-26
2025-08-18,415.0,BASE_Y-27
2025-08-18,429.0,BASE_M-11-25
2025-08-18,394.0,BASE_Q-2-26
2025-08-18,415.75,BASE_Y-26
2025-08-18,425.0,BASE_M-12-25
2025-08-18,420.0,BASE_Q-4-25
2025-08-19,437.5,BASE_Q-4-26
2025-08-19,409.0,BASE_M-09-25
2025-08-19,417.28,BASE_Y-26
2025-08-19,415.6,BASE_Y-27
2025-08-19,424.0,BASE_M-12-25
2025-08-19,427.0,BASE_M-11-25
2025-08-19,407.0,BASE_Q-3-26
2025-08-19,417.65,BASE_Q-4-25
2025-08-19,430.0,BASE_Y-28
2025-08-19,404.8,BASE_M-10-25
2025-08-19,392.0,BASE_Q-2-26
2025-08-19,430.0,BASE_Q-1-26
2025-08-20,416.65,BASE_Q-4-25
2025-08-20,427.5,BASE_M-11-25
2025-08-20,408.7,BASE_M-09-25
2025-08-20,437.0,BASE_Q-4-26
2025-08-20,391.0,BASE_Q-2-26
2025-08-20,416.0,BASE_Y-26
2025-08-20,425.5,BASE_M-12-25
2025-08-20,428.03,BASE_Q-1-26
2025-08-20,405.0,BASE_M-10-25
2025-08-20,407.03,BASE_Q-3-26
2025-08-20,415.05,BASE_Y-27
2025-08-20,430.0,BASE_Y-28
2025-08-21,424.0,BASE_M-12-25
2025-08-21,417.5,BASE_Y-27
2025-08-21,430.25,BASE_M-11-25
2025-08-21,414.7,BASE_M-09-25
2025-08-21,440.0,BASE_Q-4-26
2025-08-21,433.55,BASE_Y-28
2025-08-21,395.5,BASE_Q-2-26
2025-08-21,419.0,BASE_Q-4-25
2025-08-21,409.0,BASE_Q-3-26
2025-08-21,419.3,BASE_Y-26
2025-08-21,430.0,BASE_Q-1-26
2025-08-21,408.55,BASE_M-10-25
2025-08-22,421.5,BASE_Q-4-25
2025-08-22,431.0,BASE_Q-1-26
2025-08-22,420.4,BASE_Y-26
2025-08-22,441.1,BASE_Q-4-26
2025-08-22,415.4,BASE_M-09-25
2025-08-22,428.95,BASE_M-11-25
2025-08-22,394.75,BASE_Q-2-26
2025-08-22,410.11,BASE_M-10-25
2025-08-22,425.0,BASE_M-12-25
2025-08-22,417.75,BASE_Y-27
2025-08-22,408.75,BASE_Q-3-26
2025-08-22,433.1,BASE_Y-28
2025-08-25,441.5,BASE_Q-4-26
2025-08-25,429.0,BASE_Q-1-26
2025-08-25,428.0,BASE_M-11-25
2025-08-25,394.5,BASE_Q-2-26
2025-08-25,408.0,BASE_M-10-25
2025-08-25,434.5,BASE_Y-28
2025-08-25,406.0,BASE_Q-3-26
2025-08-25,425.0,BASE_M-12-25
2025-08-25,420.5,BASE_Q-4-25
2025-08-25,413.7,BASE_M-09-25
2025-08-25,415.65,BASE_Y-27
2025-08-25,420.0,BASE_Y-26
2025-08-26,432.75,BASE_Y-28
2025-08-26,426.5,BASE_M-12-25
2025-08-26,415.75,BASE_M-09-25
2025-08-26,413.38,BASE_Y-27
2025-08-26,419.5,BASE_Y-26
2025-08-26,426.5,BASE_M-11-25
2025-08-26,394.5,BASE_Q-2-26
2025-08-26,429.5,BASE_Q-1-26
2025-08-26,406.5,BASE_Q-3-26
2025-08-26,408.06,BASE_M-10-25
2025-08-26,421.08,BASE_Q-4-25
2025-08-26,442.0,BASE_Q-4-26
2025-08-27,413.3,BASE_Y-27
2025-08-27,422.31,BASE_Q-4-25
2025-08-27,420.02,BASE_M-09-25
2025-08-27,427.5,BASE_M-12-25
2025-08-27,409.13,BASE_M-10-25
2025-08-27,432.5,BASE_Y-28
2025-08-27,442.0,BASE_Q-4-26
2025-08-27,418.61,BASE_Y-26
2025-08-27,407.0,BASE_Q-3-26
2025-08-27,395.5,BASE_Q-2-26
2025-08-27,431.0,BASE_Q-1-26
2025-08-27,429.0,BASE_M-11-25
2025-08-28,427.0,BASE_M-11-25
2025-08-28,441.0,BASE_Q-4-26
2025-08-28,426.0,BASE_M-12-25
2025-08-28,428.17,BASE_Q-1-26
2025-08-28,394.5,BASE_Q-2-26
2025-08-28,409.67,BASE_M-10-25
2025-08-28,419.32,BASE_Q-4-25
2025-08-28,412.38,BASE_Y-27
2025-08-28,431.25,BASE_Y-28
2025-08-28,406.67,BASE_Q-3-26
2025-08-28,416.6,BASE_Y-26
2025-08-28,419.85,BASE_M-09-25
2025-08-29,428.25,BASE_M-11-25
2025-08-29,441.0,BASE_Q-4-26
2025-08-29,424.0,BASE_M-09-25
2025-08-29,429.0,BASE_Y-28
2025-08-29,411.0,BASE_M-10-25
2025-08-29,428.14,BASE_Q-1-26
2025-08-29,417.44,BASE_Y-26
2025-08-29,406.0,BASE_Q-3-26
2025-08-29,427.0,BASE_M-12-25
2025-08-29,411.25,BASE_Y-27
2025-08-29,419.68,BASE_Q-4-25
2025-08-29,395.0,BASE_Q-2-26
2025-09-01,395.0,BASE_Q-2-26
2025-09-01,432.5,BASE_Q-1-26
2025-09-01,419.65,BASE_Y-26
2025-09-01,438.5,BASE_Y-28
2025-09-01,408.03,BASE_Q-3-26
2025-09-01,423.43,BASE_Q-4-25
2025-09-01,426.5,BASE_M-12-25
2025-09-01,413.75,BASE_Y-27
2025-09-01,442.0,BASE_Q-4-26
2025-09-01,414.0,BASE_M-10-25
2025-09-01,431.0,BASE_M-11-25
2025-09-02,429.5,BASE_M-12-25
2025-09-02,409.75,BASE_Q-3-26
2025-09-02,434.0,BASE_M-11-25
2025-09-02,414.56,BASE_Y-27
2025-09-02,443.0,BASE_Q-4-26
2025-09-02,425.15,BASE_Q-4-25
2025-09-02,399.0,BASE_Q-2-26
2025-09-02,440.25,BASE_Y-28
2025-09-02,432.0,BASE_Q-1-26
2025-09-02,420.07,BASE_Y-26
2025-09-02,416.24,BASE_M-10-25
2025-09-03,431.6,BASE_Q-1-26
2025-09-03,429.5,BASE_M-12-25
2025-09-03,410.0,BASE_Q-3-26
2025-09-03,421.99,BASE_Y-26
2025-09-03,439.2,BASE_Y-28
2025-09-03,416.27,BASE_M-10-25
2025-09-03,426.0,BASE_Q-4-25
2025-09-03,397.5,BASE_Q-2-26
2025-09-03,417.1,BASE_Y-27
2025-09-03,441.0,BASE_Q-4-26
2025-09-03,432.5,BASE_M-11-25
2025-09-04,422.2,BASE_Q-4-25
2025-09-04,439.0,BASE_Y-28
2025-09-04,410.0,BASE_Q-3-26
2025-09-04,421.7,BASE_Y-26
2025-09-04,411.0,BASE_M-10-25
2025-09-04,417.65,BASE_Y-27
2025-09-04,398.33,BASE_Q-2-26
2025-09-04,444.0,BASE_Q-4-26
2025-09-04,428.9,BASE_M-11-25
2025-09-04,425.6,BASE_M-12-25
2025-09-04,431.39,BASE_Q-1-26
2025-09-05,431.0,BASE_M-12-25
2025-09-05,435.25,BASE_Q-1-26
2025-09-05,425.81,BASE_Q-4-25
2025-09-05,400.0,BASE_Q-2-26
2025-09-05,447.25,BASE_Q-4-26
2025-09-05,411.5,BASE_Q-3-26
2025-09-05,421.69,BASE_Y-27
2025-09-05,441.0,BASE_Y-28
2025-09-05,424.7,BASE_Y-26
2025-09-05,433.5,BASE_M-11-25
2025-09-05,415.25,BASE_M-10-25
2025-09-08,430.12,BASE_M-12-25
2025-09-08,426.38,BASE_Y-26
2025-09-08,445.5,BASE_Q-4-26
2025-09-08,396.0,BASE_Q-2-26
2025-09-08,433.5,BASE_M-11-25
2025-09-08,441.0,BASE_Y-28
2025-09-08,425.25,BASE_Q-4-25
2025-09-08,437.0,BASE_Q-1-26
2025-09-08,421.5,BASE_Y-27
2025-09-08,415.64,BASE_M-10-25
2025-09-08,411.5,BASE_Q-3-26
2025-09-09,437.0,BASE_Q-1-26
2025-09-09,420.6,BASE_Y-27
2025-09-09,423.8,BASE_Q-4-25
2025-09-09,440.0,BASE_Y-28
2025-09-09,425.09,BASE_Y-26
2025-09-09,426.08,BASE_M-12-25
2025-09-09,432.58,BASE_M-11-25
2025-09-09,395.0,BASE_Q-2-26
2025-09-09,414.31,BASE_M-10-25
2025-09-09,415.0,BASE_Q-3-26
2025-09-09,445.5,BASE_Q-4-26
2025-09-10,437.58,BASE_Q-1-26
2025-09-10,418.5,BASE_Q-3-26
2025-09-10,434.35,BASE_M-11-25
2025-09-10,442.0,BASE_Y-28
2025-09-10,427.0,BASE_Y-26
2025-09-10,401.0,BASE_Q-2-26
2025-09-10,427.78,BASE_M-12-25
2025-09-10,448.5,BASE_Q-4-26
2025-09-10,425.22,BASE_Q-4-25
2025-09-10,423.42,BASE_Y-27
2025-09-10,417.0,BASE_M-10-25
2025-09-11,446.5,BASE_Q-4-26
2025-09-11,442.0,BASE_Y-28
2025-09-11,426.84,BASE_M-12-25
2025-09-11,435.6,BASE_Q-1-26
2025-09-11,424.0,BASE_Y-27
2025-09-11,418.0,BASE_Q-3-26
2025-09-11,414.05,BASE_M-10-25
2025-09-11,432.17,BASE_M-11-25
2025-09-11,424.02,BASE_Q-4-25
2025-09-11,400.0,BASE_Q-2-26
2025-09-11,426.7,BASE_Y-26
2025-09-12,425.14,BASE_M-12-25
2025-09-12,445.0,BASE_Q-4-26
2025-09-12,430.22,BASE_M-11-25
2025-09-12,442.0,BASE_Y-28
2025-09-12,423.82,BASE_Q-4-25
2025-09-12,415.98,BASE_M-10-25
2025-09-12,423.92,BASE_Y-27
2025-09-12,417.25,BASE_Q-3-26
2025-09-12,434.8,BASE_Q-1-26
2025-09-12,425.75,BASE_Y-26
2025-09-12,399.25,BASE_Q-2-26
2025-09-15,443.0,BASE_Y-28
2025-09-15,430.07,BASE_M-11-25
2025-09-15,419.15,BASE_M-10-25
2025-09-15,425.0,BASE_M-12-25
2025-09-15,449.0,BASE_Q-4-26
2025-09-15,424.53,BASE_Y-27
2025-09-15,426.34,BASE_Y-26
2025-09-15,420.0,BASE_Q-3-26
2025-09-15,423.85,BASE_Q-4-25
2025-09-15,434.65,BASE_Q-1-26
2025-09-15,400.0,BASE_Q-2-26
2025-09-16,401.5,BASE_Q-2-26
2025-09-16,425.25,BASE_M-12-25
2025-09-16,427.3,BASE_Y-27
2025-09-16,422.83,BASE_Q-3-26
2025-09-16,431.24,BASE_M-11-25
2025-09-16,428.6,BASE_Y-26
2025-09-16,427.2,BASE_Q-4-25
2025-09-16,451.0,BASE_Q-4-26
2025-09-16,452.82,BASE_M-02-26
2025-09-16,466.82,BASE_M-01-26
2025-09-16,430.94,BASE_Y-29
2025-09-16,439.0,BASE_Q-1-26
2025-09-16,398.64,BASE_M-03-26
2025-09-16,425.25,BASE_M-10-25
2025-09-16,446.0,BASE_Y-28
2025-09-17,465.94,BASE_M-01-26
2025-09-17,430.84,BASE_Y-27
2025-09-17,457.48,BASE_M-02-26
2025-09-17,431.9,BASE_M-10-25
2025-09-17,429.42,BASE_M-12-25
2025-09-17,425.62,BASE_Q-3-26
2025-09-17,442.66,BASE_Q-1-26
2025-09-17,431.6,BASE_Y-26
2025-09-17,434.27,BASE_Y-29
2025-09-17,403.96,BASE_Q-2-26
2025-09-17,432.9,BASE_Q-4-25
2025-09-17,454.09,BASE_Q-4-26
2025-09-17,405.96,BASE_M-03-26
2025-09-17,449.55,BASE_Y-28
2025-09-17,437.54,BASE_M-11-25
2025-09-18,428.4,BASE_M-10-25
2025-09-18,426.0,BASE_Q-3-26
2025-09-18,433.0,BASE_Y-26
2025-09-18,458.4,BASE_M-02-26
2025-09-18,406.77,BASE_M-03-26
2025-09-18,466.87,BASE_M-01-26
2025-09-18,430.98,BASE_M-12-25
2025-09-18,434.07,BASE_Y-29
2025-09-18,455.39,BASE_Q-4-26
2025-09-18,432.48,BASE_Q-4-25
2025-09-18,438.26,BASE_M-11-25
2025-09-18,443.55,BASE_Q-1-26
2025-09-18,431.42,BASE_Y-27
2025-09-18,446.81,BASE_Y-28
2025-09-18,407.0,BASE_Q-2-26
2025-09-19,407.19,BASE_M-03-26
2025-09-19,433.01,BASE_Y-26
2025-09-19,444.0,BASE_Q-1-26
2025-09-19,434.1,BASE_Y-29
2025-09-19,434.38,BASE_M-11-25
2025-09-19,407.0,BASE_Q-2-26
2025-09-19,426.8,BASE_Q-3-26
2025-09-19,458.86,BASE_M-02-26
2025-09-19,467.34,BASE_M-01-26
2025-09-19,454.19,BASE_Q-4-26
2025-09-19,448.05,BASE_Y-28
2025-09-19,429.7,BASE_Q-4-25
2025-09-19,430.3,BASE_Y-27
2025-09-19,426.84,BASE_M-10-25
2025-09-19,428.03,BASE_M-12-25
2025-09-22,430.45,BASE_M-11-25
2025-09-22,432.65,BASE_Y-29
2025-09-22,406.0,BASE_Q-2-26
2025-09-22,469.41,BASE_M-01-26
2025-09-22,452.87,BASE_Q-4-26
2025-09-22,427.4,BASE_Q-4-25
2025-09-22,429.0,BASE_Y-27
2025-09-22,425.24,BASE_M-12-25
2025-09-22,426.0,BASE_Q-3-26
2025-09-22,463.32,BASE_M-02-26
2025-09-22,426.62,BASE_M-10-25
2025-09-22,442.6,BASE_Q-1-26
2025-09-22,431.88,BASE_Y-26
2025-09-22,446.05,BASE_Y-28
2025-09-22,397.02,BASE_M-03-26
2025-09-23,427.71,BASE_M-10-25
2025-09-23,407.0,BASE_Q-2-26
2025-09-23,447.55,BASE_Q-4-26
2025-09-23,446.0,BASE_Y-28
2025-09-23,431.64,BASE_M-11-25
2025-09-23,455.58,BASE_M-02-26
2025-09-23,428.5,BASE_Q-4-25
2025-09-23,428.0,BASE_Y-27
2025-09-23,427.0,BASE_Q-3-26
2025-09-23,426.26,BASE_M-12-25
2025-09-23,431.86,BASE_Y-29
2025-09-23,440.81,BASE_Q-1-26
2025-09-23,430.6,BASE_Y-26
2025-09-23,463.91,BASE_M-01-26
2025-09-23,404.32,BASE_M-03-26
2025-09-24,451.07,BASE_Q-4-26
2025-09-24,424.96,BASE_Q-3-26
2025-09-24,455.0,BASE_M-01-26
2025-09-24,425.49,BASE_M-10-25
2025-09-24,407.25,BASE_Q-2-26
2025-09-24,432.49,BASE_M-11-25
2025-09-24,429.64,BASE_M-03-26
2025-09-24,428.19,BASE_Q-4-25
2025-09-24,446.5,BASE_Y-28
2025-09-24,440.67,BASE_Q-1-26
2025-09-24,437.0,BASE_M-02-26
2025-09-24,432.49,BASE_Y-29
2025-09-24,431.0,BASE_Y-26
2025-09-24,426.74,BASE_M-12-25
2025-09-24,428.0,BASE_Y-27
2025-09-25,428.5,BASE_Y-27
2025-09-25,407.4,BASE_Q-2-26
2025-09-25,455.0,BASE_M-02-26
2025-09-25,433.25,BASE_Y-29
2025-09-25,426.71,BASE_M-12-25
2025-09-25,448.25,BASE_Y-28
2025-09-25,429.6,BASE_Q-4-25
2025-09-25,425.11,BASE_Q-3-26
2025-09-25,443.5,BASE_Q-1-26
2025-09-25,463.02,BASE_M-01-26
2025-09-25,413.55,BASE_M-03-26
2025-09-25,431.1,BASE_Y-26
2025-09-25,448.41,BASE_Q-4-26
2025-09-25,436.0,BASE_M-11-25
2025-09-25,426.3,BASE_M-10-25
2025-09-26,428.83,BASE_M-10-25
2025-09-26,429.7,BASE_Y-27
2025-09-26,448.0,BASE_Y-28
2025-09-26,412.6,BASE_M-03-26
2025-09-26,431.4,BASE_Y-26
2025-09-26,455.0,BASE_M-02-26
2025-09-26,430.0,BASE_Q-4-25
2025-09-26,461.94,BASE_M-01-26
2025-09-26,424.17,BASE_Q-3-26
2025-09-26,408.67,BASE_Q-2-26
2025-09-26,424.47,BASE_M-12-25
2025-09-26,433.85,BASE_Y-29
2025-09-26,442.8,BASE_Q-1-26
2025-09-26,449.96,BASE_Q-4-26
2025-09-26,436.92,BASE_M-11-25
2025-09-29,446.0,BASE_Y-28
2025-09-29,430.4,BASE_M-12-25
2025-09-29,443.42,BASE_Q-1-26
2025-09-29,409.27,BASE_Q-2-26
2025-09-29,431.56,BASE_Y-26
2025-09-29,403.65,BASE_M-04-26
2025-09-29,451.0,BASE_Q-4-26
2025-09-29,422.56,BASE_Q-3-26
2025-09-29,472.04,BASE_M-01-26
2025-09-29,409.31,BASE_M-03-26
2025-09-29,427.35,BASE_Y-27
2025-09-29,449.44,BASE_M-02-26
2025-09-29,438.0,BASE_M-11-25
2025-09-29,432.69,BASE_Y-29
2025-09-30,399.13,BASE_M-03-26
2025-09-30,444.5,BASE_Y-28
2025-09-30,425.5,BASE_Y-27
2025-09-30,430.73,BASE_Y-26
2025-09-30,488.0,BASE_M-01-26
2025-09-30,443.1,BASE_Q-1-26
2025-09-30,436.0,BASE_M-11-25
2025-09-30,420.94,BASE_Q-3-26
2025-09-30,407.4,BASE_Q-2-26
2025-09-30,401.09,BASE_M-04-26
2025-09-30,451.5,BASE_Q-4-26
2025-09-30,428.0,BASE_M-12-25
2025-09-30,442.0,BASE_M-02-26
2025-09-30,431.54,BASE_Y-29
2025-10-01,444.13,BASE_Y-28
2025-10-01,432.5,BASE_M-11-25
2025-10-01,445.0,BASE_M-02-26
2025-10-01,405.0,BASE_Q-2-26
2025-10-01,428.18,BASE_Y-26
2025-10-01,429.72,BASE_Y-29
2025-10-01,398.72,BASE_M-04-26
2025-10-01,466.0,BASE_M-01-26
2025-10-01,419.0,BASE_Q-3-26
2025-10-01,425.0,BASE_M-12-25
2025-10-01,423.0,BASE_Y-27
2025-10-01,448.8,BASE_Q-4-26
2025-10-01,439.92,BASE_Q-1-26
2025-10-01,409.21,BASE_M-03-26
2025-10-02,399.66,BASE_M-04-26
2025-10-02,433.4,BASE_M-11-25
2025-10-02,442.96,BASE_M-02-26
2025-10-02,463.23,BASE_M-01-26
2025-10-02,406.9,BASE_Q-2-26
2025-10-02,424.5,BASE_Y-27
2025-10-02,429.3,BASE_Y-26
2025-10-02,425.8,BASE_M-12-25
2025-10-02,430.48,BASE_Y-29
2025-10-02,440.01,BASE_Q-1-26
2025-10-02,443.75,BASE_Y-28
2025-10-02,450.02,BASE_Q-4-26
2025-10-02,420.26,BASE_Q-3-26
2025-10-02,414.07,BASE_M-03-26
2025-10-03,463.0,BASE_M-01-26
2025-10-03,405.61,BASE_M-04-26
2025-10-03,434.61,BASE_Y-26
2025-10-03,434.81,BASE_Y-29
2025-10-03,429.5,BASE_M-12-25
2025-10-03,447.74,BASE_M-02-26
2025-10-03,429.64,BASE_Y-27
2025-10-03,446.25,BASE_Y-28
2025-10-03,442.78,BASE_Q-1-26
2025-10-03,425.85,BASE_Q-3-26
2025-10-03,439.5,BASE_M-11-25
2025-10-03,418.04,BASE_M-03-26
2025-10-03,457.48,BASE_Q-4-26
2025-10-03,412.26,BASE_Q-2-26
2025-10-06,414.0,BASE_Q-2-26
2025-10-06,447.1,BASE_Y-28
2025-10-06,407.58,BASE_M-04-26
2025-10-06,449.58,BASE_M-02-26
2025-10-06,466.0,BASE_M-01-26
2025-10-06,438.1,BASE_Y-26
2025-10-06,416.93,BASE_M-03-26
2025-10-06,438.0,BASE_Y-29
2025-10-06,431.0,BASE_M-12-25
2025-10-06,431.9,BASE_Q-3-26
2025-10-06,462.36,BASE_Q-4-26
2025-10-06,446.0,BASE_M-11-25
2025-10-06,434.48,BASE_Y-27
2025-10-06,444.0,BASE_Q-1-26
2025-10-07,451.94,BASE_M-02-26
2025-10-07,407.47,BASE_M-04-26
2025-10-07,445.0,BASE_M-11-25
2025-10-07,433.64,BASE_Y-27
2025-10-07,409.02,BASE_M-03-26
2025-10-07,437.03,BASE_Y-29
2025-10-07,431.48,BASE_Q-3-26
2025-10-07,413.83,BASE_Q-2-26
2025-10-07,460.86,BASE_Q-4-26
2025-10-07,465.0,BASE_M-01-26
2025-10-07,437.0,BASE_Y-26
2025-10-07,433.0,BASE_M-12-25
2025-10-07,446.1,BASE_Y-28
2025-10-07,441.67,BASE_Q-1-26
2025-10-08,435.52,BASE_Y-27
2025-10-08,462.54,BASE_Q-4-26
2025-10-08,408.57,BASE_M-04-26
2025-10-08,443.0,BASE_Q-1-26
2025-10-08,461.1,BASE_M-02-26
2025-10-08,438.74,BASE_Y-29
2025-10-08,416.0,BASE_Q-2-26
2025-10-08,434.5,BASE_M-12-25
2025-10-08,446.9,BASE_Y-28
2025-10-08,449.0,BASE_M-11-25
2025-10-08,464.6,BASE_M-01-26
2025-10-08,405.0,BASE_M-03-26
2025-10-08,433.97,BASE_Q-3-26
2025-10-08,438.92,BASE_Y-26
2025-10-09,464.04,BASE_M-01-26
2025-10-09,408.4,BASE_M-04-26
2025-10-09,435.0,BASE_Y-27
2025-10-09,433.59,BASE_Q-3-26
2025-10-09,441.9,BASE_Q-1-26
2025-10-09,414.87,BASE_Q-2-26
2025-10-09,438.16,BASE_Y-26
2025-10-09,405.08,BASE_M-03-26
2025-10-09,445.0,BASE_Y-28
2025-10-09,435.53,BASE_M-12-25
2025-10-09,447.2,BASE_M-11-25
2025-10-09,458.1,BASE_M-02-26
2025-10-09,437.7,BASE_Y-29
2025-10-09,462.1,BASE_Q-4-26
2025-10-10,412.7,BASE_M-04-26
2025-10-10,426.3,BASE_M-03-26
2025-10-10,464.0,BASE_M-01-26
2025-10-10,449.9,BASE_M-11-25
2025-10-10,439.09,BASE_Q-3-26
2025-10-10,444.0,BASE_Q-1-26
2025-10-10,438.5,BASE_Y-27
2025-10-10,465.04,BASE_Q-4-26
2025-10-10,441.89,BASE_Y-26
2025-10-10,419.23,BASE_Q-2-26
2025-10-10,447.01,BASE_Y-28
2025-10-10,441.43,BASE_M-02-26
2025-10-10,440.79,BASE_Y-29
2025-10-10,438.0,BASE_M-12-25
2025-10-13,414.81,BASE_M-03-26
2025-10-13,436.27,BASE_Q-3-26
2025-10-13,460.0,BASE_M-01-26
2025-10-13,443.5,BASE_Y-28
2025-10-13,437.9,BASE_Y-26
2025-10-13,447.2,BASE_M-11-25
2025-10-13,459.59,BASE_Q-4-26
2025-10-13,440.0,BASE_Q-1-26
2025-10-13,435.45,BASE_Y-27
2025-10-13,436.5,BASE_M-12-25
2025-10-13,415.53,BASE_Q-2-26
2025-10-13,450.0,BASE_Y-29
2025-10-13,445.71,BASE_M-02-26
2025-10-13,406.11,BASE_M-04-26
2025-10-14,455.0,BASE_Q-4-26
2025-10-14,429.58,BASE_Q-3-26
2025-10-14,452.21,BASE_M-02-26
2025-10-14,442.0,BASE_M-01-26
2025-10-14,404.63,BASE_M-04-26
2025-10-14,434.17,BASE_Q-1-26
2025-10-14,446.4,BASE_M-11-25
2025-10-14,432.41,BASE_Y-29
2025-10-14,407.04,BASE_Q-2-26
2025-10-14,439.0,BASE_Y-28
2025-10-14,410.0,BASE_M-03-26
2025-10-14,431.5,BASE_Y-26
2025-10-14,430.5,BASE_Y-27
2025-10-14,434.25,BASE_M-12-25
2025-10-15,405.61,BASE_M-04-26
2025-10-15,408.0,BASE_M-03-26
2025-10-15,451.39,BASE_M-01-26
2025-10-15,412.0,BASE_Q-2-26
2025-10-15,430.61,BASE_Q-3-26
2025-10-15,432.91,BASE_Q-1-26
2025-10-15,433.48,BASE_Y-29
2025-10-15,435.0,BASE_M-12-25
2025-10-15,440.0,BASE_M-02-26
2025-10-15,430.5,BASE_Y-27
2025-10-15,432.8,BASE_Y-26
2025-10-15,440.95,BASE_Y-28
2025-10-15,455.44,BASE_Q-4-26
2025-10-15,446.95,BASE_M-11-25
2025-10-16,406.11,BASE_M-04-26
2025-10-16,444.09,BASE_M-02-26
2025-10-16,435.82,BASE_Y-29
2025-10-16,432.3,BASE_Y-27
2025-10-16,436.45,BASE_Q-1-26
2025-10-16,407.95,BASE_M-03-26
2025-10-16,453.6,BASE_M-11-25
2025-10-16,439.0,BASE_M-12-25
2025-10-16,435.42,BASE_Y-26
2025-10-16,457.84,BASE_Q-4-26
2025-10-16,458.0,BASE_M-01-26
2025-10-16,433.0,BASE_Q-3-26
2025-10-16,443.55,BASE_Y-28
2025-10-16,414.17,BASE_Q-2-26
2025-10-17,432.05,BASE_Q-3-26
2025-10-17,442.0,BASE_Y-29
2025-10-17,461.08,BASE_M-01-26
2025-10-17,441.0,BASE_M-12-25
2025-10-17,444.0,BASE_Y-28
2025-10-17,444.09,BASE_M-02-26
2025-10-17,458.81,BASE_Q-4-26
2025-10-17,416.0,BASE_Q-2-26
2025-10-17,433.5,BASE_Y-27
2025-10-17,409.55,BASE_M-04-26
2025-10-17,404.15,BASE_M-03-26
2025-10-17,435.82,BASE_Y-26
2025-10-17,436.2,BASE_Q-1-26
2025-10-17,453.5,BASE_M-11-25
2025-10-20,434.3,BASE_Y-26
2025-10-20,434.93,BASE_Q-1-26
2025-10-20,407.58,BASE_M-04-26
2025-10-20,456.75,BASE_M-01-26
2025-10-20,404.0,BASE_M-03-26
2025-10-20,433.0,BASE_Y-27
2025-10-20,441.25,BASE_Y-28
2025-10-20,456.7,BASE_Q-4-26
2025-10-20,414.0,BASE_Q-2-26
2025-10-20,431.35,BASE_Q-3-26
2025-10-20,438.3,BASE_M-12-25
2025-10-20,434.98,BASE_Y-29
2025-10-20,450.8,BASE_M-11-25
2025-10-20,444.99,BASE_M-02-26
2025-10-21,434.02,BASE_Y-26
2025-10-21,449.9,BASE_M-11-25
2025-10-21,407.09,BASE_M-04-26
2025-10-21,433.47,BASE_Q-1-26
2025-10-21,434.82,BASE_Y-29
2025-10-21,439.4,BASE_M-12-25
2025-10-21,403.85,BASE_M-03-26
2025-10-21,441.5,BASE_Y-28
2025-10-21,456.38,BASE_M-01-26
2025-10-21,413.23,BASE_Q-2-26
2025-10-21,432.55,BASE_Y-27
2025-10-21,456.82,BASE_Q-4-26
2025-10-21,440.84,BASE_M-02-26
2025-10-21,432.31,BASE_Q-3-26
2025-10-22,406.7,BASE_M-04-26
2025-10-22,435.35,BASE_Y-29
2025-10-22,433.5,BASE_Q-1-26
2025-10-22,449.1,BASE_M-11-25
2025-10-22,413.1,BASE_Q-2-26
2025-10-22,441.1,BASE_M-02-26
2025-10-22,442.75,BASE_Y-28
2025-10-22,432.55,BASE_Y-27
2025-10-22,440.32,BASE_M-12-25
2025-10-22,457.0,BASE_M-01-26
2025-10-22,457.87,BASE_Q-4-26
2025-10-22,434.4,BASE_Y-26
2025-10-22,403.09,BASE_M-03-26
2025-10-22,432.87,BASE_Q-3-26
2025-10-23,433.1,BASE_Q-3-26
2025-10-23,457.89,BASE_Q-4-26
2025-10-23,431.7,BASE_Y-27
2025-10-23,453.0,BASE_M-11-25
2025-10-23,441.0,BASE_Y-28
2025-10-23,410.05,BASE_Q-2-26
2025-10-23,403.03,BASE_M-03-26
2025-10-23,404.88,BASE_M-04-26
2025-10-23,434.55,BASE_Y-29
2025-10-23,457.93,BASE_M-01-26
2025-10-23,444.0,BASE_M-02-26
2025-10-23,441.85,BASE_M-12-25
2025-10-23,434.0,BASE_Y-26
2025-10-23,434.7,BASE_Q-1-26
2025-10-24,457.0,BASE_M-01-26
2025-10-24,433.5,BASE_Y-27
2025-10-24,457.8,BASE_M-11-25
2025-10-24,408.61,BASE_M-03-26
2025-10-24,433.2,BASE_Q-3-26
2025-10-24,457.89,BASE_Q-4-26
2025-10-24,435.02,BASE_Y-29
2025-10-24,443.75,BASE_M-12-25
2025-10-24,436.3,BASE_Q-1-26
2025-10-24,439.55,BASE_Y-28
2025-10-24,410.78,BASE_Q-2-26
2025-10-24,404.41,BASE_M-04-26
2025-10-24,444.0,BASE_M-02-26
2025-10-24,434.6,BASE_Y-26
2025-10-27,401.5,BASE_M-03-26
2025-10-27,451.64,BASE_M-11-25
2025-10-27,432.0,BASE_Q-1-26
2025-10-27,440.81,BASE_M-02-26
2025-10-27,396.75,BASE_M-04-26
2025-10-27,432.77,BASE_Y-29
2025-10-27,430.88,BASE_Q-3-26
2025-10-27,438.0,BASE_M-12-25
2025-10-27,430.1,BASE_Y-26
2025-10-27,403.76,BASE_Q-2-26
2025-10-27,430.5,BASE_Y-27
2025-10-27,440.5,BASE_Y-28
2025-10-27,453.51,BASE_Q-4-26
2025-10-27,454.5,BASE_M-01-26
2025-10-28,441.3,BASE_M-12-25
2025-10-28,432.31,BASE_Y-26
2025-10-28,406.0,BASE_Q-2-26
2025-10-28,399.71,BASE_M-04-26
2025-10-28,448.04,BASE_M-02-26
2025-10-28,435.0,BASE_Q-1-26
2025-10-28,442.01,BASE_Y-28
2025-10-28,401.48,BASE_M-03-26
2025-10-28,435.0,BASE_Y-29
2025-10-28,456.7,BASE_M-01-26
2025-10-28,432.0,BASE_Y-27
2025-10-28,432.13,BASE_Q-3-26
2025-10-28,455.4,BASE_M-11-25
2025-10-28,455.88,BASE_Q-4-26
2025-10-29,399.71,BASE_M-04-26
2025-10-29,459.0,BASE_M-11-25
2025-10-29,406.9,BASE_Q-2-26
2025-10-29,435.22,BASE_Q-1-26
2025-10-29,446.98,BASE_M-02-26
2025-10-29,441.8,BASE_Y-28
2025-10-29,433.0,BASE_Y-27
2025-10-29,432.7,BASE_Y-26
2025-10-29,432.67,BASE_Q-3-26
2025-10-29,435.03,BASE_Y-29
2025-10-29,443.95,BASE_M-12-25
2025-10-29,402.51,BASE_M-03-26
2025-10-29,457.26,BASE_M-01-26
2025-10-29,455.77,BASE_Q-4-26
2025-10-30,437.0,BASE_Q-1-26
2025-10-30,444.55,BASE_Y-28
2025-10-30,448.2,BASE_M-02-26
2025-10-30,458.96,BASE_Q-4-26
2025-10-30,403.17,BASE_M-03-26
2025-10-30,435.0,BASE_Y-27
2025-10-30,408.5,BASE_Q-2-26
2025-10-30,446.92,BASE_M-12-25
2025-10-30,394.87,BASE_M-05-26
2025-10-30,437.43,BASE_Q-3-26
2025-10-30,460.67,BASE_M-01-26
2025-10-30,435.54,BASE_Y-26
2025-10-30,403.26,BASE_M-04-26
2025-10-30,437.56,BASE_Y-29
2025-10-31,459.29,BASE_M-01-26
2025-10-31,446.0,BASE_M-02-26
2025-10-31,403.38,BASE_M-04-26
2025-10-31,435.0,BASE_Q-3-26
2025-10-31,407.86,BASE_Q-2-26
2025-10-31,434.0,BASE_Y-27
2025-10-31,434.05,BASE_Y-26
2025-10-31,403.26,BASE_M-03-26
2025-10-31,448.8,BASE_M-12-25
2025-10-31,457.23,BASE_Q-4-26
2025-10-31,436.9,BASE_Y-29
2025-10-31,445.13,BASE_Y-28
2025-10-31,394.99,BASE_M-05-26
2025-10-31,435.87,BASE_Q-1-26
2025-11-03,410.9,BASE_M-03-26
2025-11-03,441.07,BASE_Q-3-26
2025-11-03,442.68,BASE_Y-29
2025-11-03,399.84,BASE_M-05-26
2025-11-03,408.33,BASE_M-04-26
2025-11-03,457.98,BASE_M-02-26
2025-11-03,468.5,BASE_M-01-26
2025-11-03,412.51,BASE_Q-2-26
2025-11-03,440.0,BASE_Y-27
2025-11-03,461.88,BASE_M-12-25
2025-11-03,462.82,BASE_Q-4-26
2025-11-03,450.0,BASE_Y-28
2025-11-03,440.5,BASE_Y-26
2025-11-03,445.4,BASE_Q-1-26
2025-11-04,474.0,BASE_M-01-26
2025-11-04,440.0,BASE_Y-27
2025-11-04,442.0,BASE_Y-26
2025-11-04,465.23,BASE_Q-4-26
2025-11-04,450.0,BASE_Y-28
2025-11-04,457.0,BASE_M-02-26
2025-11-04,400.1,BASE_M-05-26
2025-11-04,443.85,BASE_Q-3-26
2025-11-04,407.57,BASE_M-03-26
2025-11-04,461.8,BASE_M-12-25
2025-11-04,443.21,BASE_Y-29
2025-11-04,392.5,BASE_M-04-26
2025-11-04,445.85,BASE_Q-1-26
2025-11-04,412.83,BASE_Q-2-26
2025-11-05,470.0,BASE_Q-4-26
2025-11-05,399.74,BASE_M-05-26
2025-11-05,442.5,BASE_Y-26
2025-11-05,441.25,BASE_Y-27
2025-11-05,461.0,BASE_M-12-25
2025-11-05,449.0,BASE_Y-28
2025-11-05,453.99,BASE_M-02-26
2025-11-05,464.38,BASE_M-01-26
2025-11-05,444.56,BASE_Q-1-26
2025-11-05,407.95,BASE_M-04-26
2025-11-05,412.74,BASE_Q-2-26
2025-11-05,443.47,BASE_Y-29
2025-11-05,442.41,BASE_Q-3-26
2025-11-05,416.2,BASE_M-03-26
2025-11-06,450.05,BASE_Y-28
2025-11-06,440.67,BASE_Q-3-26
2025-11-06,399.28,BASE_M-05-26
2025-11-06,468.17,BASE_Q-4-26
2025-11-06,439.94,BASE_Y-27
2025-11-06,412.27,BASE_Q-2-26
2025-11-06,441.2,BASE_Y-26
2025-11-06,460.53,BASE_M-12-25
2025-11-06,443.42,BASE_Q-1-26
2025-11-06,469.09,BASE_M-01-26
2025-11-06,408.0,BASE_M-04-26
2025-11-06,453.96,BASE_M-02-26
2025-11-06,442.92,BASE_Y-29
2025-11-06,408.17,BASE_M-03-26
2025-11-07,400.32,BASE_M-05-26
2025-11-07,455.0,BASE_M-02-26
2025-11-07,468.06,BASE_Q-4-26
2025-11-07,440.5,BASE_Q-3-26
2025-11-07,458.06,BASE_M-12-25
2025-11-07,407.12,BASE_M-03-26
2025-11-07,444.18,BASE_Q-1-26
2025-11-07,396.5,BASE_M-04-26
2025-11-07,442.85,BASE_Y-29
2025-11-07,413.0,BASE_Q-2-26
2025-11-07,471.41,BASE_M-01-26
2025-11-07,439.45,BASE_Y-27
2025-11-07,450.0,BASE_Y-28
2025-11-07,441.5,BASE_Y-26
2025-11-10,397.41,BASE_M-05-26
2025-11-10,453.0,BASE_M-12-25
2025-11-10,452.58,BASE_M-02-26
2025-11-10,440.31,BASE_Q-3-26
2025-11-10,451.0,BASE_Y-28
2025-11-10,442.84,BASE_Y-29
2025-11-10,439.5,BASE_Y-27
2025-11-10,443.82,BASE_Q-1-26
2025-11-10,393.5,BASE_M-04-26
2025-11-10,440.5,BASE_Y-26
2025-11-10,412.0,BASE_M-03-26
2025-11-10,410.76,BASE_Q-2-26
2025-11-10,466.86,BASE_Q-4-26
2025-11-10,467.67,BASE_M-01-26
2025-11-12,417.14,BASE_M-03-26
2025-11-12,444.83,BASE_Q-3-26
2025-11-12,415.31,BASE_Q-2-26
2025-11-12,456.9,BASE_M-12-25
2025-11-12,473.36,BASE_Q-4-26
2025-11-12,453.0,BASE_Y-28
2025-11-12,445.9,BASE_Y-26
2025-11-12,442.0,BASE_Y-27
2025-11-12,462.35,BASE_M-02-26
2025-11-12,449.84,BASE_Q-1-26
2025-11-12,446.06,BASE_Y-29
2025-11-12,390.0,BASE_M-04-26
2025-11-12,402.14,BASE_M-05-26
2025-11-12,471.2,BASE_M-01-26
2025-11-13,474.7,BASE_Q-4-26
2025-11-13,454.25,BASE_Y-28
2025-11-13,475.41,BASE_M-01-26
2025-11-13,453.37,BASE_Q-1-26
2025-11-13,416.62,BASE_Q-2-26
2025-11-13,463.37,BASE_M-02-26
2025-11-13,448.66,BASE_Q-3-26
2025-11-13,422.25,BASE_M-03-26
2025-11-13,448.4,BASE_Y-26
2025-11-13,403.23,BASE_M-05-26
2025-11-13,390.0,BASE_M-04-26
2025-11-13,447.99,BASE_Y-29
2025-11-13,444.0,BASE_Y-27
2025-11-13,454.6,BASE_M-12-25
2025-11-14,449.91,BASE_Y-29
2025-11-14,403.23,BASE_M-05-26
2025-11-14,416.24,BASE_Q-2-26
2025-11-14,478.32,BASE_M-01-26
2025-11-14,457.9,BASE_M-12-25
2025-11-14,454.0,BASE_Q-1-26
2025-11-14,449.5,BASE_Y-26
2025-11-14,413.05,BASE_M-04-26
2025-11-14,464.79,BASE_M-02-26
2025-11-14,457.0,BASE_Y-28
2025-11-14,475.0,BASE_Q-4-26
2025-11-14,419.89,BASE_M-03-26
2025-11-14,446.0,BASE_Y-27
2025-11-14,452.49,BASE_Q-3-26
2025-11-17,465.68,BASE_M-02-26
2025-11-17,450.33,BASE_Y-29
2025-11-17,478.5,BASE_M-01-26
2025-11-17,452.67,BASE_Q-3-26
2025-11-17,473.17,BASE_Q-4-26
2025-11-17,417.5,BASE_M-03-26
2025-11-17,391.53,BASE_M-04-26
2025-11-17,449.2,BASE_Y-26
2025-11-17,404.2,BASE_M-05-26
2025-11-17,447.0,BASE_Y-27
2025-11-17,453.52,BASE_Q-1-26
2025-11-17,458.0,BASE_M-12-25
2025-11-17,457.25,BASE_Y-28
2025-11-17,417.17,BASE_Q-2-26
2025-11-18,402.35,BASE_M-04-26
2025-11-18,451.31,BASE_Y-29
2025-11-18,475.62,BASE_Q-4-26
2025-11-18,452.41,BASE_Y-26
2025-11-18,422.42,BASE_M-03-26
2025-11-18,456.88,BASE_Q-1-26
2025-11-18,461.25,BASE_M-12-25
2025-11-18,483.22,BASE_M-01-26
2025-11-18,456.58,BASE_Q-3-26
2025-11-18,407.11,BASE_M-05-26
2025-11-18,420.29,BASE_Q-2-26
2025-11-18,455.63,BASE_Y-28
2025-11-18,449.0,BASE_Y-27
2025-11-18,465.83,BASE_M-02-26
2025-11-19,455.0,BASE_Y-28
2025-11-19,462.41,BASE_M-12-25
2025-11-19,395.0,BASE_M-04-26
2025-11-19,450.57,BASE_Y-29
2025-11-19,456.0,BASE_Q-3-26
2025-11-19,451.5,BASE_Y-26
2025-11-19,475.0,BASE_Q-4-26
2025-11-19,455.73,BASE_Q-1-26
2025-11-19,405.24,BASE_M-05-26
2025-11-19,420.62,BASE_M-03-26
2025-11-19,481.67,BASE_M-01-26
2025-11-19,448.5,BASE_Y-27
2025-11-19,465.83,BASE_M-02-26
2025-11-19,419.0,BASE_Q-2-26
2025-11-20,408.08,BASE_M-05-26
2025-11-20,470.0,BASE_M-12-25
2025-11-20,397.5,BASE_M-04-26
2025-11-20,453.58,BASE_Y-29
2025-11-20,458.02,BASE_Q-3-26
2025-11-20,449.91,BASE_Y-27
2025-11-20,454.0,BASE_Y-26
2025-11-20,460.5,BASE_Y-28
2025-11-20,475.72,BASE_Q-4-26
2025-11-20,421.02,BASE_Q-2-26
2025-11-20,461.02,BASE_Q-1-26
2025-11-20,474.24,BASE_M-02-26
2025-11-20,486.06,BASE_M-01-26
2025-11-20,424.0,BASE_M-03-26
2025-11-21,456.0,BASE_Y-28
2025-11-21,404.68,BASE_M-05-26
2025-11-21,389.0,BASE_M-04-26
2025-11-21,472.53,BASE_Q-4-26
2025-11-21,475.0,BASE_M-02-26
2025-11-21,450.98,BASE_Y-29
2025-11-21,460.51,BASE_Q-1-26
2025-11-21,481.5,BASE_M-01-26
2025-11-21,451.9,BASE_Y-26
2025-11-21,468.6,BASE_M-12-25
2025-11-21,448.9,BASE_Y-27
2025-11-21,426.39,BASE_M-03-26
2025-11-21,417.97,BASE_Q-2-26
2025-11-21,456.41,BASE_Q-3-26
2025-11-24,413.0,BASE_Q-2-26
2025-11-24,447.59,BASE_Y-29
2025-11-24,468.94,BASE_Q-4-26
2025-11-24,400.32,BASE_M-05-26
2025-11-24,466.0,BASE_M-12-25
2025-11-24,480.33,BASE_M-01-26
2025-11-24,419.77,BASE_M-03-26
2025-11-24,456.46,BASE_Q-1-26
2025-11-24,406.0,BASE_M-04-26
2025-11-24,470.6,BASE_M-02-26
2025-11-24,453.0,BASE_Q-3-26
2025-11-24,447.9,BASE_Y-26
2025-11-24,452.25,BASE_Y-28
2025-11-24,447.0,BASE_Y-27
2025-11-25,482.5,BASE_M-01-26
2025-11-25,473.48,BASE_M-02-26
2025-11-25,452.0,BASE_Y-28
2025-11-25,448.3,BASE_Y-27
2025-11-25,403.23,BASE_M-05-26
2025-11-25,472.0,BASE_M-12-25
2025-11-25,415.56,BASE_Q-2-26
2025-11-25,471.56,BASE_Q-4-26
2025-11-25,459.6,BASE_Q-1-26
2025-11-25,385.5,BASE_M-04-26
2025-11-25,449.9,BASE_Y-26
2025-11-25,424.12,BASE_M-03-26
2025-11-25,452.71,BASE_Q-3-26
2025-11-25,448.39,BASE_Y-29
2025-11-26,450.79,BASE_Y-26
2025-11-26,372.5,BASE_M-04-26
2025-11-26,449.17,BASE_Y-29
2025-11-26,480.4,BASE_M-12-25
2025-11-26,432.0,BASE_M-03-26
2025-11-26,402.99,BASE_M-05-26
2025-11-26,462.83,BASE_Q-1-26
2025-11-26,473.34,BASE_Q-4-26
2025-11-26,450.82,BASE_Q-3-26
2025-11-26,453.05,BASE_Y-28
2025-11-26,472.0,BASE_M-02-26
2025-11-26,416.05,BASE_Q-2-26
2025-11-26,485.34,BASE_M-01-26
2025-11-26,449.0,BASE_Y-27
2025-11-27,475.44,BASE_M-02-26
2025-11-27,450.12,BASE_Y-26
2025-11-27,447.89,BASE_Y-29
2025-11-27,463.37,BASE_Q-1-26
2025-11-27,410.0,BASE_M-04-26
2025-11-27,401.0,BASE_M-05-26
2025-11-27,479.2,BASE_M-12-25
2025-11-27,414.01,BASE_Q-2-26
2025-11-27,430.0,BASE_M-03-26
2025-11-27,473.0,BASE_Q-4-26
2025-11-27,450.23,BASE_Y-28
2025-11-27,450.0,BASE_Q-3-26
2025-11-27,449.0,BASE_Y-27
2025-11-27,485.78,BASE_M-01-26
2025-11-28,431.3,BASE_M-03-26
2025-11-28,481.1,BASE_M-02-26
2025-11-28,492.65,BASE_M-01-26
2025-11-28,450.0,BASE_Y-27
2025-11-28,453.71,BASE_Y-26
2025-11-28,404.2,BASE_M-05-26
2025-11-28,475.3,BASE_Q-4-26
2025-11-28,454.5,BASE_Q-3-26
2025-11-28,467.94,BASE_Q-1-26
2025-11-28,417.0,BASE_Q-2-26
2025-11-28,409.0,BASE_M-04-26
2025-11-28,449.83,BASE_Y-29
2025-11-28,485.6,BASE_M-12-25
2025-11-28,452.0,BASE_Y-28
2025-12-01,448.0,BASE_Y-27
2025-12-01,468.4,BASE_Q-1-26
2025-12-01,397.46,BASE_M-05-26
2025-12-01,452.61,BASE_Y-26
2025-12-01,431.32,BASE_M-03-26
2025-12-01,413.11,BASE_M-04-26
2025-12-01,453.5,BASE_Y-28
2025-12-01,415.5,BASE_Q-2-26
2025-12-01,481.86,BASE_M-02-26
2025-12-01,448.94,BASE_Y-29
2025-12-01,452.74,BASE_Q-3-26
2025-12-01,473.74,BASE_Q-4-26
2025-12-01,436.53,BASE_M-06-26
2025-12-01,493.27,BASE_M-01-26
2025-12-02,448.57,BASE_Q-3-26
2025-12-02,431.35,BASE_M-06-26
2025-12-02,425.08,BASE_M-03-26
2025-12-02,484.23,BASE_M-01-26
2025-12-02,404.0,BASE_M-05-26
2025-12-02,461.07,BASE_Q-1-26
2025-12-02,447.97,BASE_Y-26
2025-12-02,444.0,BASE_Y-27
2025-12-02,413.06,BASE_Q-2-26
2025-12-02,449.25,BASE_Y-28
2025-12-02,475.21,BASE_M-02-26
2025-12-02,444.39,BASE_Y-29
2025-12-02,404.14,BASE_M-04-26
2025-12-02,469.07,BASE_Q-4-26
