Date;Market;Instrument;Open;Last;Low;High;Slmnt;Trades;Quantity;Trade qty;O/I;
01.01.2026;BASE;BASE_02-01-26;308;265;250;308;0;11;80;520368;50;
01.01.2026;BASE;BASE_03-01-26;0;0;0;0;0;0;0;0;0;
01.01.2026;BASE_WEEKEND;BASE_WEEKEND_01-26;0;0;0;0;0;0;0;0;0;
01.01.2026;GAS_BASE;GAS_BASE_02-01-26;147,5;146,75;144;147,5;0;123;4494;15673492,8;4270;
01.01.2026;GAS_RDB;GAS_RDB_01-01-26;147;145,5;130;147;0;87;15706;2187578,52;14454;
01.01.2026;GAS_WEEKEND;GAS_WEEKEND_01-26;0;0;0;0;0;0;0;0;0;
01.01.2026;GLW_BASE;GLW_BASE_02-01-26;0;0;0;0;0;0;0;0;0;
01.01.2026;GLW_RDB;GLW_RDB_01-01-26;0;0;0;0;0;0;0;0;0;
01.01.2026;OFFPEAK;OFFPEAK_02-01-26;0;0;0;0;0;0;0;0;0;
01.01.2026;OFFPEAK;OFFPEAK_03-01-26;0;0;0;0;0;0;0;0;0;
01.01.2026;OFFP_WEEKEND;OFFP_WEEKEND_01-26;0;0;0;0;0;0;0;0;0;
01.01.2026;PEAK;PEAK_02-01-26;0;0;0;0;0;0;0;0;0;
01.01.2026;PEAK;PEAK_03-01-26;0;0;0;0;0;0;0;0;0;
01.01.2026;PEAK_WEEKEND;PEAK_WEEKEND_01-26;0;0;0;0;0;0;0;0;0;
01.01.2026;RDN-1;RDN_02-01-26_H01;-2,05;-20;-20;-2,05;0;123;3141,4;-6798,87;2767,7;
01.01.2026;RDN-1;RDN_02-01-26_H02;-2,99;-20;-30;-2,99;0;121;3330,7;-10362,9;2965,2;
01.01.2026;RDN-1;RDN_02-01-26_H03;-2,99;-20;-30;-2,99;0;124;3204,9;-9993,861;2835,8;
01.01.2026;RDN-1;RDN_02-01-26_H04;-2,99;-20;-30;-2,99;0;122;3223,4;-10044,774;2858,5;
01.01.2026;RDN-1;RDN_02-01-26_H05;-2,05;-20;-30;-2,05;0;124;3320,7;-7215,025;2964,2;
01.01.2026;RDN-1;RDN_02-01-26_H06;-1,42;-20;-30;-1,42;0;132;3376,2;-5218,452;3012,7;
01.01.2026;RDN-1;RDN_02-01-26_H07;25;25;25;25;0;180;4483,9;112097,5;4003,5;
01.01.2026;RDN-1;RDN_02-01-26_H08;206,61;206,61;206,61;206,61;0;177;4549,9;940054,839;4239,4;
01.01.2026;RDN-1;RDN_02-01-26_H09;293,99;293,99;293,99;293,99;0;178;4700,4;1381870,596;4329,7;
01.01.2026;RDN-1;RDN_02-01-26_H10;318,87;318,87;318,87;318,87;0;169;4592,7;1464474,249;4258,7;
01.01.2026;RDN-1;RDN_02-01-26_H11;289,37;289,37;289,37;289,37;0;171;4586,7;1327253,379;4156,2;
01.01.2026;RDN-1;RDN_02-01-26_H12;287,99;287,99;287,99;287,99;0;171;4703,3;1354503,367;4368,3;
01.01.2026;RDN-1;RDN_02-01-26_H13;295,99;295,99;295,99;295,99;0;175;4784,8;1416252,952;4269,3;
01.01.2026;RDN-1;RDN_02-01-26_H14;334,7;334,7;334,7;334,7;0;180;4821,7;1613822,99;4315,9;
01.01.2026;RDN-1;RDN_02-01-26_H15;363;363;363;363;0;178;4965,5;1802476,5;4630,2;
01.01.2026;RDN-1;RDN_02-01-26_H16;413,99;413,99;413,99;413,99;0;171;4829,4;1999323,306;4490,9;
01.01.2026;RDN-1;RDN_02-01-26_H17;414,98;414,98;414,98;414,98;0;168;4794,2;1989497,116;4334;
01.01.2026;RDN-1;RDN_02-01-26_H18;414,98;414,98;414,98;414,98;0;169;4708,2;1953808,836;4239,1;
01.01.2026;RDN-1;RDN_02-01-26_H19;407,99;407,99;407,99;407,99;0;172;4797,9;1957495,221;4340,2;
01.01.2026;RDN-1;RDN_02-01-26_H20;400;400;400;400;0;170;4606,5;1842600;4297,6;
01.01.2026;RDN-1;RDN_02-01-26_H21;391;391;391;391;0;169;4525,2;1769353,2;4183,8;
01.01.2026;RDN-1;RDN_02-01-26_H22;351,45;351,45;351,45;351,45;0;168;4311;1515100,95;3942,6;
01.01.2026;RDN-1;RDN_02-01-26_H23;322,65;322,65;322,65;322,65;0;167;4062;1310604,3;3685,4;
01.01.2026;RDN-1;RDN_02-01-26_H24;265,01;270;265,01;270;0;173;3868,4;1025359,294;3404;
01.01.2026;SGT_BASE;SGT_BASE_02-01-26;0;0;0;0;0;0;0;0;0;
01.01.2026;SGT_RDB;SGT_RDB_01-01-26;0;0;0;0;0;0;0;0;0;
02.01.2026;BASE;BASE_03-01-26;347;370;340;370;0;38;225;1877220;131;
02.01.2026;BASE;BASE_04-01-26;0;0;0;0;0;0;0;0;0;
02.01.2026;BASE_M;BASE_M-02-26;502;505;502;505;496,9;10;16;5419008;275;
02.01.2026;BASE_M;BASE_M-03-26;0;0;0;0;420;0;0;0;75;
02.01.2026;BASE_M;BASE_M-04-26;0;0;0;0;399,88;0;0;0;2;
02.01.2026;BASE_M;BASE_M-05-26;0;0;0;0;400;0;0;0;0;
02.01.2026;BASE_M;BASE_M-06-26;0;0;0;0;442,59;0;0;0;0;
02.01.2026;BASE_M;BASE_M-07-26;0;0;0;0;444,36;0;0;0;0;
02.01.2026;BASE_Q;BASE_Q-1-27;0;0;0;0;441,44;0;0;0;0;
02.01.2026;BASE_Q;BASE_Q-2-26;415;415;415;415;414;4;4;3625440;336;
02.01.2026;BASE_Q;BASE_Q-2-27;0;0;0;0;404,59;0;0;0;0;
02.01.2026;BASE_Q;BASE_Q-3-26;0;0;0;0;447;0;0;0;259;
02.01.2026;BASE_Q;BASE_Q-3-27;0;0;0;0;425,1;0;0;0;0;
02.01.2026;BASE_Q;BASE_Q-4-26;466;466;466;466;466;2;2;2058788;467;
02.01.2026;BASE_W;BASE_W-02-26;515;505;505;515;492,5;16;45;3837120;59;
02.01.2026;BASE_W;BASE_W-03-26;505;505;505;505;509;7;13;1102920;28;
02.01.2026;BASE_W;BASE_W-04-26;0;0;0;0;540;0;0;0;0;
02.01.2026;BASE_W;BASE_W-05-26;0;0;0;0;496,9;0;0;0;0;
02.01.2026;BASE_W;BASE_W-06-26;0;0;0;0;496,9;0;0;0;0;
02.01.2026;BASE_WEEKEND;BASE_WEEKEND_01-26;0;0;0;0;0;0;0;0;0;
02.01.2026;BASE_Y;BASE_Y-27;0;0;0;0;429;0;0;0;618;
02.01.2026;BASE_Y;BASE_Y-28;0;0;0;0;425,5;0;0;0;119;
02.01.2026;BASE_Y;BASE_Y-29;0;0;0;0;442,64;0;0;0;0;
02.01.2026;BASE_Y;BASE_Y-30;0;0;0;0;432,2;0;0;0;0;
02.01.2026;GAS_BASE;GAS_BASE_03-01-26;146,75;155,5;146;155,5;0;40;1181;4242849,6;1097;
02.01.2026;GAS_BASE_M;GAS_BASE_M-01-27;0;0;0;0;143,52;0;0;0;0;
02.01.2026;GAS_BASE_M;GAS_BASE_M-02-26;143,3;143,3;143,3;143,3;142;1;1;96297,6;21089;
02.01.2026;GAS_BASE_M;GAS_BASE_M-03-26;0;0;0;0;137,2;0;0;0;18596;
02.01.2026;GAS_BASE_M;GAS_BASE_M-04-26;136,25;136,5;136,2;136,65;136,95;26;149;14636664;917;
02.01.2026;GAS_BASE_M;GAS_BASE_M-05-26;133,95;134,15;133,95;134,15;132,66;17;85;8475648;92;
02.01.2026;GAS_BASE_M;GAS_BASE_M-06-26;133,05;134;133,05;134,35;129,57;5;22;2116980;37;
02.01.2026;GAS_BASE_M;GAS_BASE_M-07-26;133,4;133,4;133,4;133,4;124,21;2;5;496248;6;
02.01.2026;GAS_BASE_M;GAS_BASE_M-08-26;134,35;134,3;134,3;134,35;121,07;3;10;999378;10;
02.01.2026;GAS_BASE_M;GAS_BASE_M-09-26;135,8;135,9;135,8;135,9;135,3;15;81;7922808;181;
02.01.2026;GAS_BASE_M;GAS_BASE_M-10-26;138,25;138;138;138,25;137,43;6;27;2777546;28;
02.01.2026;GAS_BASE_M;GAS_BASE_M-11-26;141,25;141,5;141,25;141,55;141;9;45;4580280;473;
02.01.2026;GAS_BASE_M;GAS_BASE_M-12-26;144,3;144,5;144,25;144,5;144,57;9;40;4294926;448;
02.01.2026;GAS_BASE_Q;GAS_BASE_Q-1-27;143;143;143;143;142,75;8;31;9570847;274;
02.01.2026;GAS_BASE_Q;GAS_BASE_Q-2-26;134,95;134,95;134,95;134,95;133,06;1;3;884192,4;7408;
02.01.2026;GAS_BASE_Q;GAS_BASE_Q-2-27;127,7;127,7;127,7;127,7;125,83;1;1;278897;3;
02.01.2026;GAS_BASE_Q;GAS_BASE_Q-3-26;134,75;134,75;134,75;134,75;126,77;2;5;1487640;5954;
02.01.2026;GAS_BASE_Q;GAS_BASE_Q-3-27;0;0;0;0;126,96;0;0;0;0;
02.01.2026;GAS_BASE_Q;GAS_BASE_Q-4-26;141,5;141,35;141,35;141,5;141;5;20;6246500;7725;
02.01.2026;GAS_BASE_S;GAS_BASE_S-S-26;0;0;0;0;129,89;0;0;0;60;
02.01.2026;GAS_BASE_S;GAS_BASE_S-S-27;127;127;127;127;126,4;2;7;3904488;7;
02.01.2026;GAS_BASE_S;GAS_BASE_S-W-26;0;0;0;0;141,86;0;0;0;491;
02.01.2026;GAS_BASE_S;GAS_BASE_S-W-27;0;0;0;0;137,81;0;0;0;0;
02.01.2026;GAS_BASE_W;GAS_BASE_W-02-26;148;150;148;150;147,25;14;452;11370240;2655;
02.01.2026;GAS_BASE_W;GAS_BASE_W-03-26;0;0;0;0;146,03;0;0;0;12;
02.01.2026;GAS_BASE_W;GAS_BASE_W-04-26;0;0;0;0;146,03;0;0;0;0;
02.01.2026;GAS_BASE_W;GAS_BASE_W-05-26;0;0;0;0;142;0;0;0;0;
02.01.2026;GAS_BASE_Y;GAS_BASE_Y-27;132,5;132,5;132,5;132,5;134;16;24;27856800;3473;
02.01.2026;GAS_BASE_Y;GAS_BASE_Y-28;0;0;0;0;122,88;0;0;0;130;
02.01.2026;GAS_BASE_Y;GAS_BASE_Y-29;0;0;0;0;116;0;0;0;0;
02.01.2026;GAS_BASE_Y;GAS_BASE_Y-30;0;0;0;0;113,16;0;0;0;0;
02.01.2026;GAS_RDB;GAS_RDB_02-01-26;148,5;155,5;148;155,5;0;87;19312;2917676,75;15066;
02.01.2026;GAS_WEEKEND;GAS_WEEKEND_01-26;146;155,5;146;155,5;0;60;3525;25204437,6;3335;
02.01.2026;GLW_BASE;GLW_BASE_03-01-26;0;0;0;0;0;0;0;0;0;
02.01.2026;GLW_RDB;GLW_RDB_02-01-26;0;0;0;0;0;0;0;0;0;
02.01.2026;KUK_A_WMA-03;KUK_A_WMA-03;0;0;0;0;0;0;0;0;0;
02.01.2026;OFFPEAK;OFFPEAK_03-01-26;0;0;0;0;0;0;0;0;0;
02.01.2026;OFFPEAK;OFFPEAK_04-01-26;0;0;0;0;0;0;0;0;0;
02.01.2026;OFFPEAK_M;OFFPEAK_M-02-26;0;0;0;0;409,88;0;0;0;0;
02.01.2026;OFFPEAK_M;OFFPEAK_M-03-26;0;0;0;0;391,63;0;0;0;0;
02.01.2026;OFFPEAK_M;OFFPEAK_M-04-26;0;0;0;0;375,58;0;0;0;0;
02.01.2026;OFFPEAK_M;OFFPEAK_M-05-26;0;0;0;0;389,76;0;0;0;0;
02.01.2026;OFFPEAK_M;OFFPEAK_M-06-26;0;0;0;0;454,88;0;0;0;0;
02.01.2026;OFFPEAK_M;OFFPEAK_M-07-26;0;0;0;0;433,76;0;0;0;0;
02.01.2026;OFFPEAK_Q;OFFPEAK_Q-1-27;0;0;0;0;387,81;0;0;0;0;
02.01.2026;OFFPEAK_Q;OFFPEAK_Q-2-26;0;0;0;0;406,21;0;0;0;0;
02.01.2026;OFFPEAK_Q;OFFPEAK_Q-2-27;0;0;0;0;398,36;0;0;0;0;
02.01.2026;OFFPEAK_Q;OFFPEAK_Q-3-26;0;0;0;0;435,62;0;0;0;0;
02.01.2026;OFFPEAK_Q;OFFPEAK_Q-3-27;0;0;0;0;411,01;0;0;0;0;
02.01.2026;OFFPEAK_Q;OFFPEAK_Q-4-26;0;0;0;0;382,22;0;0;0;0;
02.01.2026;OFFPEAK_W;OFFPEAK_W-02-26;0;0;0;0;408,88;0;0;0;0;
02.01.2026;OFFPEAK_W;OFFPEAK_W-03-26;0;0;0;0;397,7;0;0;0;0;
02.01.2026;OFFPEAK_W;OFFPEAK_W-04-26;0;0;0;0;453,7;0;0;0;0;
02.01.2026;OFFPEAK_W;OFFPEAK_W-05-26;0;0;0;0;409,88;0;0;0;0;
02.01.2026;OFFPEAK_W;OFFPEAK_W-06-26;0;0;0;0;409,88;0;0;0;0;
02.01.2026;OFFPEAK_Y;OFFPEAK_Y-27;0;0;0;0;390,3;0;0;0;0;
02.01.2026;OFFPEAK_Y;OFFPEAK_Y-28;0;0;0;0;393,45;0;0;0;0;
02.01.2026;OFFPEAK_Y;OFFPEAK_Y-29;0;0;0;0;426,89;0;0;0;0;
02.01.2026;OFFPEAK_Y;OFFPEAK_Y-30;0;0;0;0;398,65;0;0;0;0;
02.01.2026;OFFP_WEEKEND;OFFP_WEEKEND_01-26;0;0;0;0;0;0;0;0;0;
02.01.2026;PEAK;PEAK_03-01-26;0;0;0;0;0;0;0;0;0;
02.01.2026;PEAK;PEAK_04-01-26;0;0;0;0;0;0;0;0;0;
02.01.2026;PEAK5_M;PEAK5_M-02-26;0;0;0;0;604,8;0;0;0;72;
02.01.2026;PEAK5_M;PEAK5_M-03-26;0;0;0;0;455,5;0;0;0;0;
02.01.2026;PEAK5_M;PEAK5_M-04-26;0;0;0;0;431,12;0;0;0;0;
02.01.2026;PEAK5_M;PEAK5_M-05-26;0;0;0;0;415,15;0;0;0;0;
02.01.2026;PEAK5_M;PEAK5_M-06-26;0;0;0;0;426,78;0;0;0;0;
02.01.2026;PEAK5_M;PEAK5_M-07-26;0;0;0;0;456,62;0;0;0;0;
02.01.2026;PEAK5_Q;PEAK5_Q-1-27;0;0;0;0;514,36;0;0;0;0;
02.01.2026;PEAK5_Q;PEAK5_Q-2-26;0;0;0;0;424,5;0;0;0;25;
02.01.2026;PEAK5_Q;PEAK5_Q-2-27;0;0;0;0;412,75;0;0;0;0;
02.01.2026;PEAK5_Q;PEAK5_Q-3-26;0;0;0;0;461;0;0;0;0;
02.01.2026;PEAK5_Q;PEAK5_Q-3-27;0;0;0;0;442,42;0;0;0;0;
02.01.2026;PEAK5_Q;PEAK5_Q-4-26;0;0;0;0;575;0;0;0;7;
02.01.2026;PEAK5_W;PEAK5_W-02-26;0;0;0;0;643,02;0;0;0;0;
02.01.2026;PEAK5_W;PEAK5_W-03-26;0;0;0;0;647,02;0;0;0;0;
02.01.2026;PEAK5_W;PEAK5_W-04-26;0;0;0;0;647,02;0;0;0;0;
02.01.2026;PEAK5_W;PEAK5_W-05-26;0;0;0;0;604,8;0;0;0;0;
02.01.2026;PEAK5_W;PEAK5_W-06-26;0;0;0;0;604,8;0;0;0;0;
02.01.2026;PEAK5_Y;PEAK5_Y-27;0;0;0;0;479,28;0;0;0;134;
02.01.2026;PEAK5_Y;PEAK5_Y-28;0;0;0;0;468,22;0;0;0;0;
02.01.2026;PEAK5_Y;PEAK5_Y-29;0;0;0;0;463,39;0;0;0;0;
02.01.2026;PEAK5_Y;PEAK5_Y-30;0;0;0;0;476,7;0;0;0;0;
02.01.2026;PEAK_WEEKEND;PEAK_WEEKEND_01-26;0;0;0;0;0;0;0;0;0;
02.01.2026;PSZ_B_DLS-01;PSZ_B_DLS-01;0;0;0;0;0;0;0;0;0;
02.01.2026;PSZ_B_KUJ-01;PSZ_B_KUJ-01;0;0;0;0;0;0;0;0;0;
02.01.2026;PSZ_B_KUJ-02;PSZ_B_KUJ-02;0;0;0;0;0;0;0;0;0;
02.01.2026;PSZ_B_LBL-01;PSZ_B_LBL-01;0;0;0;0;0;0;0;0;0;
02.01.2026;PSZ_B_LBL-02;PSZ_B_LBL-02;0;0;0;0;0;0;0;0;0;
02.01.2026;PSZ_B_LBL-03;PSZ_B_LBL-03;0;0;0;0;0;0;0;0;0;
02.01.2026;PSZ_B_LBL-04;PSZ_B_LBL-04;0;0;0;0;0;0;0;0;0;
02.01.2026;PSZ_B_LBL-05;PSZ_B_LBL-05;0;0;0;0;0;0;0;0;0;
02.01.2026;PSZ_B_LBL-06;PSZ_B_LBL-06;0;0;0;0;0;0;0;0;0;
02.01.2026;PSZ_B_LBL-07;PSZ_B_LBL-07;0;0;0;0;0;0;0;0;0;
02.01.2026;PSZ_B_LBU-01;PSZ_B_LBU-01;0;0;0;0;0;0;0;0;0;
02.01.2026;PSZ_B_LBU-02;PSZ_B_LBU-02;0;0;0;0;0;0;0;0;0;
02.01.2026;PSZ_B_MAZ-01;PSZ_B_MAZ-01;0;0;0;0;0;0;0;0;0;
02.01.2026;PSZ_B_MAZ-02;PSZ_B_MAZ-02;0;0;0;0;0;0;0;0;0;
02.01.2026;PSZ_B_MAZ-03;PSZ_B_MAZ-03;0;0;0;0;0;0;0;0;0;
02.01.2026;PSZ_B_OPO-01;PSZ_B_OPO-01;0;0;0;0;0;0;0;0;0;
02.01.2026;PSZ_B_OPO-02;PSZ_B_OPO-02;0;0;0;0;0;0;0;0;0;
02.01.2026;PSZ_B_PDK-01;PSZ_B_PDK-01;0;0;0;0;0;0;0;0;0;
02.01.2026;PSZ_B_PDL-01;PSZ_B_PDL-01;0;0;0;0;0;0;0;0;0;
02.01.2026;PSZ_B_POM-01;PSZ_B_POM-01;0;0;0;0;0;0;0;0;0;
02.01.2026;PSZ_B_POM-02;PSZ_B_POM-02;0;0;0;0;0;0;0;0;0;
02.01.2026;PSZ_B_WLK-01;PSZ_B_WLK-01;0;0;0;0;0;0;0;0;0;
02.01.2026;PSZ_B_WLK-02;PSZ_B_WLK-02;0;0;0;0;0;0;0;0;0;
02.01.2026;PSZ_B_WLK-03;PSZ_B_WLK-03;0;0;0;0;0;0;0;0;0;
02.01.2026;PSZ_B_WLK-04;PSZ_B_WLK-04;0;0;0;0;0;0;0;0;0;
02.01.2026;PSZ_B_WMA-01;PSZ_B_WMA-01;0;0;0;0;0;0;0;0;0;
02.01.2026;PSZ_B_WMA-02;PSZ_B_WMA-02;0;0;0;0;0;0;0;0;0;
02.01.2026;PSZ_B_WMA-03;PSZ_B_WMA-03;0;0;0;0;0;0;0;0;0;
02.01.2026;PSZ_B_WMA-04;PSZ_B_WMA-04;0;0;0;0;0;0;0;0;0;
02.01.2026;PSZ_B_WMA-05;PSZ_B_WMA-05;0;0;0;0;0;0;0;0;0;
02.01.2026;PSZ_B_WMA-06;PSZ_B_WMA-06;0;0;0;0;0;0;0;0;0;
02.01.2026;PSZ_B_ZPO-01;PSZ_B_ZPO-01;0;0;0;0;0;0;0;0;0;
02.01.2026;PSZ_B_ZPO-02;PSZ_B_ZPO-02;0;0;0;0;0;0;0;0;0;
02.01.2026;PSZ_C_DLS-01;PSZ_C_DLS-01;0;0;0;0;0;0;0;0;0;
02.01.2026;PSZ_C_KUJ-01;PSZ_C_KUJ-01;0;0;0;0;0;0;0;0;0;
02.01.2026;PSZ_C_KUJ-02;PSZ_C_KUJ-02;0;0;0;0;0;0;0;0;0;
02.01.2026;PSZ_C_LBL-01;PSZ_C_LBL-01;0;0;0;0;0;0;0;0;0;
02.01.2026;PSZ_C_LBL-02;PSZ_C_LBL-02;0;0;0;0;0;0;0;0;0;
02.01.2026;PSZ_C_LBL-03;PSZ_C_LBL-03;0;0;0;0;0;0;0;0;0;
02.01.2026;PSZ_C_LBL-04;PSZ_C_LBL-04;0;0;0;0;0;0;0;0;0;
02.01.2026;PSZ_C_LBL-05;PSZ_C_LBL-05;0;0;0;0;0;0;0;0;0;
02.01.2026;PSZ_C_LBL-06;PSZ_C_LBL-06;0;0;0;0;0;0;0;0;0;
02.01.2026;PSZ_C_LBL-07;PSZ_C_LBL-07;0;0;0;0;0;0;0;0;0;
02.01.2026;PSZ_C_LBU-01;PSZ_C_LBU-01;0;0;0;0;0;0;0;0;0;
02.01.2026;PSZ_C_LBU-02;PSZ_C_LBU-02;0;0;0;0;0;0;0;0;0;
02.01.2026;PSZ_C_MAZ-01;PSZ_C_MAZ-01;0;0;0;0;0;0;0;0;0;
02.01.2026;PSZ_C_MAZ-02;PSZ_C_MAZ-02;0;0;0;0;0;0;0;0;0;
02.01.2026;PSZ_C_MAZ-03;PSZ_C_MAZ-03;0;0;0;0;0;0;0;0;0;
02.01.2026;PSZ_C_OPO-01;PSZ_C_OPO-01;0;0;0;0;0;0;0;0;0;
02.01.2026;PSZ_C_OPO-02;PSZ_C_OPO-02;0;0;0;0;0;0;0;0;0;
02.01.2026;PSZ_C_PDK-01;PSZ_C_PDK-01;0;0;0;0;0;0;0;0;0;
02.01.2026;PSZ_C_PDL-01;PSZ_C_PDL-01;0;0;0;0;0;0;0;0;0;
02.01.2026;PSZ_C_POM-01;PSZ_C_POM-01;0;0;0;0;0;0;0;0;0;
02.01.2026;PSZ_C_POM-02;PSZ_C_POM-02;0;0;0;0;0;0;0;0;0;
02.01.2026;PSZ_C_WLK-01;PSZ_C_WLK-01;0;0;0;0;0;0;0;0;0;
02.01.2026;PSZ_C_WLK-02;PSZ_C_WLK-02;0;0;0;0;0;0;0;0;0;
02.01.2026;PSZ_C_WLK-03;PSZ_C_WLK-03;0;0;0;0;0;0;0;0;0;
02.01.2026;PSZ_C_WLK-04;PSZ_C_WLK-04;0;0;0;0;0;0;0;0;0;
02.01.2026;PSZ_C_WMA-01;PSZ_C_WMA-01;0;0;0;0;0;0;0;0;0;
02.01.2026;PSZ_C_WMA-02;PSZ_C_WMA-02;0;0;0;0;0;0;0;0;0;
02.01.2026;PSZ_C_WMA-03;PSZ_C_WMA-03;0;0;0;0;0;0;0;0;0;
02.01.2026;PSZ_C_WMA-04;PSZ_C_WMA-04;0;0;0;0;0;0;0;0;0;
02.01.2026;PSZ_C_WMA-05;PSZ_C_WMA-05;0;0;0;0;0;0;0;0;0;
02.01.2026;PSZ_C_WMA-06;PSZ_C_WMA-06;0;0;0;0;0;0;0;0;0;
02.01.2026;PSZ_C_ZPO-01;PSZ_C_ZPO-01;0;0;0;0;0;0;0;0;0;
02.01.2026;PSZ_C_ZPO-02;PSZ_C_ZPO-02;0;0;0;0;0;0;0;0;0;
02.01.2026;RDN-1;RDN_03-01-26_H01;275;275;275;275;0;187;3665,4;1007985;3187,9;
02.01.2026;RDN-1;RDN_03-01-26_H02;259,8;259,8;259,8;259,8;0;179;3731;969313,8;3344,1;
02.01.2026;RDN-1;RDN_03-01-26_H03;236;236;236;236;0;190;3960;934560;3522;
02.01.2026;RDN-1;RDN_03-01-26_H04;220,7;220,7;220,7;220,7;0;195;4075,6;899484,92;3532,7;
02.01.2026;RDN-1;RDN_03-01-26_H05;230,88;230,88;230,88;230,88;0;185;3981,1;919156,368;3484,5;
02.01.2026;RDN-1;RDN_03-01-26_H06;236,36;238;236,36;238;0;189;4210;995116,6;3721,4;
02.01.2026;RDN-1;RDN_03-01-26_H07;267,99;267,99;267,99;267,99;0;187;4058,8;1087717,812;3521,7;
02.01.2026;RDN-1;RDN_03-01-26_H08;325;325;325;325;0;177;4135,8;1344135;3487,4;
02.01.2026;RDN-1;RDN_03-01-26_H09;363;363;363;363;0;185;4764,3;1729440,9;4141,3;
02.01.2026;RDN-1;RDN_03-01-26_H10;377,76;377,76;377,76;377,76;0;187;5025,1;1898281,776;4364,3;
02.01.2026;RDN-1;RDN_03-01-26_H11;367,64;367,64;367,64;367,64;0;184;5246,2;1928712,968;4582,4;
02.01.2026;RDN-1;RDN_03-01-26_H12;363;363;363;363;0;186;5298;1923174;4662,1;
02.01.2026;RDN-1;RDN_03-01-26_H13;356,59;356,59;356,59;356,59;0;181;5317,3;1896096,007;4751,3;
02.01.2026;RDN-1;RDN_03-01-26_H14;381,99;381,99;381,99;381,99;0;179;5062,8;1933938,972;4457,4;
02.01.2026;RDN-1;RDN_03-01-26_H15;421,99;421,99;421,99;421,99;0;179;4837,1;2041207,829;4321;
02.01.2026;RDN-1;RDN_03-01-26_H16;497;497;497;497;0;172;4791;2381127;4196,4;
02.01.2026;RDN-1;RDN_03-01-26_H17;499,5;499,5;499,5;499,5;0;162;4926,2;2460636,9;4336,8;
02.01.2026;RDN-1;RDN_03-01-26_H18;509;529;509;529;0;173;4963,2;2526272,8;4166,9;
02.01.2026;RDN-1;RDN_03-01-26_H19;500;500;500;500;0;173;4908;2454000;4107,3;
02.01.2026;RDN-1;RDN_03-01-26_H20;497;497;497;497;0;170;4739,3;2355432,1;3998,3;
02.01.2026;RDN-1;RDN_03-01-26_H21;463,99;463,99;463,99;463,99;0;164;4430,1;2055522,099;3764,9;
02.01.2026;RDN-1;RDN_03-01-26_H22;454,9;454,9;454,9;454,9;0;168;4013,1;1825559,19;3363,7;
02.01.2026;RDN-1;RDN_03-01-26_H23;420;420;420;420;0;168;3779,6;1587432;3284,4;
02.01.2026;RDN-1;RDN_03-01-26_H24;366,24;366,24;366,24;366,24;0;172;3516,5;1287882,96;3044,6;
02.01.2026;RZP_A_LBL-01;RZP_A_LBL-01;0;0;0;0;0;0;0;0;0;
02.01.2026;SGT_BASE;SGT_BASE_03-01-26;0;0;0;0;0;0;0;0;0;
02.01.2026;SGT_RDB;SGT_RDB_02-01-26;0;0;0;0;0;0;0;0;0;
02.01.2026;ZTO_B_KUJ-02;ZTO_B_KUJ-02;0;0;0;0;0;0;0;0;0;
02.01.2026;ZTO_B_LBL-01;ZTO_B_LBL-01;0;0;0;0;0;0;0;0;0;
02.01.2026;ZTO_B_LBU-01;ZTO_B_LBU-01;0;0;0;0;0;0;0;0;0;
02.01.2026;ZTO_B_MAZ-01;ZTO_B_MAZ-01;0;0;0;0;0;0;0;0;0;
02.01.2026;ZTO_B_PDL-01;ZTO_B_PDL-01;0;0;0;0;0;0;0;0;0;
02.01.2026;ZTO_B_WLK-01;ZTO_B_WLK-01;0;0;0;0;0;0;0;0;0;
02.01.2026;ZTO_B_WLK-02;ZTO_B_WLK-02;0;0;0;0;0;0;0;0;0;
02.01.2026;ZTO_B_WMA-01;ZTO_B_WMA-01;0;0;0;0;0;0;0;0;0;
02.01.2026;ZTO_B_WMA-02;ZTO_B_WMA-02;0;0;0;0;0;0;0;0;0;
02.01.2026;ZTO_B_WMA-03;ZTO_B_WMA-03;0;0;0;0;0;0;0;0;0;
02.01.2026;ZTO_C_KUJ-02;ZTO_C_KUJ-02;0;0;0;0;0;0;0;0;0;
02.01.2026;ZTO_C_LBL-01;ZTO_C_LBL-01;0;0;0;0;0;0;0;0;0;
02.01.2026;ZTO_C_LBU-01;ZTO_C_LBU-01;0;0;0;0;0;0;0;0;0;
02.01.2026;ZTO_C_MAZ-01;ZTO_C_MAZ-01;0;0;0;0;0;0;0;0;0;
02.01.2026;ZTO_C_PDL-01;ZTO_C_PDL-01;0;0;0;0;0;0;0;0;0;
02.01.2026;ZTO_C_WLK-01;ZTO_C_WLK-01;0;0;0;0;0;0;0;0;0;
02.01.2026;ZTO_C_WLK-02;ZTO_C_WLK-02;0;0;0;0;0;0;0;0;0;
02.01.2026;ZTO_C_WMA-01;ZTO_C_WMA-01;0;0;0;0;0;0;0;0;0;
02.01.2026;ZTO_C_WMA-02;ZTO_C_WMA-02;0;0;0;0;0;0;0;0;0;
02.01.2026;ZTO_C_WMA-03;ZTO_C_WMA-03;0;0;0;0;0;0;0;0;0;
03.01.2026;BASE;BASE_04-01-26;365;379;365;380;0;32;154;1382592;105;
03.01.2026;BASE;BASE_05-01-26;0;0;0;0;0;0;0;0;0;
03.01.2026;GAS_BASE;GAS_BASE_04-01-26;158;157;156;158;0;45;1802;6780983,28;1718;
03.01.2026;GAS_RDB;GAS_RDB_03-01-26;155;154,5;154,01;157;0;80;15976;2482604,7;11972;
03.01.2026;GLW_BASE;GLW_BASE_04-01-26;0;0;0;0;0;0;0;0;0;
03.01.2026;GLW_RDB;GLW_RDB_03-01-26;0;0;0;0;0;0;0;0;0;
03.01.2026;OFFPEAK;OFFPEAK_04-01-26;0;0;0;0;0;0;0;0;0;
03.01.2026;OFFPEAK;OFFPEAK_05-01-26;0;0;0;0;0;0;0;0;0;
03.01.2026;PEAK;PEAK_04-01-26;0;0;0;0;0;0;0;0;0;
03.01.2026;PEAK;PEAK_05-01-26;0;0;0;0;0;0;0;0;0;
03.01.2026;RDN-1;RDN_04-01-26_H01;353,72;353,72;353,72;353,72;0;169;2883,9;1020093,108;2519,5;
03.01.2026;RDN-1;RDN_04-01-26_H02;344,7;344,7;344,7;344,7;0;169;3055,2;1053127,44;2608,6;
03.01.2026;RDN-1;RDN_04-01-26_H03;334,3;320;320;334,3;0;170;3041,7;1016554,31;2564,5;
03.01.2026;RDN-1;RDN_04-01-26_H04;319,06;319,06;319,06;319,06;0;168;3130,8;998913,048;2671,2;
03.01.2026;RDN-1;RDN_04-01-26_H05;312,07;312,07;312,07;312,07;0;172;3277,9;1022934,253;2874,7;
03.01.2026;RDN-1;RDN_04-01-26_H06;312;312;312;312;0;170;3494,7;1090346,4;3088,8;
03.01.2026;RDN-1;RDN_04-01-26_H07;320,01;320,01;320,01;320,01;0;180;3446,3;1102850,463;2987,5;
03.01.2026;RDN-1;RDN_04-01-26_H08;332,41;332,41;332,41;332,41;0;187;3882,3;1290515,343;3436,2;
03.01.2026;RDN-1;RDN_04-01-26_H09;357,11;357,11;357,11;357,11;0;192;4155,1;1483827,761;3662,2;
03.01.2026;RDN-1;RDN_04-01-26_H10;360;360;360;360;0;192;4334;1560240;3832;
03.01.2026;RDN-1;RDN_04-01-26_H11;349,12;349,12;349,12;349,12;0;187;4468,8;1560147,456;3954,2;
03.01.2026;RDN-1;RDN_04-01-26_H12;344,01;344,01;344,01;344,01;0;195;4548,3;1564660,683;4046;
03.01.2026;RDN-1;RDN_04-01-26_H13;353,99;353,99;353,99;353,99;0;179;4531,4;1604070,286;4042,9;
03.01.2026;RDN-1;RDN_04-01-26_H14;363;363;363;363;0;166;4322,2;1568958,6;3898,8;
03.01.2026;RDN-1;RDN_04-01-26_H15;401,83;401,83;401,83;401,83;0;166;4353,3;1749286,539;4073,6;
03.01.2026;RDN-1;RDN_04-01-26_H16;441,99;441,99;441,99;441,99;0;168;4027,1;1779937,929;3771;
03.01.2026;RDN-1;RDN_04-01-26_H17;468;468;468;468;0;168;4172,6;1952776,8;3833,6;
03.01.2026;RDN-1;RDN_04-01-26_H18;487,92;487,92;487,92;487,92;0;168;4148,6;2024184,912;3715;
03.01.2026;RDN-1;RDN_04-01-26_H19;499;499;499;499;0;170;4164,8;2078235,2;3736,7;
03.01.2026;RDN-1;RDN_04-01-26_H20;481;481;481;481;0;170;3997,1;1922605,1;3597,6;
03.01.2026;RDN-1;RDN_04-01-26_H21;462,8;462,8;462,8;462,8;0;168;3805,8;1761324,24;3408,7;
03.01.2026;RDN-1;RDN_04-01-26_H22;446,2;446,2;446,2;446,2;0;174;3740,9;1669189,58;3340,6;
03.01.2026;RDN-1;RDN_04-01-26_H23;426,6;426,6;426,6;426,6;0;175;3390;1446174;2984,1;
03.01.2026;RDN-1;RDN_04-01-26_H24;401,6;401,6;401,6;401,6;0;181;3283,3;1318573,28;3031,9;
03.01.2026;SGT_BASE;SGT_BASE_04-01-26;0;0;0;0;0;0;0;0;0;
03.01.2026;SGT_RDB;SGT_RDB_03-01-26;0;0;0;0;0;0;0;0;0;
04.01.2026;BASE;BASE_05-01-26;555;655;555;655;0;33;157;2140776;116;
04.01.2026;BASE;BASE_06-01-26;0;0;0;0;0;0;0;0;0;
04.01.2026;GAS_BASE;GAS_BASE_05-01-26;155,5;158,5;155,5;158,5;0;113;5755;21650257,2;5542;
04.01.2026;GAS_RDB;GAS_RDB_04-01-26;156;158,5;156;158,5;0;76;29232;4593251,59;26477;
04.01.2026;GLW_BASE;GLW_BASE_05-01-26;0;0;0;0;0;0;0;0;0;
04.01.2026;GLW_RDB;GLW_RDB_04-01-26;0;0;0;0;0;0;0;0;0;
04.01.2026;OFFPEAK;OFFPEAK_05-01-26;0;0;0;0;0;0;0;0;0;
04.01.2026;OFFPEAK;OFFPEAK_06-01-26;0;0;0;0;0;0;0;0;0;
04.01.2026;PEAK;PEAK_05-01-26;0;0;0;0;0;0;0;0;0;
04.01.2026;PEAK;PEAK_06-01-26;0;0;0;0;0;0;0;0;0;
04.01.2026;RDN-1;RDN_05-01-26_H01;400;400;400;400;0;172;2819;1127600;2427,7;
04.01.2026;RDN-1;RDN_05-01-26_H02;401,8;401,8;401,8;401,8;0;154;2599,6;1044519,28;2175,3;
04.01.2026;RDN-1;RDN_05-01-26_H03;397;397;397;397;0;160;2636,3;1046611,1;2114,2;
04.01.2026;RDN-1;RDN_05-01-26_H04;392,54;392,54;392,54;392,54;0;158;2653;1041408,62;2095,6;
04.01.2026;RDN-1;RDN_05-01-26_H05;402,45;402,45;402,45;402,45;0;155;2201,2;885872,94;1712,5;
04.01.2026;RDN-1;RDN_05-01-26_H06;443,27;443,27;443,27;443,27;0;146;2009,5;890751,065;1687,1;
04.01.2026;RDN-1;RDN_05-01-26_H07;513,82;513,82;513,82;513,82;0;144;2521,3;1295494,366;2186,6;
04.01.2026;RDN-1;RDN_05-01-26_H08;607,5;607,5;607,5;607,5;0;141;2477,4;1505020,5;2043,4;
04.01.2026;RDN-1;RDN_05-01-26_H09;705;820;705;820;0;178;2886;2036825;2463,6;
04.01.2026;RDN-1;RDN_05-01-26_H10;680;720;680;720;0;178;2954,6;2009668;2443,2;
04.01.2026;RDN-1;RDN_05-01-26_H11;616,05;680;616,05;680;0;163;2922,1;1800863,155;2413,4;
04.01.2026;RDN-1;RDN_05-01-26_H12;569;569;569;569;0;173;3251,1;1849875,9;2739;
04.01.2026;RDN-1;RDN_05-01-26_H13;620;570;570;620;0;187;3136,5;1944430;2628,1;
04.01.2026;RDN-1;RDN_05-01-26_H14;677,94;633;633;677,94;0;185;3141,7;2129624,458;2740,3;
04.01.2026;RDN-1;RDN_05-01-26_H15;948,79;920;920;1010;0;193;3725,5;3533267,987;3388,8;
04.01.2026;RDN-1;RDN_05-01-26_H16;1000;970;970;1020;0;198;3722,5;3722327;3320,9;
04.01.2026;RDN-1;RDN_05-01-26_H17;1020,33;1088,8;1020,33;1088,8;0;183;3770,7;3849444,711;3504,9;
04.01.2026;RDN-1;RDN_05-01-26_H18;1024,39;1088,8;1024,39;1088,8;0;164;3803,5;3898190,865;3389,5;
04.01.2026;RDN-1;RDN_05-01-26_H19;1000;1188,8;1000;1188,8;0;172;3743,3;3746004,8;3223,4;
04.01.2026;RDN-1;RDN_05-01-26_H20;900;988,8;900;988,8;0;184;3604,5;3244760,4;3144,9;
04.01.2026;RDN-1;RDN_05-01-26_H21;765,58;765,58;765,58;765,58;0;188;3578,7;2739781,146;3065,1;
04.01.2026;RDN-1;RDN_05-01-26_H22;600;600;600;600;0;160;2977,4;1786440;2362,3;
04.01.2026;RDN-1;RDN_05-01-26_H23;542,3;542,3;542,3;542,3;0;149;3224,9;1748863,27;2558;
04.01.2026;RDN-1;RDN_05-01-26_H24;500;500;500;500;0;144;2559,4;1279700;1987;
04.01.2026;SGT_BASE;SGT_BASE_05-01-26;0;0;0;0;0;0;0;0;0;
04.01.2026;SGT_RDB;SGT_RDB_04-01-26;0;0;0;0;0;0;0;0;0;
05.01.2026;BASE;BASE_06-01-26;510;535;510;535;0;16;112;1421640;37;
05.01.2026;BASE;BASE_07-01-26;0;0;0;0;0;0;0;0;0;
05.01.2026;BASE_M;BASE_M-02-26;501;496;496;501;504,8;16;21;7023744;283;
05.01.2026;BASE_M;BASE_M-03-26;415,5;415;415;415,5;420,25;4;5;1542468;79;
05.01.2026;BASE_M;BASE_M-04-26;0;0;0;0;407,97;0;0;0;2;
05.01.2026;BASE_M;BASE_M-05-26;0;0;0;0;397,33;0;0;0;0;
05.01.2026;BASE_M;BASE_M-06-26;0;0;0;0;440,29;0;0;0;0;
05.01.2026;BASE_M;BASE_M-07-26;0;0;0;0;444,36;0;0;0;0;
05.01.2026;BASE_Q;BASE_Q-1-27;0;0;0;0;450;0;0;0;0;
05.01.2026;BASE_Q;BASE_Q-2-26;412;409;409;412;415;8;8;7170072;337;
05.01.2026;BASE_Q;BASE_Q-2-27;0;0;0;0;401,52;0;0;0;0;
05.01.2026;BASE_Q;BASE_Q-3-26;443;443;443;443;447;1;1;978144;259;
05.01.2026;BASE_Q;BASE_Q-3-27;0;0;0;0;421,88;0;0;0;0;
05.01.2026;BASE_Q;BASE_Q-4-26;464;464;464;464;466;1;1;1024976;468;
05.01.2026;BASE_W;BASE_W-03-26;508;498;493;508;505;12;27;2258424;37;
05.01.2026;BASE_W;BASE_W-04-26;0;0;0;0;505;0;0;0;0;
05.01.2026;BASE_W;BASE_W-05-26;0;0;0;0;504,8;0;0;0;0;
05.01.2026;BASE_W;BASE_W-06-26;0;0;0;0;504,8;0;0;0;0;
05.01.2026;BASE_W;BASE_W-07-26;0;0;0;0;0;0;0;0;0;
05.01.2026;BASE_Y;BASE_Y-27;0;0;0;0;425,75;0;0;0;618;
05.01.2026;BASE_Y;BASE_Y-28;428;428;428;428;426;1;1;3759552;120;
05.01.2026;BASE_Y;BASE_Y-29;0;0;0;0;440;0;0;0;0;
05.01.2026;BASE_Y;BASE_Y-30;0;0;0;0;438,61;0;0;0;0;
05.01.2026;GAS_BASE;GAS_BASE_06-01-26;151;152;151;153,1;0;165;6635;24348610,32;6380;
05.01.2026;GAS_BASE_M;GAS_BASE_M-01-27;0;0;0;0;144;0;0;0;0;
05.01.2026;GAS_BASE_M;GAS_BASE_M-02-26;139;139;139;139,5;143,3;26;62;5796336;21151;
05.01.2026;GAS_BASE_M;GAS_BASE_M-03-26;136;136;136;136;138,4;1;2;202096;18596;
05.01.2026;GAS_BASE_M;GAS_BASE_M-04-26;133,3;133,7;133,3;134;136,4;13;68;6553440;982;
05.01.2026;GAS_BASE_M;GAS_BASE_M-05-26;131,5;130;130;131,5;133,76;2;8;779340;100;
05.01.2026;GAS_BASE_M;GAS_BASE_M-06-26;0;0;0;0;133,52;0;0;0;37;
05.01.2026;GAS_BASE_M;GAS_BASE_M-07-26;0;0;0;0;133,34;0;0;0;6;
05.01.2026;GAS_BASE_M;GAS_BASE_M-08-26;0;0;0;0;134,26;0;0;0;10;
05.01.2026;GAS_BASE_M;GAS_BASE_M-09-26;0;0;0;0;135,79;0;0;0;181;
05.01.2026;GAS_BASE_M;GAS_BASE_M-10-26;0;0;0;0;138;0;0;0;28;
05.01.2026;GAS_BASE_M;GAS_BASE_M-11-26;139;139;139;139;141,3;5;25;2502000;498;
05.01.2026;GAS_BASE_M;GAS_BASE_M-12-26;142;142;142;142;144,26;5;25;2641200;473;
05.01.2026;GAS_BASE_Q;GAS_BASE_Q-1-27;140,9;140;140;140,9;142,83;12;53;16063608;327;
05.01.2026;GAS_BASE_Q;GAS_BASE_Q-2-26;131,65;131,3;131;131,65;134,55;4;10;2866609,2;7418;
05.01.2026;GAS_BASE_Q;GAS_BASE_Q-2-27;0;0;0;0;127,7;0;0;0;3;
05.01.2026;GAS_BASE_Q;GAS_BASE_Q-3-26;131,5;131,5;131,5;131,5;134,45;1;1;290352;5955;
05.01.2026;GAS_BASE_Q;GAS_BASE_Q-3-27;0;0;0;0;126,31;0;0;0;0;
05.01.2026;GAS_BASE_Q;GAS_BASE_Q-4-26;138;138;138;139;141,19;5;11;3363203;7735;
05.01.2026;GAS_BASE_S;GAS_BASE_S-S-26;0;0;0;0;134,5;0;0;0;60;
05.01.2026;GAS_BASE_S;GAS_BASE_S-S-27;0;0;0;0;127;0;0;0;7;
05.01.2026;GAS_BASE_S;GAS_BASE_S-W-26;0;0;0;0;142;0;0;0;491;
05.01.2026;GAS_BASE_S;GAS_BASE_S-W-27;0;0;0;0;135,51;0;0;0;0;
05.01.2026;GAS_BASE_W;GAS_BASE_W-03-26;148;153;148;153,15;146;100;1000;25680673,2;1000;
05.01.2026;GAS_BASE_W;GAS_BASE_W-04-26;0;0;0;0;146;0;0;0;0;
05.01.2026;GAS_BASE_W;GAS_BASE_W-05-26;0;0;0;0;143,3;0;0;0;0;
05.01.2026;GAS_BASE_W;GAS_BASE_W-06-26;0;0;0;0;0;0;0;0;0;
05.01.2026;GAS_BASE_Y;GAS_BASE_Y-27;130,45;130;130;130,45;132,5;5;12;13689252;3485;
05.01.2026;GAS_BASE_Y;GAS_BASE_Y-28;125,8;125,8;125,8;125,8;123,25;1;1;1105027;131;
05.01.2026;GAS_BASE_Y;GAS_BASE_Y-29;120,65;120,65;120,65;120,65;119,63;1;1;1056894;1;
05.01.2026;GAS_BASE_Y;GAS_BASE_Y-30;0;0;0;0;114,24;0;0;0;0;
05.01.2026;GAS_RDB;GAS_RDB_05-01-26;156;153,35;152;156;0;125;26390;4073600,6;23066;
05.01.2026;GLW_BASE;GLW_BASE_06-01-26;0;0;0;0;0;0;0;0;0;
05.01.2026;GLW_RDB;GLW_RDB_05-01-26;0;0;0;0;0;0;0;0;0;
05.01.2026;KUK_A_WMA-03;KUK_A_WMA-03;0;0;0;0;0;0;0;0;0;
05.01.2026;OFFPEAK;OFFPEAK_06-01-26;0;0;0;0;0;0;0;0;0;
05.01.2026;OFFPEAK;OFFPEAK_07-01-26;0;0;0;0;0;0;0;0;0;
05.01.2026;OFFPEAK_M;OFFPEAK_M-02-26;0;0;0;0;420,77;0;0;0;0;
05.01.2026;OFFPEAK_M;OFFPEAK_M-03-26;0;0;0;0;394,08;0;0;0;0;
05.01.2026;OFFPEAK_M;OFFPEAK_M-04-26;0;0;0;0;392,36;0;0;0;0;
05.01.2026;OFFPEAK_M;OFFPEAK_M-05-26;0;0;0;0;387,28;0;0;0;0;
05.01.2026;OFFPEAK_M;OFFPEAK_M-06-26;0;0;0;0;453,17;0;0;0;0;
05.01.2026;OFFPEAK_M;OFFPEAK_M-07-26;0;0;0;0;422,17;0;0;0;0;
05.01.2026;OFFPEAK_Q;OFFPEAK_Q-1-27;0;0;0;0;403,09;0;0;0;0;
05.01.2026;OFFPEAK_Q;OFFPEAK_Q-2-26;0;0;0;0;410,2;0;0;0;0;
05.01.2026;OFFPEAK_Q;OFFPEAK_Q-2-27;0;0;0;0;393,14;0;0;0;0;
05.01.2026;OFFPEAK_Q;OFFPEAK_Q-3-26;0;0;0;0;424,62;0;0;0;0;
05.01.2026;OFFPEAK_Q;OFFPEAK_Q-3-27;0;0;0;0;405,38;0;0;0;0;
05.01.2026;OFFPEAK_Q;OFFPEAK_Q-4-26;0;0;0;0;382,22;0;0;0;0;
05.01.2026;OFFPEAK_W;OFFPEAK_W-03-26;0;0;0;0;402,88;0;0;0;0;
05.01.2026;OFFPEAK_W;OFFPEAK_W-04-26;0;0;0;0;402,88;0;0;0;0;
05.01.2026;OFFPEAK_W;OFFPEAK_W-05-26;0;0;0;0;411,64;0;0;0;0;
05.01.2026;OFFPEAK_W;OFFPEAK_W-06-26;0;0;0;0;420,77;0;0;0;0;
05.01.2026;OFFPEAK_W;OFFPEAK_W-07-26;0;0;0;0;0;0;0;0;0;
05.01.2026;OFFPEAK_Y;OFFPEAK_Y-27;0;0;0;0;385,05;0;0;0;0;
05.01.2026;OFFPEAK_Y;OFFPEAK_Y-28;0;0;0;0;395,99;0;0;0;0;
05.01.2026;OFFPEAK_Y;OFFPEAK_Y-29;0;0;0;0;423,29;0;0;0;0;
05.01.2026;OFFPEAK_Y;OFFPEAK_Y-30;0;0;0;0;406,07;0;0;0;0;
05.01.2026;PEAK;PEAK_06-01-26;0;0;0;0;0;0;0;0;0;
05.01.2026;PEAK;PEAK_07-01-26;0;0;0;0;0;0;0;0;0;
05.01.2026;PEAK5_M;PEAK5_M-02-26;0;0;0;0;609;0;0;0;72;
05.01.2026;PEAK5_M;PEAK5_M-03-26;445;445;445;445;453;1;2;293700;2;
05.01.2026;PEAK5_M;PEAK5_M-04-26;0;0;0;0;428,05;0;0;0;0;
05.01.2026;PEAK5_M;PEAK5_M-05-26;0;0;0;0;412,2;0;0;0;0;
05.01.2026;PEAK5_M;PEAK5_M-06-26;0;0;0;0;423,74;0;0;0;0;
05.01.2026;PEAK5_M;PEAK5_M-07-26;0;0;0;0;470,03;0;0;0;0;
05.01.2026;PEAK5_Q;PEAK5_Q-1-27;0;0;0;0;513,78;0;0;0;0;
05.01.2026;PEAK5_Q;PEAK5_Q-2-26;0;0;0;0;421,47;0;0;0;25;
05.01.2026;PEAK5_Q;PEAK5_Q-2-27;0;0;0;0;412,51;0;0;0;0;
05.01.2026;PEAK5_Q;PEAK5_Q-3-26;0;0;0;0;474,54;0;0;0;0;
05.01.2026;PEAK5_Q;PEAK5_Q-3-27;0;0;0;0;442,16;0;0;0;0;
05.01.2026;PEAK5_Q;PEAK5_Q-4-26;0;0;0;0;575;0;0;0;7;
05.01.2026;PEAK5_W;PEAK5_W-03-26;0;0;0;0;631,63;0;0;0;0;
05.01.2026;PEAK5_W;PEAK5_W-04-26;0;0;0;0;631,63;0;0;0;0;
05.01.2026;PEAK5_W;PEAK5_W-05-26;0;0;0;0;620,31;0;0;0;0;
05.01.2026;PEAK5_W;PEAK5_W-06-26;0;0;0;0;609;0;0;0;0;
05.01.2026;PEAK5_W;PEAK5_W-07-26;0;0;0;0;0;0;0;0;0;
05.01.2026;PEAK5_Y;PEAK5_Y-27;0;0;0;0;479;0;0;0;134;
05.01.2026;PEAK5_Y;PEAK5_Y-28;0;0;0;0;466;0;0;0;0;
05.01.2026;PEAK5_Y;PEAK5_Y-29;0;0;0;0;462,16;0;0;0;0;
05.01.2026;PEAK5_Y;PEAK5_Y-30;0;0;0;0;482,08;0;0;0;0;
05.01.2026;PMBG;PMBG;0;0;0;0;0;0;0;0;0;
05.01.2026;PMEF-2025;PMEF-2025;0;0;0;0;0;0;0;0;0;
05.01.2026;PMEF-2026;PMEF-2026;0;0;0;0;0;0;0;0;0;
05.01.2026;PMEF_F;PMEF_F;0;0;0;0;0;0;0;0;78624386;
05.01.2026;PMOZE;PMOZE;0;0;0;0;0;0;0;0;0;
05.01.2026;PMOZE_A;PMOZE_A;0;0;0;0;0;0;0;0;8955511107;
05.01.2026;PMOZE-BIO;PMOZE-BIO;0;0;0;0;0;0;0;0;509642634;
05.01.2026;PSZ_B_DLS-01;PSZ_B_DLS-01;0;0;0;0;0;0;0;0;0;
05.01.2026;PSZ_B_KUJ-01;PSZ_B_KUJ-01;0;0;0;0;0;0;0;0;0;
05.01.2026;PSZ_B_KUJ-02;PSZ_B_KUJ-02;0;0;0;0;0;0;0;0;0;
05.01.2026;PSZ_B_LBL-01;PSZ_B_LBL-01;0;0;0;0;0;0;0;0;0;
05.01.2026;PSZ_B_LBL-02;PSZ_B_LBL-02;0;0;0;0;0;0;0;0;0;
05.01.2026;PSZ_B_LBL-03;PSZ_B_LBL-03;0;0;0;0;0;0;0;0;0;
05.01.2026;PSZ_B_LBL-04;PSZ_B_LBL-04;0;0;0;0;0;0;0;0;0;
05.01.2026;PSZ_B_LBL-05;PSZ_B_LBL-05;0;0;0;0;0;0;0;0;0;
05.01.2026;PSZ_B_LBL-06;PSZ_B_LBL-06;0;0;0;0;0;0;0;0;0;
05.01.2026;PSZ_B_LBL-07;PSZ_B_LBL-07;0;0;0;0;0;0;0;0;0;
05.01.2026;PSZ_B_LBU-01;PSZ_B_LBU-01;0;0;0;0;0;0;0;0;0;
05.01.2026;PSZ_B_LBU-02;PSZ_B_LBU-02;0;0;0;0;0;0;0;0;0;
05.01.2026;PSZ_B_MAZ-01;PSZ_B_MAZ-01;0;0;0;0;0;0;0;0;0;
05.01.2026;PSZ_B_MAZ-02;PSZ_B_MAZ-02;0;0;0;0;0;0;0;0;0;
05.01.2026;PSZ_B_MAZ-03;PSZ_B_MAZ-03;0;0;0;0;0;0;0;0;0;
05.01.2026;PSZ_B_OPO-01;PSZ_B_OPO-01;0;0;0;0;0;0;0;0;0;
05.01.2026;PSZ_B_OPO-02;PSZ_B_OPO-02;0;0;0;0;0;0;0;0;0;
05.01.2026;PSZ_B_PDK-01;PSZ_B_PDK-01;0;0;0;0;0;0;0;0;0;
05.01.2026;PSZ_B_PDL-01;PSZ_B_PDL-01;0;0;0;0;0;0;0;0;0;
05.01.2026;PSZ_B_POM-01;PSZ_B_POM-01;0;0;0;0;0;0;0;0;0;
05.01.2026;PSZ_B_POM-02;PSZ_B_POM-02;0;0;0;0;0;0;0;0;0;
05.01.2026;PSZ_B_WLK-01;PSZ_B_WLK-01;0;0;0;0;0;0;0;0;0;
05.01.2026;PSZ_B_WLK-02;PSZ_B_WLK-02;0;0;0;0;0;0;0;0;0;
05.01.2026;PSZ_B_WLK-03;PSZ_B_WLK-03;0;0;0;0;0;0;0;0;0;
05.01.2026;PSZ_B_WLK-04;PSZ_B_WLK-04;0;0;0;0;0;0;0;0;0;
05.01.2026;PSZ_B_WMA-01;PSZ_B_WMA-01;0;0;0;0;0;0;0;0;0;
05.01.2026;PSZ_B_WMA-02;PSZ_B_WMA-02;0;0;0;0;0;0;0;0;0;
05.01.2026;PSZ_B_WMA-03;PSZ_B_WMA-03;0;0;0;0;0;0;0;0;0;
05.01.2026;PSZ_B_WMA-04;PSZ_B_WMA-04;0;0;0;0;0;0;0;0;0;
05.01.2026;PSZ_B_WMA-05;PSZ_B_WMA-05;0;0;0;0;0;0;0;0;0;
05.01.2026;PSZ_B_WMA-06;PSZ_B_WMA-06;0;0;0;0;0;0;0;0;0;
05.01.2026;PSZ_B_ZPO-01;PSZ_B_ZPO-01;0;0;0;0;0;0;0;0;0;
05.01.2026;PSZ_B_ZPO-02;PSZ_B_ZPO-02;0;0;0;0;0;0;0;0;0;
05.01.2026;PSZ_C_DLS-01;PSZ_C_DLS-01;0;0;0;0;0;0;0;0;0;
05.01.2026;PSZ_C_KUJ-01;PSZ_C_KUJ-01;0;0;0;0;0;0;0;0;0;
05.01.2026;PSZ_C_KUJ-02;PSZ_C_KUJ-02;0;0;0;0;0;0;0;0;0;
05.01.2026;PSZ_C_LBL-01;PSZ_C_LBL-01;0;0;0;0;0;0;0;0;0;
05.01.2026;PSZ_C_LBL-02;PSZ_C_LBL-02;0;0;0;0;0;0;0;0;0;
05.01.2026;PSZ_C_LBL-03;PSZ_C_LBL-03;0;0;0;0;0;0;0;0;0;
05.01.2026;PSZ_C_LBL-04;PSZ_C_LBL-04;0;0;0;0;0;0;0;0;0;
05.01.2026;PSZ_C_LBL-05;PSZ_C_LBL-05;0;0;0;0;0;0;0;0;0;
05.01.2026;PSZ_C_LBL-06;PSZ_C_LBL-06;0;0;0;0;0;0;0;0;0;
05.01.2026;PSZ_C_LBL-07;PSZ_C_LBL-07;0;0;0;0;0;0;0;0;0;
05.01.2026;PSZ_C_LBU-01;PSZ_C_LBU-01;0;0;0;0;0;0;0;0;0;
05.01.2026;PSZ_C_LBU-02;PSZ_C_LBU-02;0;0;0;0;0;0;0;0;0;
05.01.2026;PSZ_C_MAZ-01;PSZ_C_MAZ-01;0;0;0;0;0;0;0;0;0;
05.01.2026;PSZ_C_MAZ-02;PSZ_C_MAZ-02;0;0;0;0;0;0;0;0;0;
05.01.2026;PSZ_C_MAZ-03;PSZ_C_MAZ-03;0;0;0;0;0;0;0;0;0;
05.01.2026;PSZ_C_OPO-01;PSZ_C_OPO-01;0;0;0;0;0;0;0;0;0;
05.01.2026;PSZ_C_OPO-02;PSZ_C_OPO-02;0;0;0;0;0;0;0;0;0;
05.01.2026;PSZ_C_PDK-01;PSZ_C_PDK-01;0;0;0;0;0;0;0;0;0;
05.01.2026;PSZ_C_PDL-01;PSZ_C_PDL-01;0;0;0;0;0;0;0;0;0;
05.01.2026;PSZ_C_POM-01;PSZ_C_POM-01;0;0;0;0;0;0;0;0;0;
05.01.2026;PSZ_C_POM-02;PSZ_C_POM-02;0;0;0;0;0;0;0;0;0;
05.01.2026;PSZ_C_WLK-01;PSZ_C_WLK-01;0;0;0;0;0;0;0;0;0;
05.01.2026;PSZ_C_WLK-02;PSZ_C_WLK-02;0;0;0;0;0;0;0;0;0;
05.01.2026;PSZ_C_WLK-03;PSZ_C_WLK-03;0;0;0;0;0;0;0;0;0;
05.01.2026;PSZ_C_WLK-04;PSZ_C_WLK-04;0;0;0;0;0;0;0;0;0;
05.01.2026;PSZ_C_WMA-01;PSZ_C_WMA-01;0;0;0;0;0;0;0;0;0;
05.01.2026;PSZ_C_WMA-02;PSZ_C_WMA-02;0;0;0;0;0;0;0;0;0;
05.01.2026;PSZ_C_WMA-03;PSZ_C_WMA-03;0;0;0;0;0;0;0;0;0;
05.01.2026;PSZ_C_WMA-04;PSZ_C_WMA-04;0;0;0;0;0;0;0;0;0;
05.01.2026;PSZ_C_WMA-05;PSZ_C_WMA-05;0;0;0;0;0;0;0;0;0;
05.01.2026;PSZ_C_WMA-06;PSZ_C_WMA-06;0;0;0;0;0;0;0;0;0;
05.01.2026;PSZ_C_ZPO-01;PSZ_C_ZPO-01;0;0;0;0;0;0;0;0;0;
05.01.2026;PSZ_C_ZPO-02;PSZ_C_ZPO-02;0;0;0;0;0;0;0;0;0;
05.01.2026;RDN-1;RDN_06-01-26_H01;460;480;460;480;0;124;1933,2;889372;1579,9;
05.01.2026;RDN-1;RDN_06-01-26_H02;459,09;475;459,09;475;0;119;1848,7;848799,233;1415,5;
05.01.2026;RDN-1;RDN_06-01-26_H03;454;474;454;474;0;124;2005,3;910506,2;1564;
05.01.2026;RDN-1;RDN_06-01-26_H04;451;470;451;470;0;127;1889,3;852169,3;1447,2;
05.01.2026;RDN-1;RDN_06-01-26_H05;445,7;445,7;445,7;445,7;0;126;1571,5;700417,55;1132;
05.01.2026;RDN-1;RDN_06-01-26_H06;446,8;446,8;446,8;490;0;135;1898,7;848663,16;1455,8;
05.01.2026;RDN-1;RDN_06-01-26_H07;492,11;492,11;492,11;492,11;0;137;2087,2;1027131,992;1508,5;
05.01.2026;RDN-1;RDN_06-01-26_H08;564;574;564;574;0;163;2630,2;1483512,8;2057,3;
05.01.2026;RDN-1;RDN_06-01-26_H09;629,79;639,79;629,79;639,79;0;171;2441,5;1537712,285;1866;
05.01.2026;RDN-1;RDN_06-01-26_H10;627,46;627,46;627,46;627,46;0;165;2494,4;1565136,224;2005,4;
05.01.2026;RDN-1;RDN_06-01-26_H11;570;570;570;570;0;159;2519;1435830;2093,2;
05.01.2026;RDN-1;RDN_06-01-26_H12;521;521;521;521;0;147;2338;1218098;1886,2;
05.01.2026;RDN-1;RDN_06-01-26_H13;510,94;519,06;510,94;519,06;0;141;2523,7;1289581,078;2134;
05.01.2026;RDN-1;RDN_06-01-26_H14;538;538;538;538;0;133;2433,7;1309330,6;2178;
05.01.2026;RDN-1;RDN_06-01-26_H15;570;570;570;570;0;140;2868,1;1634817;2550,9;
05.01.2026;RDN-1;RDN_06-01-26_H16;668,52;668,52;668,52;668,52;0;161;3134,5;2095475,94;2866,4;
05.01.2026;RDN-1;RDN_06-01-26_H17;708,8;708,8;708,8;708,8;0;150;3272,1;2319264,48;3004,3;
05.01.2026;RDN-1;RDN_06-01-26_H18;710;710;710;710;0;143;3282,6;2330646;2979,8;
05.01.2026;RDN-1;RDN_06-01-26_H19;689,13;699;689,13;699;0;148;3200,5;2205851,665;2837,5;
05.01.2026;RDN-1;RDN_06-01-26_H20;678;660;660;678;0;160;3140;2128740;2838,2;
05.01.2026;RDN-1;RDN_06-01-26_H21;572,35;572,35;572,35;572,35;0;148;2905,1;1662733,985;2616,8;
05.01.2026;RDN-1;RDN_06-01-26_H22;493,27;493,27;493,27;493,27;0;133;2723,2;1343272,864;2422,2;
05.01.2026;RDN-1;RDN_06-01-26_H23;471,6;471,6;471,6;471,6;0;134;2472,1;1165842,36;2104;
05.01.2026;RDN-1;RDN_06-01-26_H24;448;448;448;448;0;126;2162,2;968665,6;1866,8;
05.01.2026;RZP_A_LBL-01;RZP_A_LBL-01;0;0;0;0;0;0;0;0;0;
05.01.2026;SGT_BASE;SGT_BASE_06-01-26;0;0;0;0;0;0;0;0;0;
05.01.2026;SGT_RDB;SGT_RDB_05-01-26;0;0;0;0;0;0;0;0;0;
05.01.2026;ZTO_B_KUJ-02;ZTO_B_KUJ-02;0;0;0;0;0;0;0;0;0;
05.01.2026;ZTO_B_LBL-01;ZTO_B_LBL-01;0;0;0;0;0;0;0;0;0;
05.01.2026;ZTO_B_LBU-01;ZTO_B_LBU-01;0;0;0;0;0;0;0;0;0;
05.01.2026;ZTO_B_MAZ-01;ZTO_B_MAZ-01;0;0;0;0;0;0;0;0;0;
05.01.2026;ZTO_B_PDL-01;ZTO_B_PDL-01;0;0;0;0;0;0;0;0;0;
05.01.2026;ZTO_B_WLK-01;ZTO_B_WLK-01;0;0;0;0;0;0;0;0;0;
05.01.2026;ZTO_B_WLK-02;ZTO_B_WLK-02;0;0;0;0;0;0;0;0;0;
05.01.2026;ZTO_B_WMA-01;ZTO_B_WMA-01;0;0;0;0;0;0;0;0;0;
05.01.2026;ZTO_B_WMA-02;ZTO_B_WMA-02;0;0;0;0;0;0;0;0;0;
05.01.2026;ZTO_B_WMA-03;ZTO_B_WMA-03;0;0;0;0;0;0;0;0;0;
05.01.2026;ZTO_C_KUJ-02;ZTO_C_KUJ-02;0;0;0;0;0;0;0;0;0;
05.01.2026;ZTO_C_LBL-01;ZTO_C_LBL-01;0;0;0;0;0;0;0;0;0;
05.01.2026;ZTO_C_LBU-01;ZTO_C_LBU-01;0;0;0;0;0;0;0;0;0;
05.01.2026;ZTO_C_MAZ-01;ZTO_C_MAZ-01;0;0;0;0;0;0;0;0;0;
05.01.2026;ZTO_C_PDL-01;ZTO_C_PDL-01;0;0;0;0;0;0;0;0;0;
05.01.2026;ZTO_C_WLK-01;ZTO_C_WLK-01;0;0;0;0;0;0;0;0;0;
05.01.2026;ZTO_C_WLK-02;ZTO_C_WLK-02;0;0;0;0;0;0;0;0;0;
05.01.2026;ZTO_C_WMA-01;ZTO_C_WMA-01;0;0;0;0;0;0;0;0;0;
05.01.2026;ZTO_C_WMA-02;ZTO_C_WMA-02;0;0;0;0;0;0;0;0;0;
05.01.2026;ZTO_C_WMA-03;ZTO_C_WMA-03;0;0;0;0;0;0;0;0;0;
06.01.2026;BASE;BASE_07-01-26;650;908;635;918;0;53;313;5281922,4;246;
06.01.2026;BASE;BASE_08-01-26;0;0;0;0;0;0;0;0;0;
06.01.2026;GAS_BASE;GAS_BASE_07-01-26;156;155;155;156,4;0;252;9028;33809216,4;8579;
06.01.2026;GAS_RDB;GAS_RDB_06-01-26;156;152;152;156,15;0;156;28429;4406124,51;25698;
06.01.2026;GLW_BASE;GLW_BASE_07-01-26;0;0;0;0;0;0;0;0;0;
06.01.2026;GLW_RDB;GLW_RDB_06-01-26;0;0;0;0;0;0;0;0;0;
06.01.2026;OFFPEAK;OFFPEAK_07-01-26;0;0;0;0;0;0;0;0;0;
06.01.2026;OFFPEAK;OFFPEAK_08-01-26;0;0;0;0;0;0;0;0;0;
06.01.2026;PEAK;PEAK_07-01-26;0;0;0;0;0;0;0;0;0;
06.01.2026;PEAK;PEAK_08-01-26;0;0;0;0;0;0;0;0;0;
06.01.2026;RDN-1;RDN_07-01-26_H01;476,02;476,02;476,02;476,02;0;154;2483,9;1182386,078;2011,1;
06.01.2026;RDN-1;RDN_07-01-26_H02;470;470;470;470;0;144;2343,8;1101586;1867;
06.01.2026;RDN-1;RDN_07-01-26_H03;461,33;461,33;461,33;461,33;0;150;2363,6;1090399,588;1711,3;
06.01.2026;RDN-1;RDN_07-01-26_H04;458,06;458,06;458,06;458,06;0;144;2286,2;1047216,772;1735,3;
06.01.2026;RDN-1;RDN_07-01-26_H05;450,48;450,48;450,48;450,48;0;143;2164,7;975154,056;1650,4;
06.01.2026;RDN-1;RDN_07-01-26_H06;469;469;469;469;0;156;2548,2;1195105,8;1990,2;
06.01.2026;RDN-1;RDN_07-01-26_H07;652,8;737,65;652,8;737,65;0;176;3812,9;2489909,62;3376,6;
06.01.2026;RDN-1;RDN_07-01-26_H08;1499;1620;1400;1650;0;196;3588,9;5377860,5;3261,6;
06.01.2026;RDN-1;RDN_07-01-26_H09;1500;1500;1400;1600;0;188;3987,2;5980780;3651;
06.01.2026;RDN-1;RDN_07-01-26_H10;1431,09;1631,09;1400;1631,09;0;184;3966,3;5679164,103;3629,8;
06.01.2026;RDN-1;RDN_07-01-26_H11;900;1090;900;1180;0;185;3910,7;3524190;3392,4;
06.01.2026;RDN-1;RDN_07-01-26_H12;952,5;1100;952,5;1200;0;190;3924,5;3740856,25;3442,5;
06.01.2026;RDN-1;RDN_07-01-26_H13;1043,45;1178;1019,95;1200;0;197;4035,7;4210293,865;3532,7;
06.01.2026;RDN-1;RDN_07-01-26_H14;1478,62;1569;1400;1699;0;185;4152,9;6142065,014;3833,1;
06.01.2026;RDN-1;RDN_07-01-26_H15;1500;1550;1400;1599;0;178;4158,9;6238260;3833,8;
06.01.2026;RDN-1;RDN_07-01-26_H16;1300;1400;1300;1400;0;179;4502,9;5854770;4133,5;
06.01.2026;RDN-1;RDN_07-01-26_H17;1499;1499;1400;1599;0;173;4278,7;6413019;4062,4;
06.01.2026;RDN-1;RDN_07-01-26_H18;1400;1400;1354,76;1490;0;187;4344,1;6081372,8;4124,5;
06.01.2026;RDN-1;RDN_07-01-26_H19;911,5;911,5;911,5;911,5;0;190;4375,5;3988268,25;3867,9;
06.01.2026;RDN-1;RDN_07-01-26_H20;851,71;851,71;851,71;851,71;0;178;4018,4;3422511,464;3670,7;
06.01.2026;RDN-1;RDN_07-01-26_H21;708,88;708,88;708,88;708,88;0;168;4090,1;2899390,088;3599,4;
06.01.2026;RDN-1;RDN_07-01-26_H22;639,04;639,04;639,04;639,04;0;162;3681,6;2352689,664;3182;
06.01.2026;RDN-1;RDN_07-01-26_H23;502,13;502,13;502,13;502,13;0;143;4067,1;2042212,923;3551,2;
06.01.2026;RDN-1;RDN_07-01-26_H24;479,91;479,91;479,91;479,91;0;150;3636,8;1745336,688;3208,6;
06.01.2026;SGT_BASE;SGT_BASE_07-01-26;0;0;0;0;0;0;0;0;0;
06.01.2026;SGT_RDB;SGT_RDB_06-01-26;0;0;0;0;0;0;0;0;0;
07.01.2026;BASE;BASE_08-01-26;830;825;820;850;0;29;218;4395624;175;
07.01.2026;BASE;BASE_09-01-26;0;0;0;0;0;0;0;0;0;
07.01.2026;BASE_M;BASE_M-02-26;520,31;510;510;525;496;51;61;21139251,84;305;
07.01.2026;BASE_M;BASE_M-03-26;418;421;418;423;415;29;35;10977453,5;104;
07.01.2026;BASE_M;BASE_M-04-26;0;0;0;0;385,78;0;0;0;2;
07.01.2026;BASE_M;BASE_M-05-26;0;0;0;0;397,41;0;0;0;0;
07.01.2026;BASE_M;BASE_M-06-26;0;0;0;0;446,63;0;0;0;0;
07.01.2026;BASE_M;BASE_M-07-26;0;0;0;0;440,39;0;0;0;0;
07.01.2026;BASE_Q;BASE_Q-1-27;0;0;0;0;440;0;0;0;0;
07.01.2026;BASE_Q;BASE_Q-2-26;413;412;411;413;409,8;7;8;7201740;340;
07.01.2026;BASE_Q;BASE_Q-2-27;0;0;0;0;402,7;0;0;0;0;
07.01.2026;BASE_Q;BASE_Q-3-26;445;444;444;445;443;5;6;5890944;258;
07.01.2026;BASE_Q;BASE_Q-3-27;0;0;0;0;423,11;0;0;0;0;
07.01.2026;BASE_Q;BASE_Q-4-26;468;467,5;467,5;468;464;5;7;7231162;468;
07.01.2026;BASE_W;BASE_W-03-26;516;591;516;600;495,6;60;175;17027710,56;172;
07.01.2026;BASE_W;BASE_W-04-26;525;532;525;532;495,6;3;9;797832;9;
07.01.2026;BASE_W;BASE_W-05-26;0;0;0;0;496;0;0;0;0;
07.01.2026;BASE_W;BASE_W-06-26;0;0;0;0;496;0;0;0;0;
07.01.2026;BASE_W;BASE_W-07-26;0;0;0;0;496;0;0;0;0;
07.01.2026;BASE_Y;BASE_Y-27;430;432;430;432;427;11;11;41566200;628;
07.01.2026;BASE_Y;BASE_Y-28;0;0;0;0;428;0;0;0;120;
07.01.2026;BASE_Y;BASE_Y-29;0;0;0;0;442,99;0;0;0;0;
07.01.2026;BASE_Y;BASE_Y-30;0;0;0;0;432,41;0;0;0;0;
07.01.2026;GAS_BASE;GAS_BASE_08-01-26;161,5;161,75;160,75;162,75;0;233;11042;42912138;10520;
07.01.2026;GAS_BASE_M;GAS_BASE_M-01-27;0;0;0;0;144;0;0;0;0;
07.01.2026;GAS_BASE_M;GAS_BASE_M-02-26;145;144,5;144;145,5;139;17;56;5451264;21207;
07.01.2026;GAS_BASE_M;GAS_BASE_M-03-26;142;141;141;142;136;4;7;735495,7;18602;
07.01.2026;GAS_BASE_M;GAS_BASE_M-04-26;138;137,5;137;138,5;133,7;19;83;8244180;1068;
07.01.2026;GAS_BASE_M;GAS_BASE_M-05-26;0;0;0;0;130,75;0;0;0;100;
07.01.2026;GAS_BASE_M;GAS_BASE_M-06-26;133;133;133;133;128,86;1;1;95760;37;
07.01.2026;GAS_BASE_M;GAS_BASE_M-07-26;0;0;0;0;127,94;0;0;0;6;
07.01.2026;GAS_BASE_M;GAS_BASE_M-08-26;0;0;0;0;128,82;0;0;0;10;
07.01.2026;GAS_BASE_M;GAS_BASE_M-09-26;136,5;136,5;136;136,5;130,29;3;9;883800;190;
07.01.2026;GAS_BASE_M;GAS_BASE_M-10-26;0;0;0;0;133,63;0;0;0;28;
07.01.2026;GAS_BASE_M;GAS_BASE_M-11-26;142;141,5;141;142;139;6;30;3060000;528;
07.01.2026;GAS_BASE_M;GAS_BASE_M-12-26;144;144;143,5;144;142;7;33;3532512;506;
07.01.2026;GAS_BASE_Q;GAS_BASE_Q-1-27;142,5;142;142;142,5;140;9;36;11058398;363;
07.01.2026;GAS_BASE_Q;GAS_BASE_Q-2-26;134,5;134,25;134;134,5;131,1;5;10;2929290;7428;
07.01.2026;GAS_BASE_Q;GAS_BASE_Q-2-27;127,75;127,75;127,75;127,75;124,54;1;1;279006;4;
07.01.2026;GAS_BASE_Q;GAS_BASE_Q-3-26;133,5;133,5;133,5;133,5;129;1;1;294768;5956;
07.01.2026;GAS_BASE_Q;GAS_BASE_Q-3-27;0;0;0;0;124,7;0;0;0;0;
07.01.2026;GAS_BASE_Q;GAS_BASE_Q-4-26;140,5;140,25;140;140,75;138,2;5;16;4962519;7752;
07.01.2026;GAS_BASE_S;GAS_BASE_S-S-26;0;0;0;0;130,04;0;0;0;60;
07.01.2026;GAS_BASE_S;GAS_BASE_S-S-27;0;0;0;0;124,62;0;0;0;7;
07.01.2026;GAS_BASE_S;GAS_BASE_S-W-26;0;0;0;0;139,09;0;0;0;491;
07.01.2026;GAS_BASE_S;GAS_BASE_S-W-27;0;0;0;0;134;0;0;0;0;
07.01.2026;GAS_BASE_W;GAS_BASE_W-03-26;162;162;161,5;162,75;153;117;1510;41136354;2502;
07.01.2026;GAS_BASE_W;GAS_BASE_W-04-26;0;0;0;0;147;0;0;0;0;
07.01.2026;GAS_BASE_W;GAS_BASE_W-05-26;0;0;0;0;139;0;0;0;0;
07.01.2026;GAS_BASE_W;GAS_BASE_W-06-26;0;0;0;0;139;0;0;0;0;
07.01.2026;GAS_BASE_Y;GAS_BASE_Y-27;131,75;131,5;131,25;131,75;130,18;8;17;19589550;3502;
07.01.2026;GAS_BASE_Y;GAS_BASE_Y-28;0;0;0;0;125,8;0;0;0;131;
07.01.2026;GAS_BASE_Y;GAS_BASE_Y-29;0;0;0;0;120,65;0;0;0;1;
07.01.2026;GAS_BASE_Y;GAS_BASE_Y-30;0;0;0;0;114,38;0;0;0;0;
07.01.2026;GAS_RDB;GAS_RDB_07-01-26;161;162,75;160,95;165,75;0;138;28687;4709688,95;27782;
07.01.2026;GLW_BASE;GLW_BASE_08-01-26;0;0;0;0;0;0;0;0;0;
07.01.2026;GLW_RDB;GLW_RDB_07-01-26;0;0;0;0;0;0;0;0;0;
07.01.2026;KUK_A_WMA-03;KUK_A_WMA-03;0;0;0;0;0;0;0;0;0;
07.01.2026;OFFPEAK;OFFPEAK_08-01-26;0;0;0;0;0;0;0;0;0;
07.01.2026;OFFPEAK;OFFPEAK_09-01-26;0;0;0;0;0;0;0;0;0;
07.01.2026;OFFPEAK_M;OFFPEAK_M-02-26;0;0;0;0;408,9;0;0;0;0;
07.01.2026;OFFPEAK_M;OFFPEAK_M-03-26;0;0;0;0;391,03;0;0;0;0;
07.01.2026;OFFPEAK_M;OFFPEAK_M-04-26;0;0;0;0;370,66;0;0;0;0;
07.01.2026;OFFPEAK_M;OFFPEAK_M-05-26;0;0;0;0;399,59;0;0;0;0;
07.01.2026;OFFPEAK_M;OFFPEAK_M-06-26;0;0;0;0;445,46;0;0;0;0;
07.01.2026;OFFPEAK_M;OFFPEAK_M-07-26;0;0;0;0;418,39;0;0;0;0;
07.01.2026;OFFPEAK_Q;OFFPEAK_Q-1-27;0;0;0;0;387,31;0;0;0;0;
07.01.2026;OFFPEAK_Q;OFFPEAK_Q-2-26;0;0;0;0;405,06;0;0;0;0;
07.01.2026;OFFPEAK_Q;OFFPEAK_Q-2-27;0;0;0;0;396,53;0;0;0;0;
07.01.2026;OFFPEAK_Q;OFFPEAK_Q-3-26;0;0;0;0;420,82;0;0;0;0;
07.01.2026;OFFPEAK_Q;OFFPEAK_Q-3-27;0;0;0;0;409,13;0;0;0;0;
07.01.2026;OFFPEAK_Q;OFFPEAK_Q-4-26;0;0;0;0;381,76;0;0;0;0;
07.01.2026;OFFPEAK_W;OFFPEAK_W-03-26;0;0;0;0;390,06;0;0;0;0;
07.01.2026;OFFPEAK_W;OFFPEAK_W-04-26;0;0;0;0;390,06;0;0;0;0;
07.01.2026;OFFPEAK_W;OFFPEAK_W-05-26;0;0;0;0;408,9;0;0;0;0;
07.01.2026;OFFPEAK_W;OFFPEAK_W-06-26;0;0;0;0;408,9;0;0;0;0;
07.01.2026;OFFPEAK_W;OFFPEAK_W-07-26;0;0;0;0;408,9;0;0;0;0;
07.01.2026;OFFPEAK_Y;OFFPEAK_Y-27;0;0;0;0;388,78;0;0;0;0;
07.01.2026;OFFPEAK_Y;OFFPEAK_Y-28;0;0;0;0;398,74;0;0;0;0;
07.01.2026;OFFPEAK_Y;OFFPEAK_Y-29;0;0;0;0;428,91;0;0;0;0;
07.01.2026;OFFPEAK_Y;OFFPEAK_Y-30;0;0;0;0;395,6;0;0;0;0;
07.01.2026;PEAK;PEAK_08-01-26;0;0;0;0;0;0;0;0;0;
07.01.2026;PEAK;PEAK_09-01-26;0;0;0;0;0;0;0;0;0;
07.01.2026;PEAK5_M;PEAK5_M-02-26;620;620;615;620;604;13;27;5019300;82;
07.01.2026;PEAK5_M;PEAK5_M-03-26;0;0;0;0;445;0;0;0;2;
07.01.2026;PEAK5_M;PEAK5_M-04-26;0;0;0;0;405,22;0;0;0;0;
07.01.2026;PEAK5_M;PEAK5_M-05-26;0;0;0;0;394,17;0;0;0;0;
07.01.2026;PEAK5_M;PEAK5_M-06-26;0;0;0;0;448,13;0;0;0;0;
07.01.2026;PEAK5_M;PEAK5_M-07-26;0;0;0;0;465,82;0;0;0;0;
07.01.2026;PEAK5_Q;PEAK5_Q-1-27;0;0;0;0;511,63;0;0;0;0;
07.01.2026;PEAK5_Q;PEAK5_Q-2-26;0;0;0;0;416,19;0;0;0;25;
07.01.2026;PEAK5_Q;PEAK5_Q-2-27;0;0;0;0;410,79;0;0;0;0;
07.01.2026;PEAK5_Q;PEAK5_Q-3-26;0;0;0;0;470,29;0;0;0;0;
07.01.2026;PEAK5_Q;PEAK5_Q-3-27;0;0;0;0;440,32;0;0;0;0;
07.01.2026;PEAK5_Q;PEAK5_Q-4-26;0;0;0;0;571;0;0;0;7;
07.01.2026;PEAK5_W;PEAK5_W-03-26;0;0;0;0;626,47;0;0;0;0;
07.01.2026;PEAK5_W;PEAK5_W-04-26;0;0;0;0;626,47;0;0;0;0;
07.01.2026;PEAK5_W;PEAK5_W-05-26;0;0;0;0;604;0;0;0;0;
07.01.2026;PEAK5_W;PEAK5_W-06-26;0;0;0;0;604;0;0;0;0;
07.01.2026;PEAK5_W;PEAK5_W-07-26;0;0;0;0;604;0;0;0;0;
07.01.2026;PEAK5_Y;PEAK5_Y-27;0;0;0;0;477;0;0;0;134;
07.01.2026;PEAK5_Y;PEAK5_Y-28;0;0;0;0;467;0;0;0;0;
07.01.2026;PEAK5_Y;PEAK5_Y-29;0;0;0;0;461,68;0;0;0;0;
07.01.2026;PEAK5_Y;PEAK5_Y-30;0;0;0;0;481,58;0;0;0;0;
07.01.2026;PMBG;PMBG;0;0;0;0;0;0;0;0;0;
07.01.2026;PMEF-2025;PMEF-2025;0;0;0;0;0;0;0;0;0;
07.01.2026;PMEF-2026;PMEF-2026;0;0;0;0;0;0;0;0;0;
07.01.2026;PMEF_F;PMEF_F;0;0;0;0;0;0;0;0;78624386;
07.01.2026;PMOZE;PMOZE;0;0;0;0;0;0;0;0;0;
07.01.2026;PMOZE_A;PMOZE_A;0;0;0;0;0;4;42000000;0;8955511107;
07.01.2026;PMOZE-BIO;PMOZE-BIO;0;0;0;0;0;0;0;0;509642634;
07.01.2026;PSZ_B_DLS-01;PSZ_B_DLS-01;0;0;0;0;0;0;0;0;0;
07.01.2026;PSZ_B_KUJ-01;PSZ_B_KUJ-01;0;0;0;0;0;0;0;0;0;
07.01.2026;PSZ_B_KUJ-02;PSZ_B_KUJ-02;0;0;0;0;0;0;0;0;0;
07.01.2026;PSZ_B_LBL-01;PSZ_B_LBL-01;0;0;0;0;0;0;0;0;0;
07.01.2026;PSZ_B_LBL-02;PSZ_B_LBL-02;0;0;0;0;0;0;0;0;0;
07.01.2026;PSZ_B_LBL-03;PSZ_B_LBL-03;0;0;0;0;0;0;0;0;0;
07.01.2026;PSZ_B_LBL-04;PSZ_B_LBL-04;0;0;0;0;0;0;0;0;0;
07.01.2026;PSZ_B_LBL-05;PSZ_B_LBL-05;0;0;0;0;0;0;0;0;0;
07.01.2026;PSZ_B_LBL-06;PSZ_B_LBL-06;0;0;0;0;0;0;0;0;0;
07.01.2026;PSZ_B_LBL-07;PSZ_B_LBL-07;0;0;0;0;0;0;0;0;0;
07.01.2026;PSZ_B_LBU-01;PSZ_B_LBU-01;0;0;0;0;0;0;0;0;0;
07.01.2026;PSZ_B_LBU-02;PSZ_B_LBU-02;0;0;0;0;0;0;0;0;0;
07.01.2026;PSZ_B_MAZ-01;PSZ_B_MAZ-01;0;0;0;0;0;0;0;0;0;
07.01.2026;PSZ_B_MAZ-02;PSZ_B_MAZ-02;0;0;0;0;0;0;0;0;0;
07.01.2026;PSZ_B_MAZ-03;PSZ_B_MAZ-03;0;0;0;0;0;0;0;0;0;
07.01.2026;PSZ_B_OPO-01;PSZ_B_OPO-01;0;0;0;0;0;0;0;0;0;
07.01.2026;PSZ_B_OPO-02;PSZ_B_OPO-02;0;0;0;0;0;0;0;0;0;
07.01.2026;PSZ_B_PDK-01;PSZ_B_PDK-01;0;0;0;0;0;0;0;0;0;
07.01.2026;PSZ_B_PDL-01;PSZ_B_PDL-01;0;0;0;0;0;0;0;0;0;
07.01.2026;PSZ_B_POM-01;PSZ_B_POM-01;0;0;0;0;0;0;0;0;0;
07.01.2026;PSZ_B_POM-02;PSZ_B_POM-02;0;0;0;0;0;0;0;0;0;
07.01.2026;PSZ_B_WLK-01;PSZ_B_WLK-01;0;0;0;0;0;0;0;0;0;
07.01.2026;PSZ_B_WLK-02;PSZ_B_WLK-02;0;0;0;0;0;0;0;0;0;
07.01.2026;PSZ_B_WLK-03;PSZ_B_WLK-03;0;0;0;0;0;0;0;0;0;
07.01.2026;PSZ_B_WLK-04;PSZ_B_WLK-04;0;0;0;0;0;0;0;0;0;
07.01.2026;PSZ_B_WMA-01;PSZ_B_WMA-01;0;0;0;0;0;0;0;0;0;
07.01.2026;PSZ_B_WMA-02;PSZ_B_WMA-02;0;0;0;0;0;0;0;0;0;
07.01.2026;PSZ_B_WMA-03;PSZ_B_WMA-03;0;0;0;0;0;0;0;0;0;
07.01.2026;PSZ_B_WMA-04;PSZ_B_WMA-04;0;0;0;0;0;0;0;0;0;
07.01.2026;PSZ_B_WMA-05;PSZ_B_WMA-05;0;0;0;0;0;0;0;0;0;
07.01.2026;PSZ_B_WMA-06;PSZ_B_WMA-06;0;0;0;0;0;0;0;0;0;
07.01.2026;PSZ_B_ZPO-01;PSZ_B_ZPO-01;0;0;0;0;0;0;0;0;0;
07.01.2026;PSZ_B_ZPO-02;PSZ_B_ZPO-02;0;0;0;0;0;0;0;0;0;
07.01.2026;PSZ_C_DLS-01;PSZ_C_DLS-01;0;0;0;0;0;0;0;0;0;
07.01.2026;PSZ_C_KUJ-01;PSZ_C_KUJ-01;0;0;0;0;0;0;0;0;0;
07.01.2026;PSZ_C_KUJ-02;PSZ_C_KUJ-02;0;0;0;0;0;0;0;0;0;
07.01.2026;PSZ_C_LBL-01;PSZ_C_LBL-01;0;0;0;0;0;0;0;0;0;
07.01.2026;PSZ_C_LBL-02;PSZ_C_LBL-02;0;0;0;0;0;0;0;0;0;
07.01.2026;PSZ_C_LBL-03;PSZ_C_LBL-03;0;0;0;0;0;0;0;0;0;
07.01.2026;PSZ_C_LBL-04;PSZ_C_LBL-04;0;0;0;0;0;0;0;0;0;
07.01.2026;PSZ_C_LBL-05;PSZ_C_LBL-05;0;0;0;0;0;0;0;0;0;
07.01.2026;PSZ_C_LBL-06;PSZ_C_LBL-06;0;0;0;0;0;0;0;0;0;
07.01.2026;PSZ_C_LBL-07;PSZ_C_LBL-07;0;0;0;0;0;0;0;0;0;
07.01.2026;PSZ_C_LBU-01;PSZ_C_LBU-01;0;0;0;0;0;0;0;0;0;
07.01.2026;PSZ_C_LBU-02;PSZ_C_LBU-02;0;0;0;0;0;0;0;0;0;
07.01.2026;PSZ_C_MAZ-01;PSZ_C_MAZ-01;0;0;0;0;0;0;0;0;0;
07.01.2026;PSZ_C_MAZ-02;PSZ_C_MAZ-02;0;0;0;0;0;0;0;0;0;
07.01.2026;PSZ_C_MAZ-03;PSZ_C_MAZ-03;0;0;0;0;0;0;0;0;0;
07.01.2026;PSZ_C_OPO-01;PSZ_C_OPO-01;0;0;0;0;0;0;0;0;0;
07.01.2026;PSZ_C_OPO-02;PSZ_C_OPO-02;0;0;0;0;0;0;0;0;0;
07.01.2026;PSZ_C_PDK-01;PSZ_C_PDK-01;0;0;0;0;0;0;0;0;0;
07.01.2026;PSZ_C_PDL-01;PSZ_C_PDL-01;0;0;0;0;0;0;0;0;0;
07.01.2026;PSZ_C_POM-01;PSZ_C_POM-01;0;0;0;0;0;0;0;0;0;
07.01.2026;PSZ_C_POM-02;PSZ_C_POM-02;0;0;0;0;0;0;0;0;0;
07.01.2026;PSZ_C_WLK-01;PSZ_C_WLK-01;0;0;0;0;0;0;0;0;0;
07.01.2026;PSZ_C_WLK-02;PSZ_C_WLK-02;0;0;0;0;0;0;0;0;0;
07.01.2026;PSZ_C_WLK-03;PSZ_C_WLK-03;0;0;0;0;0;0;0;0;0;
07.01.2026;PSZ_C_WLK-04;PSZ_C_WLK-04;0;0;0;0;0;0;0;0;0;
07.01.2026;PSZ_C_WMA-01;PSZ_C_WMA-01;0;0;0;0;0;0;0;0;0;
07.01.2026;PSZ_C_WMA-02;PSZ_C_WMA-02;0;0;0;0;0;0;0;0;0;
07.01.2026;PSZ_C_WMA-03;PSZ_C_WMA-03;0;0;0;0;0;0;0;0;0;
07.01.2026;PSZ_C_WMA-04;PSZ_C_WMA-04;0;0;0;0;0;0;0;0;0;
07.01.2026;PSZ_C_WMA-05;PSZ_C_WMA-05;0;0;0;0;0;0;0;0;0;
07.01.2026;PSZ_C_WMA-06;PSZ_C_WMA-06;0;0;0;0;0;0;0;0;0;
07.01.2026;PSZ_C_ZPO-01;PSZ_C_ZPO-01;0;0;0;0;0;0;0;0;0;
07.01.2026;PSZ_C_ZPO-02;PSZ_C_ZPO-02;0;0;0;0;0;0;0;0;0;
07.01.2026;RDN-1;RDN_08-01-26_H01;494;480;480;494;0;128;2613,2;1290780,8;2278,2;
07.01.2026;RDN-1;RDN_08-01-26_H02;488;488;488;488;0;136;2568,5;1253428;2144,5;
07.01.2026;RDN-1;RDN_08-01-26_H03;482;482;482;482;0;148;2459,2;1185334,4;2046,4;
07.01.2026;RDN-1;RDN_08-01-26_H04;482;482;482;482;0;145;2549;1228618;2090;
07.01.2026;RDN-1;RDN_08-01-26_H05;477,54;477,54;477,54;477,54;0;140;2694,7;1286827,038;2172,5;
07.01.2026;RDN-1;RDN_08-01-26_H06;486;486;486;486;0;130;2885,2;1402207,2;2406,2;
07.01.2026;RDN-1;RDN_08-01-26_H07;700;700;700;700;0;157;3727,6;2609320;3176,4;
07.01.2026;RDN-1;RDN_08-01-26_H08;1099;1099;1099;1099;0;179;3354;3686046;3002,3;
07.01.2026;RDN-1;RDN_08-01-26_H09;1300;1300;1300;1300;0;190;3857,3;5014490;3514,4;
07.01.2026;RDN-1;RDN_08-01-26_H10;1190;1190;1190;1190;0;183;3886,4;4624816;3529,6;
07.01.2026;RDN-1;RDN_08-01-26_H11;1000;950;950;1000;0;174;3457,9;3457368,14;3137,9;
07.01.2026;RDN-1;RDN_08-01-26_H12;968,17;930;930;968,17;0;170;3443,2;3333297,584;3124,2;
07.01.2026;RDN-1;RDN_08-01-26_H13;1019;1019;1019;1019;0;172;3566,1;3633855,9;3267;
07.01.2026;RDN-1;RDN_08-01-26_H14;1107,29;1107,29;1107,29;1107,29;0;174;3783,2;4189099,528;3484,7;
07.01.2026;RDN-1;RDN_08-01-26_H15;1100;1100;1100;1100;0;179;3996,5;4396150;3693;
07.01.2026;RDN-1;RDN_08-01-26_H16;1279;1279;1279;1279;0;185;4397,1;5623890,9;3973,2;
07.01.2026;RDN-1;RDN_08-01-26_H17;1300;1260;1260;1300;0;185;4481,9;5826270;4137;
07.01.2026;RDN-1;RDN_08-01-26_H18;1300;1290;1290;1300;0;180;4099,7;5329372;3783,7;
07.01.2026;RDN-1;RDN_08-01-26_H19;1202,74;1202,73;1202,72;1202,74;0;181;4108,2;4941095,544;3744,5;
07.01.2026;RDN-1;RDN_08-01-26_H20;1169;1141,82;1141,82;1169;0;171;3959,3;4627270,14;3607,1;
07.01.2026;RDN-1;RDN_08-01-26_H21;950;950;950;951,9;0;159;3878,8;3684867,22;3428,4;
07.01.2026;RDN-1;RDN_08-01-26_H22;625;625;625;625;0;142;3051,8;1907375;2761,3;
07.01.2026;RDN-1;RDN_08-01-26_H23;550;550;550;550;0;144;3602,4;1981320;3161,6;
07.01.2026;RDN-1;RDN_08-01-26_H24;498;498;498;498;0;135;3301,7;1644246,6;2833,7;
07.01.2026;RZP_A_LBL-01;RZP_A_LBL-01;0;0;0;0;0;0;0;0;0;
07.01.2026;SGT_BASE;SGT_BASE_08-01-26;0;0;0;0;0;0;0;0;0;
07.01.2026;SGT_RDB;SGT_RDB_07-01-26;0;0;0;0;0;0;0;0;0;
07.01.2026;ZTO_B_KUJ-02;ZTO_B_KUJ-02;0;0;0;0;0;0;0;0;0;
07.01.2026;ZTO_B_LBL-01;ZTO_B_LBL-01;0;0;0;0;0;0;0;0;0;
07.01.2026;ZTO_B_LBU-01;ZTO_B_LBU-01;0;0;0;0;0;0;0;0;0;
07.01.2026;ZTO_B_MAZ-01;ZTO_B_MAZ-01;0;0;0;0;0;0;0;0;0;
07.01.2026;ZTO_B_PDL-01;ZTO_B_PDL-01;0;0;0;0;0;0;0;0;0;
07.01.2026;ZTO_B_WLK-01;ZTO_B_WLK-01;0;0;0;0;0;0;0;0;0;
07.01.2026;ZTO_B_WLK-02;ZTO_B_WLK-02;0;0;0;0;0;0;0;0;0;
07.01.2026;ZTO_B_WMA-01;ZTO_B_WMA-01;0;0;0;0;0;0;0;0;0;
07.01.2026;ZTO_B_WMA-02;ZTO_B_WMA-02;0;0;0;0;0;0;0;0;0;
07.01.2026;ZTO_B_WMA-03;ZTO_B_WMA-03;0;0;0;0;0;0;0;0;0;
07.01.2026;ZTO_C_KUJ-02;ZTO_C_KUJ-02;0;0;0;0;0;0;0;0;0;
07.01.2026;ZTO_C_LBL-01;ZTO_C_LBL-01;0;0;0;0;0;0;0;0;0;
07.01.2026;ZTO_C_LBU-01;ZTO_C_LBU-01;0;0;0;0;0;0;0;0;0;
07.01.2026;ZTO_C_MAZ-01;ZTO_C_MAZ-01;0;0;0;0;0;0;0;0;0;
07.01.2026;ZTO_C_PDL-01;ZTO_C_PDL-01;0;0;0;0;0;0;0;0;0;
07.01.2026;ZTO_C_WLK-01;ZTO_C_WLK-01;0;0;0;0;0;0;0;0;0;
07.01.2026;ZTO_C_WLK-02;ZTO_C_WLK-02;0;0;0;0;0;0;0;0;0;
07.01.2026;ZTO_C_WMA-01;ZTO_C_WMA-01;0;0;0;0;0;0;0;0;0;
07.01.2026;ZTO_C_WMA-02;ZTO_C_WMA-02;0;0;0;0;0;0;0;0;0;
07.01.2026;ZTO_C_WMA-03;ZTO_C_WMA-03;0;0;0;0;0;0;0;0;0;
08.01.2026;BASE;BASE_09-01-26;640;625;620;640;0;46;219;3311832;149;
08.01.2026;BASE;BASE_10-01-26;0;0;0;0;0;0;0;0;0;
08.01.2026;BASE_M;BASE_M-02-26;505;506,5;505;508;510,8;24;25;8512492,8;321;
08.01.2026;BASE_M;BASE_M-03-26;421;420;420;421;421;8;11;3433403;107;
08.01.2026;BASE_M;BASE_M-04-26;0;0;0;0;402,5;0;0;0;2;
08.01.2026;BASE_M;BASE_M-05-26;0;0;0;0;391,87;0;0;0;0;
08.01.2026;BASE_M;BASE_M-06-26;0;0;0;0;442;0;0;0;0;
08.01.2026;BASE_M;BASE_M-07-26;0;0;0;0;442,18;0;0;0;0;
08.01.2026;BASE_Q;BASE_Q-1-27;0;0;0;0;455;0;0;0;0;
08.01.2026;BASE_Q;BASE_Q-2-26;409;408,5;408,5;409;411,9;14;16;14285762,4;351;
08.01.2026;BASE_Q;BASE_Q-2-27;0;0;0;0;407,42;0;0;0;0;
08.01.2026;BASE_Q;BASE_Q-3-26;442;442;442;442;444,8;2;2;1951872;258;
08.01.2026;BASE_Q;BASE_Q-3-27;0;0;0;0;428,07;0;0;0;0;
08.01.2026;BASE_Q;BASE_Q-4-26;466;466;466;466;467,6;1;1;1029394;472;
08.01.2026;BASE_W;BASE_W-03-26;577;591,25;569;591,25;592,3;99;271;26466064,8;307;
08.01.2026;BASE_W;BASE_W-04-26;530;540;530;540;531;6;30;2698080;39;
08.01.2026;BASE_W;BASE_W-05-26;0;0;0;0;520,5;0;0;0;0;
08.01.2026;BASE_W;BASE_W-06-26;0;0;0;0;510,8;0;0;0;0;
08.01.2026;BASE_W;BASE_W-07-26;0;0;0;0;510,8;0;0;0;0;
08.01.2026;BASE_WEEKEND;BASE_WEEKEND_02-26;0;0;0;0;0;0;0;0;0;
08.01.2026;BASE_Y;BASE_Y-27;429;430,2;429;430,45;432;14;14;52745624;638;
08.01.2026;BASE_Y;BASE_Y-28;0;0;0;0;428,25;0;0;0;120;
08.01.2026;BASE_Y;BASE_Y-29;0;0;0;0;445,73;0;0;0;0;
08.01.2026;BASE_Y;BASE_Y-30;0;0;0;0;435,11;0;0;0;0;
08.01.2026;F-OZE;F-OZE_05-26;0;0;0;0;26,94;0;0;0;0;
08.01.2026;F-OZE;F-OZE_05-27;0;0;0;0;26,94;0;0;0;0;
08.01.2026;F-OZE;F-OZE_11-26;0;0;0;0;26,94;0;0;0;0;
08.01.2026;F-OZE;F-OZE_11-27;0;0;0;0;26,94;0;0;0;0;
08.01.2026;GAS_BASE;GAS_BASE_09-01-26;157,7;156,85;156,85;158,5;0;279;12190;46136335,2;11648;
08.01.2026;GAS_BASE_M;GAS_BASE_M-01-27;0;0;0;0;142,8;0;0;0;0;
08.01.2026;GAS_BASE_M;GAS_BASE_M-02-26;139;139,5;139;140;144,4;51;196;18379529,28;21382;
08.01.2026;GAS_BASE_M;GAS_BASE_M-03-26;136;135,5;135,5;136;141,48;10;35;3535937;18621;
08.01.2026;GAS_BASE_M;GAS_BASE_M-04-26;133;132,5;132,5;133;137,45;8;13;1244520;1078;
08.01.2026;GAS_BASE_M;GAS_BASE_M-05-26;131;130;130;131;132,07;2;4;389112;104;
08.01.2026;GAS_BASE_M;GAS_BASE_M-06-26;0;0;0;0;133;0;0;0;38;
08.01.2026;GAS_BASE_M;GAS_BASE_M-07-26;0;0;0;0;131,68;0;0;0;6;
08.01.2026;GAS_BASE_M;GAS_BASE_M-08-26;0;0;0;0;132,58;0;0;0;10;
08.01.2026;GAS_BASE_M;GAS_BASE_M-09-26;132;132;132;132;136,33;1;1;95040;191;
08.01.2026;GAS_BASE_M;GAS_BASE_M-10-26;133;133;133;133;135,13;1;1;99085;29;
08.01.2026;GAS_BASE_M;GAS_BASE_M-11-26;137;136,5;136,5;138;141,5;8;29;2863080;557;
08.01.2026;GAS_BASE_M;GAS_BASE_M-12-26;140;141;139,5;141;143,8;8;28;2920200;534;
08.01.2026;GAS_BASE_Q;GAS_BASE_Q-1-27;139,5;139,25;138,5;139,5;142;10;36;10812272;399;
08.01.2026;GAS_BASE_Q;GAS_BASE_Q-2-26;131;131;131;131;134,15;3;11;3147144;7439;
08.01.2026;GAS_BASE_Q;GAS_BASE_Q-2-27;124;124;124;124;127,75;1;1;270816;5;
08.01.2026;GAS_BASE_Q;GAS_BASE_Q-3-26;131;131;131;131;133,5;10;46;13305408;6002;
08.01.2026;GAS_BASE_Q;GAS_BASE_Q-3-27;123,5;123,5;123,5;123,5;124,27;1;1;272688;1;
08.01.2026;GAS_BASE_Q;GAS_BASE_Q-4-26;137,5;136,75;136;137,5;140,13;12;38;11474098;7784;
08.01.2026;GAS_BASE_S;GAS_BASE_S-S-26;131;131;131;131;133,82;1;5;2876760;65;
08.01.2026;GAS_BASE_S;GAS_BASE_S-S-27;0;0;0;0;126;0;0;0;7;
08.01.2026;GAS_BASE_S;GAS_BASE_S-W-26;138,45;138,45;138,45;138,45;141,05;4;20;12094992;511;
08.01.2026;GAS_BASE_S;GAS_BASE_S-W-27;0;0;0;0;134,55;0;0;0;0;
08.01.2026;GAS_BASE_W;GAS_BASE_W-03-26;158;157,25;157;158,15;161,6;40;520;13767642;3017;
08.01.2026;GAS_BASE_W;GAS_BASE_W-04-26;155;154;154;155;157,5;3;10;259224;10;
08.01.2026;GAS_BASE_W;GAS_BASE_W-05-26;0;0;0;0;144,4;0;0;0;0;
08.01.2026;GAS_BASE_W;GAS_BASE_W-06-26;0;0;0;0;144,4;0;0;0;0;
08.01.2026;GAS_BASE_Y;GAS_BASE_Y-27;129;128,8;128,75;129;131,45;18;42;47398608;3544;
08.01.2026;GAS_BASE_Y;GAS_BASE_Y-28;0;0;0;0;126,25;0;0;0;131;
08.01.2026;GAS_BASE_Y;GAS_BASE_Y-29;120,6;120,6;120,6;120,6;120,75;2;10;10564560;11;
08.01.2026;GAS_BASE_Y;GAS_BASE_Y-30;120,5;120,5;120,5;120,5;116,41;1;5;5277900;5;
08.01.2026;GAS_RDB;GAS_RDB_08-01-26;161,25;164,75;159,7;164,95;0;153;42524;6860258,87;31763;
08.01.2026;GAS_WEEKEND;GAS_WEEKEND_02-26;158;157,3;157;158;0;21;1058;7998916,8;1025;
08.01.2026;GLW_BASE;GLW_BASE_09-01-26;0;0;0;0;0;0;0;0;0;
08.01.2026;GLW_RDB;GLW_RDB_08-01-26;0;0;0;0;0;0;0;0;0;
08.01.2026;KUK_A_WMA-03;KUK_A_WMA-03;0;0;0;0;0;0;0;0;0;
08.01.2026;OFFPEAK;OFFPEAK_09-01-26;0;0;0;0;0;0;0;0;0;
08.01.2026;OFFPEAK;OFFPEAK_10-01-26;0;0;0;0;0;0;0;0;0;
08.01.2026;OFFPEAK_M;OFFPEAK_M-02-26;0;0;0;0;422,74;0;0;0;0;
08.01.2026;OFFPEAK_M;OFFPEAK_M-03-26;0;0;0;0;397,83;0;0;0;0;
08.01.2026;OFFPEAK_M;OFFPEAK_M-04-26;0;0;0;0;387,39;0;0;0;0;
08.01.2026;OFFPEAK_M;OFFPEAK_M-05-26;0;0;0;0;393,59;0;0;0;0;
08.01.2026;OFFPEAK_M;OFFPEAK_M-06-26;0;0;0;0;441,72;0;0;0;0;
08.01.2026;OFFPEAK_M;OFFPEAK_M-07-26;0;0;0;0;420,02;0;0;0;0;
08.01.2026;OFFPEAK_Q;OFFPEAK_Q-1-27;0;0;0;0;409,01;0;0;0;0;
08.01.2026;OFFPEAK_Q;OFFPEAK_Q-2-26;0;0;0;0;407,13;0;0;0;0;
08.01.2026;OFFPEAK_Q;OFFPEAK_Q-2-27;0;0;0;0;401,23;0;0;0;0;
08.01.2026;OFFPEAK_Q;OFFPEAK_Q-3-26;0;0;0;0;422,46;0;0;0;0;
08.01.2026;OFFPEAK_Q;OFFPEAK_Q-3-27;0;0;0;0;413,99;0;0;0;0;
08.01.2026;OFFPEAK_Q;OFFPEAK_Q-4-26;0;0;0;0;386,3;0;0;0;0;
08.01.2026;OFFPEAK_W;OFFPEAK_W-03-26;0;0;0;0;490,62;0;0;0;0;
08.01.2026;OFFPEAK_W;OFFPEAK_W-04-26;0;0;0;0;379,89;0;0;0;0;
08.01.2026;OFFPEAK_W;OFFPEAK_W-05-26;0;0;0;0;400,59;0;0;0;0;
08.01.2026;OFFPEAK_W;OFFPEAK_W-06-26;0;0;0;0;422,74;0;0;0;0;
08.01.2026;OFFPEAK_W;OFFPEAK_W-07-26;0;0;0;0;422,74;0;0;0;0;
08.01.2026;OFFPEAK_Y;OFFPEAK_Y-27;0;0;0;0;393,4;0;0;0;0;
08.01.2026;OFFPEAK_Y;OFFPEAK_Y-28;0;0;0;0;390,55;0;0;0;0;
08.01.2026;OFFPEAK_Y;OFFPEAK_Y-29;0;0;0;0;427,43;0;0;0;0;
08.01.2026;OFFPEAK_Y;OFFPEAK_Y-30;0;0;0;0;393,83;0;0;0;0;
08.01.2026;OFFP_WEEKEND;OFFP_WEEKEND_02-26;0;0;0;0;0;0;0;0;0;
08.01.2026;PEAK;PEAK_09-01-26;0;0;0;0;0;0;0;0;0;
08.01.2026;PEAK;PEAK_10-01-26;0;0;0;0;0;0;0;0;0;
08.01.2026;PEAK5_M;PEAK5_M-02-26;620;619,5;619;620;620;11;26;4832010;110;
08.01.2026;PEAK5_M;PEAK5_M-03-26;0;0;0;0;450;0;0;0;2;
08.01.2026;PEAK5_M;PEAK5_M-04-26;0;0;0;0;421,92;0;0;0;0;
08.01.2026;PEAK5_M;PEAK5_M-05-26;0;0;0;0;389,32;0;0;0;0;
08.01.2026;PEAK5_M;PEAK5_M-06-26;0;0;0;0;442,36;0;0;0;0;
08.01.2026;PEAK5_M;PEAK5_M-07-26;0;0;0;0;467,8;0;0;0;0;
08.01.2026;PEAK5_Q;PEAK5_Q-1-27;0;0;0;0;517,53;0;0;0;0;
08.01.2026;PEAK5_Q;PEAK5_Q-2-26;0;0;0;0;418,33;0;0;0;25;
08.01.2026;PEAK5_Q;PEAK5_Q-2-27;0;0;0;0;415,53;0;0;0;0;
08.01.2026;PEAK5_Q;PEAK5_Q-3-26;0;0;0;0;472,29;0;0;0;0;
08.01.2026;PEAK5_Q;PEAK5_Q-3-27;0;0;0;0;445,4;0;0;0;0;
08.01.2026;PEAK5_Q;PEAK5_Q-4-26;0;0;0;0;573,37;0;0;0;7;
08.01.2026;PEAK5_W;PEAK5_W-03-26;720;720;720;720;718,38;1;5;270000;5;
08.01.2026;PEAK5_W;PEAK5_W-04-26;0;0;0;0;718,38;0;0;0;0;
08.01.2026;PEAK5_W;PEAK5_W-05-26;0;0;0;0;669,19;0;0;0;0;
08.01.2026;PEAK5_W;PEAK5_W-06-26;0;0;0;0;620;0;0;0;0;
08.01.2026;PEAK5_W;PEAK5_W-07-26;0;0;0;0;620;0;0;0;0;
08.01.2026;PEAK5_Y;PEAK5_Y-27;0;0;0;0;482,5;0;0;0;134;
08.01.2026;PEAK5_Y;PEAK5_Y-28;0;0;0;0;478,5;0;0;0;0;
08.01.2026;PEAK5_Y;PEAK5_Y-29;0;0;0;0;470;0;0;0;0;
08.01.2026;PEAK5_Y;PEAK5_Y-30;0;0;0;0;490,25;0;0;0;0;
08.01.2026;PEAK_WEEKEND;PEAK_WEEKEND_02-26;0;0;0;0;0;0;0;0;0;
08.01.2026;PMBG;PMBG;0;0;0;0;0;0;0;0;0;
08.01.2026;PMEF-2025;PMEF-2025;0;0;0;0;0;0;0;0;0;
08.01.2026;PMEF-2026;PMEF-2026;0;0;0;0;0;0;0;0;0;
08.01.2026;PMEF_F;PMEF_F;2327,02;2327,01;2327,01;2330;0;57;3804805;8854907962;78624386;
08.01.2026;PMOZE;PMOZE;0;0;0;0;0;0;0;0;0;
08.01.2026;PMOZE_A;PMOZE_A;27,25;26,7;26,7;27,25;0;82;50182391;1361063025;8997511107;
08.01.2026;PMOZE-BIO;PMOZE-BIO;300;300,06;292;300,4;0;35;7150151;2143524540;509642634;
08.01.2026;PSZ_B_DLS-01;PSZ_B_DLS-01;0;0;0;0;0;0;0;0;0;
08.01.2026;PSZ_B_KUJ-01;PSZ_B_KUJ-01;0;0;0;0;0;0;0;0;0;
08.01.2026;PSZ_B_KUJ-02;PSZ_B_KUJ-02;0;0;0;0;0;0;0;0;0;
08.01.2026;PSZ_B_LBL-01;PSZ_B_LBL-01;0;0;0;0;0;0;0;0;0;
08.01.2026;PSZ_B_LBL-02;PSZ_B_LBL-02;0;0;0;0;0;0;0;0;0;
08.01.2026;PSZ_B_LBL-03;PSZ_B_LBL-03;0;0;0;0;0;0;0;0;0;
08.01.2026;PSZ_B_LBL-04;PSZ_B_LBL-04;0;0;0;0;0;0;0;0;0;
08.01.2026;PSZ_B_LBL-05;PSZ_B_LBL-05;0;0;0;0;0;0;0;0;0;
08.01.2026;PSZ_B_LBL-06;PSZ_B_LBL-06;0;0;0;0;0;0;0;0;0;
08.01.2026;PSZ_B_LBL-07;PSZ_B_LBL-07;0;0;0;0;0;0;0;0;0;
08.01.2026;PSZ_B_LBU-01;PSZ_B_LBU-01;0;0;0;0;0;0;0;0;0;
08.01.2026;PSZ_B_LBU-02;PSZ_B_LBU-02;0;0;0;0;0;0;0;0;0;
08.01.2026;PSZ_B_MAZ-01;PSZ_B_MAZ-01;0;0;0;0;0;0;0;0;0;
08.01.2026;PSZ_B_MAZ-02;PSZ_B_MAZ-02;0;0;0;0;0;0;0;0;0;
08.01.2026;PSZ_B_MAZ-03;PSZ_B_MAZ-03;0;0;0;0;0;0;0;0;0;
08.01.2026;PSZ_B_OPO-01;PSZ_B_OPO-01;0;0;0;0;0;0;0;0;0;
08.01.2026;PSZ_B_OPO-02;PSZ_B_OPO-02;0;0;0;0;0;0;0;0;0;
08.01.2026;PSZ_B_PDK-01;PSZ_B_PDK-01;0;0;0;0;0;0;0;0;0;
08.01.2026;PSZ_B_PDL-01;PSZ_B_PDL-01;0;0;0;0;0;0;0;0;0;
08.01.2026;PSZ_B_POM-01;PSZ_B_POM-01;0;0;0;0;0;0;0;0;0;
08.01.2026;PSZ_B_POM-02;PSZ_B_POM-02;0;0;0;0;0;0;0;0;0;
08.01.2026;PSZ_B_WLK-01;PSZ_B_WLK-01;0;0;0;0;0;0;0;0;0;
08.01.2026;PSZ_B_WLK-02;PSZ_B_WLK-02;0;0;0;0;0;0;0;0;0;
08.01.2026;PSZ_B_WLK-03;PSZ_B_WLK-03;0;0;0;0;0;0;0;0;0;
08.01.2026;PSZ_B_WLK-04;PSZ_B_WLK-04;0;0;0;0;0;0;0;0;0;
08.01.2026;PSZ_B_WMA-01;PSZ_B_WMA-01;0;0;0;0;0;0;0;0;0;
08.01.2026;PSZ_B_WMA-02;PSZ_B_WMA-02;0;0;0;0;0;0;0;0;0;
08.01.2026;PSZ_B_WMA-03;PSZ_B_WMA-03;0;0;0;0;0;0;0;0;0;
08.01.2026;PSZ_B_WMA-04;PSZ_B_WMA-04;0;0;0;0;0;0;0;0;0;
08.01.2026;PSZ_B_WMA-05;PSZ_B_WMA-05;0;0;0;0;0;0;0;0;0;
08.01.2026;PSZ_B_WMA-06;PSZ_B_WMA-06;0;0;0;0;0;0;0;0;0;
08.01.2026;PSZ_B_ZPO-01;PSZ_B_ZPO-01;0;0;0;0;0;0;0;0;0;
08.01.2026;PSZ_B_ZPO-02;PSZ_B_ZPO-02;0;0;0;0;0;0;0;0;0;
08.01.2026;PSZ_C_DLS-01;PSZ_C_DLS-01;0;0;0;0;0;0;0;0;0;
08.01.2026;PSZ_C_KUJ-01;PSZ_C_KUJ-01;0;0;0;0;0;0;0;0;0;
08.01.2026;PSZ_C_KUJ-02;PSZ_C_KUJ-02;0;0;0;0;0;0;0;0;0;
08.01.2026;PSZ_C_LBL-01;PSZ_C_LBL-01;0;0;0;0;0;0;0;0;0;
08.01.2026;PSZ_C_LBL-02;PSZ_C_LBL-02;0;0;0;0;0;0;0;0;0;
08.01.2026;PSZ_C_LBL-03;PSZ_C_LBL-03;0;0;0;0;0;0;0;0;0;
08.01.2026;PSZ_C_LBL-04;PSZ_C_LBL-04;0;0;0;0;0;0;0;0;0;
08.01.2026;PSZ_C_LBL-05;PSZ_C_LBL-05;0;0;0;0;0;0;0;0;0;
08.01.2026;PSZ_C_LBL-06;PSZ_C_LBL-06;0;0;0;0;0;0;0;0;0;
08.01.2026;PSZ_C_LBL-07;PSZ_C_LBL-07;0;0;0;0;0;0;0;0;0;
08.01.2026;PSZ_C_LBU-01;PSZ_C_LBU-01;0;0;0;0;0;0;0;0;0;
08.01.2026;PSZ_C_LBU-02;PSZ_C_LBU-02;0;0;0;0;0;0;0;0;0;
08.01.2026;PSZ_C_MAZ-01;PSZ_C_MAZ-01;0;0;0;0;0;0;0;0;0;
08.01.2026;PSZ_C_MAZ-02;PSZ_C_MAZ-02;0;0;0;0;0;0;0;0;0;
08.01.2026;PSZ_C_MAZ-03;PSZ_C_MAZ-03;0;0;0;0;0;0;0;0;0;
08.01.2026;PSZ_C_OPO-01;PSZ_C_OPO-01;0;0;0;0;0;0;0;0;0;
08.01.2026;PSZ_C_OPO-02;PSZ_C_OPO-02;0;0;0;0;0;0;0;0;0;
08.01.2026;PSZ_C_PDK-01;PSZ_C_PDK-01;0;0;0;0;0;0;0;0;0;
08.01.2026;PSZ_C_PDL-01;PSZ_C_PDL-01;0;0;0;0;0;0;0;0;0;
08.01.2026;PSZ_C_POM-01;PSZ_C_POM-01;0;0;0;0;0;0;0;0;0;
08.01.2026;PSZ_C_POM-02;PSZ_C_POM-02;0;0;0;0;0;0;0;0;0;
08.01.2026;PSZ_C_WLK-01;PSZ_C_WLK-01;0;0;0;0;0;0;0;0;0;
08.01.2026;PSZ_C_WLK-02;PSZ_C_WLK-02;0;0;0;0;0;0;0;0;0;
08.01.2026;PSZ_C_WLK-03;PSZ_C_WLK-03;0;0;0;0;0;0;0;0;0;
08.01.2026;PSZ_C_WLK-04;PSZ_C_WLK-04;0;0;0;0;0;0;0;0;0;
08.01.2026;PSZ_C_WMA-01;PSZ_C_WMA-01;0;0;0;0;0;0;0;0;0;
08.01.2026;PSZ_C_WMA-02;PSZ_C_WMA-02;0;0;0;0;0;0;0;0;0;
08.01.2026;PSZ_C_WMA-03;PSZ_C_WMA-03;0;0;0;0;0;0;0;0;0;
08.01.2026;PSZ_C_WMA-04;PSZ_C_WMA-04;0;0;0;0;0;0;0;0;0;
08.01.2026;PSZ_C_WMA-05;PSZ_C_WMA-05;0;0;0;0;0;0;0;0;0;
08.01.2026;PSZ_C_WMA-06;PSZ_C_WMA-06;0;0;0;0;0;0;0;0;0;
08.01.2026;PSZ_C_ZPO-01;PSZ_C_ZPO-01;0;0;0;0;0;0;0;0;0;
08.01.2026;PSZ_C_ZPO-02;PSZ_C_ZPO-02;0;0;0;0;0;0;0;0;0;
08.01.2026;RDN-1;RDN_09-01-26_H01;478;454,15;454,15;478;0;128;2373,5;1134437,6;1944,5;
08.01.2026;RDN-1;RDN_09-01-26_H02;476,99;446,01;446,01;476,99;0;136;2670,9;1273868,671;2042,5;
08.01.2026;RDN-1;RDN_09-01-26_H03;467,61;425,96;425,96;467,61;0;139;2536,3;1185832,643;1913;
08.01.2026;RDN-1;RDN_09-01-26_H04;467,37;467,37;467,37;467,37;0;136;2566,6;1199551,842;2070,3;
08.01.2026;RDN-1;RDN_09-01-26_H05;464,41;420;420;464,41;0;125;2356,7;1094208,587;1884,2;
08.01.2026;RDN-1;RDN_09-01-26_H06;473,5;430;430;473,5;0;125;2546,6;1205554,1;2124,2;
08.01.2026;RDN-1;RDN_09-01-26_H07;586;586;586;586;0;142;3415,7;2001600,2;2800,5;
08.01.2026;RDN-1;RDN_09-01-26_H08;800;824;800;824;0;189;3066,2;2453320;2381,6;
08.01.2026;RDN-1;RDN_09-01-26_H09;859,89;859,89;859,89;859,89;0;176;3072,2;2641754,058;2437,5;
08.01.2026;RDN-1;RDN_09-01-26_H10;789,89;779;779;789,89;0;170;3072,7;2426986,103;2512,7;
08.01.2026;RDN-1;RDN_09-01-26_H11;611,1;611,1;611,1;611,1;0;137;2693,5;1645997,85;2263;
08.01.2026;RDN-1;RDN_09-01-26_H12;692,53;682;682;692,53;0;155;2995,3;2074229,809;2379,7;
08.01.2026;RDN-1;RDN_09-01-26_H13;685,26;674;674;685,26;0;143;2858,1;1958326,406;2449;
08.01.2026;RDN-1;RDN_09-01-26_H14;684,76;674;674;684,76;0;133;2793,3;1912632,508;2453,8;
08.01.2026;RDN-1;RDN_09-01-26_H15;633,7;633,7;633,7;633,7;0;139;2875,3;1822077,61;2549,2;
08.01.2026;RDN-1;RDN_09-01-26_H16;682,93;682,93;682,93;682,93;0;148;3019,6;2062175,428;2645,9;
08.01.2026;RDN-1;RDN_09-01-26_H17;672,25;672,25;672,25;672,25;0;140;3193,4;2146763,15;2874,6;
08.01.2026;RDN-1;RDN_09-01-26_H18;651;651;651;651;0;145;3258,7;2121413,7;2979,8;
08.01.2026;RDN-1;RDN_09-01-26_H19;650;610;610;650;0;141;3400,6;2209590;3012,4;
08.01.2026;RDN-1;RDN_09-01-26_H20;624,6;624,6;624,6;624,6;0;137;3213,4;2007089,64;2770,1;
08.01.2026;RDN-1;RDN_09-01-26_H21;542,44;542,44;542,44;542,44;0;138;3146,2;1706624,728;2657,5;
08.01.2026;RDN-1;RDN_09-01-26_H22;469,99;445;445;469,99;0;133;2999,5;1409465,225;2743,6;
08.01.2026;RDN-1;RDN_09-01-26_H23;472;450;450;472;0;139;3255,9;1536608,8;2919,6;
08.01.2026;RDN-1;RDN_09-01-26_H24;460;441;441;460;0;146;3096,9;1424460;2797,9;
08.01.2026;RZP_A_LBL-01;RZP_A_LBL-01;0;0;0;0;0;0;0;0;0;
08.01.2026;SGT_BASE;SGT_BASE_09-01-26;0;0;0;0;0;0;0;0;0;
08.01.2026;SGT_RDB;SGT_RDB_08-01-26;0;0;0;0;0;0;0;0;0;
08.01.2026;ZTO_B_KUJ-02;ZTO_B_KUJ-02;0;0;0;0;0;0;0;0;0;
08.01.2026;ZTO_B_LBL-01;ZTO_B_LBL-01;0;0;0;0;0;0;0;0;0;
08.01.2026;ZTO_B_LBU-01;ZTO_B_LBU-01;0;0;0;0;0;0;0;0;0;
08.01.2026;ZTO_B_MAZ-01;ZTO_B_MAZ-01;0;0;0;0;0;0;0;0;0;
08.01.2026;ZTO_B_PDL-01;ZTO_B_PDL-01;0;0;0;0;0;0;0;0;0;
08.01.2026;ZTO_B_WLK-01;ZTO_B_WLK-01;0;0;0;0;0;0;0;0;0;
08.01.2026;ZTO_B_WLK-02;ZTO_B_WLK-02;0;0;0;0;0;0;0;0;0;
08.01.2026;ZTO_B_WMA-01;ZTO_B_WMA-01;0;0;0;0;0;0;0;0;0;
08.01.2026;ZTO_B_WMA-02;ZTO_B_WMA-02;0;0;0;0;0;0;0;0;0;
08.01.2026;ZTO_B_WMA-03;ZTO_B_WMA-03;0;0;0;0;0;0;0;0;0;
08.01.2026;ZTO_C_KUJ-02;ZTO_C_KUJ-02;0;0;0;0;0;0;0;0;0;
08.01.2026;ZTO_C_LBL-01;ZTO_C_LBL-01;0;0;0;0;0;0;0;0;0;
08.01.2026;ZTO_C_LBU-01;ZTO_C_LBU-01;0;0;0;0;0;0;0;0;0;
08.01.2026;ZTO_C_MAZ-01;ZTO_C_MAZ-01;0;0;0;0;0;0;0;0;0;
08.01.2026;ZTO_C_PDL-01;ZTO_C_PDL-01;0;0;0;0;0;0;0;0;0;
08.01.2026;ZTO_C_WLK-01;ZTO_C_WLK-01;0;0;0;0;0;0;0;0;0;
08.01.2026;ZTO_C_WLK-02;ZTO_C_WLK-02;0;0;0;0;0;0;0;0;0;
08.01.2026;ZTO_C_WMA-01;ZTO_C_WMA-01;0;0;0;0;0;0;0;0;0;
08.01.2026;ZTO_C_WMA-02;ZTO_C_WMA-02;0;0;0;0;0;0;0;0;0;
08.01.2026;ZTO_C_WMA-03;ZTO_C_WMA-03;0;0;0;0;0;0;0;0;0;
09.01.2026;BASE;BASE_10-01-26;520;548,47;510;565;0;43;324;4080448,8;234;
09.01.2026;BASE;BASE_11-01-26;0;0;0;0;0;0;0;0;0;
09.01.2026;BASE_M;BASE_M-02-26;510;513;510;514;506,5;19;20;6889680;335;
09.01.2026;BASE_M;BASE_M-03-26;424;424;422;424;420;16;20;6281024,8;120;
09.01.2026;BASE_M;BASE_M-04-26;0;0;0;0;400,5;0;0;0;2;
09.01.2026;BASE_M;BASE_M-05-26;0;0;0;0;388,18;0;0;0;0;
09.01.2026;BASE_M;BASE_M-06-26;0;0;0;0;437,5;0;0;0;0;
09.01.2026;BASE_M;BASE_M-07-26;0;0;0;0;439,39;0;0;0;0;
09.01.2026;BASE_Q;BASE_Q-1-27;0;0;0;0;445;0;0;0;0;
09.01.2026;BASE_Q;BASE_Q-2-26;411;413,5;410,5;413,5;408,5;8;10;8983884;360;
09.01.2026;BASE_Q;BASE_Q-2-27;0;0;0;0;405,87;0;0;0;0;
09.01.2026;BASE_Q;BASE_Q-3-26;442;444;442;444;442;6;6;5864448;262;
09.01.2026;BASE_Q;BASE_Q-3-27;0;0;0;0;426,44;0;0;0;0;
09.01.2026;BASE_Q;BASE_Q-4-26;466;468;466;468;466;10;10;10322657;474;
09.01.2026;BASE_W;BASE_W-03-26;598;620;592;620;590,25;67;231;23541218,4;507;
09.01.2026;BASE_W;BASE_W-04-26;544;570;544;570;536,4;38;88;8212512;117;
09.01.2026;BASE_W;BASE_W-05-26;0;0;0;0;506,5;0;0;0;0;
09.01.2026;BASE_W;BASE_W-06-26;0;0;0;0;506,5;0;0;0;0;
09.01.2026;BASE_W;BASE_W-07-26;0;0;0;0;506,5;0;0;0;0;
09.01.2026;BASE_WEEKEND;BASE_WEEKEND_02-26;0;0;0;0;0;0;0;0;0;
09.01.2026;BASE_Y;BASE_Y-27;431;431;431;431;430,36;2;2;7551120;637;
09.01.2026;BASE_Y;BASE_Y-28;0;0;0;0;425,05;0;0;0;120;
09.01.2026;BASE_Y;BASE_Y-29;0;0;0;0;441;0;0;0;0;
09.01.2026;BASE_Y;BASE_Y-30;0;0;0;0;432,67;0;0;0;0;
09.01.2026;GAS_BASE;GAS_BASE_10-01-26;159,5;159,95;159,3;160;0;75;3044;11654919,36;3039;
09.01.2026;GAS_BASE_M;GAS_BASE_M-01-27;142,85;142,85;142,85;142,85;139,73;2;2;212561;2;
09.01.2026;GAS_BASE_M;GAS_BASE_M-02-26;141,25;141;141;141,9;139,5;61;295;28073539,2;21676;
09.01.2026;GAS_BASE_M;GAS_BASE_M-03-26;138,1;137,5;137,5;138,45;135,9;14;53;5438945,75;18666;
09.01.2026;GAS_BASE_M;GAS_BASE_M-04-26;134,3;134;134;134,8;133,32;17;84;8135568;1162;
09.01.2026;GAS_BASE_M;GAS_BASE_M-05-26;132;132;132;132;130,21;1;3;294624;107;
09.01.2026;GAS_BASE_M;GAS_BASE_M-06-26;0;0;0;0;129,5;0;0;0;38;
09.01.2026;GAS_BASE_M;GAS_BASE_M-07-26;0;0;0;0;129,79;0;0;0;6;
09.01.2026;GAS_BASE_M;GAS_BASE_M-08-26;0;0;0;0;131,24;0;0;0;10;
09.01.2026;GAS_BASE_M;GAS_BASE_M-09-26;133;133;133;133;132;1;1;95760;192;
09.01.2026;GAS_BASE_M;GAS_BASE_M-10-26;135,6;134,9;134,9;135,6;133;2;2;201523;30;
09.01.2026;GAS_BASE_M;GAS_BASE_M-11-26;139;138,5;138,5;139;137,11;8;35;3497760;592;
09.01.2026;GAS_BASE_M;GAS_BASE_M-12-26;141,5;141,25;141,25;141,8;140,57;11;48;5054476;582;
09.01.2026;GAS_BASE_Q;GAS_BASE_Q-1-27;138,75;139,25;138,5;139,5;139,02;14;26;7804245;425;
09.01.2026;GAS_BASE_Q;GAS_BASE_Q-2-26;0;0;0;0;131;0;0;0;7439;
09.01.2026;GAS_BASE_Q;GAS_BASE_Q-2-27;0;0;0;0;123,45;0;0;0;5;
09.01.2026;GAS_BASE_Q;GAS_BASE_Q-3-26;132;131,25;131,25;132;131;11;47;13657584;6049;
09.01.2026;GAS_BASE_Q;GAS_BASE_Q-3-27;0;0;0;0;122,95;0;0;0;1;
09.01.2026;GAS_BASE_Q;GAS_BASE_Q-4-26;137,5;138;137,25;138;136,89;6;26;7889996;7810;
09.01.2026;GAS_BASE_S;GAS_BASE_S-S-26;0;0;0;0;131;0;0;0;65;
09.01.2026;GAS_BASE_S;GAS_BASE_S-S-27;0;0;0;0;123,2;0;0;0;7;
09.01.2026;GAS_BASE_S;GAS_BASE_S-W-26;138,25;138,6;138,1;138,6;137,94;4;20;12081888;531;
09.01.2026;GAS_BASE_S;GAS_BASE_S-W-27;0;0;0;0;137,36;0;0;0;0;
09.01.2026;GAS_BASE_W;GAS_BASE_W-03-26;155;155;155;155;157,25;1;5;130200;3037;
09.01.2026;GAS_BASE_W;GAS_BASE_W-04-26;154;153;153;154;154,33;5;25;645960;35;
09.01.2026;GAS_BASE_W;GAS_BASE_W-05-26;0;0;0;0;139,5;0;0;0;0;
09.01.2026;GAS_BASE_W;GAS_BASE_W-06-26;0;0;0;0;139,5;0;0;0;0;
09.01.2026;GAS_BASE_Y;GAS_BASE_Y-27;128,75;128,5;128,5;128,75;128,8;15;35;39411240;3579;
09.01.2026;GAS_BASE_Y;GAS_BASE_Y-28;124,25;124,25;124,25;124,25;124,05;1;1;1091412;132;
09.01.2026;GAS_BASE_Y;GAS_BASE_Y-29;0;0;0;0;120,1;0;0;0;11;
09.01.2026;GAS_BASE_Y;GAS_BASE_Y-30;0;0;0;0;120;0;0;0;5;
09.01.2026;GAS_RDB;GAS_RDB_09-01-26;159,25;158,4;157;159,25;0;128;25747;4068847,58;18432;
09.01.2026;GAS_WEEKEND;GAS_WEEKEND_02-26;159,75;160;159;160;0;114;6417;49097875,2;7268;
09.01.2026;GLW_BASE;GLW_BASE_10-01-26;0;0;0;0;0;0;0;0;0;
09.01.2026;GLW_RDB;GLW_RDB_09-01-26;0;0;0;0;0;0;0;0;0;
09.01.2026;KUK_A_WMA-03;KUK_A_WMA-03;0;0;0;0;0;0;0;0;0;
09.01.2026;OFFPEAK;OFFPEAK_10-01-26;0;0;0;0;0;0;0;0;0;
09.01.2026;OFFPEAK;OFFPEAK_11-01-26;0;0;0;0;0;0;0;0;0;
09.01.2026;OFFPEAK_M;OFFPEAK_M-02-26;0;0;0;0;415,38;0;0;0;0;
09.01.2026;OFFPEAK_M;OFFPEAK_M-03-26;0;0;0;0;400,82;0;0;0;0;
09.01.2026;OFFPEAK_M;OFFPEAK_M-04-26;0;0;0;0;378,24;0;0;0;0;
09.01.2026;OFFPEAK_M;OFFPEAK_M-05-26;0;0;0;0;371,28;0;0;0;0;
09.01.2026;OFFPEAK_M;OFFPEAK_M-06-26;0;0;0;0;447,41;0;0;0;0;
09.01.2026;OFFPEAK_M;OFFPEAK_M-07-26;0;0;0;0;421,07;0;0;0;0;
09.01.2026;OFFPEAK_Q;OFFPEAK_Q-1-27;0;0;0;0;389,68;0;0;0;0;
09.01.2026;OFFPEAK_Q;OFFPEAK_Q-2-26;0;0;0;0;398,12;0;0;0;0;
09.01.2026;OFFPEAK_Q;OFFPEAK_Q-2-27;0;0;0;0;396,86;0;0;0;0;
09.01.2026;OFFPEAK_Q;OFFPEAK_Q-3-26;0;0;0;0;423,31;0;0;0;0;
09.01.2026;OFFPEAK_Q;OFFPEAK_Q-3-27;0;0;0;0;409,16;0;0;0;0;
09.01.2026;OFFPEAK_Q;OFFPEAK_Q-4-26;0;0;0;0;386,06;0;0;0;0;
09.01.2026;OFFPEAK_W;OFFPEAK_W-03-26;0;0;0;0;485,61;0;0;0;0;
09.01.2026;OFFPEAK_W;OFFPEAK_W-04-26;0;0;0;0;460,92;0;0;0;0;
09.01.2026;OFFPEAK_W;OFFPEAK_W-05-26;0;0;0;0;406,9;0;0;0;0;
09.01.2026;OFFPEAK_W;OFFPEAK_W-06-26;0;0;0;0;415,38;0;0;0;0;
09.01.2026;OFFPEAK_W;OFFPEAK_W-07-26;0;0;0;0;415,38;0;0;0;0;
09.01.2026;OFFPEAK_Y;OFFPEAK_Y-27;0;0;0;0;388,59;0;0;0;0;
09.01.2026;OFFPEAK_Y;OFFPEAK_Y-28;0;0;0;0;392,94;0;0;0;0;
09.01.2026;OFFPEAK_Y;OFFPEAK_Y-29;0;0;0;0;416,54;0;0;0;0;
09.01.2026;OFFPEAK_Y;OFFPEAK_Y-30;0;0;0;0;386,57;0;0;0;0;
09.01.2026;OFFP_WEEKEND;OFFP_WEEKEND_02-26;0;0;0;0;0;0;0;0;0;
09.01.2026;PEAK;PEAK_10-01-26;0;0;0;0;0;0;0;0;0;
09.01.2026;PEAK;PEAK_11-01-26;0;0;0;0;0;0;0;0;0;
09.01.2026;PEAK5_M;PEAK5_M-02-26;623,5;626,25;623,5;626,25;619,49;8;18;3374175;124;
09.01.2026;PEAK5_M;PEAK5_M-03-26;0;0;0;0;444;0;0;0;2;
09.01.2026;PEAK5_M;PEAK5_M-04-26;0;0;0;0;429,12;0;0;0;0;
09.01.2026;PEAK5_M;PEAK5_M-05-26;0;0;0;0;413,18;0;0;0;0;
09.01.2026;PEAK5_M;PEAK5_M-06-26;0;0;0;0;424,75;0;0;0;0;
09.01.2026;PEAK5_M;PEAK5_M-07-26;0;0;0;0;460,58;0;0;0;0;
09.01.2026;PEAK5_Q;PEAK5_Q-1-27;0;0;0;0;520,21;0;0;0;0;
09.01.2026;PEAK5_Q;PEAK5_Q-2-26;428;428;428;428;422,5;1;1;398040;26;
09.01.2026;PEAK5_Q;PEAK5_Q-2-27;0;0;0;0;417,68;0;0;0;0;
09.01.2026;PEAK5_Q;PEAK5_Q-3-26;0;0;0;0;465;0;0;0;0;
09.01.2026;PEAK5_Q;PEAK5_Q-3-27;0;0;0;0;447,7;0;0;0;0;
09.01.2026;PEAK5_Q;PEAK5_Q-4-26;0;0;0;0;570;0;0;0;7;
09.01.2026;PEAK5_W;PEAK5_W-03-26;0;0;0;0;720;0;0;0;5;
09.01.2026;PEAK5_W;PEAK5_W-04-26;0;0;0;0;630;0;0;0;0;
09.01.2026;PEAK5_W;PEAK5_W-05-26;0;0;0;0;630;0;0;0;0;
09.01.2026;PEAK5_W;PEAK5_W-06-26;0;0;0;0;619,49;0;0;0;0;
09.01.2026;PEAK5_W;PEAK5_W-07-26;0;0;0;0;619,49;0;0;0;0;
09.01.2026;PEAK5_Y;PEAK5_Y-27;0;0;0;0;485;0;0;0;134;
09.01.2026;PEAK5_Y;PEAK5_Y-28;0;0;0;0;467,85;0;0;0;0;
09.01.2026;PEAK5_Y;PEAK5_Y-29;0;0;0;0;473,46;0;0;0;0;
09.01.2026;PEAK5_Y;PEAK5_Y-30;0;0;0;0;494,26;0;0;0;0;
09.01.2026;PEAK_WEEKEND;PEAK_WEEKEND_02-26;0;0;0;0;0;0;0;0;0;
09.01.2026;PSZ_B_DLS-01;PSZ_B_DLS-01;0;0;0;0;0;0;0;0;0;
09.01.2026;PSZ_B_KUJ-01;PSZ_B_KUJ-01;0;0;0;0;0;0;0;0;0;
09.01.2026;PSZ_B_KUJ-02;PSZ_B_KUJ-02;0;0;0;0;0;0;0;0;0;
09.01.2026;PSZ_B_LBL-01;PSZ_B_LBL-01;0;0;0;0;0;0;0;0;0;
09.01.2026;PSZ_B_LBL-02;PSZ_B_LBL-02;0;0;0;0;0;0;0;0;0;
09.01.2026;PSZ_B_LBL-03;PSZ_B_LBL-03;0;0;0;0;0;0;0;0;0;
09.01.2026;PSZ_B_LBL-04;PSZ_B_LBL-04;0;0;0;0;0;0;0;0;0;
09.01.2026;PSZ_B_LBL-05;PSZ_B_LBL-05;0;0;0;0;0;0;0;0;0;
09.01.2026;PSZ_B_LBL-06;PSZ_B_LBL-06;0;0;0;0;0;0;0;0;0;
09.01.2026;PSZ_B_LBL-07;PSZ_B_LBL-07;0;0;0;0;0;0;0;0;0;
09.01.2026;PSZ_B_LBU-01;PSZ_B_LBU-01;0;0;0;0;0;0;0;0;0;
09.01.2026;PSZ_B_LBU-02;PSZ_B_LBU-02;0;0;0;0;0;0;0;0;0;
09.01.2026;PSZ_B_MAZ-01;PSZ_B_MAZ-01;0;0;0;0;0;0;0;0;0;
09.01.2026;PSZ_B_MAZ-02;PSZ_B_MAZ-02;0;0;0;0;0;0;0;0;0;
09.01.2026;PSZ_B_MAZ-03;PSZ_B_MAZ-03;0;0;0;0;0;0;0;0;0;
09.01.2026;PSZ_B_OPO-01;PSZ_B_OPO-01;0;0;0;0;0;0;0;0;0;
09.01.2026;PSZ_B_OPO-02;PSZ_B_OPO-02;0;0;0;0;0;0;0;0;0;
09.01.2026;PSZ_B_PDK-01;PSZ_B_PDK-01;0;0;0;0;0;0;0;0;0;
09.01.2026;PSZ_B_PDL-01;PSZ_B_PDL-01;0;0;0;0;0;0;0;0;0;
09.01.2026;PSZ_B_POM-01;PSZ_B_POM-01;0;0;0;0;0;0;0;0;0;
09.01.2026;PSZ_B_POM-02;PSZ_B_POM-02;0;0;0;0;0;0;0;0;0;
09.01.2026;PSZ_B_WLK-01;PSZ_B_WLK-01;0;0;0;0;0;0;0;0;0;
09.01.2026;PSZ_B_WLK-02;PSZ_B_WLK-02;0;0;0;0;0;0;0;0;0;
09.01.2026;PSZ_B_WLK-03;PSZ_B_WLK-03;0;0;0;0;0;0;0;0;0;
09.01.2026;PSZ_B_WLK-04;PSZ_B_WLK-04;0;0;0;0;0;0;0;0;0;
09.01.2026;PSZ_B_WMA-01;PSZ_B_WMA-01;0;0;0;0;0;0;0;0;0;
09.01.2026;PSZ_B_WMA-02;PSZ_B_WMA-02;0;0;0;0;0;0;0;0;0;
09.01.2026;PSZ_B_WMA-03;PSZ_B_WMA-03;0;0;0;0;0;0;0;0;0;
09.01.2026;PSZ_B_WMA-04;PSZ_B_WMA-04;0;0;0;0;0;0;0;0;0;
09.01.2026;PSZ_B_WMA-05;PSZ_B_WMA-05;0;0;0;0;0;0;0;0;0;
09.01.2026;PSZ_B_WMA-06;PSZ_B_WMA-06;0;0;0;0;0;0;0;0;0;
09.01.2026;PSZ_B_ZPO-01;PSZ_B_ZPO-01;0;0;0;0;0;0;0;0;0;
09.01.2026;PSZ_B_ZPO-02;PSZ_B_ZPO-02;0;0;0;0;0;0;0;0;0;
09.01.2026;PSZ_C_DLS-01;PSZ_C_DLS-01;0;0;0;0;0;0;0;0;0;
09.01.2026;PSZ_C_KUJ-01;PSZ_C_KUJ-01;0;0;0;0;0;0;0;0;0;
09.01.2026;PSZ_C_KUJ-02;PSZ_C_KUJ-02;0;0;0;0;0;0;0;0;0;
09.01.2026;PSZ_C_LBL-01;PSZ_C_LBL-01;0;0;0;0;0;0;0;0;0;
09.01.2026;PSZ_C_LBL-02;PSZ_C_LBL-02;0;0;0;0;0;0;0;0;0;
09.01.2026;PSZ_C_LBL-03;PSZ_C_LBL-03;0;0;0;0;0;0;0;0;0;
09.01.2026;PSZ_C_LBL-04;PSZ_C_LBL-04;0;0;0;0;0;0;0;0;0;
09.01.2026;PSZ_C_LBL-05;PSZ_C_LBL-05;0;0;0;0;0;0;0;0;0;
09.01.2026;PSZ_C_LBL-06;PSZ_C_LBL-06;0;0;0;0;0;0;0;0;0;
09.01.2026;PSZ_C_LBL-07;PSZ_C_LBL-07;0;0;0;0;0;0;0;0;0;
09.01.2026;PSZ_C_LBU-01;PSZ_C_LBU-01;0;0;0;0;0;0;0;0;0;
09.01.2026;PSZ_C_LBU-02;PSZ_C_LBU-02;0;0;0;0;0;0;0;0;0;
09.01.2026;PSZ_C_MAZ-01;PSZ_C_MAZ-01;0;0;0;0;0;0;0;0;0;
09.01.2026;PSZ_C_MAZ-02;PSZ_C_MAZ-02;0;0;0;0;0;0;0;0;0;
09.01.2026;PSZ_C_MAZ-03;PSZ_C_MAZ-03;0;0;0;0;0;0;0;0;0;
09.01.2026;PSZ_C_OPO-01;PSZ_C_OPO-01;0;0;0;0;0;0;0;0;0;
09.01.2026;PSZ_C_OPO-02;PSZ_C_OPO-02;0;0;0;0;0;0;0;0;0;
09.01.2026;PSZ_C_PDK-01;PSZ_C_PDK-01;0;0;0;0;0;0;0;0;0;
09.01.2026;PSZ_C_PDL-01;PSZ_C_PDL-01;0;0;0;0;0;0;0;0;0;
09.01.2026;PSZ_C_POM-01;PSZ_C_POM-01;0;0;0;0;0;0;0;0;0;
09.01.2026;PSZ_C_POM-02;PSZ_C_POM-02;0;0;0;0;0;0;0;0;0;
09.01.2026;PSZ_C_WLK-01;PSZ_C_WLK-01;0;0;0;0;0;0;0;0;0;
09.01.2026;PSZ_C_WLK-02;PSZ_C_WLK-02;0;0;0;0;0;0;0;0;0;
09.01.2026;PSZ_C_WLK-03;PSZ_C_WLK-03;0;0;0;0;0;0;0;0;0;
09.01.2026;PSZ_C_WLK-04;PSZ_C_WLK-04;0;0;0;0;0;0;0;0;0;
09.01.2026;PSZ_C_WMA-01;PSZ_C_WMA-01;0;0;0;0;0;0;0;0;0;
09.01.2026;PSZ_C_WMA-02;PSZ_C_WMA-02;0;0;0;0;0;0;0;0;0;
09.01.2026;PSZ_C_WMA-03;PSZ_C_WMA-03;0;0;0;0;0;0;0;0;0;
09.01.2026;PSZ_C_WMA-04;PSZ_C_WMA-04;0;0;0;0;0;0;0;0;0;
09.01.2026;PSZ_C_WMA-05;PSZ_C_WMA-05;0;0;0;0;0;0;0;0;0;
09.01.2026;PSZ_C_WMA-06;PSZ_C_WMA-06;0;0;0;0;0;0;0;0;0;
09.01.2026;PSZ_C_ZPO-01;PSZ_C_ZPO-01;0;0;0;0;0;0;0;0;0;
09.01.2026;PSZ_C_ZPO-02;PSZ_C_ZPO-02;0;0;0;0;0;0;0;0;0;
09.01.2026;RDN-1;RDN_10-01-26_H01;560;551;550;560;0;149;2702;1513025;2140,6;
09.01.2026;RDN-1;RDN_10-01-26_H02;560;551;550;560;0;151;2705,2;1514817;2134,3;
09.01.2026;RDN-1;RDN_10-01-26_H03;552,5;545;545;552,5;0;152;2623;1449136,5;2102;
09.01.2026;RDN-1;RDN_10-01-26_H04;554,5;552,5;544;554,5;0;150;2684,1;1488206,15;2093,3;
09.01.2026;RDN-1;RDN_10-01-26_H05;552,5;550,5;540;552,5;0;156;2590,4;1431049,5;2006,2;
09.01.2026;RDN-1;RDN_10-01-26_H06;600;600;590;600;0;162;2780,8;1668180;2133,1;
09.01.2026;RDN-1;RDN_10-01-26_H07;592,11;550;550;592,11;0;159;3111,5;1842223,935;2495,4;
09.01.2026;RDN-1;RDN_10-01-26_H08;599,04;550;550;599,04;0;161;3210,5;1923070,8;2718,8;
09.01.2026;RDN-1;RDN_10-01-26_H09;659;600;600;659;0;175;3581,8;2360229,2;3074,6;
09.01.2026;RDN-1;RDN_10-01-26_H10;739,58;650;650;739,58;0;166;3963,2;2930834,716;3413;
09.01.2026;RDN-1;RDN_10-01-26_H11;620;750;600;750;0;168;3896,8;2416996;3312,6;
09.01.2026;RDN-1;RDN_10-01-26_H12;590;540;540;590;0;159;3793,2;2237838;3264,9;
09.01.2026;RDN-1;RDN_10-01-26_H13;566,6;510;510;569;0;150;3693,1;2092400,66;3243,7;
09.01.2026;RDN-1;RDN_10-01-26_H14;552,01;500;500;552,01;0;160;3921,6;2164606,386;3471,8;
09.01.2026;RDN-1;RDN_10-01-26_H15;541,5;490;490;541,5;0;162;3952,2;2139961,8;3516,9;
09.01.2026;RDN-1;RDN_10-01-26_H16;559;490;490;559;0;149;3795,6;2121533,4;3353,2;
09.01.2026;RDN-1;RDN_10-01-26_H17;607,82;550;550;607,82;0;156;3953,8;2403025,256;3501,5;
09.01.2026;RDN-1;RDN_10-01-26_H18;595,72;595,72;570;595,72;0;162;4147,1;2470433,252;3629,6;
09.01.2026;RDN-1;RDN_10-01-26_H19;577,77;580;540;580;0;165;4156,7;2401536,699;3521,2;
09.01.2026;RDN-1;RDN_10-01-26_H20;552,82;552,82;552,82;552,82;0;157;4187,1;2314712,622;3600,7;
09.01.2026;RDN-1;RDN_10-01-26_H21;517,37;500;500;517,37;0;147;3845;1989235,54;3229,6;
09.01.2026;RDN-1;RDN_10-01-26_H22;493,27;493,27;493,27;493,27;0;144;3512;1732364,24;2899,7;
09.01.2026;RDN-1;RDN_10-01-26_H23;467,96;464,96;464,96;467,96;0;147;3398,2;1590071,672;2777,9;
09.01.2026;RDN-1;RDN_10-01-26_H24;432,26;432,26;429,26;432,26;0;143;2957,9;1278431,854;2328,6;
09.01.2026;RZP_A_LBL-01;RZP_A_LBL-01;0;0;0;0;0;0;0;0;0;
09.01.2026;SGT_BASE;SGT_BASE_10-01-26;0;0;0;0;0;0;0;0;0;
09.01.2026;SGT_RDB;SGT_RDB_09-01-26;0;0;0;0;0;0;0;0;0;
09.01.2026;ZTO_B_KUJ-02;ZTO_B_KUJ-02;0;0;0;0;0;0;0;0;0;
09.01.2026;ZTO_B_LBL-01;ZTO_B_LBL-01;0;0;0;0;0;0;0;0;0;
09.01.2026;ZTO_B_LBU-01;ZTO_B_LBU-01;0;0;0;0;0;0;0;0;0;
09.01.2026;ZTO_B_MAZ-01;ZTO_B_MAZ-01;0;0;0;0;0;0;0;0;0;
09.01.2026;ZTO_B_PDL-01;ZTO_B_PDL-01;0;0;0;0;0;0;0;0;0;
09.01.2026;ZTO_B_WLK-01;ZTO_B_WLK-01;0;0;0;0;0;0;0;0;0;
09.01.2026;ZTO_B_WLK-02;ZTO_B_WLK-02;0;0;0;0;0;0;0;0;0;
09.01.2026;ZTO_B_WMA-01;ZTO_B_WMA-01;0;0;0;0;0;0;0;0;0;
09.01.2026;ZTO_B_WMA-02;ZTO_B_WMA-02;0;0;0;0;0;0;0;0;0;
09.01.2026;ZTO_B_WMA-03;ZTO_B_WMA-03;0;0;0;0;0;0;0;0;0;
09.01.2026;ZTO_C_KUJ-02;ZTO_C_KUJ-02;0;0;0;0;0;0;0;0;0;
09.01.2026;ZTO_C_LBL-01;ZTO_C_LBL-01;0;0;0;0;0;0;0;0;0;
09.01.2026;ZTO_C_LBU-01;ZTO_C_LBU-01;0;0;0;0;0;0;0;0;0;
09.01.2026;ZTO_C_MAZ-01;ZTO_C_MAZ-01;0;0;0;0;0;0;0;0;0;
09.01.2026;ZTO_C_PDL-01;ZTO_C_PDL-01;0;0;0;0;0;0;0;0;0;
09.01.2026;ZTO_C_WLK-01;ZTO_C_WLK-01;0;0;0;0;0;0;0;0;0;
09.01.2026;ZTO_C_WLK-02;ZTO_C_WLK-02;0;0;0;0;0;0;0;0;0;
09.01.2026;ZTO_C_WMA-01;ZTO_C_WMA-01;0;0;0;0;0;0;0;0;0;
09.01.2026;ZTO_C_WMA-02;ZTO_C_WMA-02;0;0;0;0;0;0;0;0;0;
09.01.2026;ZTO_C_WMA-03;ZTO_C_WMA-03;0;0;0;0;0;0;0;0;0;
10.01.2026;BASE;BASE_11-01-26;420;426;420;434;0;21;114;1164672;69;
10.01.2026;BASE;BASE_12-01-26;0;0;0;0;0;0;0;0;0;
10.01.2026;GAS_BASE;GAS_BASE_11-01-26;161,25;160;159,5;161,25;0;45;1200;4605788,4;1092;
10.01.2026;GAS_RDB;GAS_RDB_10-01-26;159,8;157,9;156;159,8;0;103;28702;4554270,95;25829;
10.01.2026;GLW_BASE;GLW_BASE_11-01-26;0;0;0;0;0;0;0;0;0;
10.01.2026;GLW_RDB;GLW_RDB_10-01-26;0;0;0;0;0;0;0;0;0;
10.01.2026;OFFPEAK;OFFPEAK_11-01-26;0;0;0;0;0;0;0;0;0;
10.01.2026;OFFPEAK;OFFPEAK_12-01-26;0;0;0;0;0;0;0;0;0;
10.01.2026;PEAK;PEAK_11-01-26;0;0;0;0;0;0;0;0;0;
10.01.2026;PEAK;PEAK_12-01-26;0;0;0;0;0;0;0;0;0;
10.01.2026;RDN-1;RDN_11-01-26_H01;400;400;400;400;0;171;3124,6;1249840;2582,1;
10.01.2026;RDN-1;RDN_11-01-26_H02;381;391;381;391;0;170;3177;1210483;2762,3;
10.01.2026;RDN-1;RDN_11-01-26_H03;370;370;370;370;0;161;3178,9;1176193;2732,1;
10.01.2026;RDN-1;RDN_11-01-26_H04;353;353;353;353;0;165;3242,3;1144531,9;2781,1;
10.01.2026;RDN-1;RDN_11-01-26_H05;350;350;350;350;0;166;3343,6;1170260;2892,7;
10.01.2026;RDN-1;RDN_11-01-26_H06;340;340;340;340;0;169;3380,3;1149302;2909,6;
10.01.2026;RDN-1;RDN_11-01-26_H07;350;350;350;350;0;172;3219,8;1126930;2754,3;
10.01.2026;RDN-1;RDN_11-01-26_H08;379,1;379,1;379,1;379,1;0;192;3528,1;1337502,71;3064,8;
10.01.2026;RDN-1;RDN_11-01-26_H09;432;432;432;432;0;183;3542,4;1530316,8;2993,4;
10.01.2026;RDN-1;RDN_11-01-26_H10;438;438;438;438;0;189;4035,6;1767592,8;3542,4;
10.01.2026;RDN-1;RDN_11-01-26_H11;436,19;436,19;436,19;436,19;0;174;4038,8;1761684,172;3569,7;
10.01.2026;RDN-1;RDN_11-01-26_H12;422;422;422;422;0;173;4006,1;1690574,2;3565,4;
10.01.2026;RDN-1;RDN_11-01-26_H13;429,99;429,99;429,99;429,99;0;169;4083,2;1755735,168;3653,7;
10.01.2026;RDN-1;RDN_11-01-26_H14;420;420;420;420;0;161;4085,4;1715868;3663,8;
10.01.2026;RDN-1;RDN_11-01-26_H15;440;440;440;440;0;146;4065,1;1788644;3800,7;
10.01.2026;RDN-1;RDN_11-01-26_H16;448,41;448,41;448,41;448,41;0;142;4125,5;1849915,455;3781,7;
10.01.2026;RDN-1;RDN_11-01-26_H17;473,9;483,9;473,9;483,9;0;140;3799,5;1800633,05;3395,1;
10.01.2026;RDN-1;RDN_11-01-26_H18;486;496;486;496;0;161;3910,4;1900504,4;3437,8;
10.01.2026;RDN-1;RDN_11-01-26_H19;494,88;504,9;494,88;504,9;0;161;3873,5;1916967,78;3383,2;
10.01.2026;RDN-1;RDN_11-01-26_H20;459,63;469,6;459,63;469,6;0;151;3583;1646904,14;3220,3;
10.01.2026;RDN-1;RDN_11-01-26_H21;447,74;449;447,74;449;0;133;3631,8;1626114,732;3374,4;
10.01.2026;RDN-1;RDN_11-01-26_H22;412,25;412,25;412,25;412,25;0;132;3442,3;1419088,175;3103,8;
10.01.2026;RDN-1;RDN_11-01-26_H23;404,69;404,69;404,69;404,69;0;132;3076,2;1244907,378;2832,6;
10.01.2026;RDN-1;RDN_11-01-26_H24;359,6;369,6;359,6;369,6;0;146;2708,8;974134,48;2418,1;
10.01.2026;SGT_BASE;SGT_BASE_11-01-26;0;0;0;0;0;0;0;0;0;
10.01.2026;SGT_RDB;SGT_RDB_10-01-26;0;0;0;0;0;0;0;0;0;
11.01.2026;BASE;BASE_12-01-26;790;980;790;990;0;67;472;9678096;348;
11.01.2026;BASE;BASE_13-01-26;0;0;0;0;0;0;0;0;0;
11.01.2026;GAS_BASE;GAS_BASE_12-01-26;160,9;160;160;160,9;0;161;9822;37775532,48;9517;
11.01.2026;GAS_RDB;GAS_RDB_11-01-26;157,45;159,5;156,7;160;0;103;25317;3983392,3;22755;
11.01.2026;GLW_BASE;GLW_BASE_12-01-26;0;0;0;0;0;0;0;0;0;
11.01.2026;GLW_RDB;GLW_RDB_11-01-26;0;0;0;0;0;0;0;0;0;
11.01.2026;OFFPEAK;OFFPEAK_12-01-26;0;0;0;0;0;0;0;0;0;
11.01.2026;OFFPEAK;OFFPEAK_13-01-26;0;0;0;0;0;0;0;0;0;
11.01.2026;PEAK;PEAK_12-01-26;0;0;0;0;0;0;0;0;0;
11.01.2026;PEAK;PEAK_13-01-26;0;0;0;0;0;0;0;0;0;
11.01.2026;RDN-1;RDN_12-01-26_H01;384,92;360;360;384,92;0;154;2456;945114,32;1996,5;
11.01.2026;RDN-1;RDN_12-01-26_H02;380,8;360;360;380,8;0;156;2262;861153,6;1820;
11.01.2026;RDN-1;RDN_12-01-26_H03;395,99;360;360;395,99;0;161;2373,1;939354,069;1769,5;
11.01.2026;RDN-1;RDN_12-01-26_H04;400;410;400;410;0;158;2250,3;900160;1636,5;
11.01.2026;RDN-1;RDN_12-01-26_H05;433,91;433,91;433,91;433,91;0;151;2231,4;968226,774;1754;
11.01.2026;RDN-1;RDN_12-01-26_H06;450;450;450;450;0;122;2258,7;1016415;1838,6;
11.01.2026;RDN-1;RDN_12-01-26_H07;780,01;700;700;780,01;0;188;3822,9;2979829,929;3315,6;
11.01.2026;RDN-1;RDN_12-01-26_H08;1197,33;1197,33;1197,33;1197,33;0;191;3618,1;4332059,673;3264,9;
11.01.2026;RDN-1;RDN_12-01-26_H09;1467;1445;1445;1467;0;211;4253,1;6238889,7;3904,1;
11.01.2026;RDN-1;RDN_12-01-26_H10;1463,47;1450;1450;1463,47;0;190;4012,6;5870959,252;3685;
11.01.2026;RDN-1;RDN_12-01-26_H11;1150;1147;1147;1150;0;180;3780,7;4347715;3438,4;
11.01.2026;RDN-1;RDN_12-01-26_H12;1083,3;1080,3;1080,3;1083,3;0;172;3601,3;3901198,29;3248,9;
11.01.2026;RDN-1;RDN_12-01-26_H13;1145,85;1142,85;1142,85;1145,85;0;186;3701,2;4240939,02;3314,9;
11.01.2026;RDN-1;RDN_12-01-26_H14;1300;1300;1300;1300;0;193;3956,1;5142930;3559,1;
11.01.2026;RDN-1;RDN_12-01-26_H15;1381,77;1382;1381,77;1418;0;186;4312,2;5958664,694;3905,5;
11.01.2026;RDN-1;RDN_12-01-26_H16;1500;1500;1500;1550;0;191;4702,3;7053700;4290,5;
11.01.2026;RDN-1;RDN_12-01-26_H17;1818,94;1918,94;1818,94;1918,94;0;186;4705,6;8562015,264;4438,4;
11.01.2026;RDN-1;RDN_12-01-26_H18;1796,09;1896,09;1796,09;1896,09;0;198;4829,6;8679673,164;4467,1;
11.01.2026;RDN-1;RDN_12-01-26_H19;1513,37;1510;1450;1525;0;216;4835,6;7316924,972;4511,2;
11.01.2026;RDN-1;RDN_12-01-26_H20;1420;1420;1420;1420;0;219;4838,7;6870954;4461;
11.01.2026;RDN-1;RDN_12-01-26_H21;1251;1251;1250;1251;0;216;4306,2;5387046,2;4031,1;
11.01.2026;RDN-1;RDN_12-01-26_H22;743,59;755;743,59;755;0;172;4022,4;2991472,816;3570,1;
11.01.2026;RDN-1;RDN_12-01-26_H23;632;600;600;632;0;169;4671,9;2951780,8;4152,4;
11.01.2026;RDN-1;RDN_12-01-26_H24;537;505;505;537;0;156;3909;2098813;3450,1;
11.01.2026;SGT_BASE;SGT_BASE_12-01-26;0;0;0;0;0;0;0;0;0;
11.01.2026;SGT_RDB;SGT_RDB_11-01-26;0;0;0;0;0;0;0;0;0;
12.01.2026;BASE;BASE_13-01-26;1100;1234;940;1234;0;57;361;8561472;257;
12.01.2026;BASE;BASE_14-01-26;0;0;0;0;0;0;0;0;0;
12.01.2026;BASE_M;BASE_M-02-26;530;523;523;530;513;15;16;5647824;341;
12.01.2026;BASE_M;BASE_M-03-26;429;431,5;429;433,1;423,25;18;35;11213430,3;139;
12.01.2026;BASE_M;BASE_M-04-26;410;410;410;410;403,48;1;1;295200;3;
12.01.2026;BASE_M;BASE_M-05-26;0;0;0;0;401,61;0;0;0;0;
12.01.2026;BASE_M;BASE_M-06-26;0;0;0;0;432,77;0;0;0;0;
12.01.2026;BASE_M;BASE_M-07-26;0;0;0;0;440,88;0;0;0;0;
12.01.2026;BASE_Q;BASE_Q-1-27;0;0;0;0;463;0;0;0;0;
12.01.2026;BASE_Q;BASE_Q-2-26;415;417;415;417;412,5;8;8;7279927,2;363;
12.01.2026;BASE_Q;BASE_Q-2-27;0;0;0;0;407,14;0;0;0;0;
12.01.2026;BASE_Q;BASE_Q-3-26;0;0;0;0;443,5;0;0;0;262;
12.01.2026;BASE_Q;BASE_Q-3-27;0;0;0;0;427,77;0;0;0;0;
12.01.2026;BASE_Q;BASE_Q-4-26;470;472;470;472;467,8;2;2;2080878;473;
12.01.2026;BASE_W;BASE_W-04-26;600;610;600;610;569,8;3;5;507360;122;
12.01.2026;BASE_W;BASE_W-05-26;0;0;0;0;526,5;0;0;0;0;
12.01.2026;BASE_W;BASE_W-06-26;0;0;0;0;513;0;0;0;0;
12.01.2026;BASE_W;BASE_W-07-26;0;0;0;0;513;0;0;0;0;
12.01.2026;BASE_W;BASE_W-08-26;0;0;0;0;0;0;0;0;0;
12.01.2026;BASE_Y;BASE_Y-27;437;437;436,5;437;431,7;11;11;42091800;645;
12.01.2026;BASE_Y;BASE_Y-28;434,5;434,5;434,5;434,5;430;1;1;3816648;121;
12.01.2026;BASE_Y;BASE_Y-29;0;0;0;0;432,5;0;0;0;0;
12.01.2026;BASE_Y;BASE_Y-30;0;0;0;0;427,59;0;0;0;0;
12.01.2026;GAS_BASE;GAS_BASE_13-01-26;163,99;167;163,49;167,5;0;139;9345;37194890,64;9141;
12.01.2026;GAS_BASE_M;GAS_BASE_M-01-27;145,25;145,5;145,25;145,5;142,35;4;20;2162250;22;
12.01.2026;GAS_BASE_M;GAS_BASE_M-02-26;147;149;147;149,2;141,02;53;213;21244540,8;21872;
12.01.2026;GAS_BASE_M;GAS_BASE_M-03-26;143,75;145,5;143,75;145,5;137,4;17;47;5044375,6;18707;
12.01.2026;GAS_BASE_M;GAS_BASE_M-04-26;138,75;139,4;138,25;139,4;133,95;23;106;10585440;1267;
12.01.2026;GAS_BASE_M;GAS_BASE_M-05-26;0;0;0;0;132;0;0;0;107;
12.01.2026;GAS_BASE_M;GAS_BASE_M-06-26;0;0;0;0;127,02;0;0;0;38;
12.01.2026;GAS_BASE_M;GAS_BASE_M-07-26;0;0;0;0;129,81;0;0;0;6;
12.01.2026;GAS_BASE_M;GAS_BASE_M-08-26;0;0;0;0;131;0;0;0;10;
12.01.2026;GAS_BASE_M;GAS_BASE_M-09-26;0;0;0;0;133;0;0;0;192;
12.01.2026;GAS_BASE_M;GAS_BASE_M-10-26;0;0;0;0;134,56;0;0;0;31;
12.01.2026;GAS_BASE_M;GAS_BASE_M-11-26;140,5;140,75;140,25;140,75;137,67;5;25;2528100;617;
12.01.2026;GAS_BASE_M;GAS_BASE_M-12-26;142,75;143,5;142,5;143,5;140,16;5;25;2657010;607;
12.01.2026;GAS_BASE_Q;GAS_BASE_Q-1-27;142;141;141;142;139,09;5;17;5197793;441;
12.01.2026;GAS_BASE_Q;GAS_BASE_Q-2-26;135;134,5;134,5;135;131;3;12;3529344;7448;
12.01.2026;GAS_BASE_Q;GAS_BASE_Q-2-27;0;0;0;0;124,37;0;0;0;5;
12.01.2026;GAS_BASE_Q;GAS_BASE_Q-3-26;135;134,5;134,5;135;131,25;7;34;10106016;6083;
12.01.2026;GAS_BASE_Q;GAS_BASE_Q-3-27;0;0;0;0;123,42;0;0;0;1;
12.01.2026;GAS_BASE_Q;GAS_BASE_Q-4-26;141;140,5;140,5;141;137,46;6;18;5596502;7827;
12.01.2026;GAS_BASE_S;GAS_BASE_S-S-26;134,45;134,5;134,45;134,5;131,13;3;6;3544124,4;71;
12.01.2026;GAS_BASE_S;GAS_BASE_S-S-27;0;0;0;0;123,89;0;0;0;7;
12.01.2026;GAS_BASE_S;GAS_BASE_S-W-26;141;141;141;141;138,26;5;25;15397200;556;
12.01.2026;GAS_BASE_S;GAS_BASE_S-W-27;0;0;0;0;137,21;0;0;0;0;
12.01.2026;GAS_BASE_W;GAS_BASE_W-04-26;162,5;164;162,45;164;153,8;26;323;8887174,8;335;
12.01.2026;GAS_BASE_W;GAS_BASE_W-05-26;162;162;162;162;141,02;3;11;299376;8;
12.01.2026;GAS_BASE_W;GAS_BASE_W-06-26;0;0;0;0;141,02;0;0;0;0;
12.01.2026;GAS_BASE_W;GAS_BASE_W-07-26;0;0;0;0;0;0;0;0;0;
12.01.2026;GAS_BASE_Y;GAS_BASE_Y-27;130;130;130;130;128,5;12;17;19359600;3595;
12.01.2026;GAS_BASE_Y;GAS_BASE_Y-28;124,75;124,5;124,5;124,75;124;5;7;7657452;139;
12.01.2026;GAS_BASE_Y;GAS_BASE_Y-29;0;0;0;0;118,75;0;0;0;11;
12.01.2026;GAS_BASE_Y;GAS_BASE_Y-30;0;0;0;0;114,29;0;0;0;5;
12.01.2026;GAS_RDB;GAS_RDB_12-01-26;165;167,5;164,5;169,1;0;124;35068;5836894,64;24540;
12.01.2026;GLW_BASE;GLW_BASE_13-01-26;0;0;0;0;0;0;0;0;0;
12.01.2026;GLW_RDB;GLW_RDB_12-01-26;0;0;0;0;0;0;0;0;0;
12.01.2026;KUK_A_WMA-03;KUK_A_WMA-03;0;0;0;0;0;0;0;0;0;
12.01.2026;OFFPEAK;OFFPEAK_13-01-26;0;0;0;0;0;0;0;0;0;
12.01.2026;OFFPEAK;OFFPEAK_14-01-26;0;0;0;0;0;0;0;0;0;
12.01.2026;OFFPEAK_M;OFFPEAK_M-02-26;0;0;0;0;422,48;0;0;0;0;
12.01.2026;OFFPEAK_M;OFFPEAK_M-03-26;0;0;0;0;404,67;0;0;0;0;
12.01.2026;OFFPEAK_M;OFFPEAK_M-04-26;0;0;0;0;379,2;0;0;0;0;
12.01.2026;OFFPEAK_M;OFFPEAK_M-05-26;0;0;0;0;390,15;0;0;0;0;
12.01.2026;OFFPEAK_M;OFFPEAK_M-06-26;0;0;0;0;434,71;0;0;0;0;
12.01.2026;OFFPEAK_M;OFFPEAK_M-07-26;0;0;0;0;425,99;0;0;0;0;
12.01.2026;OFFPEAK_Q;OFFPEAK_Q-1-27;0;0;0;0;416,58;0;0;0;0;
12.01.2026;OFFPEAK_Q;OFFPEAK_Q-2-26;0;0;0;0;401;0;0;0;0;
12.01.2026;OFFPEAK_Q;OFFPEAK_Q-2-27;0;0;0;0;395,48;0;0;0;0;
12.01.2026;OFFPEAK_Q;OFFPEAK_Q-3-26;0;0;0;0;428,06;0;0;0;0;
12.01.2026;OFFPEAK_Q;OFFPEAK_Q-3-27;0;0;0;0;407,44;0;0;0;0;
12.01.2026;OFFPEAK_Q;OFFPEAK_Q-4-26;0;0;0;0;385,4;0;0;0;0;
12.01.2026;OFFPEAK_W;OFFPEAK_W-04-26;0;0;0;0;419,42;0;0;0;0;
12.01.2026;OFFPEAK_W;OFFPEAK_W-05-26;0;0;0;0;394,03;0;0;0;0;
12.01.2026;OFFPEAK_W;OFFPEAK_W-06-26;0;0;0;0;422,48;0;0;0;0;
12.01.2026;OFFPEAK_W;OFFPEAK_W-07-26;0;0;0;0;422,48;0;0;0;0;
12.01.2026;OFFPEAK_W;OFFPEAK_W-08-26;0;0;0;0;0;0;0;0;0;
12.01.2026;OFFPEAK_Y;OFFPEAK_Y-27;0;0;0;0;386,76;0;0;0;0;
12.01.2026;OFFPEAK_Y;OFFPEAK_Y-28;0;0;0;0;390,62;0;0;0;0;
12.01.2026;OFFPEAK_Y;OFFPEAK_Y-29;0;0;0;0;396,7;0;0;0;0;
12.01.2026;OFFPEAK_Y;OFFPEAK_Y-30;0;0;0;0;380,2;0;0;0;0;
12.01.2026;PEAK;PEAK_13-01-26;0;0;0;0;0;0;0;0;0;
12.01.2026;PEAK;PEAK_14-01-26;0;0;0;0;0;0;0;0;0;
12.01.2026;PEAK5_M;PEAK5_M-02-26;639,9;645;639,9;645;625,25;7;15;2894940;133;
12.01.2026;PEAK5_M;PEAK5_M-03-26;0;0;0;0;446,5;0;0;0;2;
12.01.2026;PEAK5_M;PEAK5_M-04-26;0;0;0;0;434,7;0;0;0;0;
12.01.2026;PEAK5_M;PEAK5_M-05-26;0;0;0;0;418,56;0;0;0;0;
12.01.2026;PEAK5_M;PEAK5_M-06-26;0;0;0;0;430,28;0;0;0;0;
12.01.2026;PEAK5_M;PEAK5_M-07-26;0;0;0;0;458,11;0;0;0;0;
12.01.2026;PEAK5_Q;PEAK5_Q-1-27;0;0;0;0;526,11;0;0;0;0;
12.01.2026;PEAK5_Q;PEAK5_Q-2-26;0;0;0;0;428;0;0;0;26;
12.01.2026;PEAK5_Q;PEAK5_Q-2-27;0;0;0;0;422,42;0;0;0;0;
12.01.2026;PEAK5_Q;PEAK5_Q-3-26;0;0;0;0;462,5;0;0;0;0;
12.01.2026;PEAK5_Q;PEAK5_Q-3-27;0;0;0;0;452,78;0;0;0;0;
12.01.2026;PEAK5_Q;PEAK5_Q-4-26;0;0;0;0;575;0;0;0;7;
12.01.2026;PEAK5_W;PEAK5_W-04-26;0;0;0;0;756,28;0;0;0;0;
12.01.2026;PEAK5_W;PEAK5_W-05-26;0;0;0;0;690,76;0;0;0;0;
12.01.2026;PEAK5_W;PEAK5_W-06-26;0;0;0;0;625,25;0;0;0;0;
12.01.2026;PEAK5_W;PEAK5_W-07-26;0;0;0;0;625,25;0;0;0;0;
12.01.2026;PEAK5_W;PEAK5_W-08-26;0;0;0;0;0;0;0;0;0;
12.01.2026;PEAK5_Y;PEAK5_Y-27;0;0;0;0;490,5;0;0;0;134;
12.01.2026;PEAK5_Y;PEAK5_Y-28;0;0;0;0;482,5;0;0;0;0;
12.01.2026;PEAK5_Y;PEAK5_Y-29;0;0;0;0;480;0;0;0;0;
12.01.2026;PEAK5_Y;PEAK5_Y-30;0;0;0;0;490,91;0;0;0;0;
12.01.2026;PMBG;PMBG;0;0;0;0;0;0;0;0;0;
12.01.2026;PMEF-2025;PMEF-2025;0;0;0;0;0;0;0;0;0;
12.01.2026;PMEF-2026;PMEF-2026;0;0;0;0;0;0;0;0;0;
12.01.2026;PMEF_F;PMEF_F;0;0;0;0;0;0;0;0;80114734;
12.01.2026;PMOZE;PMOZE;0;0;0;0;0;0;0;0;0;
12.01.2026;PMOZE_A;PMOZE_A;0;0;0;0;0;0;0;0;9026016107;
12.01.2026;PMOZE-BIO;PMOZE-BIO;0;0;0;0;0;0;0;0;515727306;
12.01.2026;PSZ_B_DLS-01;PSZ_B_DLS-01;0;0;0;0;0;0;0;0;0;
12.01.2026;PSZ_B_KUJ-01;PSZ_B_KUJ-01;0;0;0;0;0;0;0;0;0;
12.01.2026;PSZ_B_KUJ-02;PSZ_B_KUJ-02;0;0;0;0;0;0;0;0;0;
12.01.2026;PSZ_B_LBL-01;PSZ_B_LBL-01;0;0;0;0;0;0;0;0;0;
12.01.2026;PSZ_B_LBL-02;PSZ_B_LBL-02;0;0;0;0;0;0;0;0;0;
12.01.2026;PSZ_B_LBL-03;PSZ_B_LBL-03;0;0;0;0;0;0;0;0;0;
12.01.2026;PSZ_B_LBL-04;PSZ_B_LBL-04;0;0;0;0;0;0;0;0;0;
12.01.2026;PSZ_B_LBL-05;PSZ_B_LBL-05;0;0;0;0;0;0;0;0;0;
12.01.2026;PSZ_B_LBL-06;PSZ_B_LBL-06;0;0;0;0;0;0;0;0;0;
12.01.2026;PSZ_B_LBL-07;PSZ_B_LBL-07;0;0;0;0;0;0;0;0;0;
12.01.2026;PSZ_B_LBU-01;PSZ_B_LBU-01;0;0;0;0;0;0;0;0;0;
12.01.2026;PSZ_B_LBU-02;PSZ_B_LBU-02;0;0;0;0;0;0;0;0;0;
12.01.2026;PSZ_B_MAZ-01;PSZ_B_MAZ-01;0;0;0;0;0;0;0;0;0;
12.01.2026;PSZ_B_MAZ-02;PSZ_B_MAZ-02;0;0;0;0;0;0;0;0;0;
12.01.2026;PSZ_B_MAZ-03;PSZ_B_MAZ-03;0;0;0;0;0;0;0;0;0;
12.01.2026;PSZ_B_OPO-01;PSZ_B_OPO-01;0;0;0;0;0;0;0;0;0;
12.01.2026;PSZ_B_OPO-02;PSZ_B_OPO-02;0;0;0;0;0;0;0;0;0;
12.01.2026;PSZ_B_PDK-01;PSZ_B_PDK-01;0;0;0;0;0;0;0;0;0;
12.01.2026;PSZ_B_PDL-01;PSZ_B_PDL-01;0;0;0;0;0;0;0;0;0;
12.01.2026;PSZ_B_POM-01;PSZ_B_POM-01;0;0;0;0;0;0;0;0;0;
12.01.2026;PSZ_B_POM-02;PSZ_B_POM-02;0;0;0;0;0;0;0;0;0;
12.01.2026;PSZ_B_WLK-01;PSZ_B_WLK-01;0;0;0;0;0;0;0;0;0;
12.01.2026;PSZ_B_WLK-02;PSZ_B_WLK-02;0;0;0;0;0;0;0;0;0;
12.01.2026;PSZ_B_WLK-03;PSZ_B_WLK-03;0;0;0;0;0;0;0;0;0;
12.01.2026;PSZ_B_WLK-04;PSZ_B_WLK-04;0;0;0;0;0;0;0;0;0;
12.01.2026;PSZ_B_WMA-01;PSZ_B_WMA-01;0;0;0;0;0;0;0;0;0;
12.01.2026;PSZ_B_WMA-02;PSZ_B_WMA-02;0;0;0;0;0;0;0;0;0;
12.01.2026;PSZ_B_WMA-03;PSZ_B_WMA-03;0;0;0;0;0;0;0;0;0;
12.01.2026;PSZ_B_WMA-04;PSZ_B_WMA-04;0;0;0;0;0;0;0;0;0;
12.01.2026;PSZ_B_WMA-05;PSZ_B_WMA-05;0;0;0;0;0;0;0;0;0;
12.01.2026;PSZ_B_WMA-06;PSZ_B_WMA-06;0;0;0;0;0;0;0;0;0;
12.01.2026;PSZ_B_ZPO-01;PSZ_B_ZPO-01;0;0;0;0;0;0;0;0;0;
12.01.2026;PSZ_B_ZPO-02;PSZ_B_ZPO-02;0;0;0;0;0;0;0;0;0;
12.01.2026;PSZ_C_DLS-01;PSZ_C_DLS-01;0;0;0;0;0;0;0;0;0;
12.01.2026;PSZ_C_KUJ-01;PSZ_C_KUJ-01;0;0;0;0;0;0;0;0;0;
12.01.2026;PSZ_C_KUJ-02;PSZ_C_KUJ-02;0;0;0;0;0;0;0;0;0;
12.01.2026;PSZ_C_LBL-01;PSZ_C_LBL-01;0;0;0;0;0;0;0;0;0;
12.01.2026;PSZ_C_LBL-02;PSZ_C_LBL-02;0;0;0;0;0;0;0;0;0;
12.01.2026;PSZ_C_LBL-03;PSZ_C_LBL-03;0;0;0;0;0;0;0;0;0;
12.01.2026;PSZ_C_LBL-04;PSZ_C_LBL-04;0;0;0;0;0;0;0;0;0;
12.01.2026;PSZ_C_LBL-05;PSZ_C_LBL-05;0;0;0;0;0;0;0;0;0;
12.01.2026;PSZ_C_LBL-06;PSZ_C_LBL-06;0;0;0;0;0;0;0;0;0;
12.01.2026;PSZ_C_LBL-07;PSZ_C_LBL-07;0;0;0;0;0;0;0;0;0;
12.01.2026;PSZ_C_LBU-01;PSZ_C_LBU-01;0;0;0;0;0;0;0;0;0;
12.01.2026;PSZ_C_LBU-02;PSZ_C_LBU-02;0;0;0;0;0;0;0;0;0;
12.01.2026;PSZ_C_MAZ-01;PSZ_C_MAZ-01;0;0;0;0;0;0;0;0;0;
12.01.2026;PSZ_C_MAZ-02;PSZ_C_MAZ-02;0;0;0;0;0;0;0;0;0;
12.01.2026;PSZ_C_MAZ-03;PSZ_C_MAZ-03;0;0;0;0;0;0;0;0;0;
12.01.2026;PSZ_C_OPO-01;PSZ_C_OPO-01;0;0;0;0;0;0;0;0;0;
12.01.2026;PSZ_C_OPO-02;PSZ_C_OPO-02;0;0;0;0;0;0;0;0;0;
12.01.2026;PSZ_C_PDK-01;PSZ_C_PDK-01;0;0;0;0;0;0;0;0;0;
12.01.2026;PSZ_C_PDL-01;PSZ_C_PDL-01;0;0;0;0;0;0;0;0;0;
12.01.2026;PSZ_C_POM-01;PSZ_C_POM-01;0;0;0;0;0;0;0;0;0;
12.01.2026;PSZ_C_POM-02;PSZ_C_POM-02;0;0;0;0;0;0;0;0;0;
12.01.2026;PSZ_C_WLK-01;PSZ_C_WLK-01;0;0;0;0;0;0;0;0;0;
12.01.2026;PSZ_C_WLK-02;PSZ_C_WLK-02;0;0;0;0;0;0;0;0;0;
12.01.2026;PSZ_C_WLK-03;PSZ_C_WLK-03;0;0;0;0;0;0;0;0;0;
12.01.2026;PSZ_C_WLK-04;PSZ_C_WLK-04;0;0;0;0;0;0;0;0;0;
12.01.2026;PSZ_C_WMA-01;PSZ_C_WMA-01;0;0;0;0;0;0;0;0;0;
12.01.2026;PSZ_C_WMA-02;PSZ_C_WMA-02;0;0;0;0;0;0;0;0;0;
12.01.2026;PSZ_C_WMA-03;PSZ_C_WMA-03;0;0;0;0;0;0;0;0;0;
12.01.2026;PSZ_C_WMA-04;PSZ_C_WMA-04;0;0;0;0;0;0;0;0;0;
12.01.2026;PSZ_C_WMA-05;PSZ_C_WMA-05;0;0;0;0;0;0;0;0;0;
12.01.2026;PSZ_C_WMA-06;PSZ_C_WMA-06;0;0;0;0;0;0;0;0;0;
12.01.2026;PSZ_C_ZPO-01;PSZ_C_ZPO-01;0;0;0;0;0;0;0;0;0;
12.01.2026;PSZ_C_ZPO-02;PSZ_C_ZPO-02;0;0;0;0;0;0;0;0;0;
12.01.2026;RDN-1;RDN_13-01-26_H01;489,89;480;480;489,89;0;125;2385,2;1168427,277;2008,3;
12.01.2026;RDN-1;RDN_13-01-26_H02;500;490;490;500;0;148;2511,6;1255751;1955,3;
12.01.2026;RDN-1;RDN_13-01-26_H03;500;490;490;500;0;163;2806,3;1403107;2277,6;
12.01.2026;RDN-1;RDN_13-01-26_H04;494;470;470;494;0;151;2550,2;1259702,8;2128,5;
12.01.2026;RDN-1;RDN_13-01-26_H05;488,75;480;480;488,75;0;150;2441,6;1193293,5;2084,1;
12.01.2026;RDN-1;RDN_13-01-26_H06;480;450;450;480;0;141;2815,6;1351252;2524;
12.01.2026;RDN-1;RDN_13-01-26_H07;748,27;728,27;728,27;748,27;0;170;3814,6;2854050,742;3388,7;
12.01.2026;RDN-1;RDN_13-01-26_H08;1230;1200;1200;1230;0;184;3740,9;4599732;3230;
12.01.2026;RDN-1;RDN_13-01-26_H09;1999;1974;1974;2400;0;183;3656,1;7311935,3;3378,8;
12.01.2026;RDN-1;RDN_13-01-26_H10;1999;1999;1979;2400;0;181;3904;7809048,3;3411;
12.01.2026;RDN-1;RDN_13-01-26_H11;1749,45;1724,45;1724,45;1840;0;190;4686,8;8202076,925;4242;
12.01.2026;RDN-1;RDN_13-01-26_H12;1923,18;1924;1923,18;2020;0;183;4424,7;8513339,09;3961,1;
12.01.2026;RDN-1;RDN_13-01-26_H13;1995,08;1970,08;1970,08;2090;0;185;4428,7;8838374,236;3903,5;
12.01.2026;RDN-1;RDN_13-01-26_H14;1924,21;1899,21;1899,21;2550;0;184;4579;8821560,508;4033,7;
12.01.2026;RDN-1;RDN_13-01-26_H15;1800;1775;1775;1900;0;188;4885,3;8795095;4362,3;
12.01.2026;RDN-1;RDN_13-01-26_H16;1588;1688;1588;1688;0;180;4786,4;7601543,2;4242,1;
12.01.2026;RDN-1;RDN_13-01-26_H17;1862;1862;1842;1862;0;181;5015,9;9339305,8;4580,9;
12.01.2026;RDN-1;RDN_13-01-26_H18;1818,9;1918,9;1798,9;1918,9;0;187;4976,1;9050928,29;4545,2;
12.01.2026;RDN-1;RDN_13-01-26_H19;1574,2;1570;1554,2;1574,2;0;187;4895;7705398,92;4467,6;
12.01.2026;RDN-1;RDN_13-01-26_H20;1562,92;1537,92;1537,92;1562,92;0;194;4796,1;7495495,612;4368,8;
12.01.2026;RDN-1;RDN_13-01-26_H21;1300;1280;1280;1300;0;186;4288,9;5575470;3896,1;
12.01.2026;RDN-1;RDN_13-01-26_H22;630;590;590;630;0;159;3695,3;2327239;3226,3;
12.01.2026;RDN-1;RDN_13-01-26_H23;501,67;480;480;501,67;0;154;3980,4;1996543,888;3666,2;
12.01.2026;RDN-1;RDN_13-01-26_H24;458;430;430;458;0;161;3336,3;1527045,4;3032,8;
12.01.2026;RZP_A_LBL-01;RZP_A_LBL-01;0;0;0;0;0;0;0;0;0;
12.01.2026;SGT_BASE;SGT_BASE_13-01-26;0;0;0;0;0;0;0;0;0;
12.01.2026;SGT_RDB;SGT_RDB_12-01-26;0;0;0;0;0;0;0;0;0;
12.01.2026;ZTO_B_KUJ-02;ZTO_B_KUJ-02;0;0;0;0;0;0;0;0;0;
12.01.2026;ZTO_B_LBL-01;ZTO_B_LBL-01;0;0;0;0;0;0;0;0;0;
12.01.2026;ZTO_B_LBU-01;ZTO_B_LBU-01;0;0;0;0;0;0;0;0;0;
12.01.2026;ZTO_B_MAZ-01;ZTO_B_MAZ-01;0;0;0;0;0;0;0;0;0;
12.01.2026;ZTO_B_PDL-01;ZTO_B_PDL-01;0;0;0;0;0;0;0;0;0;
12.01.2026;ZTO_B_WLK-01;ZTO_B_WLK-01;0;0;0;0;0;0;0;0;0;
12.01.2026;ZTO_B_WLK-02;ZTO_B_WLK-02;0;0;0;0;0;0;0;0;0;
12.01.2026;ZTO_B_WMA-01;ZTO_B_WMA-01;0;0;0;0;0;0;0;0;0;
12.01.2026;ZTO_B_WMA-02;ZTO_B_WMA-02;0;0;0;0;0;0;0;0;0;
12.01.2026;ZTO_B_WMA-03;ZTO_B_WMA-03;0;0;0;0;0;0;0;0;0;
12.01.2026;ZTO_C_KUJ-02;ZTO_C_KUJ-02;0;0;0;0;0;0;0;0;0;
12.01.2026;ZTO_C_LBL-01;ZTO_C_LBL-01;0;0;0;0;0;0;0;0;0;
12.01.2026;ZTO_C_LBU-01;ZTO_C_LBU-01;0;0;0;0;0;0;0;0;0;
12.01.2026;ZTO_C_MAZ-01;ZTO_C_MAZ-01;0;0;0;0;0;0;0;0;0;
12.01.2026;ZTO_C_PDL-01;ZTO_C_PDL-01;0;0;0;0;0;0;0;0;0;
12.01.2026;ZTO_C_WLK-01;ZTO_C_WLK-01;0;0;0;0;0;0;0;0;0;
12.01.2026;ZTO_C_WLK-02;ZTO_C_WLK-02;0;0;0;0;0;0;0;0;0;
12.01.2026;ZTO_C_WMA-01;ZTO_C_WMA-01;0;0;0;0;0;0;0;0;0;
12.01.2026;ZTO_C_WMA-02;ZTO_C_WMA-02;0;0;0;0;0;0;0;0;0;
12.01.2026;ZTO_C_WMA-03;ZTO_C_WMA-03;0;0;0;0;0;0;0;0;0;
13.01.2026;BASE;BASE_14-01-26;615;515;515;615;0;39;223;3133608;142;
13.01.2026;BASE;BASE_15-01-26;0;0;0;0;0;0;0;0;0;
13.01.2026;BASE_M;BASE_M-02-26;535;537,5;532;541;524;50;54;19483363,2;357;
13.01.2026;BASE_M;BASE_M-03-26;440;440;440;444;431,54;36;47;15413319,53;161;
13.01.2026;BASE_M;BASE_M-04-26;415;420;415;420;410;3;3;900000;4;
13.01.2026;BASE_M;BASE_M-05-26;0;0;0;0;405,29;0;0;0;0;
13.01.2026;BASE_M;BASE_M-06-26;0;0;0;0;435,68;0;0;0;0;
13.01.2026;BASE_M;BASE_M-07-26;0;0;0;0;442,62;0;0;0;0;
13.01.2026;BASE_Q;BASE_Q-1-27;0;0;0;0;464,8;0;0;0;0;
13.01.2026;BASE_Q;BASE_Q-2-26;420;421;420;424;416,86;15;19;17480736;371;
13.01.2026;BASE_Q;BASE_Q-2-27;0;0;0;0;412,04;0;0;0;0;
13.01.2026;BASE_Q;BASE_Q-3-26;452;449;449;452;445,25;8;9;8962272;261;
13.01.2026;BASE_Q;BASE_Q-3-27;0;0;0;0;432,92;0;0;0;0;
13.01.2026;BASE_Q;BASE_Q-4-26;475;474;474;475;471;13;16;16767415;480;
13.01.2026;BASE_W;BASE_W-04-26;625;640;625;640;610;20;40;4230072;148;
13.01.2026;BASE_W;BASE_W-05-26;580;620;580;620;562,5;10;10;1011696;10;
13.01.2026;BASE_W;BASE_W-06-26;0;0;0;0;524;0;0;0;0;
13.01.2026;BASE_W;BASE_W-07-26;0;0;0;0;524;0;0;0;0;
13.01.2026;BASE_W;BASE_W-08-26;0;0;0;0;524;0;0;0;0;
13.01.2026;BASE_Y;BASE_Y-27;441;441;441;442;436,9;14;14;54128040;654;
13.01.2026;BASE_Y;BASE_Y-28;0;0;0;0;434,5;0;0;0;121;
13.01.2026;BASE_Y;BASE_Y-29;0;0;0;0;450;0;0;0;0;
13.01.2026;BASE_Y;BASE_Y-30;0;0;0;0;440,73;0;0;0;0;
13.01.2026;F-OZE;F-OZE_05-26;0;0;0;0;27,12;0;0;0;0;
13.01.2026;F-OZE;F-OZE_05-27;0;0;0;0;27,12;0;0;0;0;
13.01.2026;F-OZE;F-OZE_11-26;0;0;0;0;27,12;0;0;0;0;
13.01.2026;F-OZE;F-OZE_11-27;0;0;0;0;27,12;0;0;0;0;
13.01.2026;GAS_BASE;GAS_BASE_14-01-26;173,49;172;172;174,75;0;138;7465;31161739,2;6912;
13.01.2026;GAS_BASE_M;GAS_BASE_M-01-27;146,3;145,75;145,75;146,3;145,31;3;15;1629546;37;
13.01.2026;GAS_BASE_M;GAS_BASE_M-02-26;156,5;153,75;153,75;157,25;149;66;298;31284086,4;22163;
13.01.2026;GAS_BASE_M;GAS_BASE_M-03-26;151,5;149,5;149,5;152,5;144,95;10;36;4049164,25;18737;
13.01.2026;GAS_BASE_M;GAS_BASE_M-04-26;140,9;140;139,75;141;139,17;16;69;6971004;1331;
13.01.2026;GAS_BASE_M;GAS_BASE_M-05-26;136;135;134,75;136,5;132,69;16;61;6142426,8;163;
13.01.2026;GAS_BASE_M;GAS_BASE_M-06-26;135,75;134,95;134,95;135,75;131,5;3;13;1267416;51;
13.01.2026;GAS_BASE_M;GAS_BASE_M-07-26;0;0;0;0;133,4;0;0;0;6;
13.01.2026;GAS_BASE_M;GAS_BASE_M-08-26;0;0;0;0;135;0;0;0;10;
13.01.2026;GAS_BASE_M;GAS_BASE_M-09-26;137;136;136;137;135,23;8;25;2457360;216;
13.01.2026;GAS_BASE_M;GAS_BASE_M-10-26;0;0;0;0;138;0;0;0;31;
13.01.2026;GAS_BASE_M;GAS_BASE_M-11-26;142;141,25;141,25;142;140,49;5;25;2552400;642;
13.01.2026;GAS_BASE_M;GAS_BASE_M-12-26;144,75;144;144;144,75;143,01;5;25;2689560;632;
13.01.2026;GAS_BASE_Q;GAS_BASE_Q-1-27;143;142,75;142,75;143;141,34;4;15;4628356;457;
13.01.2026;GAS_BASE_Q;GAS_BASE_Q-2-26;136;136;135,6;136,7;134,43;11;19;5643783,6;7463;
13.01.2026;GAS_BASE_Q;GAS_BASE_Q-2-27;126,8;126,3;126,3;126,8;124,7;2;6;1659403;11;
13.01.2026;GAS_BASE_Q;GAS_BASE_Q-3-26;136;134,5;134,5;136;134,54;13;35;10491864;6116;
13.01.2026;GAS_BASE_Q;GAS_BASE_Q-3-27;125,4;125;125;125,8;123,71;5;21;5816976;22;
13.01.2026;GAS_BASE_Q;GAS_BASE_Q-4-26;141,5;140,5;140,5;141,5;140,5;8;21;6549243;7845;
13.01.2026;GAS_BASE_S;GAS_BASE_S-S-26;136,25;136,25;136,25;136,25;134,48;1;1;598410;72;
13.01.2026;GAS_BASE_S;GAS_BASE_S-S-27;125,75;125,75;125,75;125,75;124,2;1;2;1104588;9;
13.01.2026;GAS_BASE_S;GAS_BASE_S-W-26;142;142;141,75;142;140,92;7;35;21703500;591;
13.01.2026;GAS_BASE_S;GAS_BASE_S-W-27;0;0;0;0;133;0;0;0;0;
13.01.2026;GAS_BASE_W;GAS_BASE_W-04-26;172;172;172;172;164;6;75;2167200;428;
13.01.2026;GAS_BASE_W;GAS_BASE_W-05-26;170;170;170;170;162;3;10;285600;18;
13.01.2026;GAS_BASE_W;GAS_BASE_W-06-26;0;0;0;0;149;0;0;0;0;
13.01.2026;GAS_BASE_W;GAS_BASE_W-07-26;0;0;0;0;149;0;0;0;0;
13.01.2026;GAS_BASE_Y;GAS_BASE_Y-27;131,35;131;131;131,5;130;18;57;65577272;3651;
13.01.2026;GAS_BASE_Y;GAS_BASE_Y-28;125,25;125,25;125,25;125,25;124,5;2;7;7701372;146;
13.01.2026;GAS_BASE_Y;GAS_BASE_Y-29;0;0;0;0;119,95;0;0;0;11;
13.01.2026;GAS_BASE_Y;GAS_BASE_Y-30;0;0;0;0;115,2;0;0;0;5;
13.01.2026;GAS_RDB;GAS_RDB_13-01-26;172,5;171,5;171,5;174,5;0;79;16995;2937228,53;14200;
13.01.2026;GLW_BASE;GLW_BASE_14-01-26;0;0;0;0;0;0;0;0;0;
13.01.2026;GLW_RDB;GLW_RDB_13-01-26;0;0;0;0;0;0;0;0;0;
13.01.2026;KUK_A_WMA-03;KUK_A_WMA-03;0;0;0;0;0;0;0;0;0;
13.01.2026;OFFPEAK;OFFPEAK_14-01-26;0;0;0;0;0;0;0;0;0;
13.01.2026;OFFPEAK;OFFPEAK_15-01-26;0;0;0;0;0;0;0;0;0;
13.01.2026;OFFPEAK_M;OFFPEAK_M-02-26;0;0;0;0;426,82;0;0;0;0;
13.01.2026;OFFPEAK_M;OFFPEAK_M-03-26;0;0;0;0;408;0;0;0;0;
13.01.2026;OFFPEAK_M;OFFPEAK_M-04-26;0;0;0;0;390,79;0;0;0;0;
13.01.2026;OFFPEAK_M;OFFPEAK_M-05-26;0;0;0;0;396,32;0;0;0;0;
13.01.2026;OFFPEAK_M;OFFPEAK_M-06-26;0;0;0;0;439,87;0;0;0;0;
13.01.2026;OFFPEAK_M;OFFPEAK_M-07-26;0;0;0;0;420,37;0;0;0;0;
13.01.2026;OFFPEAK_Q;OFFPEAK_Q-1-27;0;0;0;0;414,18;0;0;0;0;
13.01.2026;OFFPEAK_Q;OFFPEAK_Q-2-26;0;0;0;0;408,6;0;0;0;0;
13.01.2026;OFFPEAK_Q;OFFPEAK_Q-2-27;0;0;0;0;399,53;0;0;0;0;
13.01.2026;OFFPEAK_Q;OFFPEAK_Q-3-26;0;0;0;0;422,81;0;0;0;0;
13.01.2026;OFFPEAK_Q;OFFPEAK_Q-3-27;0;0;0;0;411,53;0;0;0;0;
13.01.2026;OFFPEAK_Q;OFFPEAK_Q-4-26;0;0;0;0;385,68;0;0;0;0;
13.01.2026;OFFPEAK_W;OFFPEAK_W-04-26;0;0;0;0;473,24;0;0;0;0;
13.01.2026;OFFPEAK_W;OFFPEAK_W-05-26;0;0;0;0;496,37;0;0;0;0;
13.01.2026;OFFPEAK_W;OFFPEAK_W-06-26;0;0;0;0;426,82;0;0;0;0;
13.01.2026;OFFPEAK_W;OFFPEAK_W-07-26;0;0;0;0;426,82;0;0;0;0;
13.01.2026;OFFPEAK_W;OFFPEAK_W-08-26;0;0;0;0;426,82;0;0;0;0;
13.01.2026;OFFPEAK_Y;OFFPEAK_Y-27;0;0;0;0;390,58;0;0;0;0;
13.01.2026;OFFPEAK_Y;OFFPEAK_Y-28;0;0;0;0;389,12;0;0;0;0;
13.01.2026;OFFPEAK_Y;OFFPEAK_Y-29;0;0;0;0;422,96;0;0;0;0;
13.01.2026;OFFPEAK_Y;OFFPEAK_Y-30;0;0;0;0;391,64;0;0;0;0;
13.01.2026;PEAK;PEAK_14-01-26;800;800;800;800;0;1;1;12000;1;
13.01.2026;PEAK;PEAK_15-01-26;0;0;0;0;0;0;0;0;0;
13.01.2026;PEAK5_M;PEAK5_M-02-26;660;668;660;668;644,5;19;29;5766000;151;
13.01.2026;PEAK5_M;PEAK5_M-03-26;0;0;0;0;461;0;0;0;2;
13.01.2026;PEAK5_M;PEAK5_M-04-26;0;0;0;0;434,7;0;0;0;0;
13.01.2026;PEAK5_M;PEAK5_M-05-26;0;0;0;0;418,56;0;0;0;0;
13.01.2026;PEAK5_M;PEAK5_M-06-26;0;0;0;0;430,28;0;0;0;0;
13.01.2026;PEAK5_M;PEAK5_M-07-26;0;0;0;0;468,36;0;0;0;0;
13.01.2026;PEAK5_Q;PEAK5_Q-1-27;0;0;0;0;533,62;0;0;0;0;
13.01.2026;PEAK5_Q;PEAK5_Q-2-26;440;440;440;440;428;1;2;818400;26;
13.01.2026;PEAK5_Q;PEAK5_Q-2-27;0;0;0;0;428,45;0;0;0;0;
13.01.2026;PEAK5_Q;PEAK5_Q-3-26;480;480;480;480;472,86;2;2;950400;2;
13.01.2026;PEAK5_Q;PEAK5_Q-3-27;0;0;0;0;459,24;0;0;0;0;
13.01.2026;PEAK5_Q;PEAK5_Q-4-26;585;584;584;585;582;3;3;1683840;10;
13.01.2026;PEAK5_W;PEAK5_W-04-26;0;0;0;0;779,59;0;0;0;0;
13.01.2026;PEAK5_W;PEAK5_W-05-26;0;0;0;0;644,5;0;0;0;0;
13.01.2026;PEAK5_W;PEAK5_W-06-26;0;0;0;0;644,5;0;0;0;0;
13.01.2026;PEAK5_W;PEAK5_W-07-26;0;0;0;0;644,5;0;0;0;0;
13.01.2026;PEAK5_W;PEAK5_W-08-26;0;0;0;0;644,5;0;0;0;0;
13.01.2026;PEAK5_Y;PEAK5_Y-27;0;0;0;0;497,5;0;0;0;134;
13.01.2026;PEAK5_Y;PEAK5_Y-28;0;0;0;0;495;0;0;0;0;
13.01.2026;PEAK5_Y;PEAK5_Y-29;0;0;0;0;485,88;0;0;0;0;
13.01.2026;PEAK5_Y;PEAK5_Y-30;0;0;0;0;506,32;0;0;0;0;
13.01.2026;PMBG;PMBG;0;0;0;0;0;0;0;0;0;
13.01.2026;PMEF-2025;PMEF-2025;0;0;0;0;0;0;0;0;0;
13.01.2026;PMEF-2026;PMEF-2026;0;0;0;0;0;0;0;0;0;
13.01.2026;PMEF_F;PMEF_F;2330;2327,02;2327,02;2330;0;32;810486;1887496711;80114734;
13.01.2026;PMOZE;PMOZE;0;0;0;0;0;0;0;0;0;
13.01.2026;PMOZE_A;PMOZE_A;27;26,99;26,61;27;0;84;62594568;1678360664;9026016107;
13.01.2026;PMOZE-BIO;PMOZE-BIO;300,03;300;300;300,2;0;31;6801136;2040520261;515727306;
13.01.2026;PSZ_B_DLS-01;PSZ_B_DLS-01;0;0;0;0;0;0;0;0;0;
13.01.2026;PSZ_B_KUJ-01;PSZ_B_KUJ-01;0;0;0;0;0;0;0;0;0;
13.01.2026;PSZ_B_KUJ-02;PSZ_B_KUJ-02;0;0;0;0;0;0;0;0;0;
13.01.2026;PSZ_B_LBL-01;PSZ_B_LBL-01;0;0;0;0;0;0;0;0;0;
13.01.2026;PSZ_B_LBL-02;PSZ_B_LBL-02;0;0;0;0;0;0;0;0;0;
13.01.2026;PSZ_B_LBL-03;PSZ_B_LBL-03;0;0;0;0;0;0;0;0;0;
13.01.2026;PSZ_B_LBL-04;PSZ_B_LBL-04;0;0;0;0;0;0;0;0;0;
13.01.2026;PSZ_B_LBL-05;PSZ_B_LBL-05;0;0;0;0;0;0;0;0;0;
13.01.2026;PSZ_B_LBL-06;PSZ_B_LBL-06;0;0;0;0;0;0;0;0;0;
13.01.2026;PSZ_B_LBL-07;PSZ_B_LBL-07;0;0;0;0;0;0;0;0;0;
13.01.2026;PSZ_B_LBU-01;PSZ_B_LBU-01;0;0;0;0;0;0;0;0;0;
13.01.2026;PSZ_B_LBU-02;PSZ_B_LBU-02;0;0;0;0;0;0;0;0;0;
13.01.2026;PSZ_B_MAZ-01;PSZ_B_MAZ-01;0;0;0;0;0;0;0;0;0;
13.01.2026;PSZ_B_MAZ-02;PSZ_B_MAZ-02;0;0;0;0;0;0;0;0;0;
13.01.2026;PSZ_B_MAZ-03;PSZ_B_MAZ-03;0;0;0;0;0;0;0;0;0;
13.01.2026;PSZ_B_OPO-01;PSZ_B_OPO-01;0;0;0;0;0;0;0;0;0;
13.01.2026;PSZ_B_OPO-02;PSZ_B_OPO-02;0;0;0;0;0;0;0;0;0;
13.01.2026;PSZ_B_PDK-01;PSZ_B_PDK-01;0;0;0;0;0;0;0;0;0;
13.01.2026;PSZ_B_PDL-01;PSZ_B_PDL-01;0;0;0;0;0;0;0;0;0;
13.01.2026;PSZ_B_POM-01;PSZ_B_POM-01;0;0;0;0;0;0;0;0;0;
13.01.2026;PSZ_B_POM-02;PSZ_B_POM-02;0;0;0;0;0;0;0;0;0;
13.01.2026;PSZ_B_WLK-01;PSZ_B_WLK-01;0;0;0;0;0;0;0;0;0;
13.01.2026;PSZ_B_WLK-02;PSZ_B_WLK-02;0;0;0;0;0;0;0;0;0;
13.01.2026;PSZ_B_WLK-03;PSZ_B_WLK-03;0;0;0;0;0;0;0;0;0;
13.01.2026;PSZ_B_WLK-04;PSZ_B_WLK-04;0;0;0;0;0;0;0;0;0;
13.01.2026;PSZ_B_WMA-01;PSZ_B_WMA-01;0;0;0;0;0;0;0;0;0;
13.01.2026;PSZ_B_WMA-02;PSZ_B_WMA-02;0;0;0;0;0;0;0;0;0;
13.01.2026;PSZ_B_WMA-03;PSZ_B_WMA-03;0;0;0;0;0;0;0;0;0;
13.01.2026;PSZ_B_WMA-04;PSZ_B_WMA-04;0;0;0;0;0;0;0;0;0;
13.01.2026;PSZ_B_WMA-05;PSZ_B_WMA-05;0;0;0;0;0;0;0;0;0;
13.01.2026;PSZ_B_WMA-06;PSZ_B_WMA-06;0;0;0;0;0;0;0;0;0;
13.01.2026;PSZ_B_ZPO-01;PSZ_B_ZPO-01;0;0;0;0;0;0;0;0;0;
13.01.2026;PSZ_B_ZPO-02;PSZ_B_ZPO-02;0;0;0;0;0;0;0;0;0;
13.01.2026;PSZ_C_DLS-01;PSZ_C_DLS-01;0;0;0;0;0;0;0;0;0;
13.01.2026;PSZ_C_KUJ-01;PSZ_C_KUJ-01;0;0;0;0;0;0;0;0;0;
13.01.2026;PSZ_C_KUJ-02;PSZ_C_KUJ-02;0;0;0;0;0;0;0;0;0;
13.01.2026;PSZ_C_LBL-01;PSZ_C_LBL-01;0;0;0;0;0;0;0;0;0;
13.01.2026;PSZ_C_LBL-02;PSZ_C_LBL-02;0;0;0;0;0;0;0;0;0;
13.01.2026;PSZ_C_LBL-03;PSZ_C_LBL-03;0;0;0;0;0;0;0;0;0;
13.01.2026;PSZ_C_LBL-04;PSZ_C_LBL-04;0;0;0;0;0;0;0;0;0;
13.01.2026;PSZ_C_LBL-05;PSZ_C_LBL-05;0;0;0;0;0;0;0;0;0;
13.01.2026;PSZ_C_LBL-06;PSZ_C_LBL-06;0;0;0;0;0;0;0;0;0;
13.01.2026;PSZ_C_LBL-07;PSZ_C_LBL-07;0;0;0;0;0;0;0;0;0;
13.01.2026;PSZ_C_LBU-01;PSZ_C_LBU-01;0;0;0;0;0;0;0;0;0;
13.01.2026;PSZ_C_LBU-02;PSZ_C_LBU-02;0;0;0;0;0;0;0;0;0;
13.01.2026;PSZ_C_MAZ-01;PSZ_C_MAZ-01;0;0;0;0;0;0;0;0;0;
13.01.2026;PSZ_C_MAZ-02;PSZ_C_MAZ-02;0;0;0;0;0;0;0;0;0;
13.01.2026;PSZ_C_MAZ-03;PSZ_C_MAZ-03;0;0;0;0;0;0;0;0;0;
13.01.2026;PSZ_C_OPO-01;PSZ_C_OPO-01;0;0;0;0;0;0;0;0;0;
13.01.2026;PSZ_C_OPO-02;PSZ_C_OPO-02;0;0;0;0;0;0;0;0;0;
13.01.2026;PSZ_C_PDK-01;PSZ_C_PDK-01;0;0;0;0;0;0;0;0;0;
13.01.2026;PSZ_C_PDL-01;PSZ_C_PDL-01;0;0;0;0;0;0;0;0;0;
13.01.2026;PSZ_C_POM-01;PSZ_C_POM-01;0;0;0;0;0;0;0;0;0;
13.01.2026;PSZ_C_POM-02;PSZ_C_POM-02;0;0;0;0;0;0;0;0;0;
13.01.2026;PSZ_C_WLK-01;PSZ_C_WLK-01;0;0;0;0;0;0;0;0;0;
13.01.2026;PSZ_C_WLK-02;PSZ_C_WLK-02;0;0;0;0;0;0;0;0;0;
13.01.2026;PSZ_C_WLK-03;PSZ_C_WLK-03;0;0;0;0;0;0;0;0;0;
13.01.2026;PSZ_C_WLK-04;PSZ_C_WLK-04;0;0;0;0;0;0;0;0;0;
13.01.2026;PSZ_C_WMA-01;PSZ_C_WMA-01;0;0;0;0;0;0;0;0;0;
13.01.2026;PSZ_C_WMA-02;PSZ_C_WMA-02;0;0;0;0;0;0;0;0;0;
13.01.2026;PSZ_C_WMA-03;PSZ_C_WMA-03;0;0;0;0;0;0;0;0;0;
13.01.2026;PSZ_C_WMA-04;PSZ_C_WMA-04;0;0;0;0;0;0;0;0;0;
13.01.2026;PSZ_C_WMA-05;PSZ_C_WMA-05;0;0;0;0;0;0;0;0;0;
13.01.2026;PSZ_C_WMA-06;PSZ_C_WMA-06;0;0;0;0;0;0;0;0;0;
13.01.2026;PSZ_C_ZPO-01;PSZ_C_ZPO-01;0;0;0;0;0;0;0;0;0;
13.01.2026;PSZ_C_ZPO-02;PSZ_C_ZPO-02;0;0;0;0;0;0;0;0;0;
13.01.2026;RDN-1;RDN_14-01-26_H01;450;450;450;450;0;139;2514,7;1131615;2271,4;
13.01.2026;RDN-1;RDN_14-01-26_H02;448;438;438;448;0;152;2398,2;1074293,6;2024,4;
13.01.2026;RDN-1;RDN_14-01-26_H03;402,72;392;392;402,72;0;149;2308,7;929652,464;1988,4;
13.01.2026;RDN-1;RDN_14-01-26_H04;400;390;390;400;0;151;2400,3;960020;2092,4;
13.01.2026;RDN-1;RDN_14-01-26_H05;400;390;390;400;0;150;2552,6;1020940;2305,1;
13.01.2026;RDN-1;RDN_14-01-26_H06;420;410;410;420;0;142;2811,8;1180856;2583,1;
13.01.2026;RDN-1;RDN_14-01-26_H07;479;455;455;479;0;154;3375,6;1616516,4;3112;
13.01.2026;RDN-1;RDN_14-01-26_H08;520,8;521;520,8;521;0;160;2882,6;1501264,28;2495,6;
13.01.2026;RDN-1;RDN_14-01-26_H09;572,1;572,1;572,1;572,1;0;164;3511,1;2008700,31;3136,6;
13.01.2026;RDN-1;RDN_14-01-26_H10;587,76;587,76;587,76;587,76;0;169;3424,1;2012549,016;2980,1;
13.01.2026;RDN-1;RDN_14-01-26_H11;533,55;523;523;533,55;0;164;3353;1788887,65;3084,8;
13.01.2026;RDN-1;RDN_14-01-26_H12;550;540;540;550;0;163;3320,7;1826285;2811,4;
13.01.2026;RDN-1;RDN_14-01-26_H13;548,01;538;538;548,01;0;164;3290,5;1803133,99;2804,9;
13.01.2026;RDN-1;RDN_14-01-26_H14;562;552;552;562;0;162;3263;1833706;2742,8;
13.01.2026;RDN-1;RDN_14-01-26_H15;564,46;564,46;564,46;564,46;0;164;3053,7;1723691,502;2803,6;
13.01.2026;RDN-1;RDN_14-01-26_H16;615,5;615,5;591,5;615,5;0;158;3222,8;1983407,8;2757,6;
13.01.2026;RDN-1;RDN_14-01-26_H17;651,2;651,2;651,2;651,2;0;180;4044,3;2633648,16;3652,6;
13.01.2026;RDN-1;RDN_14-01-26_H18;728;742;728;742;0;180;4471,8;3255820,4;3901,6;
13.01.2026;RDN-1;RDN_14-01-26_H19;710;710;710;710;0;175;4347,5;3086725;3934,9;
13.01.2026;RDN-1;RDN_14-01-26_H20;660;660;660;660;0;163;3910,4;2580864;3420,2;
13.01.2026;RDN-1;RDN_14-01-26_H21;588,39;555;550;588,39;0;184;3720,4;2188028,576;3165,4;
13.01.2026;RDN-1;RDN_14-01-26_H22;520;505;505;520;0;165;2979,7;1549279;2731,6;
13.01.2026;RDN-1;RDN_14-01-26_H23;497;497;497;497;0;139;2680,9;1332407,3;2427,4;
13.01.2026;RDN-1;RDN_14-01-26_H24;470;470;470;470;0;133;2174,8;1022156;1857,5;
13.01.2026;RZP_A_LBL-01;RZP_A_LBL-01;0;0;0;0;0;0;0;0;0;
13.01.2026;SGT_BASE;SGT_BASE_14-01-26;0;0;0;0;0;0;0;0;0;
13.01.2026;SGT_RDB;SGT_RDB_13-01-26;0;0;0;0;0;0;0;0;0;
13.01.2026;ZTO_B_KUJ-02;ZTO_B_KUJ-02;0;0;0;0;0;0;0;0;0;
13.01.2026;ZTO_B_LBL-01;ZTO_B_LBL-01;0;0;0;0;0;0;0;0;0;
13.01.2026;ZTO_B_LBU-01;ZTO_B_LBU-01;0;0;0;0;0;0;0;0;0;
13.01.2026;ZTO_B_MAZ-01;ZTO_B_MAZ-01;0;0;0;0;0;0;0;0;0;
13.01.2026;ZTO_B_PDL-01;ZTO_B_PDL-01;0;0;0;0;0;0;0;0;0;
13.01.2026;ZTO_B_WLK-01;ZTO_B_WLK-01;0;0;0;0;0;0;0;0;0;
13.01.2026;ZTO_B_WLK-02;ZTO_B_WLK-02;0;0;0;0;0;0;0;0;0;
13.01.2026;ZTO_B_WMA-01;ZTO_B_WMA-01;0;0;0;0;0;0;0;0;0;
13.01.2026;ZTO_B_WMA-02;ZTO_B_WMA-02;0;0;0;0;0;0;0;0;0;
13.01.2026;ZTO_B_WMA-03;ZTO_B_WMA-03;0;0;0;0;0;0;0;0;0;
13.01.2026;ZTO_C_KUJ-02;ZTO_C_KUJ-02;0;0;0;0;0;0;0;0;0;
13.01.2026;ZTO_C_LBL-01;ZTO_C_LBL-01;0;0;0;0;0;0;0;0;0;
13.01.2026;ZTO_C_LBU-01;ZTO_C_LBU-01;0;0;0;0;0;0;0;0;0;
13.01.2026;ZTO_C_MAZ-01;ZTO_C_MAZ-01;0;0;0;0;0;0;0;0;0;
13.01.2026;ZTO_C_PDL-01;ZTO_C_PDL-01;0;0;0;0;0;0;0;0;0;
13.01.2026;ZTO_C_WLK-01;ZTO_C_WLK-01;0;0;0;0;0;0;0;0;0;
13.01.2026;ZTO_C_WLK-02;ZTO_C_WLK-02;0;0;0;0;0;0;0;0;0;
13.01.2026;ZTO_C_WMA-01;ZTO_C_WMA-01;0;0;0;0;0;0;0;0;0;
13.01.2026;ZTO_C_WMA-02;ZTO_C_WMA-02;0;0;0;0;0;0;0;0;0;
13.01.2026;ZTO_C_WMA-03;ZTO_C_WMA-03;0;0;0;0;0;0;0;0;0;
14.01.2026;BASE;BASE_15-01-26;770;765;735;770;0;65;372;6755112;300;
14.01.2026;BASE;BASE_16-01-26;640;640;640;640;0;1;2;30720;2;
14.01.2026;BASE_M;BASE_M-02-26;542,2;547;542;547;537;14;17;6214252,8;371;
14.01.2026;BASE_M;BASE_M-03-26;441;441,1;441;442;440,4;7;14;4592037,2;177;
14.01.2026;BASE_M;BASE_M-04-26;418;418;418;418;416,67;1;1;300960;5;
14.01.2026;BASE_M;BASE_M-05-26;0;0;0;0;408,43;0;0;0;0;
14.01.2026;BASE_M;BASE_M-06-26;0;0;0;0;438,32;0;0;0;0;
14.01.2026;BASE_M;BASE_M-07-26;0;0;0;0;446,35;0;0;0;0;
14.01.2026;BASE_Q;BASE_Q-1-27;0;0;0;0;469,55;0;0;0;0;
14.01.2026;BASE_Q;BASE_Q-2-26;422;422;422;422;421;1;1;921648;373;
14.01.2026;BASE_Q;BASE_Q-2-27;0;0;0;0;415,91;0;0;0;0;
14.01.2026;BASE_Q;BASE_Q-3-26;0;0;0;0;449;0;0;0;261;
14.01.2026;BASE_Q;BASE_Q-3-27;0;0;0;0;436,99;0;0;0;0;
14.01.2026;BASE_Q;BASE_Q-4-26;475;476;475;476;474,02;4;4;4203727;483;
14.01.2026;BASE_W;BASE_W-04-26;631;670;631;670;640;22;32;3540432;166;
14.01.2026;BASE_W;BASE_W-05-26;624;640;624;640;620;12;16;1690752;21;
14.01.2026;BASE_W;BASE_W-06-26;0;0;0;0;537;0;0;0;0;
14.01.2026;BASE_W;BASE_W-07-26;0;0;0;0;537;0;0;0;0;
14.01.2026;BASE_W;BASE_W-08-26;0;0;0;0;537;0;0;0;0;
14.01.2026;BASE_Y;BASE_Y-27;442;443;442;443;441;5;5;19372740;658;
14.01.2026;BASE_Y;BASE_Y-28;437;437;437;437;436,5;1;1;3838608;121;
14.01.2026;BASE_Y;BASE_Y-29;0;0;0;0;451;0;0;0;0;
14.01.2026;BASE_Y;BASE_Y-30;0;0;0;0;443,84;0;0;0;0;
14.01.2026;GAS_BASE;GAS_BASE_15-01-26;170;176,5;170;179;0;126;6320;26832687,6;5802;
14.01.2026;GAS_BASE_M;GAS_BASE_M-01-27;147,5;147;147;147,5;145,75;3;15;1643310;52;
14.01.2026;GAS_BASE_M;GAS_BASE_M-02-26;153;161;153;162;154;68;271;28668897,6;22420;
14.01.2026;GAS_BASE_M;GAS_BASE_M-03-26;149;156,75;149;157,75;149,75;15;61;6805322,75;18796;
14.01.2026;GAS_BASE_M;GAS_BASE_M-04-26;139,25;143;139,25;143,5;139,85;20;72;7348680;1403;
14.01.2026;GAS_BASE_M;GAS_BASE_M-05-26;136,25;136,5;136,25;137;134,95;6;16;1627686;179;
14.01.2026;GAS_BASE_M;GAS_BASE_M-06-26;0;0;0;0;132,81;0;0;0;51;
14.01.2026;GAS_BASE_M;GAS_BASE_M-07-26;0;0;0;0;132,74;0;0;0;6;
14.01.2026;GAS_BASE_M;GAS_BASE_M-08-26;0;0;0;0;134,01;0;0;0;10;
14.01.2026;GAS_BASE_M;GAS_BASE_M-09-26;137,5;137,5;137,5;137,5;135,75;1;1;99000;217;
14.01.2026;GAS_BASE_M;GAS_BASE_M-10-26;0;0;0;0;136,32;0;0;0;31;
14.01.2026;GAS_BASE_M;GAS_BASE_M-11-26;140,5;142;140,5;142,5;141;6;30;3061800;672;
14.01.2026;GAS_BASE_M;GAS_BASE_M-12-26;143;144,5;143;145,25;143,75;7;31;3329028;663;
14.01.2026;GAS_BASE_Q;GAS_BASE_Q-1-27;142,6;143;142,6;143,5;142,68;8;13;4011400;469;
14.01.2026;GAS_BASE_Q;GAS_BASE_Q-2-26;137,5;139;137,5;139;135,86;7;27;8185632;7487;
14.01.2026;GAS_BASE_Q;GAS_BASE_Q-2-27;0;0;0;0;125,83;0;0;0;11;
14.01.2026;GAS_BASE_Q;GAS_BASE_Q-3-26;135,5;135,5;135,4;135,5;134,15;4;15;4487539;6131;
14.01.2026;GAS_BASE_Q;GAS_BASE_Q-3-27;125;125;125;125;124,68;1;3;828000;25;
14.01.2026;GAS_BASE_Q;GAS_BASE_Q-4-26;141,5;141,5;141,5;141,9;140,35;6;9;2814465;7853;
14.01.2026;GAS_BASE_S;GAS_BASE_S-S-26;0;0;0;0;135;0;0;0;72;
14.01.2026;GAS_BASE_S;GAS_BASE_S-S-27;0;0;0;0;125,25;0;0;0;9;
14.01.2026;GAS_BASE_S;GAS_BASE_S-W-26;141,6;141,6;141,6;141,6;141,5;1;5;3092544;596;
14.01.2026;GAS_BASE_S;GAS_BASE_S-W-27;0;0;0;0;136,99;0;0;0;0;
14.01.2026;GAS_BASE_W;GAS_BASE_W-04-26;0;0;0;0;172;0;0;0;433;
14.01.2026;GAS_BASE_W;GAS_BASE_W-05-26;0;0;0;0;170;0;0;0;21;
14.01.2026;GAS_BASE_W;GAS_BASE_W-06-26;0;0;0;0;156;0;0;0;0;
14.01.2026;GAS_BASE_W;GAS_BASE_W-07-26;0;0;0;0;154;0;0;0;0;
14.01.2026;GAS_BASE_Y;GAS_BASE_Y-27;130,75;131,5;130,75;131,5;131;23;42;48341885;3690;
14.01.2026;GAS_BASE_Y;GAS_BASE_Y-28;126;126;126;126;125,25;1;2;2213568;148;
14.01.2026;GAS_BASE_Y;GAS_BASE_Y-29;0;0;0;0;120;0;0;0;11;
14.01.2026;GAS_BASE_Y;GAS_BASE_Y-30;0;0;0;0;115,99;0;0;0;5;
14.01.2026;GAS_RDB;GAS_RDB_14-01-26;170,75;176,5;170,75;178,75;0;86;28272;4962080,83;22127;
14.01.2026;GLW_BASE;GLW_BASE_15-01-26;0;0;0;0;0;0;0;0;0;
14.01.2026;GLW_RDB;GLW_RDB_14-01-26;0;0;0;0;0;0;0;0;0;
14.01.2026;KUK_A_WMA-03;KUK_A_WMA-03;0;0;0;0;0;0;0;0;0;
14.01.2026;OFFPEAK;OFFPEAK_15-01-26;0;0;0;0;0;0;0;0;0;
14.01.2026;OFFPEAK;OFFPEAK_16-01-26;0;0;0;0;0;0;0;0;0;
14.01.2026;OFFPEAK_M;OFFPEAK_M-02-26;0;0;0;0;432,16;0;0;0;0;
14.01.2026;OFFPEAK_M;OFFPEAK_M-03-26;0;0;0;0;415,06;0;0;0;0;
14.01.2026;OFFPEAK_M;OFFPEAK_M-04-26;0;0;0;0;393,16;0;0;0;0;
14.01.2026;OFFPEAK_M;OFFPEAK_M-05-26;0;0;0;0;393,66;0;0;0;0;
14.01.2026;OFFPEAK_M;OFFPEAK_M-06-26;0;0;0;0;435,19;0;0;0;0;
14.01.2026;OFFPEAK_M;OFFPEAK_M-07-26;0;0;0;0;422,06;0;0;0;0;
14.01.2026;OFFPEAK_Q;OFFPEAK_Q-1-27;0;0;0;0;424,4;0;0;0;0;
14.01.2026;OFFPEAK_Q;OFFPEAK_Q-2-26;0;0;0;0;406,91;0;0;0;0;
14.01.2026;OFFPEAK_Q;OFFPEAK_Q-2-27;0;0;0;0;407,98;0;0;0;0;
14.01.2026;OFFPEAK_Q;OFFPEAK_Q-3-26;0;0;0;0;424,62;0;0;0;0;
14.01.2026;OFFPEAK_Q;OFFPEAK_Q-3-27;0;0;0;0;420,77;0;0;0;0;
14.01.2026;OFFPEAK_Q;OFFPEAK_Q-4-26;0;0;0;0;389,5;0;0;0;0;
14.01.2026;OFFPEAK_W;OFFPEAK_W-04-26;0;0;0;0;505,48;0;0;0;0;
14.01.2026;OFFPEAK_W;OFFPEAK_W-05-26;0;0;0;0;582,1;0;0;0;0;
14.01.2026;OFFPEAK_W;OFFPEAK_W-06-26;0;0;0;0;432,16;0;0;0;0;
14.01.2026;OFFPEAK_W;OFFPEAK_W-07-26;0;0;0;0;432,16;0;0;0;0;
14.01.2026;OFFPEAK_W;OFFPEAK_W-08-26;0;0;0;0;432,16;0;0;0;0;
14.01.2026;OFFPEAK_Y;OFFPEAK_Y-27;0;0;0;0;399,73;0;0;0;0;
14.01.2026;OFFPEAK_Y;OFFPEAK_Y-28;0;0;0;0;398,24;0;0;0;0;
14.01.2026;OFFPEAK_Y;OFFPEAK_Y-29;0;0;0;0;428,41;0;0;0;0;
14.01.2026;OFFPEAK_Y;OFFPEAK_Y-30;0;0;0;0;400,89;0;0;0;0;
14.01.2026;PEAK;PEAK_15-01-26;0;0;0;0;0;0;0;0;0;
14.01.2026;PEAK;PEAK_16-01-26;0;0;0;0;0;0;0;0;0;
14.01.2026;PEAK5_M;PEAK5_M-02-26;675;680;675;680;667;3;6;1221000;155;
14.01.2026;PEAK5_M;PEAK5_M-03-26;473;473;473;473;472,11;2;2;312180;4;
14.01.2026;PEAK5_M;PEAK5_M-04-26;0;0;0;0;446,89;0;0;0;0;
14.01.2026;PEAK5_M;PEAK5_M-05-26;0;0;0;0;430,3;0;0;0;0;
14.01.2026;PEAK5_M;PEAK5_M-06-26;0;0;0;0;442,35;0;0;0;0;
14.01.2026;PEAK5_M;PEAK5_M-07-26;0;0;0;0;474,45;0;0;0;0;
14.01.2026;PEAK5_Q;PEAK5_Q-1-27;0;0;0;0;530,94;0;0;0;0;
14.01.2026;PEAK5_Q;PEAK5_Q-2-26;0;0;0;0;440;0;0;0;26;
14.01.2026;PEAK5_Q;PEAK5_Q-2-27;0;0;0;0;426,29;0;0;0;0;
14.01.2026;PEAK5_Q;PEAK5_Q-3-26;0;0;0;0;479;0;0;0;2;
14.01.2026;PEAK5_Q;PEAK5_Q-3-27;0;0;0;0;456,93;0;0;0;0;
14.01.2026;PEAK5_Q;PEAK5_Q-4-26;0;0;0;0;583,99;0;0;0;10;
14.01.2026;PEAK5_W;PEAK5_W-04-26;0;0;0;0;806,8;0;0;0;0;
14.01.2026;PEAK5_W;PEAK5_W-05-26;0;0;0;0;667;0;0;0;0;
14.01.2026;PEAK5_W;PEAK5_W-06-26;0;0;0;0;667;0;0;0;0;
14.01.2026;PEAK5_W;PEAK5_W-07-26;0;0;0;0;667;0;0;0;0;
14.01.2026;PEAK5_W;PEAK5_W-08-26;0;0;0;0;667;0;0;0;0;
14.01.2026;PEAK5_Y;PEAK5_Y-27;0;0;0;0;495;0;0;0;134;
14.01.2026;PEAK5_Y;PEAK5_Y-28;0;0;0;0;487,5;0;0;0;0;
14.01.2026;PEAK5_Y;PEAK5_Y-29;0;0;0;0;480,97;0;0;0;0;
14.01.2026;PEAK5_Y;PEAK5_Y-30;0;0;0;0;501,22;0;0;0;0;
14.01.2026;PMBG;PMBG;0;0;0;0;0;0;0;0;0;
14.01.2026;PMEF-2025;PMEF-2025;0;0;0;0;0;0;0;0;0;
14.01.2026;PMEF-2026;PMEF-2026;0;0;0;0;0;0;0;0;0;
14.01.2026;PMEF_F;PMEF_F;0;0;0;0;0;0;0;0;80388636;
14.01.2026;PMOZE;PMOZE;0;0;0;0;0;0;0;0;0;
14.01.2026;PMOZE_A;PMOZE_A;0;0;0;0;0;3;16600728;0;9085289440;
14.01.2026;PMOZE-BIO;PMOZE-BIO;0;0;0;0;0;0;0;0;522432473;
14.01.2026;PSZ_B_DLS-01;PSZ_B_DLS-01;0;0;0;0;0;0;0;0;0;
14.01.2026;PSZ_B_KUJ-01;PSZ_B_KUJ-01;0;0;0;0;0;0;0;0;0;
14.01.2026;PSZ_B_KUJ-02;PSZ_B_KUJ-02;0;0;0;0;0;0;0;0;0;
14.01.2026;PSZ_B_LBL-01;PSZ_B_LBL-01;0;0;0;0;0;0;0;0;0;
14.01.2026;PSZ_B_LBL-02;PSZ_B_LBL-02;0;0;0;0;0;0;0;0;0;
14.01.2026;PSZ_B_LBL-03;PSZ_B_LBL-03;0;0;0;0;0;0;0;0;0;
14.01.2026;PSZ_B_LBL-04;PSZ_B_LBL-04;0;0;0;0;0;0;0;0;0;
14.01.2026;PSZ_B_LBL-05;PSZ_B_LBL-05;0;0;0;0;0;0;0;0;0;
14.01.2026;PSZ_B_LBL-06;PSZ_B_LBL-06;0;0;0;0;0;0;0;0;0;
14.01.2026;PSZ_B_LBL-07;PSZ_B_LBL-07;0;0;0;0;0;0;0;0;0;
14.01.2026;PSZ_B_LBU-01;PSZ_B_LBU-01;0;0;0;0;0;0;0;0;0;
14.01.2026;PSZ_B_LBU-02;PSZ_B_LBU-02;0;0;0;0;0;0;0;0;0;
14.01.2026;PSZ_B_MAZ-01;PSZ_B_MAZ-01;0;0;0;0;0;0;0;0;0;
14.01.2026;PSZ_B_MAZ-02;PSZ_B_MAZ-02;0;0;0;0;0;0;0;0;0;
14.01.2026;PSZ_B_MAZ-03;PSZ_B_MAZ-03;0;0;0;0;0;0;0;0;0;
14.01.2026;PSZ_B_OPO-01;PSZ_B_OPO-01;0;0;0;0;0;0;0;0;0;
14.01.2026;PSZ_B_OPO-02;PSZ_B_OPO-02;0;0;0;0;0;0;0;0;0;
14.01.2026;PSZ_B_PDK-01;PSZ_B_PDK-01;0;0;0;0;0;0;0;0;0;
14.01.2026;PSZ_B_PDL-01;PSZ_B_PDL-01;0;0;0;0;0;0;0;0;0;
14.01.2026;PSZ_B_POM-01;PSZ_B_POM-01;0;0;0;0;0;0;0;0;0;
14.01.2026;PSZ_B_POM-02;PSZ_B_POM-02;0;0;0;0;0;0;0;0;0;
14.01.2026;PSZ_B_WLK-01;PSZ_B_WLK-01;0;0;0;0;0;0;0;0;0;
14.01.2026;PSZ_B_WLK-02;PSZ_B_WLK-02;0;0;0;0;0;0;0;0;0;
14.01.2026;PSZ_B_WLK-03;PSZ_B_WLK-03;0;0;0;0;0;0;0;0;0;
14.01.2026;PSZ_B_WLK-04;PSZ_B_WLK-04;0;0;0;0;0;0;0;0;0;
14.01.2026;PSZ_B_WMA-01;PSZ_B_WMA-01;0;0;0;0;0;0;0;0;0;
14.01.2026;PSZ_B_WMA-02;PSZ_B_WMA-02;0;0;0;0;0;0;0;0;0;
14.01.2026;PSZ_B_WMA-03;PSZ_B_WMA-03;0;0;0;0;0;0;0;0;0;
14.01.2026;PSZ_B_WMA-04;PSZ_B_WMA-04;0;0;0;0;0;0;0;0;0;
14.01.2026;PSZ_B_WMA-05;PSZ_B_WMA-05;0;0;0;0;0;0;0;0;0;
14.01.2026;PSZ_B_WMA-06;PSZ_B_WMA-06;0;0;0;0;0;0;0;0;0;
14.01.2026;PSZ_B_ZPO-01;PSZ_B_ZPO-01;0;0;0;0;0;0;0;0;0;
14.01.2026;PSZ_B_ZPO-02;PSZ_B_ZPO-02;0;0;0;0;0;0;0;0;0;
14.01.2026;PSZ_C_DLS-01;PSZ_C_DLS-01;0;0;0;0;0;0;0;0;0;
14.01.2026;PSZ_C_KUJ-01;PSZ_C_KUJ-01;0;0;0;0;0;0;0;0;0;
14.01.2026;PSZ_C_KUJ-02;PSZ_C_KUJ-02;0;0;0;0;0;0;0;0;0;
14.01.2026;PSZ_C_LBL-01;PSZ_C_LBL-01;0;0;0;0;0;0;0;0;0;
14.01.2026;PSZ_C_LBL-02;PSZ_C_LBL-02;0;0;0;0;0;0;0;0;0;
14.01.2026;PSZ_C_LBL-03;PSZ_C_LBL-03;0;0;0;0;0;0;0;0;0;
14.01.2026;PSZ_C_LBL-04;PSZ_C_LBL-04;0;0;0;0;0;0;0;0;0;
14.01.2026;PSZ_C_LBL-05;PSZ_C_LBL-05;0;0;0;0;0;0;0;0;0;
14.01.2026;PSZ_C_LBL-06;PSZ_C_LBL-06;0;0;0;0;0;0;0;0;0;
14.01.2026;PSZ_C_LBL-07;PSZ_C_LBL-07;0;0;0;0;0;0;0;0;0;
14.01.2026;PSZ_C_LBU-01;PSZ_C_LBU-01;0;0;0;0;0;0;0;0;0;
14.01.2026;PSZ_C_LBU-02;PSZ_C_LBU-02;0;0;0;0;0;0;0;0;0;
14.01.2026;PSZ_C_MAZ-01;PSZ_C_MAZ-01;0;0;0;0;0;0;0;0;0;
14.01.2026;PSZ_C_MAZ-02;PSZ_C_MAZ-02;0;0;0;0;0;0;0;0;0;
14.01.2026;PSZ_C_MAZ-03;PSZ_C_MAZ-03;0;0;0;0;0;0;0;0;0;
14.01.2026;PSZ_C_OPO-01;PSZ_C_OPO-01;0;0;0;0;0;0;0;0;0;
14.01.2026;PSZ_C_OPO-02;PSZ_C_OPO-02;0;0;0;0;0;0;0;0;0;
14.01.2026;PSZ_C_PDK-01;PSZ_C_PDK-01;0;0;0;0;0;0;0;0;0;
14.01.2026;PSZ_C_PDL-01;PSZ_C_PDL-01;0;0;0;0;0;0;0;0;0;
14.01.2026;PSZ_C_POM-01;PSZ_C_POM-01;0;0;0;0;0;0;0;0;0;
14.01.2026;PSZ_C_POM-02;PSZ_C_POM-02;0;0;0;0;0;0;0;0;0;
14.01.2026;PSZ_C_WLK-01;PSZ_C_WLK-01;0;0;0;0;0;0;0;0;0;
14.01.2026;PSZ_C_WLK-02;PSZ_C_WLK-02;0;0;0;0;0;0;0;0;0;
14.01.2026;PSZ_C_WLK-03;PSZ_C_WLK-03;0;0;0;0;0;0;0;0;0;
14.01.2026;PSZ_C_WLK-04;PSZ_C_WLK-04;0;0;0;0;0;0;0;0;0;
14.01.2026;PSZ_C_WMA-01;PSZ_C_WMA-01;0;0;0;0;0;0;0;0;0;
14.01.2026;PSZ_C_WMA-02;PSZ_C_WMA-02;0;0;0;0;0;0;0;0;0;
14.01.2026;PSZ_C_WMA-03;PSZ_C_WMA-03;0;0;0;0;0;0;0;0;0;
14.01.2026;PSZ_C_WMA-04;PSZ_C_WMA-04;0;0;0;0;0;0;0;0;0;
14.01.2026;PSZ_C_WMA-05;PSZ_C_WMA-05;0;0;0;0;0;0;0;0;0;
14.01.2026;PSZ_C_WMA-06;PSZ_C_WMA-06;0;0;0;0;0;0;0;0;0;
14.01.2026;PSZ_C_ZPO-01;PSZ_C_ZPO-01;0;0;0;0;0;0;0;0;0;
14.01.2026;PSZ_C_ZPO-02;PSZ_C_ZPO-02;0;0;0;0;0;0;0;0;0;
14.01.2026;RDN-1;RDN_15-01-26_H01;490;490;490;490;0;134;2204,1;1080009;1770,5;
14.01.2026;RDN-1;RDN_15-01-26_H02;494;490;490;494;0;146;2558,7;1263917,8;2229,4;
14.01.2026;RDN-1;RDN_15-01-26_H03;502;502;502;502;0;148;2629,2;1319858,4;2130,8;
14.01.2026;RDN-1;RDN_15-01-26_H04;502;502;502;502;0;144;2728,6;1369757,2;2233,7;
14.01.2026;RDN-1;RDN_15-01-26_H05;502;502;502;502;0;156;2859,2;1435318,4;2332,5;
14.01.2026;RDN-1;RDN_15-01-26_H06;498,5;483,5;483,5;498,5;0;140;2911,6;1451282,6;2343,9;
14.01.2026;RDN-1;RDN_15-01-26_H07;684,25;669,25;669,25;684,25;0;174;4145,5;2836333,375;3580,6;
14.01.2026;RDN-1;RDN_15-01-26_H08;1195,9;1110;1100;1195,9;0;178;3650,7;4363888,23;3240,3;
14.01.2026;RDN-1;RDN_15-01-26_H09;1450;1410;1410;1450;0;170;4189,9;6072835;3755;
14.01.2026;RDN-1;RDN_15-01-26_H10;1310;1251;1250;1310;0;172;4110,1;5382674;3843;
14.01.2026;RDN-1;RDN_15-01-26_H11;1002,45;960;960;1002,45;0;189;3861,1;3870432,345;3501,3;
14.01.2026;RDN-1;RDN_15-01-26_H12;1098,89;1090;1090;1110;0;176;4107,1;4513335,549;3767,2;
14.01.2026;RDN-1;RDN_15-01-26_H13;963,86;960;960;973;0;169;4026,5;3881062,11;3626,8;
14.01.2026;RDN-1;RDN_15-01-26_H14;1000;950;950;1010;0;178;4097,4;4097350;3674,5;
14.01.2026;RDN-1;RDN_15-01-26_H15;900;900;900;900;0;163;3778,4;3400560;3182,1;
14.01.2026;RDN-1;RDN_15-01-26_H16;907,24;907,24;907,24;907,24;0;150;3628,9;3292283,236;3129,5;
14.01.2026;RDN-1;RDN_15-01-26_H17;1062,22;1000;1000;1062,22;0;160;3707,5;3937993,99;3356,6;
14.01.2026;RDN-1;RDN_15-01-26_H18;952,6;900;900;952,6;0;158;3706,8;3530939,88;3171;
14.01.2026;RDN-1;RDN_15-01-26_H19;797,98;782,98;782,98;797,98;0;148;3554,9;2836514,102;3037,5;
14.01.2026;RDN-1;RDN_15-01-26_H20;690;690;690;690;0;142;3609,6;2490624;3229,6;
14.01.2026;RDN-1;RDN_15-01-26_H21;550,11;550,11;550,11;550,11;0;129;3507,8;1929675,858;2971,2;
14.01.2026;RDN-1;RDN_15-01-26_H22;494;494;494;494;0;131;3220,9;1591124,6;2847,7;
14.01.2026;RDN-1;RDN_15-01-26_H23;491;491;491;491;0;148;3425,6;1681969,6;2962;
14.01.2026;RDN-1;RDN_15-01-26_H24;487,99;487,99;487,99;487,99;0;138;2736,2;1335238,238;2417,6;
14.01.2026;RZP_A_LBL-01;RZP_A_LBL-01;0;0;0;0;0;0;0;0;0;
14.01.2026;SGT_BASE;SGT_BASE_15-01-26;0;0;0;0;0;0;0;0;0;
14.01.2026;SGT_RDB;SGT_RDB_14-01-26;0;0;0;0;0;0;0;0;0;
14.01.2026;ZTO_B_KUJ-02;ZTO_B_KUJ-02;0;0;0;0;0;0;0;0;0;
14.01.2026;ZTO_B_LBL-01;ZTO_B_LBL-01;0;0;0;0;0;0;0;0;0;
14.01.2026;ZTO_B_LBU-01;ZTO_B_LBU-01;0;0;0;0;0;0;0;0;0;
14.01.2026;ZTO_B_MAZ-01;ZTO_B_MAZ-01;0;0;0;0;0;0;0;0;0;
14.01.2026;ZTO_B_PDL-01;ZTO_B_PDL-01;0;0;0;0;0;0;0;0;0;
14.01.2026;ZTO_B_WLK-01;ZTO_B_WLK-01;0;0;0;0;0;0;0;0;0;
14.01.2026;ZTO_B_WLK-02;ZTO_B_WLK-02;0;0;0;0;0;0;0;0;0;
14.01.2026;ZTO_B_WMA-01;ZTO_B_WMA-01;0;0;0;0;0;0;0;0;0;
14.01.2026;ZTO_B_WMA-02;ZTO_B_WMA-02;0;0;0;0;0;0;0;0;0;
14.01.2026;ZTO_B_WMA-03;ZTO_B_WMA-03;0;0;0;0;0;0;0;0;0;
14.01.2026;ZTO_C_KUJ-02;ZTO_C_KUJ-02;0;0;0;0;0;0;0;0;0;
14.01.2026;ZTO_C_LBL-01;ZTO_C_LBL-01;0;0;0;0;0;0;0;0;0;
14.01.2026;ZTO_C_LBU-01;ZTO_C_LBU-01;0;0;0;0;0;0;0;0;0;
14.01.2026;ZTO_C_MAZ-01;ZTO_C_MAZ-01;0;0;0;0;0;0;0;0;0;
14.01.2026;ZTO_C_PDL-01;ZTO_C_PDL-01;0;0;0;0;0;0;0;0;0;
14.01.2026;ZTO_C_WLK-01;ZTO_C_WLK-01;0;0;0;0;0;0;0;0;0;
14.01.2026;ZTO_C_WLK-02;ZTO_C_WLK-02;0;0;0;0;0;0;0;0;0;
14.01.2026;ZTO_C_WMA-01;ZTO_C_WMA-01;0;0;0;0;0;0;0;0;0;
14.01.2026;ZTO_C_WMA-02;ZTO_C_WMA-02;0;0;0;0;0;0;0;0;0;
14.01.2026;ZTO_C_WMA-03;ZTO_C_WMA-03;0;0;0;0;0;0;0;0;0;
15.01.2026;BASE;BASE_16-01-26;500;518;500;520;0;41;199;2403408;134;
15.01.2026;BASE;BASE_17-01-26;0;0;0;0;0;0;0;0;0;
15.01.2026;BASE_M;BASE_M-02-26;558;561;558;563,5;546;24;32;12058905,6;379;
15.01.2026;BASE_M;BASE_M-03-26;447;448;447;450;441,72;13;23;7666645,5;195;
15.01.2026;BASE_M;BASE_M-04-26;0;0;0;0;418;0;0;0;5;
15.01.2026;BASE_M;BASE_M-05-26;0;0;0;0;409,91;0;0;0;0;
15.01.2026;BASE_M;BASE_M-06-26;0;0;0;0;438,49;0;0;0;0;
15.01.2026;BASE_M;BASE_M-07-26;0;0;0;0;446,85;0;0;0;0;
15.01.2026;BASE_Q;BASE_Q-1-27;0;0;0;0;460;0;0;0;0;
15.01.2026;BASE_Q;BASE_Q-2-26;423,5;427;423,5;427;422;13;23;21334404;375;
15.01.2026;BASE_Q;BASE_Q-2-27;0;0;0;0;417,13;0;0;0;0;
15.01.2026;BASE_Q;BASE_Q-3-26;455;455;455;455;449,5;12;12;12055680;268;
15.01.2026;BASE_Q;BASE_Q-3-27;0;0;0;0;438,28;0;0;0;0;
15.01.2026;BASE_Q;BASE_Q-4-26;487,1;485,1;485;487,1;476;9;9;9657085;480;
15.01.2026;BASE_W;BASE_W-04-26;700;720;700;725;670;27;66;7970592;202;
15.01.2026;BASE_W;BASE_W-05-26;674;720;674;720;634;6;14;1668576;26;
15.01.2026;BASE_W;BASE_W-06-26;0;0;0;0;546;0;0;0;0;
15.01.2026;BASE_W;BASE_W-07-26;0;0;0;0;546;0;0;0;0;
15.01.2026;BASE_W;BASE_W-08-26;0;0;0;0;546;0;0;0;0;
15.01.2026;BASE_WEEKEND;BASE_WEEKEND_03-26;0;0;0;0;0;0;0;0;0;
15.01.2026;BASE_Y;BASE_Y-27;448,5;448;448;449;442,3;15;16;62812266;667;
15.01.2026;BASE_Y;BASE_Y-28;438;438;438;438;437;3;3;11542176;119;
15.01.2026;BASE_Y;BASE_Y-29;0;0;0;0;435;0;0;0;0;
15.01.2026;BASE_Y;BASE_Y-30;0;0;0;0;434,34;0;0;0;0;
15.01.2026;F-OZE;F-OZE_05-26;0;0;0;0;26,9;0;0;0;0;
15.01.2026;F-OZE;F-OZE_05-27;0;0;0;0;26,9;0;0;0;0;
15.01.2026;F-OZE;F-OZE_11-26;0;0;0;0;26,9;0;0;0;0;
15.01.2026;F-OZE;F-OZE_11-27;0;0;0;0;26,9;0;0;0;0;
15.01.2026;GAS_BASE;GAS_BASE_16-01-26;178,99;175,15;175,15;180,5;0;126;5533;23879760,96;4745;
15.01.2026;GAS_BASE_M;GAS_BASE_M-01-27;146,5;146,75;146,25;146,75;147;5;10;1089960;62;
15.01.2026;GAS_BASE_M;GAS_BASE_M-02-26;161,5;162,75;161,25;164;161;95;408;44659608;22792;
15.01.2026;GAS_BASE_M;GAS_BASE_M-03-26;158,45;158,5;158,45;158,5;156,5;5;6;706481,55;18801;
15.01.2026;GAS_BASE_M;GAS_BASE_M-04-26;143,75;146;143,75;147,5;143,27;16;66;6939900;1463;
15.01.2026;GAS_BASE_M;GAS_BASE_M-05-26;141;140,5;140,25;141;137,01;3;15;1568910;184;
15.01.2026;GAS_BASE_M;GAS_BASE_M-06-26;137,75;137,75;137,75;137,75;134,36;1;1;99180;52;
15.01.2026;GAS_BASE_M;GAS_BASE_M-07-26;0;0;0;0;133,75;0;0;0;6;
15.01.2026;GAS_BASE_M;GAS_BASE_M-08-26;0;0;0;0;135,22;0;0;0;10;
15.01.2026;GAS_BASE_M;GAS_BASE_M-09-26;0;0;0;0;137,5;0;0;0;217;
15.01.2026;GAS_BASE_M;GAS_BASE_M-10-26;0;0;0;0;138,12;0;0;0;31;
15.01.2026;GAS_BASE_M;GAS_BASE_M-11-26;141,5;142;141,5;142,75;142;10;31;3169260;703;
15.01.2026;GAS_BASE_M;GAS_BASE_M-12-26;144,25;145;144,25;145,5;144,75;11;32;3445092;695;
15.01.2026;GAS_BASE_Q;GAS_BASE_Q-1-27;144;143,5;143,5;144;143,33;2;6;1864297;475;
15.01.2026;GAS_BASE_Q;GAS_BASE_Q-2-26;140,5;142;140,5;142;138,2;7;28;8633352;7515;
15.01.2026;GAS_BASE_Q;GAS_BASE_Q-2-27;0;0;0;0;125,01;0;0;0;11;
15.01.2026;GAS_BASE_Q;GAS_BASE_Q-3-26;137;137,5;137;138;135,47;4;12;3647616;6143;
15.01.2026;GAS_BASE_Q;GAS_BASE_Q-3-27;0;0;0;0;124,99;0;0;0;25;
15.01.2026;GAS_BASE_Q;GAS_BASE_Q-4-26;143;143;143;143;141,62;2;2;631774;7853;
15.01.2026;GAS_BASE_S;GAS_BASE_S-S-26;0;0;0;0;136,83;0;0;0;72;
15.01.2026;GAS_BASE_S;GAS_BASE_S-S-27;0;0;0;0;125;0;0;0;9;
15.01.2026;GAS_BASE_S;GAS_BASE_S-W-26;142,5;143;142,5;143;142,46;2;10;6235320;606;
15.01.2026;GAS_BASE_S;GAS_BASE_S-W-27;135;135;135;135;140,48;1;1;592920;1;
15.01.2026;GAS_BASE_W;GAS_BASE_W-04-26;180;180;180;180,5;176,13;25;627;18965948,4;1058;
15.01.2026;GAS_BASE_W;GAS_BASE_W-05-26;0;0;0;0;174;0;0;0;21;
15.01.2026;GAS_BASE_W;GAS_BASE_W-06-26;0;0;0;0;161;0;0;0;0;
15.01.2026;GAS_BASE_W;GAS_BASE_W-07-26;0;0;0;0;161;0;0;0;0;
15.01.2026;GAS_BASE_Y;GAS_BASE_Y-27;130,5;130,5;130;130,5;131,5;16;27;30826440;3716;
15.01.2026;GAS_BASE_Y;GAS_BASE_Y-28;123,75;123,75;123,75;123,75;126;2;4;4348080;152;
15.01.2026;GAS_BASE_Y;GAS_BASE_Y-29;0;0;0;0;121;0;0;0;11;
15.01.2026;GAS_BASE_Y;GAS_BASE_Y-30;0;0;0;0;116,55;0;0;0;5;
15.01.2026;GAS_RDB;GAS_RDB_15-01-26;180,99;172,5;170;182;0;110;29527;5189729,61;25796;
15.01.2026;GAS_WEEKEND;GAS_WEEKEND_03-26;181;181;181;181;0;1;3;26064;3;
15.01.2026;GLW_BASE;GLW_BASE_16-01-26;0;0;0;0;0;0;0;0;0;
15.01.2026;GLW_RDB;GLW_RDB_15-01-26;0;0;0;0;0;0;0;0;0;
15.01.2026;KUK_A_WMA-03;KUK_A_WMA-03;0;0;0;0;0;0;0;0;0;
15.01.2026;OFFPEAK;OFFPEAK_16-01-26;0;0;0;0;0;0;0;0;0;
15.01.2026;OFFPEAK;OFFPEAK_17-01-26;0;0;0;0;0;0;0;0;0;
15.01.2026;OFFPEAK_M;OFFPEAK_M-02-26;0;0;0;0;439,28;0;0;0;0;
15.01.2026;OFFPEAK_M;OFFPEAK_M-03-26;0;0;0;0;416,73;0;0;0;0;
15.01.2026;OFFPEAK_M;OFFPEAK_M-04-26;0;0;0;0;402,64;0;0;0;0;
15.01.2026;OFFPEAK_M;OFFPEAK_M-05-26;0;0;0;0;402,08;0;0;0;0;
15.01.2026;OFFPEAK_M;OFFPEAK_M-06-26;0;0;0;0;442,53;0;0;0;0;
15.01.2026;OFFPEAK_M;OFFPEAK_M-07-26;0;0;0;0;432,83;0;0;0;0;
15.01.2026;OFFPEAK_Q;OFFPEAK_Q-1-27;0;0;0;0;400,53;0;0;0;0;
15.01.2026;OFFPEAK_Q;OFFPEAK_Q-2-26;0;0;0;0;415,33;0;0;0;0;
15.01.2026;OFFPEAK_Q;OFFPEAK_Q-2-27;0;0;0;0;404,07;0;0;0;0;
15.01.2026;OFFPEAK_Q;OFFPEAK_Q-3-26;0;0;0;0;434,87;0;0;0;0;
15.01.2026;OFFPEAK_Q;OFFPEAK_Q-3-27;0;0;0;0;416,17;0;0;0;0;
15.01.2026;OFFPEAK_Q;OFFPEAK_Q-4-26;0;0;0;0;396,06;0;0;0;0;
15.01.2026;OFFPEAK_W;OFFPEAK_W-04-26;0;0;0;0;548,62;0;0;0;0;
15.01.2026;OFFPEAK_W;OFFPEAK_W-05-26;0;0;0;0;598,25;0;0;0;0;
15.01.2026;OFFPEAK_W;OFFPEAK_W-06-26;0;0;0;0;439,28;0;0;0;0;
15.01.2026;OFFPEAK_W;OFFPEAK_W-07-26;0;0;0;0;439,28;0;0;0;0;
15.01.2026;OFFPEAK_W;OFFPEAK_W-08-26;0;0;0;0;439,28;0;0;0;0;
15.01.2026;OFFPEAK_Y;OFFPEAK_Y-27;0;0;0;0;394,95;0;0;0;0;
15.01.2026;OFFPEAK_Y;OFFPEAK_Y-28;0;0;0;0;403,89;0;0;0;0;
15.01.2026;OFFPEAK_Y;OFFPEAK_Y-29;0;0;0;0;405,75;0;0;0;0;
15.01.2026;OFFPEAK_Y;OFFPEAK_Y-30;0;0;0;0;374,8;0;0;0;0;
15.01.2026;OFFP_WEEKEND;OFFP_WEEKEND_03-26;0;0;0;0;0;0;0;0;0;
15.01.2026;PEAK;PEAK_16-01-26;0;0;0;0;0;0;0;0;0;
15.01.2026;PEAK;PEAK_17-01-26;0;0;0;0;0;0;0;0;0;
15.01.2026;PEAK5_M;PEAK5_M-02-26;698;708;698;708;678,33;7;12;2535000;162;
15.01.2026;PEAK5_M;PEAK5_M-03-26;0;0;0;0;473;0;0;0;4;
15.01.2026;PEAK5_M;PEAK5_M-04-26;0;0;0;0;437,75;0;0;0;0;
15.01.2026;PEAK5_M;PEAK5_M-05-26;0;0;0;0;421,5;0;0;0;0;
15.01.2026;PEAK5_M;PEAK5_M-06-26;0;0;0;0;433,3;0;0;0;0;
15.01.2026;PEAK5_M;PEAK5_M-07-26;0;0;0;0;463,06;0;0;0;0;
15.01.2026;PEAK5_Q;PEAK5_Q-1-27;0;0;0;0;540,86;0;0;0;0;
15.01.2026;PEAK5_Q;PEAK5_Q-2-26;444;444;444;444;431;1;1;412920;26;
15.01.2026;PEAK5_Q;PEAK5_Q-2-27;0;0;0;0;434,26;0;0;0;0;
15.01.2026;PEAK5_Q;PEAK5_Q-3-26;480;500;480;500;467,5;2;2;970200;3;
15.01.2026;PEAK5_Q;PEAK5_Q-3-27;0;0;0;0;465,47;0;0;0;0;
15.01.2026;PEAK5_Q;PEAK5_Q-4-26;595;595;595;595;580;2;2;1142400;12;
15.01.2026;PEAK5_W;PEAK5_W-04-26;0;0;0;0;820,51;0;0;0;0;
15.01.2026;PEAK5_W;PEAK5_W-05-26;0;0;0;0;678,33;0;0;0;0;
15.01.2026;PEAK5_W;PEAK5_W-06-26;0;0;0;0;678,33;0;0;0;0;
15.01.2026;PEAK5_W;PEAK5_W-07-26;0;0;0;0;678,33;0;0;0;0;
15.01.2026;PEAK5_W;PEAK5_W-08-26;0;0;0;0;678,33;0;0;0;0;
15.01.2026;PEAK5_Y;PEAK5_Y-27;0;0;0;0;504,25;0;0;0;134;
15.01.2026;PEAK5_Y;PEAK5_Y-28;0;0;0;0;481,14;0;0;0;0;
15.01.2026;PEAK5_Y;PEAK5_Y-29;0;0;0;0;473,8;0;0;0;0;
15.01.2026;PEAK5_Y;PEAK5_Y-30;0;0;0;0;513,88;0;0;0;0;
15.01.2026;PEAK_WEEKEND;PEAK_WEEKEND_03-26;0;0;0;0;0;0;0;0;0;
15.01.2026;PMBG;PMBG;0;0;0;0;0;0;0;0;0;
15.01.2026;PMEF-2025;PMEF-2025;0;0;0;0;0;0;0;0;0;
15.01.2026;PMEF-2026;PMEF-2026;0;0;0;0;0;0;0;0;0;
15.01.2026;PMEF_F;PMEF_F;2327,05;2328;2327,02;2328;0;36;1934695;4502716111;80388636;
15.01.2026;PMOZE;PMOZE;0;0;0;0;0;0;0;0;0;
15.01.2026;PMOZE_A;PMOZE_A;26,5;26,1;26;26,5;0;51;32667492;859442138;9085289440;
15.01.2026;PMOZE-BIO;PMOZE-BIO;300,03;300,03;300,03;310;0;12;1744944;523670694;522432473;
15.01.2026;PSZ_B_DLS-01;PSZ_B_DLS-01;0;0;0;0;0;0;0;0;0;
15.01.2026;PSZ_B_KUJ-01;PSZ_B_KUJ-01;0;0;0;0;0;0;0;0;0;
15.01.2026;PSZ_B_KUJ-02;PSZ_B_KUJ-02;0;0;0;0;0;0;0;0;0;
15.01.2026;PSZ_B_LBL-01;PSZ_B_LBL-01;0;0;0;0;0;0;0;0;0;
15.01.2026;PSZ_B_LBL-02;PSZ_B_LBL-02;0;0;0;0;0;0;0;0;0;
15.01.2026;PSZ_B_LBL-03;PSZ_B_LBL-03;0;0;0;0;0;0;0;0;0;
15.01.2026;PSZ_B_LBL-04;PSZ_B_LBL-04;0;0;0;0;0;0;0;0;0;
15.01.2026;PSZ_B_LBL-05;PSZ_B_LBL-05;0;0;0;0;0;0;0;0;0;
15.01.2026;PSZ_B_LBL-06;PSZ_B_LBL-06;0;0;0;0;0;0;0;0;0;
15.01.2026;PSZ_B_LBL-07;PSZ_B_LBL-07;0;0;0;0;0;0;0;0;0;
15.01.2026;PSZ_B_LBU-01;PSZ_B_LBU-01;0;0;0;0;0;0;0;0;0;
15.01.2026;PSZ_B_LBU-02;PSZ_B_LBU-02;0;0;0;0;0;0;0;0;0;
15.01.2026;PSZ_B_MAZ-01;PSZ_B_MAZ-01;0;0;0;0;0;0;0;0;0;
15.01.2026;PSZ_B_MAZ-02;PSZ_B_MAZ-02;0;0;0;0;0;0;0;0;0;
15.01.2026;PSZ_B_MAZ-03;PSZ_B_MAZ-03;0;0;0;0;0;0;0;0;0;
15.01.2026;PSZ_B_OPO-01;PSZ_B_OPO-01;0;0;0;0;0;0;0;0;0;
15.01.2026;PSZ_B_OPO-02;PSZ_B_OPO-02;0;0;0;0;0;0;0;0;0;
15.01.2026;PSZ_B_PDK-01;PSZ_B_PDK-01;0;0;0;0;0;0;0;0;0;
15.01.2026;PSZ_B_PDL-01;PSZ_B_PDL-01;0;0;0;0;0;0;0;0;0;
15.01.2026;PSZ_B_POM-01;PSZ_B_POM-01;0;0;0;0;0;0;0;0;0;
15.01.2026;PSZ_B_POM-02;PSZ_B_POM-02;0;0;0;0;0;0;0;0;0;
15.01.2026;PSZ_B_WLK-01;PSZ_B_WLK-01;0;0;0;0;0;0;0;0;0;
15.01.2026;PSZ_B_WLK-02;PSZ_B_WLK-02;0;0;0;0;0;0;0;0;0;
15.01.2026;PSZ_B_WLK-03;PSZ_B_WLK-03;0;0;0;0;0;0;0;0;0;
15.01.2026;PSZ_B_WLK-04;PSZ_B_WLK-04;0;0;0;0;0;0;0;0;0;
15.01.2026;PSZ_B_WMA-01;PSZ_B_WMA-01;0;0;0;0;0;0;0;0;0;
15.01.2026;PSZ_B_WMA-02;PSZ_B_WMA-02;0;0;0;0;0;0;0;0;0;
15.01.2026;PSZ_B_WMA-03;PSZ_B_WMA-03;0;0;0;0;0;0;0;0;0;
15.01.2026;PSZ_B_WMA-04;PSZ_B_WMA-04;0;0;0;0;0;0;0;0;0;
15.01.2026;PSZ_B_WMA-05;PSZ_B_WMA-05;0;0;0;0;0;0;0;0;0;
15.01.2026;PSZ_B_WMA-06;PSZ_B_WMA-06;0;0;0;0;0;0;0;0;0;
15.01.2026;PSZ_B_ZPO-01;PSZ_B_ZPO-01;0;0;0;0;0;0;0;0;0;
15.01.2026;PSZ_B_ZPO-02;PSZ_B_ZPO-02;0;0;0;0;0;0;0;0;0;
15.01.2026;PSZ_C_DLS-01;PSZ_C_DLS-01;0;0;0;0;0;0;0;0;0;
15.01.2026;PSZ_C_KUJ-01;PSZ_C_KUJ-01;0;0;0;0;0;0;0;0;0;
15.01.2026;PSZ_C_KUJ-02;PSZ_C_KUJ-02;0;0;0;0;0;0;0;0;0;
15.01.2026;PSZ_C_LBL-01;PSZ_C_LBL-01;0;0;0;0;0;0;0;0;0;
15.01.2026;PSZ_C_LBL-02;PSZ_C_LBL-02;0;0;0;0;0;0;0;0;0;
15.01.2026;PSZ_C_LBL-03;PSZ_C_LBL-03;0;0;0;0;0;0;0;0;0;
15.01.2026;PSZ_C_LBL-04;PSZ_C_LBL-04;0;0;0;0;0;0;0;0;0;
15.01.2026;PSZ_C_LBL-05;PSZ_C_LBL-05;0;0;0;0;0;0;0;0;0;
15.01.2026;PSZ_C_LBL-06;PSZ_C_LBL-06;0;0;0;0;0;0;0;0;0;
15.01.2026;PSZ_C_LBL-07;PSZ_C_LBL-07;0;0;0;0;0;0;0;0;0;
15.01.2026;PSZ_C_LBU-01;PSZ_C_LBU-01;0;0;0;0;0;0;0;0;0;
15.01.2026;PSZ_C_LBU-02;PSZ_C_LBU-02;0;0;0;0;0;0;0;0;0;
15.01.2026;PSZ_C_MAZ-01;PSZ_C_MAZ-01;0;0;0;0;0;0;0;0;0;
15.01.2026;PSZ_C_MAZ-02;PSZ_C_MAZ-02;0;0;0;0;0;0;0;0;0;
15.01.2026;PSZ_C_MAZ-03;PSZ_C_MAZ-03;0;0;0;0;0;0;0;0;0;
15.01.2026;PSZ_C_OPO-01;PSZ_C_OPO-01;0;0;0;0;0;0;0;0;0;
15.01.2026;PSZ_C_OPO-02;PSZ_C_OPO-02;0;0;0;0;0;0;0;0;0;
15.01.2026;PSZ_C_PDK-01;PSZ_C_PDK-01;0;0;0;0;0;0;0;0;0;
15.01.2026;PSZ_C_PDL-01;PSZ_C_PDL-01;0;0;0;0;0;0;0;0;0;
15.01.2026;PSZ_C_POM-01;PSZ_C_POM-01;0;0;0;0;0;0;0;0;0;
15.01.2026;PSZ_C_POM-02;PSZ_C_POM-02;0;0;0;0;0;0;0;0;0;
15.01.2026;PSZ_C_WLK-01;PSZ_C_WLK-01;0;0;0;0;0;0;0;0;0;
15.01.2026;PSZ_C_WLK-02;PSZ_C_WLK-02;0;0;0;0;0;0;0;0;0;
15.01.2026;PSZ_C_WLK-03;PSZ_C_WLK-03;0;0;0;0;0;0;0;0;0;
15.01.2026;PSZ_C_WLK-04;PSZ_C_WLK-04;0;0;0;0;0;0;0;0;0;
15.01.2026;PSZ_C_WMA-01;PSZ_C_WMA-01;0;0;0;0;0;0;0;0;0;
15.01.2026;PSZ_C_WMA-02;PSZ_C_WMA-02;0;0;0;0;0;0;0;0;0;
15.01.2026;PSZ_C_WMA-03;PSZ_C_WMA-03;0;0;0;0;0;0;0;0;0;
15.01.2026;PSZ_C_WMA-04;PSZ_C_WMA-04;0;0;0;0;0;0;0;0;0;
15.01.2026;PSZ_C_WMA-05;PSZ_C_WMA-05;0;0;0;0;0;0;0;0;0;
15.01.2026;PSZ_C_WMA-06;PSZ_C_WMA-06;0;0;0;0;0;0;0;0;0;
15.01.2026;PSZ_C_ZPO-01;PSZ_C_ZPO-01;0;0;0;0;0;0;0;0;0;
15.01.2026;PSZ_C_ZPO-02;PSZ_C_ZPO-02;0;0;0;0;0;0;0;0;0;
15.01.2026;RDN-1;RDN_16-01-26_H01;472,16;472,16;472,16;472,16;0;142;2386,3;1126715,408;2088,7;
15.01.2026;RDN-1;RDN_16-01-26_H02;452,01;442;442;452,01;0;135;2232,4;1008967,024;1822,9;
15.01.2026;RDN-1;RDN_16-01-26_H03;438;428;428;438;0;132;2103,3;921145,4;1762,8;
15.01.2026;RDN-1;RDN_16-01-26_H04;440;430;430;440;0;134;2142,6;942644;1820,6;
15.01.2026;RDN-1;RDN_16-01-26_H05;432,09;432,09;432,09;432,09;0;139;2340,7;1011393,063;2137,1;
15.01.2026;RDN-1;RDN_16-01-26_H06;464,7;464,7;464,7;464,7;0;141;2622,7;1218768,69;2302,8;
15.01.2026;RDN-1;RDN_16-01-26_H07;514;514;514;514;0;143;3560,5;1830097;3351,9;
15.01.2026;RDN-1;RDN_16-01-26_H08;561,79;561,79;561,79;561,79;0;146;3186,1;1789919,119;2810,3;
15.01.2026;RDN-1;RDN_16-01-26_H09;573,13;573,13;573,13;573,13;0;144;3603,5;2065273,955;3246,7;
15.01.2026;RDN-1;RDN_16-01-26_H10;534;524;524;534;0;151;3492,8;1864955,2;3056,9;
15.01.2026;RDN-1;RDN_16-01-26_H11;510,57;500;500;510,57;0;141;3258,2;1663433,474;2666,9;
15.01.2026;RDN-1;RDN_16-01-26_H12;501,56;491;491;501,56;0;131;3004;1506475,04;2541,7;
15.01.2026;RDN-1;RDN_16-01-26_H13;501,56;491;491;501,56;0;133;2926;1467353,36;2423,2;
15.01.2026;RDN-1;RDN_16-01-26_H14;510,72;533,37;500;533,37;0;145;3003,7;1534055,714;2592;
15.01.2026;RDN-1;RDN_16-01-26_H15;546;530;530;546;0;152;3179,9;1735965,4;2743;
15.01.2026;RDN-1;RDN_16-01-26_H16;604,73;604,73;604,73;604,73;0;145;3430,7;2074647,211;3115,2;
15.01.2026;RDN-1;RDN_16-01-26_H17;680;680;680;680;0;166;3963,9;2695452;3425,2;
15.01.2026;RDN-1;RDN_16-01-26_H18;680,2;680,2;680,2;680,2;0;156;4251,8;2892074,36;3632;
15.01.2026;RDN-1;RDN_16-01-26_H19;644,28;644,28;644,28;644,28;0;165;4128,7;2660038,836;3547,4;
15.01.2026;RDN-1;RDN_16-01-26_H20;624;624;624;624;0;165;4032,5;2516280;3377,7;
15.01.2026;RDN-1;RDN_16-01-26_H21;580,37;580,37;580,37;580,37;0;155;3749,4;2176039,278;3000,9;
15.01.2026;RDN-1;RDN_16-01-26_H22;529,24;550;529,24;550;0;164;3270,6;1731077,664;2884,2;
15.01.2026;RDN-1;RDN_16-01-26_H23;516;530;516;530;0;151;3607,1;1861333,6;3197,9;
15.01.2026;RDN-1;RDN_16-01-26_H24;490;490;490;490;0;137;2796,5;1370285;2477;
15.01.2026;RZP_A_LBL-01;RZP_A_LBL-01;0;0;0;0;0;0;0;0;0;
15.01.2026;SGT_BASE;SGT_BASE_16-01-26;0;0;0;0;0;0;0;0;0;
15.01.2026;SGT_RDB;SGT_RDB_15-01-26;0;0;0;0;0;0;0;0;0;
15.01.2026;ZTO_B_KUJ-02;ZTO_B_KUJ-02;0;0;0;0;0;0;0;0;0;
15.01.2026;ZTO_B_LBL-01;ZTO_B_LBL-01;0;0;0;0;0;0;0;0;0;
15.01.2026;ZTO_B_LBU-01;ZTO_B_LBU-01;0;0;0;0;0;0;0;0;0;
15.01.2026;ZTO_B_MAZ-01;ZTO_B_MAZ-01;0;0;0;0;0;0;0;0;0;
15.01.2026;ZTO_B_PDL-01;ZTO_B_PDL-01;0;0;0;0;0;0;0;0;0;
15.01.2026;ZTO_B_WLK-01;ZTO_B_WLK-01;0;0;0;0;0;0;0;0;0;
15.01.2026;ZTO_B_WLK-02;ZTO_B_WLK-02;0;0;0;0;0;0;0;0;0;
15.01.2026;ZTO_B_WMA-01;ZTO_B_WMA-01;0;0;0;0;0;0;0;0;0;
15.01.2026;ZTO_B_WMA-02;ZTO_B_WMA-02;0;0;0;0;0;0;0;0;0;
15.01.2026;ZTO_B_WMA-03;ZTO_B_WMA-03;0;0;0;0;0;0;0;0;0;
15.01.2026;ZTO_C_KUJ-02;ZTO_C_KUJ-02;0;0;0;0;0;0;0;0;0;
15.01.2026;ZTO_C_LBL-01;ZTO_C_LBL-01;0;0;0;0;0;0;0;0;0;
15.01.2026;ZTO_C_LBU-01;ZTO_C_LBU-01;0;0;0;0;0;0;0;0;0;
15.01.2026;ZTO_C_MAZ-01;ZTO_C_MAZ-01;0;0;0;0;0;0;0;0;0;
15.01.2026;ZTO_C_PDL-01;ZTO_C_PDL-01;0;0;0;0;0;0;0;0;0;
15.01.2026;ZTO_C_WLK-01;ZTO_C_WLK-01;0;0;0;0;0;0;0;0;0;
15.01.2026;ZTO_C_WLK-02;ZTO_C_WLK-02;0;0;0;0;0;0;0;0;0;
15.01.2026;ZTO_C_WMA-01;ZTO_C_WMA-01;0;0;0;0;0;0;0;0;0;
15.01.2026;ZTO_C_WMA-02;ZTO_C_WMA-02;0;0;0;0;0;0;0;0;0;
15.01.2026;ZTO_C_WMA-03;ZTO_C_WMA-03;0;0;0;0;0;0;0;0;0;
16.01.2026;BASE;BASE_17-01-26;510;511;495;513;0;27;141;1703304;42;
16.01.2026;BASE;BASE_18-01-26;450;460;445;460;0;4;24;258960;20;
16.01.2026;BASE_M;BASE_M-02-26;571,2;575;569;575;561,32;51;60;23075942,4;409;
16.01.2026;BASE_M;BASE_M-03-26;452;452;452;455;448,66;28;30;10119132,47;215;
16.01.2026;BASE_M;BASE_M-04-26;0;0;0;0;424;0;0;0;5;
16.01.2026;BASE_M;BASE_M-05-26;0;0;0;0;405,95;0;0;0;0;
16.01.2026;BASE_M;BASE_M-06-26;0;0;0;0;448,72;0;0;0;0;
16.01.2026;BASE_M;BASE_M-07-26;0;0;0;0;452,32;0;0;0;0;
16.01.2026;BASE_Q;BASE_Q-1-27;0;0;0;0;480;0;0;0;0;
16.01.2026;BASE_Q;BASE_Q-2-26;430;434;430;434;426;11;19;17878224;390;
16.01.2026;BASE_Q;BASE_Q-2-27;0;0;0;0;422,27;0;0;0;0;
16.01.2026;BASE_Q;BASE_Q-3-26;461;461;461;461;455;1;2;2035776;267;
16.01.2026;BASE_Q;BASE_Q-3-27;0;0;0;0;443,68;0;0;0;0;
16.01.2026;BASE_Q;BASE_Q-4-26;489;491;489;491;485,12;7;8;8661489;489;
16.01.2026;BASE_W;BASE_W-04-26;717;713;712;720;723,2;47;94;11303980,8;277;
16.01.2026;BASE_W;BASE_W-05-26;705,5;708;705,01;709;710,8;17;31;3679604,88;49;
16.01.2026;BASE_W;BASE_W-06-26;0;0;0;0;595;0;0;0;0;
16.01.2026;BASE_W;BASE_W-07-26;0;0;0;0;561,32;0;0;0;0;
16.01.2026;BASE_W;BASE_W-08-26;0;0;0;0;561,32;0;0;0;0;
16.01.2026;BASE_WEEKEND;BASE_WEEKEND_03-26;0;0;0;0;0;0;0;0;0;
16.01.2026;BASE_Y;BASE_Y-27;454;455;454;455;447,75;5;5;19911480;669;
16.01.2026;BASE_Y;BASE_Y-28;440;439;439;440;438;2;2;7721136;119;
16.01.2026;BASE_Y;BASE_Y-29;450;450;450;450;458,91;1;1;3942000;1;
16.01.2026;BASE_Y;BASE_Y-30;0;0;0;0;448,06;0;0;0;0;
16.01.2026;GAS_BASE;GAS_BASE_17-01-26;190;201,5;190;201,5;0;45;939;4316778;938;
16.01.2026;GAS_BASE_M;GAS_BASE_M-01-27;153;154,25;153;154,25;146,5;4;20;2285940;82;
16.01.2026;GAS_BASE_M;GAS_BASE_M-02-26;171,5;179,5;171,5;179,5;162,75;125;977;114115142,4;23739;
16.01.2026;GAS_BASE_M;GAS_BASE_M-03-26;166,5;170,25;166,5;170,25;158,25;5;25;3117813,75;18826;
16.01.2026;GAS_BASE_M;GAS_BASE_M-04-26;152,5;155,25;151,75;155,25;146;24;109;11972808;1565;
16.01.2026;GAS_BASE_M;GAS_BASE_M-05-26;145;147,5;144,25;147,5;140;11;40;4330786,8;221;
16.01.2026;GAS_BASE_M;GAS_BASE_M-06-26;0;0;0;0;137,82;0;0;0;52;
16.01.2026;GAS_BASE_M;GAS_BASE_M-07-26;0;0;0;0;136,36;0;0;0;6;
16.01.2026;GAS_BASE_M;GAS_BASE_M-08-26;0;0;0;0;137,22;0;0;0;10;
16.01.2026;GAS_BASE_M;GAS_BASE_M-09-26;0;0;0;0;138,97;0;0;0;217;
16.01.2026;GAS_BASE_M;GAS_BASE_M-10-26;0;0;0;0;140;0;0;0;31;
16.01.2026;GAS_BASE_M;GAS_BASE_M-11-26;147,75;150;147,75;150;141,75;8;39;4184640;742;
16.01.2026;GAS_BASE_M;GAS_BASE_M-12-26;150,5;153,25;150,5;153,25;145,7;7;35;3955290;730;
16.01.2026;GAS_BASE_Q;GAS_BASE_Q-1-27;149;152,25;149;152,25;143,5;7;21;6817043;496;
16.01.2026;GAS_BASE_Q;GAS_BASE_Q-2-26;146;146;146;146;141,26;2;7;2232048;7515;
16.01.2026;GAS_BASE_Q;GAS_BASE_Q-2-27;0;0;0;0;125,11;0;0;0;11;
16.01.2026;GAS_BASE_Q;GAS_BASE_Q-3-26;145;146,75;145;146,75;137,5;2;10;3220920;6153;
16.01.2026;GAS_BASE_Q;GAS_BASE_Q-3-27;0;0;0;0;122,91;0;0;0;25;
16.01.2026;GAS_BASE_Q;GAS_BASE_Q-4-26;146;150;146;150;142,49;5;12;3924289;7864;
16.01.2026;GAS_BASE_S;GAS_BASE_S-S-26;0;0;0;0;139,37;0;0;0;72;
16.01.2026;GAS_BASE_S;GAS_BASE_S-S-27;0;0;0;0;124;0;0;0;9;
16.01.2026;GAS_BASE_S;GAS_BASE_S-W-26;148,75;149;148,75;149;142,99;2;10;6502860;616;
16.01.2026;GAS_BASE_S;GAS_BASE_S-W-27;0;0;0;0;135;0;0;0;1;
16.01.2026;GAS_BASE_W;GAS_BASE_W-04-26;190,5;192,5;190,5;192,5;180;10;213;6831451,2;1262;
16.01.2026;GAS_BASE_W;GAS_BASE_W-05-26;190,5;190,5;190,5;190,5;177,5;2;15;480060;36;
16.01.2026;GAS_BASE_W;GAS_BASE_W-06-26;0;0;0;0;163;0;0;0;0;
16.01.2026;GAS_BASE_W;GAS_BASE_W-07-26;0;0;0;0;162,75;0;0;0;0;
16.01.2026;GAS_BASE_Y;GAS_BASE_Y-27;133,75;135;133,75;135;130,4;9;15;17627310;3731;
16.01.2026;GAS_BASE_Y;GAS_BASE_Y-28;126;127;126;127;123,75;3;5;5551488;157;
16.01.2026;GAS_BASE_Y;GAS_BASE_Y-29;121;121;121;121;118,75;1;2;2119920;13;
16.01.2026;GAS_BASE_Y;GAS_BASE_Y-30;0;0;0;0;115,04;0;0;0;5;
16.01.2026;GAS_RDB;GAS_RDB_16-01-26;183;202;183;202;0;66;20093;3956389,64;16666;
16.01.2026;GAS_WEEKEND;GAS_WEEKEND_03-26;187,97;200;187,97;200;0;68;4709;43478685,6;4637;
16.01.2026;GLW_BASE;GLW_BASE_17-01-26;0;0;0;0;0;0;0;0;0;
16.01.2026;GLW_RDB;GLW_RDB_16-01-26;0;0;0;0;0;0;0;0;0;
16.01.2026;KUK_A_WMA-03;KUK_A_WMA-03;0;0;0;0;0;0;0;0;0;
16.01.2026;OFFPEAK;OFFPEAK_17-01-26;0;0;0;0;0;0;0;0;0;
16.01.2026;OFFPEAK;OFFPEAK_18-01-26;0;0;0;0;0;0;0;0;0;
16.01.2026;OFFPEAK_M;OFFPEAK_M-02-26;0;0;0;0;444,64;0;0;0;0;
16.01.2026;OFFPEAK_M;OFFPEAK_M-03-26;0;0;0;0;421,62;0;0;0;0;
16.01.2026;OFFPEAK_M;OFFPEAK_M-04-26;0;0;0;0;403,03;0;0;0;0;
16.01.2026;OFFPEAK_M;OFFPEAK_M-05-26;0;0;0;0;386,85;0;0;0;0;
16.01.2026;OFFPEAK_M;OFFPEAK_M-06-26;0;0;0;0;450,55;0;0;0;0;
16.01.2026;OFFPEAK_M;OFFPEAK_M-07-26;0;0;0;0;423,76;0;0;0;0;
16.01.2026;OFFPEAK_Q;OFFPEAK_Q-1-27;0;0;0;0;429,91;0;0;0;0;
16.01.2026;OFFPEAK_Q;OFFPEAK_Q-2-26;0;0;0;0;412,65;0;0;0;0;
16.01.2026;OFFPEAK_Q;OFFPEAK_Q-2-27;0;0;0;0;408,7;0;0;0;0;
16.01.2026;OFFPEAK_Q;OFFPEAK_Q-3-26;0;0;0;0;426,55;0;0;0;0;
16.01.2026;OFFPEAK_Q;OFFPEAK_Q-3-27;0;0;0;0;420,89;0;0;0;0;
16.01.2026;OFFPEAK_Q;OFFPEAK_Q-4-26;0;0;0;0;400,66;0;0;0;0;
16.01.2026;OFFPEAK_W;OFFPEAK_W-04-26;0;0;0;0;617,73;0;0;0;0;
16.01.2026;OFFPEAK_W;OFFPEAK_W-05-26;0;0;0;0;714,67;0;0;0;0;
16.01.2026;OFFPEAK_W;OFFPEAK_W-06-26;0;0;0;0;505,48;0;0;0;0;
16.01.2026;OFFPEAK_W;OFFPEAK_W-07-26;0;0;0;0;444,64;0;0;0;0;
16.01.2026;OFFPEAK_W;OFFPEAK_W-08-26;0;0;0;0;444,64;0;0;0;0;
16.01.2026;OFFPEAK_Y;OFFPEAK_Y-27;0;0;0;0;399,4;0;0;0;0;
16.01.2026;OFFPEAK_Y;OFFPEAK_Y-28;0;0;0;0;385,11;0;0;0;0;
16.01.2026;OFFPEAK_Y;OFFPEAK_Y-29;0;0;0;0;428,63;0;0;0;0;
16.01.2026;OFFPEAK_Y;OFFPEAK_Y-30;0;0;0;0;394,14;0;0;0;0;
16.01.2026;OFFP_WEEKEND;OFFP_WEEKEND_03-26;0;0;0;0;0;0;0;0;0;
16.01.2026;PEAK;PEAK_17-01-26;0;0;0;0;0;0;0;0;0;
16.01.2026;PEAK;PEAK_18-01-26;0;0;0;0;0;0;0;0;0;
16.01.2026;PEAK5_M;PEAK5_M-02-26;720;722;720;722;706;4;6;1297200;167;
16.01.2026;PEAK5_M;PEAK5_M-03-26;0;0;0;0;482,5;0;0;0;4;
16.01.2026;PEAK5_M;PEAK5_M-04-26;0;0;0;0;450,96;0;0;0;0;
16.01.2026;PEAK5_M;PEAK5_M-05-26;0;0;0;0;434,21;0;0;0;0;
16.01.2026;PEAK5_M;PEAK5_M-06-26;0;0;0;0;446,37;0;0;0;0;
16.01.2026;PEAK5_M;PEAK5_M-07-26;0;0;0;0;485,35;0;0;0;0;
16.01.2026;PEAK5_Q;PEAK5_Q-1-27;0;0;0;0;548,1;0;0;0;0;
16.01.2026;PEAK5_Q;PEAK5_Q-2-26;0;0;0;0;444;0;0;0;26;
16.01.2026;PEAK5_Q;PEAK5_Q-2-27;0;0;0;0;440,07;0;0;0;0;
16.01.2026;PEAK5_Q;PEAK5_Q-3-26;0;0;0;0;490;0;0;0;3;
16.01.2026;PEAK5_Q;PEAK5_Q-3-27;0;0;0;0;471,7;0;0;0;0;
16.01.2026;PEAK5_Q;PEAK5_Q-4-26;0;0;0;0;595;0;0;0;12;
16.01.2026;PEAK5_W;PEAK5_W-04-26;0;0;0;0;853,98;0;0;0;0;
16.01.2026;PEAK5_W;PEAK5_W-05-26;0;0;0;0;706;0;0;0;0;
16.01.2026;PEAK5_W;PEAK5_W-06-26;0;0;0;0;706;0;0;0;0;
16.01.2026;PEAK5_W;PEAK5_W-07-26;0;0;0;0;706;0;0;0;0;
16.01.2026;PEAK5_W;PEAK5_W-08-26;0;0;0;0;706;0;0;0;0;
16.01.2026;PEAK5_Y;PEAK5_Y-27;0;0;0;0;511;0;0;0;134;
16.01.2026;PEAK5_Y;PEAK5_Y-28;0;0;0;0;508,5;0;0;0;0;
16.01.2026;PEAK5_Y;PEAK5_Y-29;0;0;0;0;499,09;0;0;0;0;
16.01.2026;PEAK5_Y;PEAK5_Y-30;0;0;0;0;520,1;0;0;0;0;
16.01.2026;PEAK_WEEKEND;PEAK_WEEKEND_03-26;0;0;0;0;0;0;0;0;0;
16.01.2026;PSZ_B_DLS-01;PSZ_B_DLS-01;0;0;0;0;0;0;0;0;0;
16.01.2026;PSZ_B_KUJ-01;PSZ_B_KUJ-01;0;0;0;0;0;0;0;0;0;
16.01.2026;PSZ_B_KUJ-02;PSZ_B_KUJ-02;0;0;0;0;0;0;0;0;0;
16.01.2026;PSZ_B_LBL-01;PSZ_B_LBL-01;0;0;0;0;0;0;0;0;0;
16.01.2026;PSZ_B_LBL-02;PSZ_B_LBL-02;0;0;0;0;0;0;0;0;0;
16.01.2026;PSZ_B_LBL-03;PSZ_B_LBL-03;0;0;0;0;0;0;0;0;0;
16.01.2026;PSZ_B_LBL-04;PSZ_B_LBL-04;0;0;0;0;0;0;0;0;0;
16.01.2026;PSZ_B_LBL-05;PSZ_B_LBL-05;0;0;0;0;0;0;0;0;0;
16.01.2026;PSZ_B_LBL-06;PSZ_B_LBL-06;0;0;0;0;0;0;0;0;0;
16.01.2026;PSZ_B_LBL-07;PSZ_B_LBL-07;0;0;0;0;0;0;0;0;0;
16.01.2026;PSZ_B_LBU-01;PSZ_B_LBU-01;0;0;0;0;0;0;0;0;0;
16.01.2026;PSZ_B_LBU-02;PSZ_B_LBU-02;0;0;0;0;0;0;0;0;0;
16.01.2026;PSZ_B_MAZ-01;PSZ_B_MAZ-01;0;0;0;0;0;0;0;0;0;
16.01.2026;PSZ_B_MAZ-02;PSZ_B_MAZ-02;0;0;0;0;0;0;0;0;0;
16.01.2026;PSZ_B_MAZ-03;PSZ_B_MAZ-03;0;0;0;0;0;0;0;0;0;
16.01.2026;PSZ_B_OPO-01;PSZ_B_OPO-01;0;0;0;0;0;0;0;0;0;
16.01.2026;PSZ_B_OPO-02;PSZ_B_OPO-02;0;0;0;0;0;0;0;0;0;
16.01.2026;PSZ_B_PDK-01;PSZ_B_PDK-01;0;0;0;0;0;0;0;0;0;
16.01.2026;PSZ_B_PDL-01;PSZ_B_PDL-01;0;0;0;0;0;0;0;0;0;
16.01.2026;PSZ_B_POM-01;PSZ_B_POM-01;0;0;0;0;0;0;0;0;0;
16.01.2026;PSZ_B_POM-02;PSZ_B_POM-02;0;0;0;0;0;0;0;0;0;
16.01.2026;PSZ_B_WLK-01;PSZ_B_WLK-01;0;0;0;0;0;0;0;0;0;
16.01.2026;PSZ_B_WLK-02;PSZ_B_WLK-02;0;0;0;0;0;0;0;0;0;
16.01.2026;PSZ_B_WLK-03;PSZ_B_WLK-03;0;0;0;0;0;0;0;0;0;
16.01.2026;PSZ_B_WLK-04;PSZ_B_WLK-04;0;0;0;0;0;0;0;0;0;
16.01.2026;PSZ_B_WMA-01;PSZ_B_WMA-01;0;0;0;0;0;0;0;0;0;
16.01.2026;PSZ_B_WMA-02;PSZ_B_WMA-02;0;0;0;0;0;0;0;0;0;
16.01.2026;PSZ_B_WMA-03;PSZ_B_WMA-03;0;0;0;0;0;0;0;0;0;
16.01.2026;PSZ_B_WMA-04;PSZ_B_WMA-04;0;0;0;0;0;0;0;0;0;
16.01.2026;PSZ_B_WMA-05;PSZ_B_WMA-05;0;0;0;0;0;0;0;0;0;
16.01.2026;PSZ_B_WMA-06;PSZ_B_WMA-06;0;0;0;0;0;0;0;0;0;
16.01.2026;PSZ_B_ZPO-01;PSZ_B_ZPO-01;0;0;0;0;0;0;0;0;0;
16.01.2026;PSZ_B_ZPO-02;PSZ_B_ZPO-02;0;0;0;0;0;0;0;0;0;
16.01.2026;PSZ_C_DLS-01;PSZ_C_DLS-01;0;0;0;0;0;0;0;0;0;
16.01.2026;PSZ_C_KUJ-01;PSZ_C_KUJ-01;0;0;0;0;0;0;0;0;0;
16.01.2026;PSZ_C_KUJ-02;PSZ_C_KUJ-02;0;0;0;0;0;0;0;0;0;
16.01.2026;PSZ_C_LBL-01;PSZ_C_LBL-01;0;0;0;0;0;0;0;0;0;
16.01.2026;PSZ_C_LBL-02;PSZ_C_LBL-02;0;0;0;0;0;0;0;0;0;
16.01.2026;PSZ_C_LBL-03;PSZ_C_LBL-03;0;0;0;0;0;0;0;0;0;
16.01.2026;PSZ_C_LBL-04;PSZ_C_LBL-04;0;0;0;0;0;0;0;0;0;
16.01.2026;PSZ_C_LBL-05;PSZ_C_LBL-05;0;0;0;0;0;0;0;0;0;
16.01.2026;PSZ_C_LBL-06;PSZ_C_LBL-06;0;0;0;0;0;0;0;0;0;
16.01.2026;PSZ_C_LBL-07;PSZ_C_LBL-07;0;0;0;0;0;0;0;0;0;
16.01.2026;PSZ_C_LBU-01;PSZ_C_LBU-01;0;0;0;0;0;0;0;0;0;
16.01.2026;PSZ_C_LBU-02;PSZ_C_LBU-02;0;0;0;0;0;0;0;0;0;
16.01.2026;PSZ_C_MAZ-01;PSZ_C_MAZ-01;0;0;0;0;0;0;0;0;0;
16.01.2026;PSZ_C_MAZ-02;PSZ_C_MAZ-02;0;0;0;0;0;0;0;0;0;
16.01.2026;PSZ_C_MAZ-03;PSZ_C_MAZ-03;0;0;0;0;0;0;0;0;0;
16.01.2026;PSZ_C_OPO-01;PSZ_C_OPO-01;0;0;0;0;0;0;0;0;0;
16.01.2026;PSZ_C_OPO-02;PSZ_C_OPO-02;0;0;0;0;0;0;0;0;0;
16.01.2026;PSZ_C_PDK-01;PSZ_C_PDK-01;0;0;0;0;0;0;0;0;0;
16.01.2026;PSZ_C_PDL-01;PSZ_C_PDL-01;0;0;0;0;0;0;0;0;0;
16.01.2026;PSZ_C_POM-01;PSZ_C_POM-01;0;0;0;0;0;0;0;0;0;
16.01.2026;PSZ_C_POM-02;PSZ_C_POM-02;0;0;0;0;0;0;0;0;0;
16.01.2026;PSZ_C_WLK-01;PSZ_C_WLK-01;0;0;0;0;0;0;0;0;0;
16.01.2026;PSZ_C_WLK-02;PSZ_C_WLK-02;0;0;0;0;0;0;0;0;0;
16.01.2026;PSZ_C_WLK-03;PSZ_C_WLK-03;0;0;0;0;0;0;0;0;0;
16.01.2026;PSZ_C_WLK-04;PSZ_C_WLK-04;0;0;0;0;0;0;0;0;0;
16.01.2026;PSZ_C_WMA-01;PSZ_C_WMA-01;0;0;0;0;0;0;0;0;0;
16.01.2026;PSZ_C_WMA-02;PSZ_C_WMA-02;0;0;0;0;0;0;0;0;0;
16.01.2026;PSZ_C_WMA-03;PSZ_C_WMA-03;0;0;0;0;0;0;0;0;0;
16.01.2026;PSZ_C_WMA-04;PSZ_C_WMA-04;0;0;0;0;0;0;0;0;0;
16.01.2026;PSZ_C_WMA-05;PSZ_C_WMA-05;0;0;0;0;0;0;0;0;0;
16.01.2026;PSZ_C_WMA-06;PSZ_C_WMA-06;0;0;0;0;0;0;0;0;0;
16.01.2026;PSZ_C_ZPO-01;PSZ_C_ZPO-01;0;0;0;0;0;0;0;0;0;
16.01.2026;PSZ_C_ZPO-02;PSZ_C_ZPO-02;0;0;0;0;0;0;0;0;0;
16.01.2026;RDN-1;RDN_17-01-26_H01;502,76;492;492;688,8;0;146;2853,1;1435265,76;2407,1;
16.01.2026;RDN-1;RDN_17-01-26_H02;494,29;484;484;500;0;147;2803,3;1385568,236;2461,7;
16.01.2026;RDN-1;RDN_17-01-26_H03;477,74;467;467;500;0;146;2592,2;1238397,076;2206,6;
16.01.2026;RDN-1;RDN_17-01-26_H04;471,31;500;471,31;500;0;149;2653;1250526,011;2336;
16.01.2026;RDN-1;RDN_17-01-26_H05;467,99;500;467,99;500;0;150;2733,3;1279317,117;2417,3;
16.01.2026;RDN-1;RDN_17-01-26_H06;468,55;688,8;468,55;688,8;0;146;2774,4;1301244,595;2522,4;
16.01.2026;RDN-1;RDN_17-01-26_H07;480,03;513,5;480,03;513,5;0;151;3207,5;1539900,392;2766,2;
16.01.2026;RDN-1;RDN_17-01-26_H08;516,1;519;516,1;519;0;144;3073,6;1586298,88;2690,1;
16.01.2026;RDN-1;RDN_17-01-26_H09;550;573,13;550;573,13;0;150;3761,5;2068919,833;3382,2;
16.01.2026;RDN-1;RDN_17-01-26_H10;540;549;540;549;0;154;4062,7;2193897,6;3683,6;
16.01.2026;RDN-1;RDN_17-01-26_H11;508,97;510,57;508,97;510,57;0;150;3718,5;1892611,985;3341,5;
16.01.2026;RDN-1;RDN_17-01-26_H12;501,56;501,56;501,56;525;0;158;3918,6;1965513,808;3556,4;
16.01.2026;RDN-1;RDN_17-01-26_H13;500;500;500;500;0;161;3790;1895000;3410,9;
16.01.2026;RDN-1;RDN_17-01-26_H14;502,76;510,72;502,76;510,72;0;169;4025,1;2023691,912;3684,8;
16.01.2026;RDN-1;RDN_17-01-26_H15;507,76;537,7;507,76;537,7;0;162;4047,8;2055439,67;3680,5;
16.01.2026;RDN-1;RDN_17-01-26_H16;559;544;544;699;0;157;4188,5;2341969,5;3807,7;
16.01.2026;RDN-1;RDN_17-01-26_H17;598,83;599;598,83;599;0;156;4437,5;2657309,162;4056,9;
16.01.2026;RDN-1;RDN_17-01-26_H18;606,76;619;606,76;619;0;147;4285,6;2600416,336;3883,3;
16.01.2026;RDN-1;RDN_17-01-26_H19;601,19;629;601,19;629;0;143;4028;2421787,99;3667,9;
16.01.2026;RDN-1;RDN_17-01-26_H20;574,8;609;574,8;609;0;146;4115,6;2365876,02;3673,9;
16.01.2026;RDN-1;RDN_17-01-26_H21;526,67;516;516;549;0;150;3887,7;2047524,52;3442,3;
16.01.2026;RDN-1;RDN_17-01-26_H22;501,9;491;491;688,8;0;150;3835,3;1925876,28;3502;
16.01.2026;RDN-1;RDN_17-01-26_H23;493,82;483;483;688,8;0;165;3436,6;1698084,496;3064,7;
16.01.2026;RDN-1;RDN_17-01-26_H24;451,99;441;441;688,8;0;155;3102,9;1403624,964;2764,6;
16.01.2026;RZP_A_LBL-01;RZP_A_LBL-01;0;0;0;0;0;0;0;0;0;
16.01.2026;SGT_BASE;SGT_BASE_17-01-26;0;0;0;0;0;0;0;0;0;
16.01.2026;SGT_RDB;SGT_RDB_16-01-26;0;0;0;0;0;0;0;0;0;
16.01.2026;ZTO_B_KUJ-02;ZTO_B_KUJ-02;0;0;0;0;0;0;0;0;0;
16.01.2026;ZTO_B_LBL-01;ZTO_B_LBL-01;0;0;0;0;0;0;0;0;0;
16.01.2026;ZTO_B_LBU-01;ZTO_B_LBU-01;0;0;0;0;0;0;0;0;0;
16.01.2026;ZTO_B_MAZ-01;ZTO_B_MAZ-01;0;0;0;0;0;0;0;0;0;
16.01.2026;ZTO_B_PDL-01;ZTO_B_PDL-01;0;0;0;0;0;0;0;0;0;
16.01.2026;ZTO_B_WLK-01;ZTO_B_WLK-01;0;0;0;0;0;0;0;0;0;
16.01.2026;ZTO_B_WLK-02;ZTO_B_WLK-02;0;0;0;0;0;0;0;0;0;
16.01.2026;ZTO_B_WMA-01;ZTO_B_WMA-01;0;0;0;0;0;0;0;0;0;
16.01.2026;ZTO_B_WMA-02;ZTO_B_WMA-02;0;0;0;0;0;0;0;0;0;
16.01.2026;ZTO_B_WMA-03;ZTO_B_WMA-03;0;0;0;0;0;0;0;0;0;
16.01.2026;ZTO_C_KUJ-02;ZTO_C_KUJ-02;0;0;0;0;0;0;0;0;0;
16.01.2026;ZTO_C_LBL-01;ZTO_C_LBL-01;0;0;0;0;0;0;0;0;0;
16.01.2026;ZTO_C_LBU-01;ZTO_C_LBU-01;0;0;0;0;0;0;0;0;0;
16.01.2026;ZTO_C_MAZ-01;ZTO_C_MAZ-01;0;0;0;0;0;0;0;0;0;
16.01.2026;ZTO_C_PDL-01;ZTO_C_PDL-01;0;0;0;0;0;0;0;0;0;
16.01.2026;ZTO_C_WLK-01;ZTO_C_WLK-01;0;0;0;0;0;0;0;0;0;
16.01.2026;ZTO_C_WLK-02;ZTO_C_WLK-02;0;0;0;0;0;0;0;0;0;
16.01.2026;ZTO_C_WMA-01;ZTO_C_WMA-01;0;0;0;0;0;0;0;0;0;
16.01.2026;ZTO_C_WMA-02;ZTO_C_WMA-02;0;0;0;0;0;0;0;0;0;
16.01.2026;ZTO_C_WMA-03;ZTO_C_WMA-03;0;0;0;0;0;0;0;0;0;
17.01.2026;BASE;BASE_18-01-26;470;480;459;480;0;32;163;1808184;123;
17.01.2026;BASE;BASE_19-01-26;0;0;0;0;0;0;0;0;0;
17.01.2026;GAS_BASE;GAS_BASE_18-01-26;203;199;199;204;0;55;1774;8607180;1724;
17.01.2026;GAS_RDB;GAS_RDB_17-01-26;204;202;200,9;204;0;78;15657;3165526,4;10835;
17.01.2026;GLW_BASE;GLW_BASE_18-01-26;0;0;0;0;0;0;0;0;0;
17.01.2026;GLW_RDB;GLW_RDB_17-01-26;0;0;0;0;0;0;0;0;0;
17.01.2026;OFFPEAK;OFFPEAK_18-01-26;0;0;0;0;0;0;0;0;0;
17.01.2026;OFFPEAK;OFFPEAK_19-01-26;0;0;0;0;0;0;0;0;0;
17.01.2026;PEAK;PEAK_18-01-26;0;0;0;0;0;0;0;0;0;
17.01.2026;PEAK;PEAK_19-01-26;0;0;0;0;0;0;0;0;0;
17.01.2026;RDN-1;RDN_18-01-26_H01;464;464;464;464;0;139;2640;1224960;2388,4;
17.01.2026;RDN-1;RDN_18-01-26_H02;443,47;443,47;443,47;443,47;0;137;2544,3;1128320,721;2318,9;
17.01.2026;RDN-1;RDN_18-01-26_H03;426,1;426,1;426,1;426,1;0;141;2480,7;1057026,27;2256,7;
17.01.2026;RDN-1;RDN_18-01-26_H04;414,7;414,7;414,7;414,7;0;139;2447,8;1015102,66;2247,7;
17.01.2026;RDN-1;RDN_18-01-26_H05;411,99;411,99;411,99;411,99;0;145;2660,1;1095934,599;2386,4;
17.01.2026;RDN-1;RDN_18-01-26_H06;427,99;427,99;427,99;427,99;0;142;2742,4;1173719,776;2485,3;
17.01.2026;RDN-1;RDN_18-01-26_H07;414,7;414,7;414,7;414,7;0;136;2672,9;1108451,63;2445;
17.01.2026;RDN-1;RDN_18-01-26_H08;450;450;450;450;0;145;2887;1299150;2668,6;
17.01.2026;RDN-1;RDN_18-01-26_H09;465,99;465,99;465,99;465,99;0;151;3176,5;1480217,235;2985,4;
17.01.2026;RDN-1;RDN_18-01-26_H10;460;460;460;460;0;140;3389,8;1559308;3185,5;
17.01.2026;RDN-1;RDN_18-01-26_H11;427,3;427,3;427,3;427,3;0;157;3360;1435728;3134,8;
17.01.2026;RDN-1;RDN_18-01-26_H12;405;405;405;405;0;169;3449,5;1397047,5;3214,5;
17.01.2026;RDN-1;RDN_18-01-26_H13;411,99;411,99;411,99;411,99;0;159;3307,4;1362615,726;3064,8;
17.01.2026;RDN-1;RDN_18-01-26_H14;423,99;423,99;423,99;423,99;0;151;3371,8;1429609,482;3118,1;
17.01.2026;RDN-1;RDN_18-01-26_H15;480;480;480;480;0;141;3495,3;1677744;3283;
17.01.2026;RDN-1;RDN_18-01-26_H16;507,62;507,62;507,62;507,62;0;143;3327,7;1689207,074;3100,7;
17.01.2026;RDN-1;RDN_18-01-26_H17;522;522;522;522;0;145;3716,7;1940117,4;3511,9;
17.01.2026;RDN-1;RDN_18-01-26_H18;538,73;538,73;538,73;538,73;0;156;4067,3;2191176,529;3864,8;
17.01.2026;RDN-1;RDN_18-01-26_H19;544;544;544;544;0;159;4122,2;2242476,8;3870;
17.01.2026;RDN-1;RDN_18-01-26_H20;538;538;538;538;0;157;3988,3;2145705,4;3736,3;
17.01.2026;RDN-1;RDN_18-01-26_H21;512,2;512,2;512,2;512,2;0;151;3859,1;1976631,02;3650,2;
17.01.2026;RDN-1;RDN_18-01-26_H22;507,52;507,52;507,52;507,52;0;147;3823,5;1940502,72;3483,7;
17.01.2026;RDN-1;RDN_18-01-26_H23;499,05;514,1;499,05;514,1;0;151;3782,8;1887956,84;3388,4;
17.01.2026;RDN-1;RDN_18-01-26_H24;450,86;450,86;450,86;450,86;0;148;3177;1432382,22;2861,5;
17.01.2026;SGT_BASE;SGT_BASE_18-01-26;0;0;0;0;0;0;0;0;0;
17.01.2026;SGT_RDB;SGT_RDB_17-01-26;0;0;0;0;0;0;0;0;0;
18.01.2026;BASE;BASE_19-01-26;600;600;600;620;0;29;95;1393562,4;42;
18.01.2026;BASE;BASE_20-01-26;0;0;0;0;0;0;0;0;0;
18.01.2026;GAS_BASE;GAS_BASE_19-01-26;201;202,75;201;203;0;187;9629;46693854;9076;
18.01.2026;GAS_RDB;GAS_RDB_18-01-26;202;200,5;199;202;0;86;18625;3729079,33;15515;
18.01.2026;GLW_BASE;GLW_BASE_19-01-26;0;0;0;0;0;0;0;0;0;
18.01.2026;GLW_RDB;GLW_RDB_18-01-26;0;0;0;0;0;0;0;0;0;
18.01.2026;OFFPEAK;OFFPEAK_19-01-26;0;0;0;0;0;0;0;0;0;
18.01.2026;OFFPEAK;OFFPEAK_20-01-26;0;0;0;0;0;0;0;0;0;
18.01.2026;PEAK;PEAK_19-01-26;0;0;0;0;0;0;0;0;0;
18.01.2026;PEAK;PEAK_20-01-26;0;0;0;0;0;0;0;0;0;
18.01.2026;RDN-1;RDN_19-01-26_H01;470;470;470;470;0;156;3161,8;1486046;2764,7;
18.01.2026;RDN-1;RDN_19-01-26_H02;461,72;461,72;461,72;461,72;0;151;2817,2;1300757,584;2372,2;
18.01.2026;RDN-1;RDN_19-01-26_H03;450;450;450;450;0;149;2678;1205100;2257,8;
18.01.2026;RDN-1;RDN_19-01-26_H04;449;439;439;449;0;146;2679,9;1203225,1;2210,6;
18.01.2026;RDN-1;RDN_19-01-26_H05;457,31;457,31;457,31;457,31;0;144;2739,1;1252617,821;2242,4;
18.01.2026;RDN-1;RDN_19-01-26_H06;493,9;493,9;493,9;493,9;0;146;2917,8;1441101,42;2526,3;
18.01.2026;RDN-1;RDN_19-01-26_H07;562;562;562;562;0;153;3938,2;2213268,4;3522,2;
18.01.2026;RDN-1;RDN_19-01-26_H08;724;724;724;724;0;160;3895,8;2820559,2;3414,3;
18.01.2026;RDN-1;RDN_19-01-26_H09;740,25;730,25;730,25;740,25;0;161;4099,7;3034752,925;3646,6;
18.01.2026;RDN-1;RDN_19-01-26_H10;640;640;640;640;0;152;3757,1;2404544;3517,1;
18.01.2026;RDN-1;RDN_19-01-26_H11;542;542;542;542;0;153;3620;1962040;3205,9;
18.01.2026;RDN-1;RDN_19-01-26_H12;512;512;512;512;0;166;3541,8;1813401,6;3090,9;
18.01.2026;RDN-1;RDN_19-01-26_H13;506,3;506,3;506,3;506,3;0;163;3191,5;1615856,45;2880;
18.01.2026;RDN-1;RDN_19-01-26_H14;532;532;532;532;0;145;3201,7;1703304,4;2685,7;
18.01.2026;RDN-1;RDN_19-01-26_H15;600;600;600;600;0;150;3609,6;2165760;3079,2;
18.01.2026;RDN-1;RDN_19-01-26_H16;679;669;661,1;679;0;164;3884,7;2637619,82;3358,6;
18.01.2026;RDN-1;RDN_19-01-26_H17;863,7;853,7;853,7;863,7;0;168;4257;3676720,9;3832,8;
18.01.2026;RDN-1;RDN_19-01-26_H18;808,3;808,3;808,3;808,3;0;156;4758,5;3846295,55;4161,5;
18.01.2026;RDN-1;RDN_19-01-26_H19;799,99;799,99;799,99;799,99;0;164;4628;3702353,72;4019,7;
18.01.2026;RDN-1;RDN_19-01-26_H20;754;744;744;754;0;154;4563,2;3440602,8;3967,2;
18.01.2026;RDN-1;RDN_19-01-26_H21;660;662;660;662;0;157;4181,5;2759800;3519;
18.01.2026;RDN-1;RDN_19-01-26_H22;597,4;597,4;597,4;597,4;0;154;3560,3;2126923,22;3129,6;
18.01.2026;RDN-1;RDN_19-01-26_H23;557;557;557;557;0;147;3943,7;2196640,9;3497,5;
18.01.2026;RDN-1;RDN_19-01-26_H24;512;512;512;512;0;151;3257,2;1667686,4;2797,6;
18.01.2026;SGT_BASE;SGT_BASE_19-01-26;0;0;0;0;0;0;0;0;0;
18.01.2026;SGT_RDB;SGT_RDB_18-01-26;0;0;0;0;0;0;0;0;0;
19.01.2026;BASE;BASE_20-01-26;655;642;642;656;0;54;479;7437960;434;
19.01.2026;BASE;BASE_21-01-26;630;630;630;630;0;1;10;151200;10;
19.01.2026;BASE_M;BASE_M-02-26;564;546;546;564;575;32;44;16290288;427;
19.01.2026;BASE_M;BASE_M-03-26;442,1;441,1;441;442,1;452,06;4;7;2296167,2;218;
19.01.2026;BASE_M;BASE_M-04-26;0;0;0;0;435;0;0;0;5;
19.01.2026;BASE_M;BASE_M-05-26;0;0;0;0;422,54;0;0;0;0;
19.01.2026;BASE_M;BASE_M-06-26;0;0;0;0;438,78;0;0;0;0;
19.01.2026;BASE_M;BASE_M-07-26;0;0;0;0;458,28;0;0;0;0;
19.01.2026;BASE_Q;BASE_Q-1-27;0;0;0;0;473;0;0;0;0;
19.01.2026;BASE_Q;BASE_Q-2-26;424;424;424;426;432;6;8;7416864;396;
19.01.2026;BASE_Q;BASE_Q-2-27;0;0;0;0;428,73;0;0;0;0;
19.01.2026;BASE_Q;BASE_Q-3-26;453;453;451,25;453;461;5;6;5997480;267;
19.01.2026;BASE_Q;BASE_Q-3-27;0;0;0;0;450,46;0;0;0;0;
19.01.2026;BASE_Q;BASE_Q-4-26;483;483;483;483;491;1;1;1066947;489;
19.01.2026;BASE_W;BASE_W-05-26;651;648;648;651;706,8;2;2;218232;46;
19.01.2026;BASE_W;BASE_W-06-26;0;0;0;0;578;0;0;0;0;
19.01.2026;BASE_W;BASE_W-07-26;0;0;0;0;575;0;0;0;0;
19.01.2026;BASE_W;BASE_W-08-26;0;0;0;0;575;0;0;0;0;
19.01.2026;BASE_W;BASE_W-09-26;0;0;0;0;0;0;0;0;0;
19.01.2026;BASE_Y;BASE_Y-27;447,5;447,5;447,11;447,5;454,6;4;4;15674794;671;
19.01.2026;BASE_Y;BASE_Y-28;0;0;0;0;439,5;0;0;0;119;
19.01.2026;BASE_Y;BASE_Y-29;0;0;0;0;450;0;0;0;1;
19.01.2026;BASE_Y;BASE_Y-30;0;0;0;0;444,14;0;0;0;0;
19.01.2026;GAS_BASE;GAS_BASE_20-01-26;186;192,5;185;192,5;0;206;12363;55649039,76;12052;
19.01.2026;GAS_BASE_M;GAS_BASE_M-01-27;152,25;152;152;152,25;153,63;5;16;1811082;98;
19.01.2026;GAS_BASE_M;GAS_BASE_M-02-26;166;168,95;166;171,5;179,25;42;158;18004096,32;23853;
19.01.2026;GAS_BASE_M;GAS_BASE_M-03-26;162,5;161,5;161,5;163,5;167,85;4;10;1208118;18827;
19.01.2026;GAS_BASE_M;GAS_BASE_M-04-26;149,25;150;149;150,75;154,03;31;144;15524820;1709;
19.01.2026;GAS_BASE_M;GAS_BASE_M-05-26;0;0;0;0;145,51;0;0;0;221;
19.01.2026;GAS_BASE_M;GAS_BASE_M-06-26;0;0;0;0;140;0;0;0;52;
19.01.2026;GAS_BASE_M;GAS_BASE_M-07-26;0;0;0;0;144,11;0;0;0;6;
19.01.2026;GAS_BASE_M;GAS_BASE_M-08-26;0;0;0;0;145,45;0;0;0;10;
19.01.2026;GAS_BASE_M;GAS_BASE_M-09-26;0;0;0;0;148,14;0;0;0;217;
19.01.2026;GAS_BASE_M;GAS_BASE_M-10-26;0;0;0;0;143;0;0;0;31;
19.01.2026;GAS_BASE_M;GAS_BASE_M-11-26;146,5;147,25;146,25;147,25;147,78;15;71;7505640;813;
19.01.2026;GAS_BASE_M;GAS_BASE_M-12-26;149,5;149,75;149,25;150;150,64;15;71;7903698;801;
19.01.2026;GAS_BASE_Q;GAS_BASE_Q-1-27;148,75;148,5;148,25;148,75;151,38;34;145;46486077;640;
19.01.2026;GAS_BASE_Q;GAS_BASE_Q-2-26;0;0;0;0;146,5;0;0;0;7515;
19.01.2026;GAS_BASE_Q;GAS_BASE_Q-2-27;0;0;0;0;126,26;0;0;0;11;
19.01.2026;GAS_BASE_Q;GAS_BASE_Q-3-26;141;142;141;142;145,88;5;13;4073760;6165;
19.01.2026;GAS_BASE_Q;GAS_BASE_Q-3-27;0;0;0;0;127,25;0;0;0;25;
19.01.2026;GAS_BASE_Q;GAS_BASE_Q-4-26;147,25;147;147;147,25;147,13;10;36;11696655;7899;
19.01.2026;GAS_BASE_S;GAS_BASE_S-S-26;0;0;0;0;146,19;0;0;0;72;
19.01.2026;GAS_BASE_S;GAS_BASE_S-S-27;0;0;0;0;126,76;0;0;0;9;
19.01.2026;GAS_BASE_S;GAS_BASE_S-W-26;147,5;147,5;147,5;147,5;149,23;2;5;3221400;621;
19.01.2026;GAS_BASE_S;GAS_BASE_S-W-27;137;137;137;137;140,55;2;2;1203408;3;
19.01.2026;GAS_BASE_W;GAS_BASE_W-05-26;186;188,75;186;189;190,5;49;600;18974012,4;616;
19.01.2026;GAS_BASE_W;GAS_BASE_W-06-26;168,5;169,5;167;170;179,25;22;280;7939890;280;
19.01.2026;GAS_BASE_W;GAS_BASE_W-07-26;0;0;0;0;179,25;0;0;0;0;
19.01.2026;GAS_BASE_W;GAS_BASE_W-08-26;0;0;0;0;0;0;0;0;0;
19.01.2026;GAS_BASE_Y;GAS_BASE_Y-27;133;132,5;131,75;133;134,4;16;23;26672010;3754;
19.01.2026;GAS_BASE_Y;GAS_BASE_Y-28;125;124,75;124,75;125;127;3;3;3289608;160;
19.01.2026;GAS_BASE_Y;GAS_BASE_Y-29;0;0;0;0;121;0;0;0;13;
19.01.2026;GAS_BASE_Y;GAS_BASE_Y-30;0;0;0;0;118,16;0;0;0;5;
19.01.2026;GAS_RDB;GAS_RDB_19-01-26;187,5;195;187;195,5;0;168;74500;14155323,77;73931;
19.01.2026;GLW_BASE;GLW_BASE_20-01-26;0;0;0;0;0;0;0;0;0;
19.01.2026;GLW_RDB;GLW_RDB_19-01-26;0;0;0;0;0;0;0;0;0;
19.01.2026;KUK_A_WMA-03;KUK_A_WMA-03;0;0;0;0;0;0;0;0;0;
19.01.2026;OFFPEAK;OFFPEAK_20-01-26;0;0;0;0;0;0;0;0;0;
19.01.2026;OFFPEAK;OFFPEAK_21-01-26;0;0;0;0;0;0;0;0;0;
19.01.2026;OFFPEAK_M;OFFPEAK_M-02-26;0;0;0;0;457,26;0;0;0;0;
19.01.2026;OFFPEAK_M;OFFPEAK_M-03-26;0;0;0;0;425,74;0;0;0;0;
19.01.2026;OFFPEAK_M;OFFPEAK_M-04-26;0;0;0;0;420,22;0;0;0;0;
19.01.2026;OFFPEAK_M;OFFPEAK_M-05-26;0;0;0;0;412,67;0;0;0;0;
19.01.2026;OFFPEAK_M;OFFPEAK_M-06-26;0;0;0;0;430,53;0;0;0;0;
19.01.2026;OFFPEAK_M;OFFPEAK_M-07-26;0;0;0;0;434,88;0;0;0;0;
19.01.2026;OFFPEAK_Q;OFFPEAK_Q-1-27;0;0;0;0;419,34;0;0;0;0;
19.01.2026;OFFPEAK_Q;OFFPEAK_Q-2-26;0;0;0;0;420,88;0;0;0;0;
19.01.2026;OFFPEAK_Q;OFFPEAK_Q-2-27;0;0;0;0;421,4;0;0;0;0;
19.01.2026;OFFPEAK_Q;OFFPEAK_Q-3-26;0;0;0;0;437,43;0;0;0;0;
19.01.2026;OFFPEAK_Q;OFFPEAK_Q-3-27;0;0;0;0;434,7;0;0;0;0;
19.01.2026;OFFPEAK_Q;OFFPEAK_Q-4-26;0;0;0;0;412,6;0;0;0;0;
19.01.2026;OFFPEAK_W;OFFPEAK_W-05-26;0;0;0;0;671,96;0;0;0;0;
19.01.2026;OFFPEAK_W;OFFPEAK_W-06-26;0;0;0;0;462,68;0;0;0;0;
19.01.2026;OFFPEAK_W;OFFPEAK_W-07-26;0;0;0;0;457,26;0;0;0;0;
19.01.2026;OFFPEAK_W;OFFPEAK_W-08-26;0;0;0;0;457,26;0;0;0;0;
19.01.2026;OFFPEAK_W;OFFPEAK_W-09-26;0;0;0;0;0;0;0;0;0;
19.01.2026;OFFPEAK_Y;OFFPEAK_Y-27;0;0;0;0;413,02;0;0;0;0;
19.01.2026;OFFPEAK_Y;OFFPEAK_Y-28;0;0;0;0;387,74;0;0;0;0;
19.01.2026;OFFPEAK_Y;OFFPEAK_Y-29;0;0;0;0;410,43;0;0;0;0;
19.01.2026;OFFPEAK_Y;OFFPEAK_Y-30;0;0;0;0;392,19;0;0;0;0;
19.01.2026;PEAK;PEAK_20-01-26;0;0;0;0;0;0;0;0;0;
19.01.2026;PEAK;PEAK_21-01-26;0;0;0;0;0;0;0;0;0;
19.01.2026;PEAK5_M;PEAK5_M-02-26;690;690;690;693;721;18;20;4144500;178;
19.01.2026;PEAK5_M;PEAK5_M-03-26;0;0;0;0;485;0;0;0;4;
19.01.2026;PEAK5_M;PEAK5_M-04-26;0;0;0;0;454;0;0;0;0;
19.01.2026;PEAK5_M;PEAK5_M-05-26;0;0;0;0;437,14;0;0;0;0;
19.01.2026;PEAK5_M;PEAK5_M-06-26;0;0;0;0;449,38;0;0;0;0;
19.01.2026;PEAK5_M;PEAK5_M-07-26;0;0;0;0;485,35;0;0;0;0;
19.01.2026;PEAK5_Q;PEAK5_Q-1-27;0;0;0;0;545,95;0;0;0;0;
19.01.2026;PEAK5_Q;PEAK5_Q-2-26;0;0;0;0;447;0;0;0;26;
19.01.2026;PEAK5_Q;PEAK5_Q-2-27;0;0;0;0;438,35;0;0;0;0;
19.01.2026;PEAK5_Q;PEAK5_Q-3-26;0;0;0;0;490;0;0;0;3;
19.01.2026;PEAK5_Q;PEAK5_Q-3-27;0;0;0;0;469,86;0;0;0;0;
19.01.2026;PEAK5_Q;PEAK5_Q-4-26;0;0;0;0;593;0;0;0;12;
19.01.2026;PEAK5_W;PEAK5_W-05-26;0;0;0;0;750;0;0;0;0;
19.01.2026;PEAK5_W;PEAK5_W-06-26;0;0;0;0;721;0;0;0;0;
19.01.2026;PEAK5_W;PEAK5_W-07-26;0;0;0;0;721;0;0;0;0;
19.01.2026;PEAK5_W;PEAK5_W-08-26;0;0;0;0;721;0;0;0;0;
19.01.2026;PEAK5_W;PEAK5_W-09-26;0;0;0;0;0;0;0;0;0;
19.01.2026;PEAK5_Y;PEAK5_Y-27;0;0;0;0;509;0;0;0;134;
19.01.2026;PEAK5_Y;PEAK5_Y-28;0;0;0;0;508,5;0;0;0;0;
19.01.2026;PEAK5_Y;PEAK5_Y-29;0;0;0;0;502,5;0;0;0;0;
19.01.2026;PEAK5_Y;PEAK5_Y-30;0;0;0;0;513,55;0;0;0;0;
19.01.2026;PMBG;PMBG;0;0;0;0;0;0;0;0;0;
19.01.2026;PMEF-2025;PMEF-2025;0;0;0;0;0;0;0;0;0;
19.01.2026;PMEF-2026;PMEF-2026;0;0;0;0;0;0;0;0;0;
19.01.2026;PMEF_F;PMEF_F;0;0;0;0;0;0;0;0;81632219;
19.01.2026;PMOZE;PMOZE;0;0;0;0;0;0;0;0;0;
19.01.2026;PMOZE_A;PMOZE_A;0;0;0;0;0;0;0;0;9114175095;
19.01.2026;PMOZE-BIO;PMOZE-BIO;0;0;0;0;0;0;0;0;524147873;
19.01.2026;PSZ_B_DLS-01;PSZ_B_DLS-01;0;0;0;0;0;0;0;0;0;
19.01.2026;PSZ_B_KUJ-01;PSZ_B_KUJ-01;0;0;0;0;0;0;0;0;0;
19.01.2026;PSZ_B_KUJ-02;PSZ_B_KUJ-02;0;0;0;0;0;0;0;0;0;
19.01.2026;PSZ_B_LBL-01;PSZ_B_LBL-01;0;0;0;0;0;0;0;0;0;
19.01.2026;PSZ_B_LBL-02;PSZ_B_LBL-02;0;0;0;0;0;0;0;0;0;
19.01.2026;PSZ_B_LBL-03;PSZ_B_LBL-03;0;0;0;0;0;0;0;0;0;
19.01.2026;PSZ_B_LBL-04;PSZ_B_LBL-04;0;0;0;0;0;0;0;0;0;
19.01.2026;PSZ_B_LBL-05;PSZ_B_LBL-05;0;0;0;0;0;0;0;0;0;
19.01.2026;PSZ_B_LBL-06;PSZ_B_LBL-06;0;0;0;0;0;0;0;0;0;
19.01.2026;PSZ_B_LBL-07;PSZ_B_LBL-07;0;0;0;0;0;0;0;0;0;
19.01.2026;PSZ_B_LBU-01;PSZ_B_LBU-01;0;0;0;0;0;0;0;0;0;
19.01.2026;PSZ_B_LBU-02;PSZ_B_LBU-02;0;0;0;0;0;0;0;0;0;
19.01.2026;PSZ_B_MAZ-01;PSZ_B_MAZ-01;0;0;0;0;0;0;0;0;0;
19.01.2026;PSZ_B_MAZ-02;PSZ_B_MAZ-02;0;0;0;0;0;0;0;0;0;
19.01.2026;PSZ_B_MAZ-03;PSZ_B_MAZ-03;0;0;0;0;0;0;0;0;0;
19.01.2026;PSZ_B_OPO-01;PSZ_B_OPO-01;0;0;0;0;0;0;0;0;0;
19.01.2026;PSZ_B_OPO-02;PSZ_B_OPO-02;0;0;0;0;0;0;0;0;0;
19.01.2026;PSZ_B_PDK-01;PSZ_B_PDK-01;0;0;0;0;0;0;0;0;0;
19.01.2026;PSZ_B_PDL-01;PSZ_B_PDL-01;0;0;0;0;0;0;0;0;0;
19.01.2026;PSZ_B_POM-01;PSZ_B_POM-01;0;0;0;0;0;0;0;0;0;
19.01.2026;PSZ_B_POM-02;PSZ_B_POM-02;0;0;0;0;0;0;0;0;0;
19.01.2026;PSZ_B_WLK-01;PSZ_B_WLK-01;0;0;0;0;0;0;0;0;0;
19.01.2026;PSZ_B_WLK-02;PSZ_B_WLK-02;0;0;0;0;0;0;0;0;0;
19.01.2026;PSZ_B_WLK-03;PSZ_B_WLK-03;0;0;0;0;0;0;0;0;0;
19.01.2026;PSZ_B_WLK-04;PSZ_B_WLK-04;0;0;0;0;0;0;0;0;0;
19.01.2026;PSZ_B_WMA-01;PSZ_B_WMA-01;0;0;0;0;0;0;0;0;0;
19.01.2026;PSZ_B_WMA-02;PSZ_B_WMA-02;0;0;0;0;0;0;0;0;0;
19.01.2026;PSZ_B_WMA-03;PSZ_B_WMA-03;0;0;0;0;0;0;0;0;0;
19.01.2026;PSZ_B_WMA-04;PSZ_B_WMA-04;0;0;0;0;0;0;0;0;0;
19.01.2026;PSZ_B_WMA-05;PSZ_B_WMA-05;0;0;0;0;0;0;0;0;0;
19.01.2026;PSZ_B_WMA-06;PSZ_B_WMA-06;0;0;0;0;0;0;0;0;0;
19.01.2026;PSZ_B_ZPO-01;PSZ_B_ZPO-01;0;0;0;0;0;0;0;0;0;
19.01.2026;PSZ_B_ZPO-02;PSZ_B_ZPO-02;0;0;0;0;0;0;0;0;0;
19.01.2026;PSZ_C_DLS-01;PSZ_C_DLS-01;0;0;0;0;0;0;0;0;0;
19.01.2026;PSZ_C_KUJ-01;PSZ_C_KUJ-01;0;0;0;0;0;0;0;0;0;
19.01.2026;PSZ_C_KUJ-02;PSZ_C_KUJ-02;0;0;0;0;0;0;0;0;0;
19.01.2026;PSZ_C_LBL-01;PSZ_C_LBL-01;0;0;0;0;0;0;0;0;0;
19.01.2026;PSZ_C_LBL-02;PSZ_C_LBL-02;0;0;0;0;0;0;0;0;0;
19.01.2026;PSZ_C_LBL-03;PSZ_C_LBL-03;0;0;0;0;0;0;0;0;0;
19.01.2026;PSZ_C_LBL-04;PSZ_C_LBL-04;0;0;0;0;0;0;0;0;0;
19.01.2026;PSZ_C_LBL-05;PSZ_C_LBL-05;0;0;0;0;0;0;0;0;0;
19.01.2026;PSZ_C_LBL-06;PSZ_C_LBL-06;0;0;0;0;0;0;0;0;0;
19.01.2026;PSZ_C_LBL-07;PSZ_C_LBL-07;0;0;0;0;0;0;0;0;0;
19.01.2026;PSZ_C_LBU-01;PSZ_C_LBU-01;0;0;0;0;0;0;0;0;0;
19.01.2026;PSZ_C_LBU-02;PSZ_C_LBU-02;0;0;0;0;0;0;0;0;0;
19.01.2026;PSZ_C_MAZ-01;PSZ_C_MAZ-01;0;0;0;0;0;0;0;0;0;
19.01.2026;PSZ_C_MAZ-02;PSZ_C_MAZ-02;0;0;0;0;0;0;0;0;0;
19.01.2026;PSZ_C_MAZ-03;PSZ_C_MAZ-03;0;0;0;0;0;0;0;0;0;
19.01.2026;PSZ_C_OPO-01;PSZ_C_OPO-01;0;0;0;0;0;0;0;0;0;
19.01.2026;PSZ_C_OPO-02;PSZ_C_OPO-02;0;0;0;0;0;0;0;0;0;
19.01.2026;PSZ_C_PDK-01;PSZ_C_PDK-01;0;0;0;0;0;0;0;0;0;
19.01.2026;PSZ_C_PDL-01;PSZ_C_PDL-01;0;0;0;0;0;0;0;0;0;
19.01.2026;PSZ_C_POM-01;PSZ_C_POM-01;0;0;0;0;0;0;0;0;0;
19.01.2026;PSZ_C_POM-02;PSZ_C_POM-02;0;0;0;0;0;0;0;0;0;
19.01.2026;PSZ_C_WLK-01;PSZ_C_WLK-01;0;0;0;0;0;0;0;0;0;
19.01.2026;PSZ_C_WLK-02;PSZ_C_WLK-02;0;0;0;0;0;0;0;0;0;
19.01.2026;PSZ_C_WLK-03;PSZ_C_WLK-03;0;0;0;0;0;0;0;0;0;
19.01.2026;PSZ_C_WLK-04;PSZ_C_WLK-04;0;0;0;0;0;0;0;0;0;
19.01.2026;PSZ_C_WMA-01;PSZ_C_WMA-01;0;0;0;0;0;0;0;0;0;
19.01.2026;PSZ_C_WMA-02;PSZ_C_WMA-02;0;0;0;0;0;0;0;0;0;
19.01.2026;PSZ_C_WMA-03;PSZ_C_WMA-03;0;0;0;0;0;0;0;0;0;
19.01.2026;PSZ_C_WMA-04;PSZ_C_WMA-04;0;0;0;0;0;0;0;0;0;
19.01.2026;PSZ_C_WMA-05;PSZ_C_WMA-05;0;0;0;0;0;0;0;0;0;
19.01.2026;PSZ_C_WMA-06;PSZ_C_WMA-06;0;0;0;0;0;0;0;0;0;
19.01.2026;PSZ_C_ZPO-01;PSZ_C_ZPO-01;0;0;0;0;0;0;0;0;0;
19.01.2026;PSZ_C_ZPO-02;PSZ_C_ZPO-02;0;0;0;0;0;0;0;0;0;
19.01.2026;RDN-1;RDN_20-01-26_H01;487,88;480;480;487,88;0;113;2212,1;1079042,348;1945,2;
19.01.2026;RDN-1;RDN_20-01-26_H02;479,6;470;470;479,6;0;131;2215,9;1062505,64;1782;
19.01.2026;RDN-1;RDN_20-01-26_H03;467,11;460;460;467,11;0;127;2134,6;996915,256;1818,1;
19.01.2026;RDN-1;RDN_20-01-26_H04;464;460;460;464;0;129;2333,4;1082597,6;1917,1;
19.01.2026;RDN-1;RDN_20-01-26_H05;474,4;470;470;474,4;0;130;2506,6;1189021,04;2186,9;
19.01.2026;RDN-1;RDN_20-01-26_H06;500;500;500;500;0;132;2511,4;1255700;2234,5;
19.01.2026;RDN-1;RDN_20-01-26_H07;622;622;622;622;0;136;3081,4;1916630,8;2670,8;
19.01.2026;RDN-1;RDN_20-01-26_H08;872,35;872,35;872,35;872,35;0;148;3193,5;2785849,725;2850,2;
19.01.2026;RDN-1;RDN_20-01-26_H09;770,95;770;770;770,95;0;144;3303,6;2546886,67;2790,7;
19.01.2026;RDN-1;RDN_20-01-26_H10;599,86;599,86;599,86;599,86;0;141;3118;1870363,48;2739,6;
19.01.2026;RDN-1;RDN_20-01-26_H11;508,6;510;508,6;510;0;158;3313,6;1685455,16;2880,2;
19.01.2026;RDN-1;RDN_20-01-26_H12;496;496;496;496;0;167;3113,6;1544345,6;2626;
19.01.2026;RDN-1;RDN_20-01-26_H13;469,87;470;465,99;470;0;166;2936,9;1379941,253;2517,1;
19.01.2026;RDN-1;RDN_20-01-26_H14;499,44;490;481,65;500;0;146;2670,6;1332902,084;2235,9;
19.01.2026;RDN-1;RDN_20-01-26_H15;601,72;601,72;601,72;601,72;0;123;2577,8;1551113,816;2033,5;
19.01.2026;RDN-1;RDN_20-01-26_H16;819;799;799;819;0;158;3370,6;2760507,4;2944,8;
19.01.2026;RDN-1;RDN_20-01-26_H17;1000;1000;1000;1000;0;171;3763,3;3763300;3318,6;
19.01.2026;RDN-1;RDN_20-01-26_H18;946,5;946,5;946,5;946,5;0;152;3739,9;3539815,35;3162,9;
19.01.2026;RDN-1;RDN_20-01-26_H19;827,34;827,34;827,34;827,34;0;156;3618;2993316,12;3189,8;
19.01.2026;RDN-1;RDN_20-01-26_H20;769;769;769;769;0;143;3521,4;2707956,6;3101,5;
19.01.2026;RDN-1;RDN_20-01-26_H21;665,56;665,56;665,56;665,56;0;145;3540,7;2356548,292;2953,5;
19.01.2026;RDN-1;RDN_20-01-26_H22;557,24;560;547,4;560;0;134;2865,8;1596797,68;2432,2;
19.01.2026;RDN-1;RDN_20-01-26_H23;530;529,15;529,15;530;0;123;3163,1;1676434,5;2828,4;
19.01.2026;RDN-1;RDN_20-01-26_H24;488,37;488,37;488,37;488,37;0;122;2654,4;1296329,328;2295,4;
19.01.2026;RZP_A_LBL-01;RZP_A_LBL-01;0;0;0;0;0;0;0;0;0;
19.01.2026;SGT_BASE;SGT_BASE_20-01-26;0;0;0;0;0;0;0;0;0;
19.01.2026;SGT_RDB;SGT_RDB_19-01-26;0;0;0;0;0;0;0;0;0;
19.01.2026;ZTO_B_KUJ-02;ZTO_B_KUJ-02;0;0;0;0;0;0;0;0;0;
19.01.2026;ZTO_B_LBL-01;ZTO_B_LBL-01;0;0;0;0;0;0;0;0;0;
19.01.2026;ZTO_B_LBU-01;ZTO_B_LBU-01;0;0;0;0;0;0;0;0;0;
19.01.2026;ZTO_B_MAZ-01;ZTO_B_MAZ-01;0;0;0;0;0;0;0;0;0;
19.01.2026;ZTO_B_PDL-01;ZTO_B_PDL-01;0;0;0;0;0;0;0;0;0;
19.01.2026;ZTO_B_WLK-01;ZTO_B_WLK-01;0;0;0;0;0;0;0;0;0;
19.01.2026;ZTO_B_WLK-02;ZTO_B_WLK-02;0;0;0;0;0;0;0;0;0;
19.01.2026;ZTO_B_WMA-01;ZTO_B_WMA-01;0;0;0;0;0;0;0;0;0;
19.01.2026;ZTO_B_WMA-02;ZTO_B_WMA-02;0;0;0;0;0;0;0;0;0;
19.01.2026;ZTO_B_WMA-03;ZTO_B_WMA-03;0;0;0;0;0;0;0;0;0;
19.01.2026;ZTO_C_KUJ-02;ZTO_C_KUJ-02;0;0;0;0;0;0;0;0;0;
19.01.2026;ZTO_C_LBL-01;ZTO_C_LBL-01;0;0;0;0;0;0;0;0;0;
19.01.2026;ZTO_C_LBU-01;ZTO_C_LBU-01;0;0;0;0;0;0;0;0;0;
19.01.2026;ZTO_C_MAZ-01;ZTO_C_MAZ-01;0;0;0;0;0;0;0;0;0;
19.01.2026;ZTO_C_PDL-01;ZTO_C_PDL-01;0;0;0;0;0;0;0;0;0;
19.01.2026;ZTO_C_WLK-01;ZTO_C_WLK-01;0;0;0;0;0;0;0;0;0;
19.01.2026;ZTO_C_WLK-02;ZTO_C_WLK-02;0;0;0;0;0;0;0;0;0;
19.01.2026;ZTO_C_WMA-01;ZTO_C_WMA-01;0;0;0;0;0;0;0;0;0;
19.01.2026;ZTO_C_WMA-02;ZTO_C_WMA-02;0;0;0;0;0;0;0;0;0;
19.01.2026;ZTO_C_WMA-03;ZTO_C_WMA-03;0;0;0;0;0;0;0;0;0;
20.01.2026;BASE;BASE_21-01-26;709;726;709;726;0;68;497;8583480;417;
20.01.2026;BASE;BASE_22-01-26;0;0;0;0;0;0;0;0;0;
20.01.2026;BASE_M;BASE_M-02-26;558;533;533;558;546,2;70;100;36471456;470;
20.01.2026;BASE_M;BASE_M-03-26;443;440;440;443;441,55;19;20;6543601;222;
20.01.2026;BASE_M;BASE_M-04-26;0;0;0;0;424,87;0;0;0;5;
20.01.2026;BASE_M;BASE_M-05-26;0;0;0;0;409,5;0;0;0;0;
20.01.2026;BASE_M;BASE_M-06-26;0;0;0;0;440,54;0;0;0;0;
20.01.2026;BASE_M;BASE_M-07-26;0;0;0;0;449,75;0;0;0;0;
20.01.2026;BASE_Q;BASE_Q-1-27;0;0;0;0;463;0;0;0;0;
20.01.2026;BASE_Q;BASE_Q-2-26;423;422;420;425;424,8;25;36;33226174,8;406;
20.01.2026;BASE_Q;BASE_Q-2-27;0;0;0;0;421,89;0;0;0;0;
20.01.2026;BASE_Q;BASE_Q-3-26;452;453;450;453;452,42;13;14;13983264;281;
20.01.2026;BASE_Q;BASE_Q-3-27;0;0;0;0;443,27;0;0;0;0;
20.01.2026;BASE_Q;BASE_Q-4-26;485;478,5;475;485;483;26;38;40220544;502;
20.01.2026;BASE_W;BASE_W-05-26;651;630;630;651;648;32;59;6323436;78;
20.01.2026;BASE_W;BASE_W-06-26;0;0;0;0;576,98;0;0;0;0;
20.01.2026;BASE_W;BASE_W-07-26;0;0;0;0;564,98;0;0;0;0;
20.01.2026;BASE_W;BASE_W-08-26;0;0;0;0;564,98;0;0;0;0;
20.01.2026;BASE_W;BASE_W-09-26;0;0;0;0;458,01;0;0;0;0;
20.01.2026;BASE_Y;BASE_Y-27;443,1;443;443;443,1;447,34;10;10;38808552;677;
20.01.2026;BASE_Y;BASE_Y-28;430;430;430;430;430;2;2;7554240;121;
20.01.2026;BASE_Y;BASE_Y-29;0;0;0;0;434;0;0;0;1;
20.01.2026;BASE_Y;BASE_Y-30;0;0;0;0;433,44;0;0;0;0;
20.01.2026;F-OZE;F-OZE_05-26;0;0;0;0;26,46;0;0;0;0;
20.01.2026;F-OZE;F-OZE_05-27;0;0;0;0;26,46;0;0;0;0;
20.01.2026;F-OZE;F-OZE_11-26;0;0;0;0;26,46;0;0;0;0;
20.01.2026;F-OZE;F-OZE_11-27;0;0;0;0;26,46;0;0;0;0;
20.01.2026;GAS_BASE;GAS_BASE_21-01-26;197,5;198;196;201;0;203;12155;57917463,6;11693;
20.01.2026;GAS_BASE_M;GAS_BASE_M-01-27;0;0;0;0;152,13;0;0;0;98;
20.01.2026;GAS_BASE_M;GAS_BASE_M-02-26;179;179,25;176,9;179,25;168,66;30;92;11012043,84;23896;
20.01.2026;GAS_BASE_M;GAS_BASE_M-03-26;170;168,8;168,65;170;162,83;4;20;2512083;18841;
20.01.2026;GAS_BASE_M;GAS_BASE_M-04-26;158,25;156,5;155,5;158,5;150,3;18;63;7104240;1772;
20.01.2026;GAS_BASE_M;GAS_BASE_M-05-26;150,25;150,25;150,25;150,25;142,13;1;3;335358;224;
20.01.2026;GAS_BASE_M;GAS_BASE_M-06-26;0;0;0;0;138,12;0;0;0;52;
20.01.2026;GAS_BASE_M;GAS_BASE_M-07-26;0;0;0;0;140,35;0;0;0;6;
20.01.2026;GAS_BASE_M;GAS_BASE_M-08-26;0;0;0;0;142,33;0;0;0;10;
20.01.2026;GAS_BASE_M;GAS_BASE_M-09-26;0;0;0;0;142,75;0;0;0;217;
20.01.2026;GAS_BASE_M;GAS_BASE_M-10-26;0;0;0;0;143,52;0;0;0;31;
20.01.2026;GAS_BASE_M;GAS_BASE_M-11-26;152,75;153;151,25;153;147,1;5;25;2740500;838;
20.01.2026;GAS_BASE_M;GAS_BASE_M-12-26;155,5;155,75;154;155,75;149,75;5;25;2883000;826;
20.01.2026;GAS_BASE_Q;GAS_BASE_Q-1-27;153;153,5;152,5;153,5;148,28;14;30;9902254;664;
20.01.2026;GAS_BASE_Q;GAS_BASE_Q-2-26;150,25;150,25;150,25;150,25;143,5;1;5;1640730;7520;
20.01.2026;GAS_BASE_Q;GAS_BASE_Q-2-27;130,25;130,25;130,25;130,25;126,13;2;2;568932;13;
20.01.2026;GAS_BASE_Q;GAS_BASE_Q-3-26;148,5;147,5;146;148,75;141,8;5;25;8144760;6190;
20.01.2026;GAS_BASE_Q;GAS_BASE_Q-3-27;0;0;0;0;125,75;0;0;0;25;
20.01.2026;GAS_BASE_Q;GAS_BASE_Q-4-26;152;152,5;151,25;152,5;146,78;6;11;3689582;7910;
20.01.2026;GAS_BASE_S;GAS_BASE_S-S-26;0;0;0;0;142,65;0;0;0;72;
20.01.2026;GAS_BASE_S;GAS_BASE_S-S-27;0;0;0;0;125,94;0;0;0;9;
20.01.2026;GAS_BASE_S;GAS_BASE_S-W-26;0;0;0;0;147,52;0;0;0;621;
20.01.2026;GAS_BASE_S;GAS_BASE_S-W-27;0;0;0;0;137;0;0;0;3;
20.01.2026;GAS_BASE_W;GAS_BASE_W-05-26;199,5;198;196,25;199,5;188,51;38;515;17056704;1151;
20.01.2026;GAS_BASE_W;GAS_BASE_W-06-26;180;179;178;180;169,5;6;65;1952580;320;
20.01.2026;GAS_BASE_W;GAS_BASE_W-07-26;0;0;0;0;168,66;0;0;0;0;
20.01.2026;GAS_BASE_W;GAS_BASE_W-08-26;0;0;0;0;168,66;0;0;0;0;
20.01.2026;GAS_BASE_Y;GAS_BASE_Y-27;135,75;136,5;135,75;136,75;132,5;9;12;14307270;3766;
20.01.2026;GAS_BASE_Y;GAS_BASE_Y-28;126,25;126,25;126,25;126,25;124,75;2;2;2217960;162;
20.01.2026;GAS_BASE_Y;GAS_BASE_Y-29;0;0;0;0;119;0;0;0;13;
20.01.2026;GAS_BASE_Y;GAS_BASE_Y-30;0;0;0;0;116,44;0;0;0;5;
20.01.2026;GAS_RDB;GAS_RDB_20-01-26;199,25;195;195;200,75;0;98;26825;5316423,6;19027;
20.01.2026;GLW_BASE;GLW_BASE_21-01-26;0;0;0;0;0;0;0;0;0;
20.01.2026;GLW_RDB;GLW_RDB_20-01-26;0;0;0;0;0;0;0;0;0;
20.01.2026;KUK_A_WMA-03;KUK_A_WMA-03;0;0;0;0;0;0;0;0;0;
20.01.2026;OFFPEAK;OFFPEAK_21-01-26;0;0;0;0;0;0;0;0;0;
20.01.2026;OFFPEAK;OFFPEAK_22-01-26;0;0;0;0;0;0;0;0;0;
20.01.2026;OFFPEAK_M;OFFPEAK_M-02-26;0;0;0;0;428,78;0;0;0;0;
20.01.2026;OFFPEAK_M;OFFPEAK_M-03-26;0;0;0;0;414,82;0;0;0;0;
20.01.2026;OFFPEAK_M;OFFPEAK_M-04-26;0;0;0;0;407,74;0;0;0;0;
20.01.2026;OFFPEAK_M;OFFPEAK_M-05-26;0;0;0;0;395,45;0;0;0;0;
20.01.2026;OFFPEAK_M;OFFPEAK_M-06-26;0;0;0;0;439,13;0;0;0;0;
20.01.2026;OFFPEAK_M;OFFPEAK_M-07-26;0;0;0;0;428,82;0;0;0;0;
20.01.2026;OFFPEAK_Q;OFFPEAK_Q-1-27;0;0;0;0;402,77;0;0;0;0;
20.01.2026;OFFPEAK_Q;OFFPEAK_Q-2-26;0;0;0;0;413,53;0;0;0;0;
20.01.2026;OFFPEAK_Q;OFFPEAK_Q-2-27;0;0;0;0;409,99;0;0;0;0;
20.01.2026;OFFPEAK_Q;OFFPEAK_Q-3-26;0;0;0;0;431,22;0;0;0;0;
20.01.2026;OFFPEAK_Q;OFFPEAK_Q-3-27;0;0;0;0;422,41;0;0;0;0;
20.01.2026;OFFPEAK_Q;OFFPEAK_Q-4-26;0;0;0;0;406,52;0;0;0;0;
20.01.2026;OFFPEAK_W;OFFPEAK_W-05-26;0;0;0;0;606,06;0;0;0;0;
20.01.2026;OFFPEAK_W;OFFPEAK_W-06-26;0;0;0;0;484,38;0;0;0;0;
20.01.2026;OFFPEAK_W;OFFPEAK_W-07-26;0;0;0;0;462,7;0;0;0;0;
20.01.2026;OFFPEAK_W;OFFPEAK_W-08-26;0;0;0;0;462,7;0;0;0;0;
20.01.2026;OFFPEAK_W;OFFPEAK_W-09-26;0;0;0;0;269,47;0;0;0;0;
20.01.2026;OFFPEAK_Y;OFFPEAK_Y-27;0;0;0;0;400,97;0;0;0;0;
20.01.2026;OFFPEAK_Y;OFFPEAK_Y-28;0;0;0;0;397,23;0;0;0;0;
20.01.2026;OFFPEAK_Y;OFFPEAK_Y-29;0;0;0;0;403,9;0;0;0;0;
20.01.2026;OFFPEAK_Y;OFFPEAK_Y-30;0;0;0;0;370,37;0;0;0;0;
20.01.2026;PEAK;PEAK_21-01-26;0;0;0;0;0;0;0;0;0;
20.01.2026;PEAK;PEAK_22-01-26;0;0;0;0;0;0;0;0;0;
20.01.2026;PEAK5_M;PEAK5_M-02-26;690;689;687;690,01;691,8;27;42;8688756;213;
20.01.2026;PEAK5_M;PEAK5_M-03-26;0;0;0;0;475;0;0;0;4;
20.01.2026;PEAK5_M;PEAK5_M-04-26;0;0;0;0;446,89;0;0;0;0;
20.01.2026;PEAK5_M;PEAK5_M-05-26;0;0;0;0;430,3;0;0;0;0;
20.01.2026;PEAK5_M;PEAK5_M-06-26;0;0;0;0;442,35;0;0;0;0;
20.01.2026;PEAK5_M;PEAK5_M-07-26;0;0;0;0;473,95;0;0;0;0;
20.01.2026;PEAK5_Q;PEAK5_Q-1-27;0;0;0;0;544,88;0;0;0;0;
20.01.2026;PEAK5_Q;PEAK5_Q-2-26;445;445;445;445;440;1;1;413850;26;
20.01.2026;PEAK5_Q;PEAK5_Q-2-27;0;0;0;0;437,49;0;0;0;0;
20.01.2026;PEAK5_Q;PEAK5_Q-3-26;480;480;480;480;478,5;1;1;475200;4;
20.01.2026;PEAK5_Q;PEAK5_Q-3-27;0;0;0;0;468,93;0;0;0;0;
20.01.2026;PEAK5_Q;PEAK5_Q-4-26;580;580;580;582;582,5;7;7;3901440;19;
20.01.2026;PEAK5_W;PEAK5_W-05-26;0;0;0;0;700;0;0;0;0;
20.01.2026;PEAK5_W;PEAK5_W-06-26;0;0;0;0;691,8;0;0;0;0;
20.01.2026;PEAK5_W;PEAK5_W-07-26;0;0;0;0;691,8;0;0;0;0;
20.01.2026;PEAK5_W;PEAK5_W-08-26;0;0;0;0;691,8;0;0;0;0;
20.01.2026;PEAK5_W;PEAK5_W-09-26;0;0;0;0;691,8;0;0;0;0;
20.01.2026;PEAK5_Y;PEAK5_Y-27;0;0;0;0;508;0;0;0;134;
20.01.2026;PEAK5_Y;PEAK5_Y-28;490;490;490;490;473,69;2;1;1844850;1;
20.01.2026;PEAK5_Y;PEAK5_Y-29;0;0;0;0;473,93;0;0;0;0;
20.01.2026;PEAK5_Y;PEAK5_Y-30;0;0;0;0;517,7;0;0;0;0;
20.01.2026;PMBG;PMBG;0;0;0;0;0;0;0;0;0;
20.01.2026;PMEF-2025;PMEF-2025;0;0;0;0;0;0;0;0;0;
20.01.2026;PMEF-2026;PMEF-2026;0;0;0;0;0;0;0;0;0;
20.01.2026;PMEF_F;PMEF_F;2327,05;2327,49;2327,01;2327,49;0;51;2171657;5053577268;81632219;
20.01.2026;PMOZE;PMOZE;0;0;0;0;0;0;0;0;0;
20.01.2026;PMOZE_A;PMOZE_A;26,5;26,3;26,21;26,5;0;83;69863126;1846798978;9114175095;
20.01.2026;PMOZE-BIO;PMOZE-BIO;302;305;300,05;305;0;6;942620;283164950;524147873;
20.01.2026;PSZ_B_DLS-01;PSZ_B_DLS-01;0;0;0;0;0;0;0;0;0;
20.01.2026;PSZ_B_KUJ-01;PSZ_B_KUJ-01;0;0;0;0;0;0;0;0;0;
20.01.2026;PSZ_B_KUJ-02;PSZ_B_KUJ-02;0;0;0;0;0;0;0;0;0;
20.01.2026;PSZ_B_LBL-01;PSZ_B_LBL-01;0;0;0;0;0;0;0;0;0;
20.01.2026;PSZ_B_LBL-02;PSZ_B_LBL-02;0;0;0;0;0;0;0;0;0;
20.01.2026;PSZ_B_LBL-03;PSZ_B_LBL-03;0;0;0;0;0;0;0;0;0;
20.01.2026;PSZ_B_LBL-04;PSZ_B_LBL-04;0;0;0;0;0;0;0;0;0;
20.01.2026;PSZ_B_LBL-05;PSZ_B_LBL-05;0;0;0;0;0;0;0;0;0;
20.01.2026;PSZ_B_LBL-06;PSZ_B_LBL-06;0;0;0;0;0;0;0;0;0;
20.01.2026;PSZ_B_LBL-07;PSZ_B_LBL-07;0;0;0;0;0;0;0;0;0;
20.01.2026;PSZ_B_LBU-01;PSZ_B_LBU-01;0;0;0;0;0;0;0;0;0;
20.01.2026;PSZ_B_LBU-02;PSZ_B_LBU-02;0;0;0;0;0;0;0;0;0;
20.01.2026;PSZ_B_MAZ-01;PSZ_B_MAZ-01;0;0;0;0;0;0;0;0;0;
20.01.2026;PSZ_B_MAZ-02;PSZ_B_MAZ-02;0;0;0;0;0;0;0;0;0;
20.01.2026;PSZ_B_MAZ-03;PSZ_B_MAZ-03;0;0;0;0;0;0;0;0;0;
20.01.2026;PSZ_B_OPO-01;PSZ_B_OPO-01;0;0;0;0;0;0;0;0;0;
20.01.2026;PSZ_B_OPO-02;PSZ_B_OPO-02;0;0;0;0;0;0;0;0;0;
20.01.2026;PSZ_B_PDK-01;PSZ_B_PDK-01;0;0;0;0;0;0;0;0;0;
20.01.2026;PSZ_B_PDL-01;PSZ_B_PDL-01;0;0;0;0;0;0;0;0;0;
20.01.2026;PSZ_B_POM-01;PSZ_B_POM-01;0;0;0;0;0;0;0;0;0;
20.01.2026;PSZ_B_POM-02;PSZ_B_POM-02;0;0;0;0;0;0;0;0;0;
20.01.2026;PSZ_B_WLK-01;PSZ_B_WLK-01;0;0;0;0;0;0;0;0;0;
20.01.2026;PSZ_B_WLK-02;PSZ_B_WLK-02;0;0;0;0;0;0;0;0;0;
20.01.2026;PSZ_B_WLK-03;PSZ_B_WLK-03;0;0;0;0;0;0;0;0;0;
20.01.2026;PSZ_B_WLK-04;PSZ_B_WLK-04;0;0;0;0;0;0;0;0;0;
20.01.2026;PSZ_B_WMA-01;PSZ_B_WMA-01;0;0;0;0;0;0;0;0;0;
20.01.2026;PSZ_B_WMA-02;PSZ_B_WMA-02;0;0;0;0;0;0;0;0;0;
20.01.2026;PSZ_B_WMA-03;PSZ_B_WMA-03;0;0;0;0;0;0;0;0;0;
20.01.2026;PSZ_B_WMA-04;PSZ_B_WMA-04;0;0;0;0;0;0;0;0;0;
20.01.2026;PSZ_B_WMA-05;PSZ_B_WMA-05;0;0;0;0;0;0;0;0;0;
20.01.2026;PSZ_B_WMA-06;PSZ_B_WMA-06;0;0;0;0;0;0;0;0;0;
20.01.2026;PSZ_B_ZPO-01;PSZ_B_ZPO-01;0;0;0;0;0;0;0;0;0;
20.01.2026;PSZ_B_ZPO-02;PSZ_B_ZPO-02;0;0;0;0;0;0;0;0;0;
20.01.2026;PSZ_C_DLS-01;PSZ_C_DLS-01;0;0;0;0;0;0;0;0;0;
20.01.2026;PSZ_C_KUJ-01;PSZ_C_KUJ-01;0;0;0;0;0;0;0;0;0;
20.01.2026;PSZ_C_KUJ-02;PSZ_C_KUJ-02;0;0;0;0;0;0;0;0;0;
20.01.2026;PSZ_C_LBL-01;PSZ_C_LBL-01;0;0;0;0;0;0;0;0;0;
20.01.2026;PSZ_C_LBL-02;PSZ_C_LBL-02;0;0;0;0;0;0;0;0;0;
20.01.2026;PSZ_C_LBL-03;PSZ_C_LBL-03;0;0;0;0;0;0;0;0;0;
20.01.2026;PSZ_C_LBL-04;PSZ_C_LBL-04;0;0;0;0;0;0;0;0;0;
20.01.2026;PSZ_C_LBL-05;PSZ_C_LBL-05;0;0;0;0;0;0;0;0;0;
20.01.2026;PSZ_C_LBL-06;PSZ_C_LBL-06;0;0;0;0;0;0;0;0;0;
20.01.2026;PSZ_C_LBL-07;PSZ_C_LBL-07;0;0;0;0;0;0;0;0;0;
20.01.2026;PSZ_C_LBU-01;PSZ_C_LBU-01;0;0;0;0;0;0;0;0;0;
20.01.2026;PSZ_C_LBU-02;PSZ_C_LBU-02;0;0;0;0;0;0;0;0;0;
20.01.2026;PSZ_C_MAZ-01;PSZ_C_MAZ-01;0;0;0;0;0;0;0;0;0;
20.01.2026;PSZ_C_MAZ-02;PSZ_C_MAZ-02;0;0;0;0;0;0;0;0;0;
20.01.2026;PSZ_C_MAZ-03;PSZ_C_MAZ-03;0;0;0;0;0;0;0;0;0;
20.01.2026;PSZ_C_OPO-01;PSZ_C_OPO-01;0;0;0;0;0;0;0;0;0;
20.01.2026;PSZ_C_OPO-02;PSZ_C_OPO-02;0;0;0;0;0;0;0;0;0;
20.01.2026;PSZ_C_PDK-01;PSZ_C_PDK-01;0;0;0;0;0;0;0;0;0;
20.01.2026;PSZ_C_PDL-01;PSZ_C_PDL-01;0;0;0;0;0;0;0;0;0;
20.01.2026;PSZ_C_POM-01;PSZ_C_POM-01;0;0;0;0;0;0;0;0;0;
20.01.2026;PSZ_C_POM-02;PSZ_C_POM-02;0;0;0;0;0;0;0;0;0;
20.01.2026;PSZ_C_WLK-01;PSZ_C_WLK-01;0;0;0;0;0;0;0;0;0;
20.01.2026;PSZ_C_WLK-02;PSZ_C_WLK-02;0;0;0;0;0;0;0;0;0;
20.01.2026;PSZ_C_WLK-03;PSZ_C_WLK-03;0;0;0;0;0;0;0;0;0;
20.01.2026;PSZ_C_WLK-04;PSZ_C_WLK-04;0;0;0;0;0;0;0;0;0;
20.01.2026;PSZ_C_WMA-01;PSZ_C_WMA-01;0;0;0;0;0;0;0;0;0;
20.01.2026;PSZ_C_WMA-02;PSZ_C_WMA-02;0;0;0;0;0;0;0;0;0;
20.01.2026;PSZ_C_WMA-03;PSZ_C_WMA-03;0;0;0;0;0;0;0;0;0;
20.01.2026;PSZ_C_WMA-04;PSZ_C_WMA-04;0;0;0;0;0;0;0;0;0;
20.01.2026;PSZ_C_WMA-05;PSZ_C_WMA-05;0;0;0;0;0;0;0;0;0;
20.01.2026;PSZ_C_WMA-06;PSZ_C_WMA-06;0;0;0;0;0;0;0;0;0;
20.01.2026;PSZ_C_ZPO-01;PSZ_C_ZPO-01;0;0;0;0;0;0;0;0;0;
20.01.2026;PSZ_C_ZPO-02;PSZ_C_ZPO-02;0;0;0;0;0;0;0;0;0;
20.01.2026;RDN-1;RDN_21-01-26_H01;498,99;503,99;498,99;503,99;0;148;2725,9;1360293,341;2302,3;
20.01.2026;RDN-1;RDN_21-01-26_H02;490;495;490;495;0;152;2872,2;1407414;2390,8;
20.01.2026;RDN-1;RDN_21-01-26_H03;486;486;486;486;0;148;3029,9;1472531,4;2596,8;
20.01.2026;RDN-1;RDN_21-01-26_H04;484;484;484;484;0;138;3010,8;1457227,2;2494,8;
20.01.2026;RDN-1;RDN_21-01-26_H05;482,01;482,01;482,01;482,01;0;137;2854,4;1375849,344;2407,2;
20.01.2026;RDN-1;RDN_21-01-26_H06;489;474;474;489;0;138;3260,3;1593846,7;2709,7;
20.01.2026;RDN-1;RDN_21-01-26_H07;686,3;686,3;686,3;686,3;0;152;4181,5;2869763,45;3686,6;
20.01.2026;RDN-1;RDN_21-01-26_H08;1021,99;1015;1006,99;1021,99;0;169;4226,9;4319629,631;3693,7;
20.01.2026;RDN-1;RDN_21-01-26_H09;942,85;950;927,85;950;0;164;4136,4;3899976,29;3780,9;
20.01.2026;RDN-1;RDN_21-01-26_H10;650;650;650;650;0;139;3331,3;2165345;2893,4;
20.01.2026;RDN-1;RDN_21-01-26_H11;474,24;474,24;474,24;474,24;0;140;2935,5;1392131,52;2436;
20.01.2026;RDN-1;RDN_21-01-26_H12;457,99;455,05;455,05;457,99;0;150;3211;1470576,49;2618,7;
20.01.2026;RDN-1;RDN_21-01-26_H13;446;431;431;446;0;148;3108,9;1386405,4;2577,3;
20.01.2026;RDN-1;RDN_21-01-26_H14;460;460;460;460;0;148;3367,2;1548912;2882,2;
20.01.2026;RDN-1;RDN_21-01-26_H15;589;589;589;589;0;135;3498,5;2060616,5;2880,7;
20.01.2026;RDN-1;RDN_21-01-26_H16;977,29;962,29;962,29;977,29;0;202;4410,8;4310480,732;3825,3;
20.01.2026;RDN-1;RDN_21-01-26_H17;1394;1350;1350;1394;0;193;4966,1;6921111,4;4537,1;
20.01.2026;RDN-1;RDN_21-01-26_H18;1474,4;1400;1100;1474,4;0;179;4891,6;7206702,14;4587,4;
20.01.2026;RDN-1;RDN_21-01-26_H19;1219,1;1150;1150;1219,1;0;196;4647,6;5663994,26;4284,3;
20.01.2026;RDN-1;RDN_21-01-26_H20;1146,04;1125;1125;1146,04;0;211;4686,5;5370046,3;4290,1;
20.01.2026;RDN-1;RDN_21-01-26_H21;999,33;950;950;999,33;0;192;4404,7;4400434,971;4078,4;
20.01.2026;RDN-1;RDN_21-01-26_H22;643,5;628,5;628,5;643,5;0;154;3990,6;2567801,1;3627,1;
20.01.2026;RDN-1;RDN_21-01-26_H23;560;545;545;560;0;152;4394,5;2460770;4018,4;
20.01.2026;RDN-1;RDN_21-01-26_H24;494;479;479;494;0;146;3840;1896810;3490,9;
20.01.2026;RZP_A_LBL-01;RZP_A_LBL-01;0;0;0;0;0;0;0;0;0;
20.01.2026;SGT_BASE;SGT_BASE_21-01-26;0;0;0;0;0;0;0;0;0;
20.01.2026;SGT_RDB;SGT_RDB_20-01-26;0;0;0;0;0;0;0;0;0;
20.01.2026;ZTO_B_KUJ-02;ZTO_B_KUJ-02;0;0;0;0;0;0;0;0;0;
20.01.2026;ZTO_B_LBL-01;ZTO_B_LBL-01;0;0;0;0;0;0;0;0;0;
20.01.2026;ZTO_B_LBU-01;ZTO_B_LBU-01;0;0;0;0;0;0;0;0;0;
20.01.2026;ZTO_B_MAZ-01;ZTO_B_MAZ-01;0;0;0;0;0;0;0;0;0;
20.01.2026;ZTO_B_PDL-01;ZTO_B_PDL-01;0;0;0;0;0;0;0;0;0;
20.01.2026;ZTO_B_WLK-01;ZTO_B_WLK-01;0;0;0;0;0;0;0;0;0;
20.01.2026;ZTO_B_WLK-02;ZTO_B_WLK-02;0;0;0;0;0;0;0;0;0;
20.01.2026;ZTO_B_WMA-01;ZTO_B_WMA-01;0;0;0;0;0;0;0;0;0;
20.01.2026;ZTO_B_WMA-02;ZTO_B_WMA-02;0;0;0;0;0;0;0;0;0;
20.01.2026;ZTO_B_WMA-03;ZTO_B_WMA-03;0;0;0;0;0;0;0;0;0;
20.01.2026;ZTO_C_KUJ-02;ZTO_C_KUJ-02;0;0;0;0;0;0;0;0;0;
20.01.2026;ZTO_C_LBL-01;ZTO_C_LBL-01;0;0;0;0;0;0;0;0;0;
20.01.2026;ZTO_C_LBU-01;ZTO_C_LBU-01;0;0;0;0;0;0;0;0;0;
20.01.2026;ZTO_C_MAZ-01;ZTO_C_MAZ-01;0;0;0;0;0;0;0;0;0;
20.01.2026;ZTO_C_PDL-01;ZTO_C_PDL-01;0;0;0;0;0;0;0;0;0;
20.01.2026;ZTO_C_WLK-01;ZTO_C_WLK-01;0;0;0;0;0;0;0;0;0;
20.01.2026;ZTO_C_WLK-02;ZTO_C_WLK-02;0;0;0;0;0;0;0;0;0;
20.01.2026;ZTO_C_WMA-01;ZTO_C_WMA-01;0;0;0;0;0;0;0;0;0;
20.01.2026;ZTO_C_WMA-02;ZTO_C_WMA-02;0;0;0;0;0;0;0;0;0;
20.01.2026;ZTO_C_WMA-03;ZTO_C_WMA-03;0;0;0;0;0;0;0;0;0;
21.01.2026;BASE;BASE_22-01-26;600;570;570;600;0;66;409;5754744;204;
21.01.2026;BASE;BASE_23-01-26;0;0;0;0;0;0;0;0;0;
21.01.2026;BASE_M;BASE_M-02-26;533,5;538;533,5;544;533,4;13;15;5449718,4;495;
21.01.2026;BASE_M;BASE_M-03-26;443;443;443;443;440;3;3;987447;226;
21.01.2026;BASE_M;BASE_M-04-26;0;0;0;0;421;0;0;0;5;
21.01.2026;BASE_M;BASE_M-05-26;0;0;0;0;411,44;0;0;0;0;
21.01.2026;BASE_M;BASE_M-06-26;0;0;0;0;434,52;0;0;0;0;
21.01.2026;BASE_M;BASE_M-07-26;0;0;0;0;449,73;0;0;0;0;
21.01.2026;BASE_Q;BASE_Q-1-27;460;460;460;460;456,47;1;1;993140;1;
21.01.2026;BASE_Q;BASE_Q-2-26;424;424;424;424;422,2;3;4;3704064;414;
21.01.2026;BASE_Q;BASE_Q-2-27;0;0;0;0;417,79;0;0;0;0;
21.01.2026;BASE_Q;BASE_Q-3-26;455;455,5;455;455,5;452,4;3;3;3015024;282;
21.01.2026;BASE_Q;BASE_Q-3-27;0;0;0;0;438,97;0;0;0;0;
21.01.2026;BASE_Q;BASE_Q-4-26;482;482;482;482;478,9;1;2;2129476;507;
21.01.2026;BASE_W;BASE_W-05-26;630;640;630;650;630,4;16;30;3227784;96;
21.01.2026;BASE_W;BASE_W-06-26;0;0;0;0;559,86;0;0;0;0;
21.01.2026;BASE_W;BASE_W-07-26;0;0;0;0;550,16;0;0;0;0;
21.01.2026;BASE_W;BASE_W-08-26;0;0;0;0;550,16;0;0;0;0;
21.01.2026;BASE_W;BASE_W-09-26;0;0;0;0;455,1;0;0;0;0;
21.01.2026;BASE_Y;BASE_Y-27;445;444;444;445;443;4;4;15566520;680;
21.01.2026;BASE_Y;BASE_Y-28;427;427;427;427;430;2;2;7501536;123;
21.01.2026;BASE_Y;BASE_Y-29;0;0;0;0;439,4;0;0;0;1;
21.01.2026;BASE_Y;BASE_Y-30;0;0;0;0;441,64;0;0;0;0;
21.01.2026;GAS_BASE;GAS_BASE_22-01-26;196;200;195,75;202;0;179;11893;56602054,8;11402;
21.01.2026;GAS_BASE_M;GAS_BASE_M-01-27;157,5;157,5;157,5;157,5;152,88;2;2;234360;100;
21.01.2026;GAS_BASE_M;GAS_BASE_M-02-26;182;182;182;182;179,05;1;2;244608;23896;
21.01.2026;GAS_BASE_M;GAS_BASE_M-03-26;169;173;167,6;173;169,05;10;50;6291166,75;18881;
21.01.2026;GAS_BASE_M;GAS_BASE_M-04-26;153,5;156,75;153,5;158;156,5;17;69;7729380;1841;
21.01.2026;GAS_BASE_M;GAS_BASE_M-05-26;148,25;148,25;148,25;148,25;150,25;1;5;551490;224;
21.01.2026;GAS_BASE_M;GAS_BASE_M-06-26;0;0;0;0;143,91;0;0;0;52;
21.01.2026;GAS_BASE_M;GAS_BASE_M-07-26;0;0;0;0;147,16;0;0;0;6;
21.01.2026;GAS_BASE_M;GAS_BASE_M-08-26;0;0;0;0;148,56;0;0;0;10;
21.01.2026;GAS_BASE_M;GAS_BASE_M-09-26;0;0;0;0;144,61;0;0;0;217;
21.01.2026;GAS_BASE_M;GAS_BASE_M-10-26;0;0;0;0;148,42;0;0;0;31;
21.01.2026;GAS_BASE_M;GAS_BASE_M-11-26;149;150,75;149;152,75;152,13;9;31;3365460;869;
21.01.2026;GAS_BASE_M;GAS_BASE_M-12-26;152;153,75;152;155,5;154,88;10;32;3657132;858;
21.01.2026;GAS_BASE_Q;GAS_BASE_Q-1-27;151,25;152;151,25;153,75;153,5;19;45;14797743;707;
21.01.2026;GAS_BASE_Q;GAS_BASE_Q-2-26;0;0;0;0;150,22;0;0;0;7520;
21.01.2026;GAS_BASE_Q;GAS_BASE_Q-2-27;0;0;0;0;130,25;0;0;0;13;
21.01.2026;GAS_BASE_Q;GAS_BASE_Q-3-26;146,75;146,5;146,5;147,5;146,8;5;25;8111640;6215;
21.01.2026;GAS_BASE_Q;GAS_BASE_Q-3-27;0;0;0;0;126,77;0;0;0;25;
21.01.2026;GAS_BASE_Q;GAS_BASE_Q-4-26;149,75;151,5;149,75;151,5;151,8;6;12;3988902;7922;
21.01.2026;GAS_BASE_S;GAS_BASE_S-S-26;0;0;0;0;148,5;0;0;0;72;
21.01.2026;GAS_BASE_S;GAS_BASE_S-S-27;0;0;0;0;128,5;0;0;0;9;
21.01.2026;GAS_BASE_S;GAS_BASE_S-W-26;152;151,5;151,5;152;152,64;2;5;3310944;626;
21.01.2026;GAS_BASE_S;GAS_BASE_S-W-27;0;0;0;0;141,77;0;0;0;3;
21.01.2026;GAS_BASE_W;GAS_BASE_W-05-26;198;200;197,5;200;197,4;21;510;17010000;1661;
21.01.2026;GAS_BASE_W;GAS_BASE_W-06-26;0;0;0;0;179;0;0;0;320;
21.01.2026;GAS_BASE_W;GAS_BASE_W-07-26;0;0;0;0;179,05;0;0;0;0;
21.01.2026;GAS_BASE_W;GAS_BASE_W-08-26;0;0;0;0;179,05;0;0;0;0;
21.01.2026;GAS_BASE_Y;GAS_BASE_Y-27;135,25;137;135,25;137;136,35;8;10;11957400;3776;
21.01.2026;GAS_BASE_Y;GAS_BASE_Y-28;126,25;125,5;125,5;126,25;126,25;2;3;3320352;165;
21.01.2026;GAS_BASE_Y;GAS_BASE_Y-29;0;0;0;0;120;0;0;0;13;
21.01.2026;GAS_BASE_Y;GAS_BASE_Y-30;0;0;0;0;118,87;0;0;0;5;
21.01.2026;GAS_RDB;GAS_RDB_21-01-26;195;194,5;193,5;198,5;0;145;38387;7554433,76;31073;
21.01.2026;GLW_BASE;GLW_BASE_22-01-26;0;0;0;0;0;0;0;0;0;
21.01.2026;GLW_RDB;GLW_RDB_21-01-26;0;0;0;0;0;0;0;0;0;
21.01.2026;KUK_A_WMA-03;KUK_A_WMA-03;0;0;0;0;0;0;0;0;0;
21.01.2026;OFFPEAK;OFFPEAK_22-01-26;0;0;0;0;0;0;0;0;0;
21.01.2026;OFFPEAK;OFFPEAK_23-01-26;0;0;0;0;0;0;0;0;0;
21.01.2026;OFFPEAK_M;OFFPEAK_M-02-26;0;0;0;0;407,51;0;0;0;0;
21.01.2026;OFFPEAK_M;OFFPEAK_M-03-26;0;0;0;0;406,04;0;0;0;0;
21.01.2026;OFFPEAK_M;OFFPEAK_M-04-26;0;0;0;0;397,64;0;0;0;0;
21.01.2026;OFFPEAK_M;OFFPEAK_M-05-26;0;0;0;0;395,07;0;0;0;0;
21.01.2026;OFFPEAK_M;OFFPEAK_M-06-26;0;0;0;0;424,14;0;0;0;0;
21.01.2026;OFFPEAK_M;OFFPEAK_M-07-26;0;0;0;0;427,5;0;0;0;0;
21.01.2026;OFFPEAK_Q;OFFPEAK_Q-1-27;0;0;0;0;395,78;0;0;0;0;
21.01.2026;OFFPEAK_Q;OFFPEAK_Q-2-26;0;0;0;0;405,29;0;0;0;0;
21.01.2026;OFFPEAK_Q;OFFPEAK_Q-2-27;0;0;0;0;406,38;0;0;0;0;
21.01.2026;OFFPEAK_Q;OFFPEAK_Q-3-26;0;0;0;0;429,97;0;0;0;0;
21.01.2026;OFFPEAK_Q;OFFPEAK_Q-3-27;0;0;0;0;418,74;0;0;0;0;
21.01.2026;OFFPEAK_Q;OFFPEAK_Q-4-26;0;0;0;0;401,19;0;0;0;0;
21.01.2026;OFFPEAK_W;OFFPEAK_W-05-26;0;0;0;0;533,95;0;0;0;0;
21.01.2026;OFFPEAK_W;OFFPEAK_W-06-26;0;0;0;0;455,3;0;0;0;0;
21.01.2026;OFFPEAK_W;OFFPEAK_W-07-26;0;0;0;0;437,79;0;0;0;0;
21.01.2026;OFFPEAK_W;OFFPEAK_W-08-26;0;0;0;0;437,79;0;0;0;0;
21.01.2026;OFFPEAK_W;OFFPEAK_W-09-26;0;0;0;0;266,07;0;0;0;0;
21.01.2026;OFFPEAK_Y;OFFPEAK_Y-27;0;0;0;0;397,52;0;0;0;0;
21.01.2026;OFFPEAK_Y;OFFPEAK_Y-28;0;0;0;0;385,07;0;0;0;0;
21.01.2026;OFFPEAK_Y;OFFPEAK_Y-29;0;0;0;0;408,93;0;0;0;0;
21.01.2026;OFFPEAK_Y;OFFPEAK_Y-30;0;0;0;0;393,27;0;0;0;0;
21.01.2026;PEAK;PEAK_22-01-26;0;0;0;0;0;0;0;0;0;
21.01.2026;PEAK;PEAK_23-01-26;0;0;0;0;0;0;0;0;0;
21.01.2026;PEAK5_M;PEAK5_M-02-26;690;695;690;695;689,5;19;26;5392500;237;
21.01.2026;PEAK5_M;PEAK5_M-03-26;0;0;0;0;482,5;0;0;0;4;
21.01.2026;PEAK5_M;PEAK5_M-04-26;0;0;0;0;451,03;0;0;0;0;
21.01.2026;PEAK5_M;PEAK5_M-05-26;0;0;0;0;435,66;0;0;0;0;
21.01.2026;PEAK5_M;PEAK5_M-06-26;0;0;0;0;447,86;0;0;0;0;
21.01.2026;PEAK5_M;PEAK5_M-07-26;0;0;0;0;475,44;0;0;0;0;
21.01.2026;PEAK5_Q;PEAK5_Q-1-27;0;0;0;0;538,98;0;0;0;0;
21.01.2026;PEAK5_Q;PEAK5_Q-2-26;0;0;0;0;445;0;0;0;26;
21.01.2026;PEAK5_Q;PEAK5_Q-2-27;0;0;0;0;432,75;0;0;0;0;
21.01.2026;PEAK5_Q;PEAK5_Q-3-26;0;0;0;0;480;0;0;0;4;
21.01.2026;PEAK5_Q;PEAK5_Q-3-27;0;0;0;0;463,86;0;0;0;0;
21.01.2026;PEAK5_Q;PEAK5_Q-4-26;0;0;0;0;580;0;0;0;19;
21.01.2026;PEAK5_W;PEAK5_W-05-26;0;0;0;0;750;0;0;0;0;
21.01.2026;PEAK5_W;PEAK5_W-06-26;0;0;0;0;689,5;0;0;0;0;
21.01.2026;PEAK5_W;PEAK5_W-07-26;0;0;0;0;689,5;0;0;0;0;
21.01.2026;PEAK5_W;PEAK5_W-08-26;0;0;0;0;689,5;0;0;0;0;
21.01.2026;PEAK5_W;PEAK5_W-09-26;0;0;0;0;689,5;0;0;0;0;
21.01.2026;PEAK5_Y;PEAK5_Y-27;0;0;0;0;502,5;0;0;0;134;
21.01.2026;PEAK5_Y;PEAK5_Y-28;0;0;0;0;489,9;0;0;0;1;
21.01.2026;PEAK5_Y;PEAK5_Y-29;0;0;0;0;479,83;0;0;0;0;
21.01.2026;PEAK5_Y;PEAK5_Y-30;0;0;0;0;506,27;0;0;0;0;
21.01.2026;PMBG;PMBG;0;0;0;0;0;0;0;0;0;
21.01.2026;PMEF-2025;PMEF-2025;0;0;0;0;0;0;0;0;0;
21.01.2026;PMEF-2026;PMEF-2026;0;0;0;0;0;0;0;0;0;
21.01.2026;PMEF_F;PMEF_F;0;0;0;0;0;0;0;0;83198219;
21.01.2026;PMOZE;PMOZE;0;0;0;0;0;0;0;0;0;
21.01.2026;PMOZE_A;PMOZE_A;0;0;0;0;0;15;115710226;0;9176695095;
21.01.2026;PMOZE-BIO;PMOZE-BIO;0;0;0;0;0;0;0;0;524521119;
21.01.2026;PSZ_B_DLS-01;PSZ_B_DLS-01;0;0;0;0;0;0;0;0;0;
21.01.2026;PSZ_B_KUJ-01;PSZ_B_KUJ-01;0;0;0;0;0;0;0;0;0;
21.01.2026;PSZ_B_KUJ-02;PSZ_B_KUJ-02;0;0;0;0;0;0;0;0;0;
21.01.2026;PSZ_B_LBL-01;PSZ_B_LBL-01;0;0;0;0;0;0;0;0;0;
21.01.2026;PSZ_B_LBL-02;PSZ_B_LBL-02;0;0;0;0;0;0;0;0;0;
21.01.2026;PSZ_B_LBL-03;PSZ_B_LBL-03;0;0;0;0;0;0;0;0;0;
21.01.2026;PSZ_B_LBL-04;PSZ_B_LBL-04;0;0;0;0;0;0;0;0;0;
21.01.2026;PSZ_B_LBL-05;PSZ_B_LBL-05;0;0;0;0;0;0;0;0;0;
21.01.2026;PSZ_B_LBL-06;PSZ_B_LBL-06;0;0;0;0;0;0;0;0;0;
21.01.2026;PSZ_B_LBL-07;PSZ_B_LBL-07;0;0;0;0;0;0;0;0;0;
21.01.2026;PSZ_B_LBU-01;PSZ_B_LBU-01;0;0;0;0;0;0;0;0;0;
21.01.2026;PSZ_B_LBU-02;PSZ_B_LBU-02;0;0;0;0;0;0;0;0;0;
21.01.2026;PSZ_B_MAZ-01;PSZ_B_MAZ-01;0;0;0;0;0;0;0;0;0;
21.01.2026;PSZ_B_MAZ-02;PSZ_B_MAZ-02;0;0;0;0;0;0;0;0;0;
21.01.2026;PSZ_B_MAZ-03;PSZ_B_MAZ-03;0;0;0;0;0;0;0;0;0;
21.01.2026;PSZ_B_OPO-01;PSZ_B_OPO-01;0;0;0;0;0;0;0;0;0;
21.01.2026;PSZ_B_OPO-02;PSZ_B_OPO-02;0;0;0;0;0;0;0;0;0;
21.01.2026;PSZ_B_PDK-01;PSZ_B_PDK-01;0;0;0;0;0;0;0;0;0;
21.01.2026;PSZ_B_PDL-01;PSZ_B_PDL-01;0;0;0;0;0;0;0;0;0;
21.01.2026;PSZ_B_POM-01;PSZ_B_POM-01;0;0;0;0;0;0;0;0;0;
21.01.2026;PSZ_B_POM-02;PSZ_B_POM-02;0;0;0;0;0;0;0;0;0;
21.01.2026;PSZ_B_WLK-01;PSZ_B_WLK-01;0;0;0;0;0;0;0;0;0;
21.01.2026;PSZ_B_WLK-02;PSZ_B_WLK-02;0;0;0;0;0;0;0;0;0;
21.01.2026;PSZ_B_WLK-03;PSZ_B_WLK-03;0;0;0;0;0;0;0;0;0;
21.01.2026;PSZ_B_WLK-04;PSZ_B_WLK-04;0;0;0;0;0;0;0;0;0;
21.01.2026;PSZ_B_WMA-01;PSZ_B_WMA-01;0;0;0;0;0;0;0;0;0;
21.01.2026;PSZ_B_WMA-02;PSZ_B_WMA-02;0;0;0;0;0;0;0;0;0;
21.01.2026;PSZ_B_WMA-03;PSZ_B_WMA-03;0;0;0;0;0;0;0;0;0;
21.01.2026;PSZ_B_WMA-04;PSZ_B_WMA-04;0;0;0;0;0;0;0;0;0;
21.01.2026;PSZ_B_WMA-05;PSZ_B_WMA-05;0;0;0;0;0;0;0;0;0;
21.01.2026;PSZ_B_WMA-06;PSZ_B_WMA-06;0;0;0;0;0;0;0;0;0;
21.01.2026;PSZ_B_ZPO-01;PSZ_B_ZPO-01;0;0;0;0;0;0;0;0;0;
21.01.2026;PSZ_B_ZPO-02;PSZ_B_ZPO-02;0;0;0;0;0;0;0;0;0;
21.01.2026;PSZ_C_DLS-01;PSZ_C_DLS-01;0;0;0;0;0;0;0;0;0;
21.01.2026;PSZ_C_KUJ-01;PSZ_C_KUJ-01;0;0;0;0;0;0;0;0;0;
21.01.2026;PSZ_C_KUJ-02;PSZ_C_KUJ-02;0;0;0;0;0;0;0;0;0;
21.01.2026;PSZ_C_LBL-01;PSZ_C_LBL-01;0;0;0;0;0;0;0;0;0;
21.01.2026;PSZ_C_LBL-02;PSZ_C_LBL-02;0;0;0;0;0;0;0;0;0;
21.01.2026;PSZ_C_LBL-03;PSZ_C_LBL-03;0;0;0;0;0;0;0;0;0;
21.01.2026;PSZ_C_LBL-04;PSZ_C_LBL-04;0;0;0;0;0;0;0;0;0;
21.01.2026;PSZ_C_LBL-05;PSZ_C_LBL-05;0;0;0;0;0;0;0;0;0;
21.01.2026;PSZ_C_LBL-06;PSZ_C_LBL-06;0;0;0;0;0;0;0;0;0;
21.01.2026;PSZ_C_LBL-07;PSZ_C_LBL-07;0;0;0;0;0;0;0;0;0;
21.01.2026;PSZ_C_LBU-01;PSZ_C_LBU-01;0;0;0;0;0;0;0;0;0;
21.01.2026;PSZ_C_LBU-02;PSZ_C_LBU-02;0;0;0;0;0;0;0;0;0;
21.01.2026;PSZ_C_MAZ-01;PSZ_C_MAZ-01;0;0;0;0;0;0;0;0;0;
21.01.2026;PSZ_C_MAZ-02;PSZ_C_MAZ-02;0;0;0;0;0;0;0;0;0;
21.01.2026;PSZ_C_MAZ-03;PSZ_C_MAZ-03;0;0;0;0;0;0;0;0;0;
21.01.2026;PSZ_C_OPO-01;PSZ_C_OPO-01;0;0;0;0;0;0;0;0;0;
21.01.2026;PSZ_C_OPO-02;PSZ_C_OPO-02;0;0;0;0;0;0;0;0;0;
21.01.2026;PSZ_C_PDK-01;PSZ_C_PDK-01;0;0;0;0;0;0;0;0;0;
21.01.2026;PSZ_C_PDL-01;PSZ_C_PDL-01;0;0;0;0;0;0;0;0;0;
21.01.2026;PSZ_C_POM-01;PSZ_C_POM-01;0;0;0;0;0;0;0;0;0;
21.01.2026;PSZ_C_POM-02;PSZ_C_POM-02;0;0;0;0;0;0;0;0;0;
21.01.2026;PSZ_C_WLK-01;PSZ_C_WLK-01;0;0;0;0;0;0;0;0;0;
21.01.2026;PSZ_C_WLK-02;PSZ_C_WLK-02;0;0;0;0;0;0;0;0;0;
21.01.2026;PSZ_C_WLK-03;PSZ_C_WLK-03;0;0;0;0;0;0;0;0;0;
21.01.2026;PSZ_C_WLK-04;PSZ_C_WLK-04;0;0;0;0;0;0;0;0;0;
21.01.2026;PSZ_C_WMA-01;PSZ_C_WMA-01;0;0;0;0;0;0;0;0;0;
21.01.2026;PSZ_C_WMA-02;PSZ_C_WMA-02;0;0;0;0;0;0;0;0;0;
21.01.2026;PSZ_C_WMA-03;PSZ_C_WMA-03;0;0;0;0;0;0;0;0;0;
21.01.2026;PSZ_C_WMA-04;PSZ_C_WMA-04;0;0;0;0;0;0;0;0;0;
21.01.2026;PSZ_C_WMA-05;PSZ_C_WMA-05;0;0;0;0;0;0;0;0;0;
21.01.2026;PSZ_C_WMA-06;PSZ_C_WMA-06;0;0;0;0;0;0;0;0;0;
21.01.2026;PSZ_C_ZPO-01;PSZ_C_ZPO-01;0;0;0;0;0;0;0;0;0;
21.01.2026;PSZ_C_ZPO-02;PSZ_C_ZPO-02;0;0;0;0;0;0;0;0;0;
21.01.2026;RDN-1;RDN_22-01-26_H01;504,33;504,33;504,33;504,33;0;142;3361,3;1695204,429;2965,9;
21.01.2026;RDN-1;RDN_22-01-26_H02;484;484;484;484;0;141;3280,3;1587665,2;2809,6;
21.01.2026;RDN-1;RDN_22-01-26_H03;484;484;484;484;0;139;3143,3;1521357,2;2673,5;
21.01.2026;RDN-1;RDN_22-01-26_H04;478;478;478;478;0;139;3018,5;1442843;2471,4;
21.01.2026;RDN-1;RDN_22-01-26_H05;472;472;472;472;0;131;2733,9;1290400,8;2422,7;
21.01.2026;RDN-1;RDN_22-01-26_H06;490;490;490;490;0;140;3076;1507240;2725,3;
21.01.2026;RDN-1;RDN_22-01-26_H07;668,01;640;640;668,01;0;160;3910,1;2611425,701;3367,8;
21.01.2026;RDN-1;RDN_22-01-26_H08;955,5;934,5;933,8;955,5;0;173;3865,5;3692396,04;3366,4;
21.01.2026;RDN-1;RDN_22-01-26_H09;849;829;829;849;0;162;3895,6;3307164,4;3527;
21.01.2026;RDN-1;RDN_22-01-26_H10;634,27;634,27;634,27;634,27;0;160;3305,7;2096706,339;2774,6;
21.01.2026;RDN-1;RDN_22-01-26_H11;470,05;470,05;470;470,05;0;154;2796,3;1314400,765;2256,1;
21.01.2026;RDN-1;RDN_22-01-26_H12;444,11;440;434;444,11;0;152;3173,8;1409273,018;2586,1;
21.01.2026;RDN-1;RDN_22-01-26_H13;442;440;432;442;0;142;2907,1;1284818,2;2420;
21.01.2026;RDN-1;RDN_22-01-26_H14;486,71;486,71;470;486,71;0;152;3150,7;1533142,997;2469,5;
21.01.2026;RDN-1;RDN_22-01-26_H15;565,72;605,72;565,72;605,72;0;152;3446,5;1950313,98;2831;
21.01.2026;RDN-1;RDN_22-01-26_H16;688,71;668,71;668,71;688,71;0;142;3472,1;2391069,991;2868,5;
21.01.2026;RDN-1;RDN_22-01-26_H17;820,52;810;810;820,52;0;156;4075,4;3343751,808;3616,2;
21.01.2026;RDN-1;RDN_22-01-26_H18;772,35;750;750;772,35;0;168;4549,2;3513127,62;3922,5;
21.01.2026;RDN-1;RDN_22-01-26_H19;657,4;636,4;636,4;657,4;0;158;4333,3;2848301,42;3820;
21.01.2026;RDN-1;RDN_22-01-26_H20;622,56;601,56;601,56;622,56;0;148;4278,5;2663212,96;3815,3;
21.01.2026;RDN-1;RDN_22-01-26_H21;563,62;542,62;542,62;590;0;162;3890;2192688,345;3296,6;
21.01.2026;RDN-1;RDN_22-01-26_H22;499;520;480;520;0;154;3289,5;1641985,9;2749,5;
21.01.2026;RDN-1;RDN_22-01-26_H23;489;489;489;494;0;153;3742,7;1830325,3;3270,2;
21.01.2026;RDN-1;RDN_22-01-26_H24;493,78;490;490;493,78;0;146;3062,6;1512226,058;2651,6;
21.01.2026;RZP_A_LBL-01;RZP_A_LBL-01;0;0;0;0;0;0;0;0;0;
21.01.2026;SGT_BASE;SGT_BASE_22-01-26;0;0;0;0;0;0;0;0;0;
21.01.2026;SGT_RDB;SGT_RDB_21-01-26;0;0;0;0;0;0;0;0;0;
21.01.2026;ZTO_B_KUJ-02;ZTO_B_KUJ-02;0;0;0;0;0;0;0;0;0;
21.01.2026;ZTO_B_LBL-01;ZTO_B_LBL-01;0;0;0;0;0;0;0;0;0;
21.01.2026;ZTO_B_LBU-01;ZTO_B_LBU-01;0;0;0;0;0;0;0;0;0;
21.01.2026;ZTO_B_MAZ-01;ZTO_B_MAZ-01;0;0;0;0;0;0;0;0;0;
21.01.2026;ZTO_B_PDL-01;ZTO_B_PDL-01;0;0;0;0;0;0;0;0;0;
21.01.2026;ZTO_B_WLK-01;ZTO_B_WLK-01;0;0;0;0;0;0;0;0;0;
21.01.2026;ZTO_B_WLK-02;ZTO_B_WLK-02;0;0;0;0;0;0;0;0;0;
21.01.2026;ZTO_B_WMA-01;ZTO_B_WMA-01;0;0;0;0;0;0;0;0;0;
21.01.2026;ZTO_B_WMA-02;ZTO_B_WMA-02;0;0;0;0;0;0;0;0;0;
21.01.2026;ZTO_B_WMA-03;ZTO_B_WMA-03;0;0;0;0;0;0;0;0;0;
21.01.2026;ZTO_C_KUJ-02;ZTO_C_KUJ-02;0;0;0;0;0;0;0;0;0;
21.01.2026;ZTO_C_LBL-01;ZTO_C_LBL-01;0;0;0;0;0;0;0;0;0;
21.01.2026;ZTO_C_LBU-01;ZTO_C_LBU-01;0;0;0;0;0;0;0;0;0;
21.01.2026;ZTO_C_MAZ-01;ZTO_C_MAZ-01;0;0;0;0;0;0;0;0;0;
21.01.2026;ZTO_C_PDL-01;ZTO_C_PDL-01;0;0;0;0;0;0;0;0;0;
21.01.2026;ZTO_C_WLK-01;ZTO_C_WLK-01;0;0;0;0;0;0;0;0;0;
21.01.2026;ZTO_C_WLK-02;ZTO_C_WLK-02;0;0;0;0;0;0;0;0;0;
21.01.2026;ZTO_C_WMA-01;ZTO_C_WMA-01;0;0;0;0;0;0;0;0;0;
21.01.2026;ZTO_C_WMA-02;ZTO_C_WMA-02;0;0;0;0;0;0;0;0;0;
21.01.2026;ZTO_C_WMA-03;ZTO_C_WMA-03;0;0;0;0;0;0;0;0;0;
22.01.2026;BASE;BASE_23-01-26;610;624;585;624;0;82;663;9437496;565;
22.01.2026;BASE;BASE_24-01-26;575;575;575;575;0;1;6;82800;6;
22.01.2026;BASE_M;BASE_M-02-26;557;542;542;557;540,44;18;24;8846745,6;494;
22.01.2026;BASE_M;BASE_M-03-26;446,1;446;445;447;443;17;24;7951586;229;
22.01.2026;BASE_M;BASE_M-04-26;421;421;421;421;420,39;6;6;1818720;10;
22.01.2026;BASE_M;BASE_M-05-26;418;418;418;418;414,65;1;1;310992;1;
22.01.2026;BASE_M;BASE_M-06-26;436;437;436;437;437,27;3;3;943200;3;
22.01.2026;BASE_M;BASE_M-07-26;0;0;0;0;452,48;0;0;0;0;
22.01.2026;BASE_Q;BASE_Q-1-27;0;0;0;0;460;0;0;0;1;
22.01.2026;BASE_Q;BASE_Q-2-26;427;425,5;425,5;429,5;424;16;17;15876588;419;
22.01.2026;BASE_Q;BASE_Q-2-27;0;0;0;0;418,97;0;0;0;0;
22.01.2026;BASE_Q;BASE_Q-3-26;457,5;457;457;460;455,17;7;7;7078848;286;
22.01.2026;BASE_Q;BASE_Q-3-27;0;0;0;0;440,21;0;0;0;0;
22.01.2026;BASE_Q;BASE_Q-4-26;483;482;482;483;482;5;5;5325899;509;
22.01.2026;BASE_W;BASE_W-05-26;620;626;620;626;640;4;9;938448;104;
22.01.2026;BASE_W;BASE_W-06-26;0;0;0;0;568,18;0;0;0;0;
22.01.2026;BASE_W;BASE_W-07-26;0;0;0;0;557,99;0;0;0;0;
22.01.2026;BASE_W;BASE_W-08-26;0;0;0;0;557,99;0;0;0;0;
22.01.2026;BASE_W;BASE_W-09-26;0;0;0;0;458,66;0;0;0;0;
22.01.2026;BASE_WEEKEND;BASE_WEEKEND_04-26;0;0;0;0;0;0;0;0;0;
22.01.2026;BASE_Y;BASE_Y-27;446;445,95;445,95;446;444,25;6;7;27348282;686;
22.01.2026;BASE_Y;BASE_Y-28;428;425;425;428;427;8;8;30032496;125;
22.01.2026;BASE_Y;BASE_Y-29;438;438;438;438;444;1;1;3836880;2;
22.01.2026;BASE_Y;BASE_Y-30;0;0;0;0;434,55;0;0;0;0;
22.01.2026;F-OZE;F-OZE_05-26;0;0;0;0;26,39;0;0;0;0;
22.01.2026;F-OZE;F-OZE_05-27;0;0;0;0;26,39;0;0;0;0;
22.01.2026;F-OZE;F-OZE_11-26;0;0;0;0;26,39;0;0;0;0;
22.01.2026;F-OZE;F-OZE_11-27;0;0;0;0;26,39;0;0;0;0;
22.01.2026;GAS_BASE;GAS_BASE_23-01-26;209;202,5;202;209;0;196;11555;57188936,64;10831;
22.01.2026;GAS_BASE_M;GAS_BASE_M-01-27;159,75;159,75;159,75;159,75;155,5;1;1;118854;101;
22.01.2026;GAS_BASE_M;GAS_BASE_M-02-26;190;190;190;190;182;4;13;1659840;23896;
22.01.2026;GAS_BASE_M;GAS_BASE_M-03-26;178,05;178;175,5;180,45;170;14;50;6618644;18917;
22.01.2026;GAS_BASE_M;GAS_BASE_M-04-26;160;160,5;160;161,95;156,5;10;23;2660256;1863;
22.01.2026;GAS_BASE_M;GAS_BASE_M-05-26;152,5;151,85;151,85;152,5;145,75;2;6;679309,2;230;
22.01.2026;GAS_BASE_M;GAS_BASE_M-06-26;0;0;0;0;133,88;0;0;0;52;
22.01.2026;GAS_BASE_M;GAS_BASE_M-07-26;0;0;0;0;144,5;0;0;0;6;
22.01.2026;GAS_BASE_M;GAS_BASE_M-08-26;0;0;0;0;148,77;0;0;0;10;
22.01.2026;GAS_BASE_M;GAS_BASE_M-09-26;0;0;0;0;147,6;0;0;0;217;
22.01.2026;GAS_BASE_M;GAS_BASE_M-10-26;0;0;0;0;147,24;0;0;0;31;
22.01.2026;GAS_BASE_M;GAS_BASE_M-11-26;153,5;153,75;153,25;154,75;152,05;5;5;554220;874;
22.01.2026;GAS_BASE_M;GAS_BASE_M-12-26;156;156,5;156;158;154,5;5;5;583110;863;
22.01.2026;GAS_BASE_Q;GAS_BASE_Q-1-27;155,75;155,5;155,5;155,75;151,75;13;28;9414859;733;
22.01.2026;GAS_BASE_Q;GAS_BASE_Q-2-26;0;0;0;0;145,38;0;0;0;7520;
22.01.2026;GAS_BASE_Q;GAS_BASE_Q-2-27;0;0;0;0;129,64;0;0;0;13;
22.01.2026;GAS_BASE_Q;GAS_BASE_Q-3-26;150,1;150;150;150,1;146,95;3;15;4970208;6230;
22.01.2026;GAS_BASE_Q;GAS_BASE_Q-3-27;0;0;0;0;128,87;0;0;0;25;
22.01.2026;GAS_BASE_Q;GAS_BASE_Q-4-26;154,5;154,75;154,5;155;151,25;5;5;1710318;7926;
22.01.2026;GAS_BASE_S;GAS_BASE_S-S-26;0;0;0;0;146,17;0;0;0;72;
22.01.2026;GAS_BASE_S;GAS_BASE_S-S-27;0;0;0;0;129,25;0;0;0;9;
22.01.2026;GAS_BASE_S;GAS_BASE_S-W-26;0;0;0;0;151,5;0;0;0;626;
22.01.2026;GAS_BASE_S;GAS_BASE_S-W-27;0;0;0;0;140,71;0;0;0;3;
22.01.2026;GAS_BASE_W;GAS_BASE_W-05-26;205;205;205;205;200;1;5;172200;1661;
22.01.2026;GAS_BASE_W;GAS_BASE_W-06-26;0;0;0;0;182,75;0;0;0;320;
22.01.2026;GAS_BASE_W;GAS_BASE_W-07-26;0;0;0;0;182;0;0;0;0;
22.01.2026;GAS_BASE_W;GAS_BASE_W-08-26;0;0;0;0;182;0;0;0;0;
22.01.2026;GAS_BASE_Y;GAS_BASE_Y-27;138,5;138,75;138,5;139,25;135,75;10;13;15805055;3787;
22.01.2026;GAS_BASE_Y;GAS_BASE_Y-28;126,5;126,75;126,5;126,75;125,5;8;14;15576228;179;
22.01.2026;GAS_BASE_Y;GAS_BASE_Y-29;120;120;120;120;120;1;3;3153600;16;
22.01.2026;GAS_BASE_Y;GAS_BASE_Y-30;0;0;0;0;118,26;0;0;0;5;
22.01.2026;GAS_RDB;GAS_RDB_22-01-26;204;206,25;204;209,85;0;81;20429;4220158,16;15007;
22.01.2026;GAS_WEEKEND;GAS_WEEKEND_04-26;206,5;206,5;206,5;206,5;0;1;25;247800;25;
22.01.2026;GLW_BASE;GLW_BASE_23-01-26;0;0;0;0;0;0;0;0;0;
22.01.2026;GLW_RDB;GLW_RDB_22-01-26;0;0;0;0;0;0;0;0;0;
22.01.2026;KUK_A_WMA-03;KUK_A_WMA-03;0;0;0;0;0;0;0;0;0;
22.01.2026;OFFPEAK;OFFPEAK_23-01-26;0;0;0;0;0;0;0;0;0;
22.01.2026;OFFPEAK;OFFPEAK_24-01-26;0;0;0;0;0;0;0;0;0;
22.01.2026;OFFPEAK_M;OFFPEAK_M-02-26;0;0;0;0;415,79;0;0;0;0;
22.01.2026;OFFPEAK_M;OFFPEAK_M-03-26;0;0;0;0;417,43;0;0;0;0;
22.01.2026;OFFPEAK_M;OFFPEAK_M-04-26;0;0;0;0;400,5;0;0;0;0;
22.01.2026;OFFPEAK_M;OFFPEAK_M-05-26;0;0;0;0;403,76;0;0;0;0;
22.01.2026;OFFPEAK_M;OFFPEAK_M-06-26;0;0;0;0;432,95;0;0;0;0;
22.01.2026;OFFPEAK_M;OFFPEAK_M-07-26;0;0;0;0;434,77;0;0;0;0;
22.01.2026;OFFPEAK_Q;OFFPEAK_Q-1-27;0;0;0;0;399,93;0;0;0;0;
22.01.2026;OFFPEAK_Q;OFFPEAK_Q-2-26;0;0;0;0;412,13;0;0;0;0;
22.01.2026;OFFPEAK_Q;OFFPEAK_Q-2-27;0;0;0;0;406,82;0;0;0;0;
22.01.2026;OFFPEAK_Q;OFFPEAK_Q-3-26;0;0;0;0;437,01;0;0;0;0;
22.01.2026;OFFPEAK_Q;OFFPEAK_Q-3-27;0;0;0;0;419,11;0;0;0;0;
22.01.2026;OFFPEAK_Q;OFFPEAK_Q-4-26;0;0;0;0;400,91;0;0;0;0;
22.01.2026;OFFPEAK_W;OFFPEAK_W-05-26;0;0;0;0;595,65;0;0;0;0;
22.01.2026;OFFPEAK_W;OFFPEAK_W-06-26;0;0;0;0;465,9;0;0;0;0;
22.01.2026;OFFPEAK_W;OFFPEAK_W-07-26;0;0;0;0;447,49;0;0;0;0;
22.01.2026;OFFPEAK_W;OFFPEAK_W-08-26;0;0;0;0;447,49;0;0;0;0;
22.01.2026;OFFPEAK_W;OFFPEAK_W-09-26;0;0;0;0;268,07;0;0;0;0;
22.01.2026;OFFPEAK_Y;OFFPEAK_Y-27;0;0;0;0;397,82;0;0;0;0;
22.01.2026;OFFPEAK_Y;OFFPEAK_Y-28;0;0;0;0;382,74;0;0;0;0;
22.01.2026;OFFPEAK_Y;OFFPEAK_Y-29;0;0;0;0;413,21;0;0;0;0;
22.01.2026;OFFPEAK_Y;OFFPEAK_Y-30;0;0;0;0;381,41;0;0;0;0;
22.01.2026;OFFP_WEEKEND;OFFP_WEEKEND_04-26;0;0;0;0;0;0;0;0;0;
22.01.2026;PEAK;PEAK_23-01-26;0;0;0;0;0;0;0;0;0;
22.01.2026;PEAK;PEAK_24-01-26;0;0;0;0;0;0;0;0;0;
22.01.2026;PEAK5_M;PEAK5_M-02-26;695;696;695;697;695;6;11;2296500;247;
22.01.2026;PEAK5_M;PEAK5_M-03-26;481;481;481;481;475;1;2;317460;6;
22.01.2026;PEAK5_M;PEAK5_M-04-26;0;0;0;0;445,97;0;0;0;0;
22.01.2026;PEAK5_M;PEAK5_M-05-26;0;0;0;0;430,77;0;0;0;0;
22.01.2026;PEAK5_M;PEAK5_M-06-26;0;0;0;0;442,83;0;0;0;0;
22.01.2026;PEAK5_M;PEAK5_M-07-26;0;0;0;0;472,96;0;0;0;0;
22.01.2026;PEAK5_Q;PEAK5_Q-1-27;0;0;0;0;541,66;0;0;0;0;
22.01.2026;PEAK5_Q;PEAK5_Q-2-26;0;0;0;0;440;0;0;0;26;
22.01.2026;PEAK5_Q;PEAK5_Q-2-27;0;0;0;0;434,91;0;0;0;0;
22.01.2026;PEAK5_Q;PEAK5_Q-3-26;0;0;0;0;477,5;0;0;0;4;
22.01.2026;PEAK5_Q;PEAK5_Q-3-27;0;0;0;0;466,17;0;0;0;0;
22.01.2026;PEAK5_Q;PEAK5_Q-4-26;0;0;0;0;587,5;0;0;0;19;
22.01.2026;PEAK5_W;PEAK5_W-05-26;0;0;0;0;695;0;0;0;0;
22.01.2026;PEAK5_W;PEAK5_W-06-26;0;0;0;0;695;0;0;0;0;
22.01.2026;PEAK5_W;PEAK5_W-07-26;0;0;0;0;695;0;0;0;0;
22.01.2026;PEAK5_W;PEAK5_W-08-26;0;0;0;0;695;0;0;0;0;
22.01.2026;PEAK5_W;PEAK5_W-09-26;0;0;0;0;695;0;0;0;0;
22.01.2026;PEAK5_Y;PEAK5_Y-27;0;0;0;0;505;0;0;0;134;
22.01.2026;PEAK5_Y;PEAK5_Y-28;0;0;0;0;486;0;0;0;1;
22.01.2026;PEAK5_Y;PEAK5_Y-29;0;0;0;0;484,85;0;0;0;0;
22.01.2026;PEAK5_Y;PEAK5_Y-30;0;0;0;0;505,55;0;0;0;0;
22.01.2026;PEAK_WEEKEND;PEAK_WEEKEND_04-26;0;0;0;0;0;0;0;0;0;
22.01.2026;PMBG;PMBG;0;0;0;0;0;0;0;0;0;
22.01.2026;PMEF-2025;PMEF-2025;0;0;0;0;0;0;0;0;0;
22.01.2026;PMEF-2026;PMEF-2026;0;0;0;0;0;0;0;0;0;
22.01.2026;PMEF_F;PMEF_F;2327,02;2327;2327;2330;0;57;3764287;8759823792;83198219;
22.01.2026;PMOZE;PMOZE;0;0;0;0;0;0;0;0;0;
22.01.2026;PMOZE_A;PMOZE_A;26,26;25,5;24,91;26,26;0;46;22301984;574476548;9292405321;
22.01.2026;PMOZE-BIO;PMOZE-BIO;300,06;300,03;300,03;300,06;0;10;2707150;812251952;524521119;
22.01.2026;PSZ_B_DLS-01;PSZ_B_DLS-01;0;0;0;0;0;0;0;0;0;
22.01.2026;PSZ_B_KUJ-01;PSZ_B_KUJ-01;0;0;0;0;0;0;0;0;0;
22.01.2026;PSZ_B_KUJ-02;PSZ_B_KUJ-02;0;0;0;0;0;0;0;0;0;
22.01.2026;PSZ_B_LBL-01;PSZ_B_LBL-01;0;0;0;0;0;0;0;0;0;
22.01.2026;PSZ_B_LBL-02;PSZ_B_LBL-02;0;0;0;0;0;0;0;0;0;
22.01.2026;PSZ_B_LBL-03;PSZ_B_LBL-03;0;0;0;0;0;0;0;0;0;
22.01.2026;PSZ_B_LBL-04;PSZ_B_LBL-04;0;0;0;0;0;0;0;0;0;
22.01.2026;PSZ_B_LBL-05;PSZ_B_LBL-05;0;0;0;0;0;0;0;0;0;
22.01.2026;PSZ_B_LBL-06;PSZ_B_LBL-06;0;0;0;0;0;0;0;0;0;
22.01.2026;PSZ_B_LBL-07;PSZ_B_LBL-07;0;0;0;0;0;0;0;0;0;
22.01.2026;PSZ_B_LBU-01;PSZ_B_LBU-01;0;0;0;0;0;0;0;0;0;
22.01.2026;PSZ_B_LBU-02;PSZ_B_LBU-02;0;0;0;0;0;0;0;0;0;
22.01.2026;PSZ_B_MAZ-01;PSZ_B_MAZ-01;0;0;0;0;0;0;0;0;0;
22.01.2026;PSZ_B_MAZ-02;PSZ_B_MAZ-02;0;0;0;0;0;0;0;0;0;
22.01.2026;PSZ_B_MAZ-03;PSZ_B_MAZ-03;0;0;0;0;0;0;0;0;0;
22.01.2026;PSZ_B_OPO-01;PSZ_B_OPO-01;0;0;0;0;0;0;0;0;0;
22.01.2026;PSZ_B_OPO-02;PSZ_B_OPO-02;0;0;0;0;0;0;0;0;0;
22.01.2026;PSZ_B_PDK-01;PSZ_B_PDK-01;0;0;0;0;0;0;0;0;0;
22.01.2026;PSZ_B_PDL-01;PSZ_B_PDL-01;0;0;0;0;0;0;0;0;0;
22.01.2026;PSZ_B_POM-01;PSZ_B_POM-01;0;0;0;0;0;0;0;0;0;
22.01.2026;PSZ_B_POM-02;PSZ_B_POM-02;0;0;0;0;0;0;0;0;0;
22.01.2026;PSZ_B_WLK-01;PSZ_B_WLK-01;0;0;0;0;0;0;0;0;0;
22.01.2026;PSZ_B_WLK-02;PSZ_B_WLK-02;0;0;0;0;0;0;0;0;0;
22.01.2026;PSZ_B_WLK-03;PSZ_B_WLK-03;0;0;0;0;0;0;0;0;0;
22.01.2026;PSZ_B_WLK-04;PSZ_B_WLK-04;0;0;0;0;0;0;0;0;0;
22.01.2026;PSZ_B_WMA-01;PSZ_B_WMA-01;0;0;0;0;0;0;0;0;0;
22.01.2026;PSZ_B_WMA-02;PSZ_B_WMA-02;0;0;0;0;0;0;0;0;0;
22.01.2026;PSZ_B_WMA-03;PSZ_B_WMA-03;0;0;0;0;0;0;0;0;0;
22.01.2026;PSZ_B_WMA-04;PSZ_B_WMA-04;0;0;0;0;0;0;0;0;0;
22.01.2026;PSZ_B_WMA-05;PSZ_B_WMA-05;0;0;0;0;0;0;0;0;0;
22.01.2026;PSZ_B_WMA-06;PSZ_B_WMA-06;0;0;0;0;0;0;0;0;0;
22.01.2026;PSZ_B_ZPO-01;PSZ_B_ZPO-01;0;0;0;0;0;0;0;0;0;
22.01.2026;PSZ_B_ZPO-02;PSZ_B_ZPO-02;0;0;0;0;0;0;0;0;0;
22.01.2026;PSZ_C_DLS-01;PSZ_C_DLS-01;0;0;0;0;0;0;0;0;0;
22.01.2026;PSZ_C_KUJ-01;PSZ_C_KUJ-01;0;0;0;0;0;0;0;0;0;
22.01.2026;PSZ_C_KUJ-02;PSZ_C_KUJ-02;0;0;0;0;0;0;0;0;0;
22.01.2026;PSZ_C_LBL-01;PSZ_C_LBL-01;0;0;0;0;0;0;0;0;0;
22.01.2026;PSZ_C_LBL-02;PSZ_C_LBL-02;0;0;0;0;0;0;0;0;0;
22.01.2026;PSZ_C_LBL-03;PSZ_C_LBL-03;0;0;0;0;0;0;0;0;0;
22.01.2026;PSZ_C_LBL-04;PSZ_C_LBL-04;0;0;0;0;0;0;0;0;0;
22.01.2026;PSZ_C_LBL-05;PSZ_C_LBL-05;0;0;0;0;0;0;0;0;0;
22.01.2026;PSZ_C_LBL-06;PSZ_C_LBL-06;0;0;0;0;0;0;0;0;0;
22.01.2026;PSZ_C_LBL-07;PSZ_C_LBL-07;0;0;0;0;0;0;0;0;0;
22.01.2026;PSZ_C_LBU-01;PSZ_C_LBU-01;0;0;0;0;0;0;0;0;0;
22.01.2026;PSZ_C_LBU-02;PSZ_C_LBU-02;0;0;0;0;0;0;0;0;0;
22.01.2026;PSZ_C_MAZ-01;PSZ_C_MAZ-01;0;0;0;0;0;0;0;0;0;
22.01.2026;PSZ_C_MAZ-02;PSZ_C_MAZ-02;0;0;0;0;0;0;0;0;0;
22.01.2026;PSZ_C_MAZ-03;PSZ_C_MAZ-03;0;0;0;0;0;0;0;0;0;
22.01.2026;PSZ_C_OPO-01;PSZ_C_OPO-01;0;0;0;0;0;0;0;0;0;
22.01.2026;PSZ_C_OPO-02;PSZ_C_OPO-02;0;0;0;0;0;0;0;0;0;
22.01.2026;PSZ_C_PDK-01;PSZ_C_PDK-01;0;0;0;0;0;0;0;0;0;
22.01.2026;PSZ_C_PDL-01;PSZ_C_PDL-01;0;0;0;0;0;0;0;0;0;
22.01.2026;PSZ_C_POM-01;PSZ_C_POM-01;0;0;0;0;0;0;0;0;0;
22.01.2026;PSZ_C_POM-02;PSZ_C_POM-02;0;0;0;0;0;0;0;0;0;
22.01.2026;PSZ_C_WLK-01;PSZ_C_WLK-01;0;0;0;0;0;0;0;0;0;
22.01.2026;PSZ_C_WLK-02;PSZ_C_WLK-02;0;0;0;0;0;0;0;0;0;
22.01.2026;PSZ_C_WLK-03;PSZ_C_WLK-03;0;0;0;0;0;0;0;0;0;
22.01.2026;PSZ_C_WLK-04;PSZ_C_WLK-04;0;0;0;0;0;0;0;0;0;
22.01.2026;PSZ_C_WMA-01;PSZ_C_WMA-01;0;0;0;0;0;0;0;0;0;
22.01.2026;PSZ_C_WMA-02;PSZ_C_WMA-02;0;0;0;0;0;0;0;0;0;
22.01.2026;PSZ_C_WMA-03;PSZ_C_WMA-03;0;0;0;0;0;0;0;0;0;
22.01.2026;PSZ_C_WMA-04;PSZ_C_WMA-04;0;0;0;0;0;0;0;0;0;
22.01.2026;PSZ_C_WMA-05;PSZ_C_WMA-05;0;0;0;0;0;0;0;0;0;
22.01.2026;PSZ_C_WMA-06;PSZ_C_WMA-06;0;0;0;0;0;0;0;0;0;
22.01.2026;PSZ_C_ZPO-01;PSZ_C_ZPO-01;0;0;0;0;0;0;0;0;0;
22.01.2026;PSZ_C_ZPO-02;PSZ_C_ZPO-02;0;0;0;0;0;0;0;0;0;
22.01.2026;RDN-1;RDN_23-01-26_H01;490;490;490;490;0;129;2683,2;1314768;2206,9;
22.01.2026;RDN-1;RDN_23-01-26_H02;489,03;489,03;489,03;489,03;0;132;2624,1;1283263,623;2156,2;
22.01.2026;RDN-1;RDN_23-01-26_H03;486,3;486,3;486,3;486,3;0;132;2496,4;1213999,32;2026;
22.01.2026;RDN-1;RDN_23-01-26_H04;489,03;489,03;489,03;489,03;0;129;2487,9;1216657,737;2013,8;
22.01.2026;RDN-1;RDN_23-01-26_H05;489;489;489;489;0;136;2641,7;1291791,3;2273,8;
22.01.2026;RDN-1;RDN_23-01-26_H06;488,89;488,89;488,89;488,89;0;134;3116,8;1523772,352;2605,8;
22.01.2026;RDN-1;RDN_23-01-26_H07;590;590;590;590;0;139;3820,5;2254095;3227,1;
22.01.2026;RDN-1;RDN_23-01-26_H08;856;856;856;856;0;159;3786,8;3241500,8;3226,2;
22.01.2026;RDN-1;RDN_23-01-26_H09;963,4;966;963,4;966;0;166;3834;3693759,6;3422;
22.01.2026;RDN-1;RDN_23-01-26_H10;908,05;930;899;940;0;175;3865,4;3510305,182;3465,1;
22.01.2026;RDN-1;RDN_23-01-26_H11;730,06;755;730,06;755;0;166;3613,9;2639386,134;3006,8;
22.01.2026;RDN-1;RDN_23-01-26_H12;649;659;649;660;0;165;3662,7;2377198,9;3053,2;
22.01.2026;RDN-1;RDN_23-01-26_H13;610,1;590,1;590,1;620;0;146;3574,1;2180511,002;2826,7;
22.01.2026;RDN-1;RDN_23-01-26_H14;611,2;591,2;591,2;625;0;139;3604,9;2203568,88;2912,9;
22.01.2026;RDN-1;RDN_23-01-26_H15;670,31;676,33;645,31;676,33;0;156;3695,5;2476792,645;3132,9;
22.01.2026;RDN-1;RDN_23-01-26_H16;706;713,36;706;713,36;0;151;3669,8;2590892,048;3148;
22.01.2026;RDN-1;RDN_23-01-26_H17;770;779;770;779;0;154;4066,6;3131372;3526,8;
22.01.2026;RDN-1;RDN_23-01-26_H18;740,9;750;740,9;750;0;151;4144;3070316,9;3782,6;
22.01.2026;RDN-1;RDN_23-01-26_H19;640,4;640;640;650;0;134;3944,9;2526645,96;3563,4;
22.01.2026;RDN-1;RDN_23-01-26_H20;606,34;606,34;606,34;606,34;0;132;3977,3;2411596,082;3630,8;
22.01.2026;RDN-1;RDN_23-01-26_H21;549,8;549,8;549,8;549,8;0;135;3663,5;2014192,3;3300,1;
22.01.2026;RDN-1;RDN_23-01-26_H22;477,32;477,32;477,32;477,32;0;122;3635,4;1735249,128;3220,1;
22.01.2026;RDN-1;RDN_23-01-26_H23;490,9;490,9;490,9;490,9;0;145;4123,5;2024226,15;3756,4;
22.01.2026;RDN-1;RDN_23-01-26_H24;474,53;474,53;474,53;474,53;0;148;3452,6;1638362,278;3119;
22.01.2026;RZP_A_LBL-01;RZP_A_LBL-01;0;0;0;0;0;0;0;0;0;
22.01.2026;SGT_BASE;SGT_BASE_23-01-26;0;0;0;0;0;0;0;0;0;
22.01.2026;SGT_RDB;SGT_RDB_22-01-26;0;0;0;0;0;0;0;0;0;
22.01.2026;ZTO_B_KUJ-02;ZTO_B_KUJ-02;0;0;0;0;0;0;0;0;0;
22.01.2026;ZTO_B_LBL-01;ZTO_B_LBL-01;0;0;0;0;0;0;0;0;0;
22.01.2026;ZTO_B_LBU-01;ZTO_B_LBU-01;0;0;0;0;0;0;0;0;0;
22.01.2026;ZTO_B_MAZ-01;ZTO_B_MAZ-01;0;0;0;0;0;0;0;0;0;
22.01.2026;ZTO_B_PDL-01;ZTO_B_PDL-01;0;0;0;0;0;0;0;0;0;
22.01.2026;ZTO_B_WLK-01;ZTO_B_WLK-01;0;0;0;0;0;0;0;0;0;
22.01.2026;ZTO_B_WLK-02;ZTO_B_WLK-02;0;0;0;0;0;0;0;0;0;
22.01.2026;ZTO_B_WMA-01;ZTO_B_WMA-01;0;0;0;0;0;0;0;0;0;
22.01.2026;ZTO_B_WMA-02;ZTO_B_WMA-02;0;0;0;0;0;0;0;0;0;
22.01.2026;ZTO_B_WMA-03;ZTO_B_WMA-03;0;0;0;0;0;0;0;0;0;
22.01.2026;ZTO_C_KUJ-02;ZTO_C_KUJ-02;0;0;0;0;0;0;0;0;0;
22.01.2026;ZTO_C_LBL-01;ZTO_C_LBL-01;0;0;0;0;0;0;0;0;0;
22.01.2026;ZTO_C_LBU-01;ZTO_C_LBU-01;0;0;0;0;0;0;0;0;0;
22.01.2026;ZTO_C_MAZ-01;ZTO_C_MAZ-01;0;0;0;0;0;0;0;0;0;
22.01.2026;ZTO_C_PDL-01;ZTO_C_PDL-01;0;0;0;0;0;0;0;0;0;
22.01.2026;ZTO_C_WLK-01;ZTO_C_WLK-01;0;0;0;0;0;0;0;0;0;
22.01.2026;ZTO_C_WLK-02;ZTO_C_WLK-02;0;0;0;0;0;0;0;0;0;
22.01.2026;ZTO_C_WMA-01;ZTO_C_WMA-01;0;0;0;0;0;0;0;0;0;
22.01.2026;ZTO_C_WMA-02;ZTO_C_WMA-02;0;0;0;0;0;0;0;0;0;
22.01.2026;ZTO_C_WMA-03;ZTO_C_WMA-03;0;0;0;0;0;0;0;0;0;
23.01.2026;BASE;BASE_24-01-26;545;535;534;545;0;64;529;6848544;509;
23.01.2026;BASE;BASE_25-01-26;0;0;0;0;0;0;0;0;0;
23.01.2026;BASE_M;BASE_M-02-26;549,5;549;549;550;543;18;27;9972412,8;517;
23.01.2026;BASE_M;BASE_M-03-26;455;455;455;455;446;1;1;338065;227;
23.01.2026;BASE_M;BASE_M-04-26;424;424;424;424;421,45;4;6;1831680;16;
23.01.2026;BASE_M;BASE_M-05-26;0;0;0;0;418,45;0;0;0;1;
23.01.2026;BASE_M;BASE_M-06-26;0;0;0;0;438,35;0;0;0;3;
23.01.2026;BASE_M;BASE_M-07-26;0;0;0;0;454,3;0;0;0;0;
23.01.2026;BASE_Q;BASE_Q-1-27;461;461;461;461;461,5;1;1;995299;2;
23.01.2026;BASE_Q;BASE_Q-2-26;427;427;427;427;426;1;1;932568;420;
23.01.2026;BASE_Q;BASE_Q-2-27;0;0;0;0;420,53;0;0;0;0;
23.01.2026;BASE_Q;BASE_Q-3-26;460;460;460;460;457;1;1;1015680;287;
23.01.2026;BASE_Q;BASE_Q-3-27;0;0;0;0;441,84;0;0;0;0;
23.01.2026;BASE_Q;BASE_Q-4-26;488;488;488;488;482,2;2;2;2155984;510;
23.01.2026;BASE_W;BASE_W-05-26;600;612;600;620;622;31;59;6041784;111;
23.01.2026;BASE_W;BASE_W-06-26;0;0;0;0;594,12;0;0;0;0;
23.01.2026;BASE_W;BASE_W-07-26;0;0;0;0;584,73;0;0;0;0;
23.01.2026;BASE_W;BASE_W-08-26;0;0;0;0;534,16;0;0;0;0;
23.01.2026;BASE_W;BASE_W-09-26;0;0;0;0;439,97;0;0;0;0;
23.01.2026;BASE_WEEKEND;BASE_WEEKEND_04-26;0;0;0;0;0;0;0;0;0;
23.01.2026;BASE_Y;BASE_Y-27;447;447;447;447;445,9;2;2;7831440;686;
23.01.2026;BASE_Y;BASE_Y-28;427;427;427;427;426;1;1;3750768;125;
23.01.2026;BASE_Y;BASE_Y-29;0;0;0;0;437;0;0;0;2;
23.01.2026;BASE_Y;BASE_Y-30;0;0;0;0;432,57;0;0;0;0;
23.01.2026;GAS_BASE;GAS_BASE_24-01-26;204;206;203;206;0;75;2363;11583804,72;2045;
23.01.2026;GAS_BASE_M;GAS_BASE_M-01-27;157,25;157,25;157,25;157,25;158,25;1;2;233988;103;
23.01.2026;GAS_BASE_M;GAS_BASE_M-02-26;190;191;190;191;189;6;22;2810976;23896;
23.01.2026;GAS_BASE_M;GAS_BASE_M-03-26;177;177,95;177;177,95;177;4;13;1718113,2;18923;
23.01.2026;GAS_BASE_M;GAS_BASE_M-04-26;159,5;161,3;159,5;161,3;159,01;10;23;2663244;1886;
23.01.2026;GAS_BASE_M;GAS_BASE_M-05-26;149,55;149,55;149,55;149,55;149,2;1;1;111265,2;231;
23.01.2026;GAS_BASE_M;GAS_BASE_M-06-26;0;0;0;0;143;0;0;0;52;
23.01.2026;GAS_BASE_M;GAS_BASE_M-07-26;0;0;0;0;149;0;0;0;6;
23.01.2026;GAS_BASE_M;GAS_BASE_M-08-26;0;0;0;0;150,75;0;0;0;10;
23.01.2026;GAS_BASE_M;GAS_BASE_M-09-26;0;0;0;0;147,19;0;0;0;217;
23.01.2026;GAS_BASE_M;GAS_BASE_M-10-26;0;0;0;0;153,48;0;0;0;31;
23.01.2026;GAS_BASE_M;GAS_BASE_M-11-26;152;152;152;152;154;2;5;547200;879;
23.01.2026;GAS_BASE_M;GAS_BASE_M-12-26;154,75;154,75;154,75;154,75;156,75;2;5;575670;868;
23.01.2026;GAS_BASE_Q;GAS_BASE_Q-1-27;154,75;154,5;154,5;154,75;155,7;2;10;3338354;743;
23.01.2026;GAS_BASE_Q;GAS_BASE_Q-2-26;0;0;0;0;150,39;0;0;0;7520;
23.01.2026;GAS_BASE_Q;GAS_BASE_Q-2-27;0;0;0;0;132,56;0;0;0;13;
23.01.2026;GAS_BASE_Q;GAS_BASE_Q-3-26;0;0;0;0;149;0;0;0;6230;
23.01.2026;GAS_BASE_Q;GAS_BASE_Q-3-27;0;0;0;0;131,75;0;0;0;25;
23.01.2026;GAS_BASE_Q;GAS_BASE_Q-4-26;152,5;152,9;152,5;152,9;154,75;3;3;1011943;7929;
23.01.2026;GAS_BASE_S;GAS_BASE_S-S-26;0;0;0;0;149,69;0;0;0;72;
23.01.2026;GAS_BASE_S;GAS_BASE_S-S-27;0;0;0;0;132,15;0;0;0;9;
23.01.2026;GAS_BASE_S;GAS_BASE_S-W-26;152,8;152,8;152,8;152,8;155,22;1;5;3337152;631;
23.01.2026;GAS_BASE_S;GAS_BASE_S-W-27;0;0;0;0;144,17;0;0;0;3;
23.01.2026;GAS_BASE_W;GAS_BASE_W-05-26;204;204,5;203,75;205,25;202,1;17;211;7251382,32;1866;
23.01.2026;GAS_BASE_W;GAS_BASE_W-06-26;0;0;0;0;191,5;0;0;0;320;
23.01.2026;GAS_BASE_W;GAS_BASE_W-07-26;0;0;0;0;189;0;0;0;0;
23.01.2026;GAS_BASE_W;GAS_BASE_W-08-26;0;0;0;0;189;0;0;0;0;
23.01.2026;GAS_BASE_Y;GAS_BASE_Y-27;137,1;136,25;136;137,1;138,95;6;9;10751586;3796;
23.01.2026;GAS_BASE_Y;GAS_BASE_Y-28;126;125,3;125,3;126;126,7;2;3;3308054;182;
23.01.2026;GAS_BASE_Y;GAS_BASE_Y-29;0;0;0;0;120;0;0;0;16;
23.01.2026;GAS_BASE_Y;GAS_BASE_Y-30;0;0;0;0;119,12;0;0;0;5;
23.01.2026;GAS_RDB;GAS_RDB_23-01-26;202,8;202;202;206;0;120;26873;5454150,95;19934;
23.01.2026;GAS_WEEKEND;GAS_WEEKEND_04-26;204;206;202;206;0;94;6055;59278032;5864;
23.01.2026;GLW_BASE;GLW_BASE_24-01-26;0;0;0;0;0;0;0;0;0;
23.01.2026;GLW_RDB;GLW_RDB_23-01-26;0;0;0;0;0;0;0;0;0;
23.01.2026;KUK_A_WMA-03;KUK_A_WMA-03;0;0;0;0;0;0;0;0;0;
23.01.2026;OFFPEAK;OFFPEAK_24-01-26;0;0;0;0;0;0;0;0;0;
23.01.2026;OFFPEAK;OFFPEAK_25-01-26;0;0;0;0;0;0;0;0;0;
23.01.2026;OFFPEAK_M;OFFPEAK_M-02-26;0;0;0;0;419,21;0;0;0;0;
23.01.2026;OFFPEAK_M;OFFPEAK_M-03-26;0;0;0;0;418,03;0;0;0;0;
23.01.2026;OFFPEAK_M;OFFPEAK_M-04-26;0;0;0;0;403;0;0;0;0;
23.01.2026;OFFPEAK_M;OFFPEAK_M-05-26;0;0;0;0;410,36;0;0;0;0;
23.01.2026;OFFPEAK_M;OFFPEAK_M-06-26;0;0;0;0;435,14;0;0;0;0;
23.01.2026;OFFPEAK_M;OFFPEAK_M-07-26;0;0;0;0;432,6;0;0;0;0;
23.01.2026;OFFPEAK_Q;OFFPEAK_Q-1-27;0;0;0;0;400,57;0;0;0;0;
23.01.2026;OFFPEAK_Q;OFFPEAK_Q-2-26;0;0;0;0;415,99;0;0;0;0;
23.01.2026;OFFPEAK_Q;OFFPEAK_Q-2-27;0;0;0;0;407,92;0;0;0;0;
23.01.2026;OFFPEAK_Q;OFFPEAK_Q-3-26;0;0;0;0;435,05;0;0;0;0;
23.01.2026;OFFPEAK_Q;OFFPEAK_Q-3-27;0;0;0;0;420,2;0;0;0;0;
23.01.2026;OFFPEAK_Q;OFFPEAK_Q-4-26;0;0;0;0;403,33;0;0;0;0;
23.01.2026;OFFPEAK_W;OFFPEAK_W-05-26;0;0;0;0;561,92;0;0;0;0;
23.01.2026;OFFPEAK_W;OFFPEAK_W-06-26;0;0;0;0;511,55;0;0;0;0;
23.01.2026;OFFPEAK_W;OFFPEAK_W-07-26;0;0;0;0;494,59;0;0;0;0;
23.01.2026;OFFPEAK_W;OFFPEAK_W-08-26;0;0;0;0;403,24;0;0;0;0;
23.01.2026;OFFPEAK_W;OFFPEAK_W-09-26;0;0;0;0;233,09;0;0;0;0;
23.01.2026;OFFPEAK_Y;OFFPEAK_Y-27;0;0;0;0;398,82;0;0;0;0;
23.01.2026;OFFPEAK_Y;OFFPEAK_Y-28;0;0;0;0;381,42;0;0;0;0;
23.01.2026;OFFPEAK_Y;OFFPEAK_Y-29;0;0;0;0;406,7;0;0;0;0;
23.01.2026;OFFPEAK_Y;OFFPEAK_Y-30;0;0;0;0;369,23;0;0;0;0;
23.01.2026;OFFP_WEEKEND;OFFP_WEEKEND_04-26;0;0;0;0;0;0;0;0;0;
23.01.2026;PEAK;PEAK_24-01-26;0;0;0;0;0;0;0;0;0;
23.01.2026;PEAK;PEAK_25-01-26;0;0;0;0;0;0;0;0;0;
23.01.2026;PEAK5_M;PEAK5_M-02-26;700;700,05;696,5;700,1;696,5;10;23;4827975;269;
23.01.2026;PEAK5_M;PEAK5_M-03-26;0;0;0;0;481;0;0;0;6;
23.01.2026;PEAK5_M;PEAK5_M-04-26;0;0;0;0;445,17;0;0;0;0;
23.01.2026;PEAK5_M;PEAK5_M-05-26;0;0;0;0;430,42;0;0;0;0;
23.01.2026;PEAK5_M;PEAK5_M-06-26;0;0;0;0;442,48;0;0;0;0;
23.01.2026;PEAK5_M;PEAK5_M-07-26;0;0;0;0;479,4;0;0;0;0;
23.01.2026;PEAK5_Q;PEAK5_Q-1-27;0;0;0;0;544,34;0;0;0;0;
23.01.2026;PEAK5_Q;PEAK5_Q-2-26;0;0;0;0;439,5;0;0;0;26;
23.01.2026;PEAK5_Q;PEAK5_Q-2-27;0;0;0;0;437,06;0;0;0;0;
23.01.2026;PEAK5_Q;PEAK5_Q-3-26;0;0;0;0;484;0;0;0;4;
23.01.2026;PEAK5_Q;PEAK5_Q-3-27;0;0;0;0;468,47;0;0;0;0;
23.01.2026;PEAK5_Q;PEAK5_Q-4-26;0;0;0;0;584,81;0;0;0;19;
23.01.2026;PEAK5_W;PEAK5_W-05-26;0;0;0;0;696,5;0;0;0;0;
23.01.2026;PEAK5_W;PEAK5_W-06-26;0;0;0;0;696,5;0;0;0;0;
23.01.2026;PEAK5_W;PEAK5_W-07-26;0;0;0;0;696,5;0;0;0;0;
23.01.2026;PEAK5_W;PEAK5_W-08-26;0;0;0;0;696,5;0;0;0;0;
23.01.2026;PEAK5_W;PEAK5_W-09-26;0;0;0;0;696,5;0;0;0;0;
23.01.2026;PEAK5_Y;PEAK5_Y-27;0;0;0;0;507,5;0;0;0;134;
23.01.2026;PEAK5_Y;PEAK5_Y-28;0;0;0;0;485,43;0;0;0;1;
23.01.2026;PEAK5_Y;PEAK5_Y-29;0;0;0;0;477,2;0;0;0;0;
23.01.2026;PEAK5_Y;PEAK5_Y-30;0;0;0;0;517,19;0;0;0;0;
23.01.2026;PEAK_WEEKEND;PEAK_WEEKEND_04-26;0;0;0;0;0;0;0;0;0;
23.01.2026;PSZ_B_DLS-01;PSZ_B_DLS-01;0;0;0;0;0;0;0;0;0;
23.01.2026;PSZ_B_KUJ-01;PSZ_B_KUJ-01;0;0;0;0;0;0;0;0;0;
23.01.2026;PSZ_B_KUJ-02;PSZ_B_KUJ-02;0;0;0;0;0;0;0;0;0;
23.01.2026;PSZ_B_LBL-01;PSZ_B_LBL-01;0;0;0;0;0;0;0;0;0;
23.01.2026;PSZ_B_LBL-02;PSZ_B_LBL-02;0;0;0;0;0;0;0;0;0;
23.01.2026;PSZ_B_LBL-03;PSZ_B_LBL-03;0;0;0;0;0;0;0;0;0;
23.01.2026;PSZ_B_LBL-04;PSZ_B_LBL-04;0;0;0;0;0;0;0;0;0;
23.01.2026;PSZ_B_LBL-05;PSZ_B_LBL-05;0;0;0;0;0;0;0;0;0;
23.01.2026;PSZ_B_LBL-06;PSZ_B_LBL-06;0;0;0;0;0;0;0;0;0;
23.01.2026;PSZ_B_LBL-07;PSZ_B_LBL-07;0;0;0;0;0;0;0;0;0;
23.01.2026;PSZ_B_LBU-01;PSZ_B_LBU-01;0;0;0;0;0;0;0;0;0;
23.01.2026;PSZ_B_LBU-02;PSZ_B_LBU-02;0;0;0;0;0;0;0;0;0;
23.01.2026;PSZ_B_MAZ-01;PSZ_B_MAZ-01;0;0;0;0;0;0;0;0;0;
23.01.2026;PSZ_B_MAZ-02;PSZ_B_MAZ-02;0;0;0;0;0;0;0;0;0;
23.01.2026;PSZ_B_MAZ-03;PSZ_B_MAZ-03;0;0;0;0;0;0;0;0;0;
23.01.2026;PSZ_B_OPO-01;PSZ_B_OPO-01;0;0;0;0;0;0;0;0;0;
23.01.2026;PSZ_B_OPO-02;PSZ_B_OPO-02;0;0;0;0;0;0;0;0;0;
23.01.2026;PSZ_B_PDK-01;PSZ_B_PDK-01;0;0;0;0;0;0;0;0;0;
23.01.2026;PSZ_B_PDL-01;PSZ_B_PDL-01;0;0;0;0;0;0;0;0;0;
23.01.2026;PSZ_B_POM-01;PSZ_B_POM-01;0;0;0;0;0;0;0;0;0;
23.01.2026;PSZ_B_POM-02;PSZ_B_POM-02;0;0;0;0;0;0;0;0;0;
23.01.2026;PSZ_B_WLK-01;PSZ_B_WLK-01;0;0;0;0;0;0;0;0;0;
23.01.2026;PSZ_B_WLK-02;PSZ_B_WLK-02;0;0;0;0;0;0;0;0;0;
23.01.2026;PSZ_B_WLK-03;PSZ_B_WLK-03;0;0;0;0;0;0;0;0;0;
23.01.2026;PSZ_B_WLK-04;PSZ_B_WLK-04;0;0;0;0;0;0;0;0;0;
23.01.2026;PSZ_B_WMA-01;PSZ_B_WMA-01;0;0;0;0;0;0;0;0;0;
23.01.2026;PSZ_B_WMA-02;PSZ_B_WMA-02;0;0;0;0;0;0;0;0;0;
23.01.2026;PSZ_B_WMA-03;PSZ_B_WMA-03;0;0;0;0;0;0;0;0;0;
23.01.2026;PSZ_B_WMA-04;PSZ_B_WMA-04;0;0;0;0;0;0;0;0;0;
23.01.2026;PSZ_B_WMA-05;PSZ_B_WMA-05;0;0;0;0;0;0;0;0;0;
23.01.2026;PSZ_B_WMA-06;PSZ_B_WMA-06;0;0;0;0;0;0;0;0;0;
23.01.2026;PSZ_B_ZPO-01;PSZ_B_ZPO-01;0;0;0;0;0;0;0;0;0;
23.01.2026;PSZ_B_ZPO-02;PSZ_B_ZPO-02;0;0;0;0;0;0;0;0;0;
23.01.2026;PSZ_C_DLS-01;PSZ_C_DLS-01;0;0;0;0;0;0;0;0;0;
23.01.2026;PSZ_C_KUJ-01;PSZ_C_KUJ-01;0;0;0;0;0;0;0;0;0;
23.01.2026;PSZ_C_KUJ-02;PSZ_C_KUJ-02;0;0;0;0;0;0;0;0;0;
23.01.2026;PSZ_C_LBL-01;PSZ_C_LBL-01;0;0;0;0;0;0;0;0;0;
23.01.2026;PSZ_C_LBL-02;PSZ_C_LBL-02;0;0;0;0;0;0;0;0;0;
23.01.2026;PSZ_C_LBL-03;PSZ_C_LBL-03;0;0;0;0;0;0;0;0;0;
23.01.2026;PSZ_C_LBL-04;PSZ_C_LBL-04;0;0;0;0;0;0;0;0;0;
23.01.2026;PSZ_C_LBL-05;PSZ_C_LBL-05;0;0;0;0;0;0;0;0;0;
23.01.2026;PSZ_C_LBL-06;PSZ_C_LBL-06;0;0;0;0;0;0;0;0;0;
23.01.2026;PSZ_C_LBL-07;PSZ_C_LBL-07;0;0;0;0;0;0;0;0;0;
23.01.2026;PSZ_C_LBU-01;PSZ_C_LBU-01;0;0;0;0;0;0;0;0;0;
23.01.2026;PSZ_C_LBU-02;PSZ_C_LBU-02;0;0;0;0;0;0;0;0;0;
23.01.2026;PSZ_C_MAZ-01;PSZ_C_MAZ-01;0;0;0;0;0;0;0;0;0;
23.01.2026;PSZ_C_MAZ-02;PSZ_C_MAZ-02;0;0;0;0;0;0;0;0;0;
23.01.2026;PSZ_C_MAZ-03;PSZ_C_MAZ-03;0;0;0;0;0;0;0;0;0;
23.01.2026;PSZ_C_OPO-01;PSZ_C_OPO-01;0;0;0;0;0;0;0;0;0;
23.01.2026;PSZ_C_OPO-02;PSZ_C_OPO-02;0;0;0;0;0;0;0;0;0;
23.01.2026;PSZ_C_PDK-01;PSZ_C_PDK-01;0;0;0;0;0;0;0;0;0;
23.01.2026;PSZ_C_PDL-01;PSZ_C_PDL-01;0;0;0;0;0;0;0;0;0;
23.01.2026;PSZ_C_POM-01;PSZ_C_POM-01;0;0;0;0;0;0;0;0;0;
23.01.2026;PSZ_C_POM-02;PSZ_C_POM-02;0;0;0;0;0;0;0;0;0;
23.01.2026;PSZ_C_WLK-01;PSZ_C_WLK-01;0;0;0;0;0;0;0;0;0;
23.01.2026;PSZ_C_WLK-02;PSZ_C_WLK-02;0;0;0;0;0;0;0;0;0;
23.01.2026;PSZ_C_WLK-03;PSZ_C_WLK-03;0;0;0;0;0;0;0;0;0;
23.01.2026;PSZ_C_WLK-04;PSZ_C_WLK-04;0;0;0;0;0;0;0;0;0;
23.01.2026;PSZ_C_WMA-01;PSZ_C_WMA-01;0;0;0;0;0;0;0;0;0;
23.01.2026;PSZ_C_WMA-02;PSZ_C_WMA-02;0;0;0;0;0;0;0;0;0;
23.01.2026;PSZ_C_WMA-03;PSZ_C_WMA-03;0;0;0;0;0;0;0;0;0;
23.01.2026;PSZ_C_WMA-04;PSZ_C_WMA-04;0;0;0;0;0;0;0;0;0;
23.01.2026;PSZ_C_WMA-05;PSZ_C_WMA-05;0;0;0;0;0;0;0;0;0;
23.01.2026;PSZ_C_WMA-06;PSZ_C_WMA-06;0;0;0;0;0;0;0;0;0;
23.01.2026;PSZ_C_ZPO-01;PSZ_C_ZPO-01;0;0;0;0;0;0;0;0;0;
23.01.2026;PSZ_C_ZPO-02;PSZ_C_ZPO-02;0;0;0;0;0;0;0;0;0;
23.01.2026;RDN-1;RDN_24-01-26_H01;489,21;489,21;489,21;489,21;0;134;2394;1171168,74;1990,2;
23.01.2026;RDN-1;RDN_24-01-26_H02;469;469;469;469;0;138;2551,9;1196841,1;2087;
23.01.2026;RDN-1;RDN_24-01-26_H03;465,48;465,48;465,48;465,48;0;137;2506,1;1166539,428;2060,8;
23.01.2026;RDN-1;RDN_24-01-26_H04;461,12;461,12;461,12;461,12;0;135;2315;1067492,8;1954;
23.01.2026;RDN-1;RDN_24-01-26_H05;460,33;460,33;460,33;460,33;0;141;2460;1132411,8;2134;
23.01.2026;RDN-1;RDN_24-01-26_H06;477,39;477,39;477,39;477,39;0;132;2601,4;1241882,346;2203,7;
23.01.2026;RDN-1;RDN_24-01-26_H07;496;496;496;496;0;130;2977,4;1476790,4;2466,3;
23.01.2026;RDN-1;RDN_24-01-26_H08;504;490;490;510,78;0;145;3438,8;1732594,25;2996,1;
23.01.2026;RDN-1;RDN_24-01-26_H09;553,3;573;553,3;575;0;149;4007,3;2217878,89;3632;
23.01.2026;RDN-1;RDN_24-01-26_H10;587,98;600;587,98;600;0;155;4383,1;2577475,638;4098,1;
23.01.2026;RDN-1;RDN_24-01-26_H11;602,23;550;550;612;0;166;4632,3;2789389,889;4228,9;
23.01.2026;RDN-1;RDN_24-01-26_H12;600;560;560;610;0;168;4807,4;2884148;4352,3;
23.01.2026;RDN-1;RDN_24-01-26_H13;566,7;566,7;566,7;566,7;0;156;4661,6;2641728,72;4278,8;
23.01.2026;RDN-1;RDN_24-01-26_H14;559;559;559;559;0;151;4598,3;2570449,7;4232,1;
23.01.2026;RDN-1;RDN_24-01-26_H15;551,64;550;550;551,64;0;153;4476,8;2469573,752;4210,9;
23.01.2026;RDN-1;RDN_24-01-26_H16;580,96;600;580,96;600;0;162;4470,3;2597160,688;4163;
23.01.2026;RDN-1;RDN_24-01-26_H17;613,05;613,05;613,05;613,05;0;164;4743,3;2907880,065;4441;
23.01.2026;RDN-1;RDN_24-01-26_H18;627,7;627,7;627,7;627,7;0;165;4844,5;3040892,65;4424,9;
23.01.2026;RDN-1;RDN_24-01-26_H19;607,38;607,38;607,38;607,38;0;166;4692,5;2850130,65;4377,7;
23.01.2026;RDN-1;RDN_24-01-26_H20;569,77;570;569,77;570;0;159;4677;2664817,74;4366,2;
23.01.2026;RDN-1;RDN_24-01-26_H21;529,2;529,2;529,2;529,2;0;153;4491,1;2376690,12;3996,7;
23.01.2026;RDN-1;RDN_24-01-26_H22;502,94;502,94;502,94;502,94;0;138;3750,9;1886477,646;3439,1;
23.01.2026;RDN-1;RDN_24-01-26_H23;494;494;494;494;0;126;3444,1;1701385,4;3009,4;
23.01.2026;RDN-1;RDN_24-01-26_H24;481,92;481,92;481,92;481,92;0;142;3028,2;1459350,144;2640,9;
23.01.2026;RZP_A_LBL-01;RZP_A_LBL-01;0;0;0;0;0;0;0;0;0;
23.01.2026;SGT_BASE;SGT_BASE_24-01-26;0;0;0;0;0;0;0;0;0;
23.01.2026;SGT_RDB;SGT_RDB_23-01-26;0;0;0;0;0;0;0;0;0;
23.01.2026;ZTO_B_KUJ-02;ZTO_B_KUJ-02;0;0;0;0;0;0;0;0;0;
23.01.2026;ZTO_B_LBL-01;ZTO_B_LBL-01;0;0;0;0;0;0;0;0;0;
23.01.2026;ZTO_B_LBU-01;ZTO_B_LBU-01;0;0;0;0;0;0;0;0;0;
23.01.2026;ZTO_B_MAZ-01;ZTO_B_MAZ-01;0;0;0;0;0;0;0;0;0;
23.01.2026;ZTO_B_PDL-01;ZTO_B_PDL-01;0;0;0;0;0;0;0;0;0;
23.01.2026;ZTO_B_WLK-01;ZTO_B_WLK-01;0;0;0;0;0;0;0;0;0;
23.01.2026;ZTO_B_WLK-02;ZTO_B_WLK-02;0;0;0;0;0;0;0;0;0;
23.01.2026;ZTO_B_WMA-01;ZTO_B_WMA-01;0;0;0;0;0;0;0;0;0;
23.01.2026;ZTO_B_WMA-02;ZTO_B_WMA-02;0;0;0;0;0;0;0;0;0;
23.01.2026;ZTO_B_WMA-03;ZTO_B_WMA-03;0;0;0;0;0;0;0;0;0;
23.01.2026;ZTO_C_KUJ-02;ZTO_C_KUJ-02;0;0;0;0;0;0;0;0;0;
23.01.2026;ZTO_C_LBL-01;ZTO_C_LBL-01;0;0;0;0;0;0;0;0;0;
23.01.2026;ZTO_C_LBU-01;ZTO_C_LBU-01;0;0;0;0;0;0;0;0;0;
23.01.2026;ZTO_C_MAZ-01;ZTO_C_MAZ-01;0;0;0;0;0;0;0;0;0;
23.01.2026;ZTO_C_PDL-01;ZTO_C_PDL-01;0;0;0;0;0;0;0;0;0;
23.01.2026;ZTO_C_WLK-01;ZTO_C_WLK-01;0;0;0;0;0;0;0;0;0;
23.01.2026;ZTO_C_WLK-02;ZTO_C_WLK-02;0;0;0;0;0;0;0;0;0;
23.01.2026;ZTO_C_WMA-01;ZTO_C_WMA-01;0;0;0;0;0;0;0;0;0;
23.01.2026;ZTO_C_WMA-02;ZTO_C_WMA-02;0;0;0;0;0;0;0;0;0;
23.01.2026;ZTO_C_WMA-03;ZTO_C_WMA-03;0;0;0;0;0;0;0;0;0;
24.01.2026;BASE;BASE_25-01-26;499;495;490;499;0;14;59;697432,8;19;
24.01.2026;BASE;BASE_26-01-26;0;0;0;0;0;0;0;0;0;
24.01.2026;GAS_BASE;GAS_BASE_25-01-26;206;205;204;206;0;64;819;4024726,08;551;
24.01.2026;GAS_RDB;GAS_RDB_24-01-26;205;207;203,95;207;0;103;19383;3995903,8;16382;
24.01.2026;GLW_BASE;GLW_BASE_25-01-26;0;0;0;0;0;0;0;0;0;
24.01.2026;GLW_RDB;GLW_RDB_24-01-26;0;0;0;0;0;0;0;0;0;
24.01.2026;OFFPEAK;OFFPEAK_25-01-26;0;0;0;0;0;0;0;0;0;
24.01.2026;OFFPEAK;OFFPEAK_26-01-26;0;0;0;0;0;0;0;0;0;
24.01.2026;PEAK;PEAK_25-01-26;0;0;0;0;0;0;0;0;0;
24.01.2026;PEAK;PEAK_26-01-26;0;0;0;0;0;0;0;0;0;
24.01.2026;RDN-1;RDN_25-01-26_H01;498;498;498;498;0;158;2942,8;1465514,4;2542,6;
24.01.2026;RDN-1;RDN_25-01-26_H02;488,16;488,16;488,16;488,16;0;153;2718,4;1327014,144;2381,6;
24.01.2026;RDN-1;RDN_25-01-26_H03;477,66;477,66;477,66;477,66;0;144;2556,3;1221042,258;2236;
24.01.2026;RDN-1;RDN_25-01-26_H04;462,48;462,48;462,48;462,48;0;142;2577,4;1191995,952;2284,4;
24.01.2026;RDN-1;RDN_25-01-26_H05;453,59;453,59;453,59;453,59;0;141;2638,1;1196615,779;2344,9;
24.01.2026;RDN-1;RDN_25-01-26_H06;468,81;468,81;468,81;468,81;0;141;2632,9;1234329,849;2338,9;
24.01.2026;RDN-1;RDN_25-01-26_H07;479;460;460;479;0;135;2636,4;1262706,4;2307,8;
24.01.2026;RDN-1;RDN_25-01-26_H08;490;490,29;490;490,29;0;138;2801,4;1372686,348;2290;
24.01.2026;RDN-1;RDN_25-01-26_H09;494;504;494;504;0;143;2792,6;1379644,4;2341,7;
24.01.2026;RDN-1;RDN_25-01-26_H10;500,57;510;500,57;510;0;125;3147,4;1575588,318;2739,5;
24.01.2026;RDN-1;RDN_25-01-26_H11;498,67;498,67;498,67;498,67;0;143;3597,9;1794164,793;3255,7;
24.01.2026;RDN-1;RDN_25-01-26_H12;502;502;502;502;0;143;3634,1;1824318,2;3295,6;
24.01.2026;RDN-1;RDN_25-01-26_H13;498,13;498,13;498,13;498,13;0;140;3606,1;1796306,593;3269,8;
24.01.2026;RDN-1;RDN_25-01-26_H14;498,67;498,67;498,67;498,67;0;138;3624;1807180,08;3276,2;
24.01.2026;RDN-1;RDN_25-01-26_H15;505,18;505,18;505,18;505,18;0;134;3658;1847948,44;3307,8;
24.01.2026;RDN-1;RDN_25-01-26_H16;526;526;526;526;0;141;3564,4;1874874,4;3207,2;
24.01.2026;RDN-1;RDN_25-01-26_H17;546;546;546;546;0;146;4021,2;2195575,2;3589,1;
24.01.2026;RDN-1;RDN_25-01-26_H18;567,68;567,68;567,68;567,68;0;141;3985,7;2262602,176;3657,8;
24.01.2026;RDN-1;RDN_25-01-26_H19;562;562;562;562;0;141;4245;2385690;3795,5;
24.01.2026;RDN-1;RDN_25-01-26_H20;555,33;555,33;555,33;555,33;0;151;4440,7;2466053,931;3953,8;
24.01.2026;RDN-1;RDN_25-01-26_H21;531;531;531;531;0;148;4438,5;2356843,5;3985,5;
24.01.2026;RDN-1;RDN_25-01-26_H22;506;506;506;506;0;147;4128,3;2088919,8;3695,8;
24.01.2026;RDN-1;RDN_25-01-26_H23;501,41;501,41;501,41;501,41;0;156;3762,9;1886755,689;3430,5;
24.01.2026;RDN-1;RDN_25-01-26_H24;469,68;469,68;469,68;469,68;0;132;3203,9;1504807,752;3022,4;
24.01.2026;SGT_BASE;SGT_BASE_25-01-26;0;0;0;0;0;0;0;0;0;
24.01.2026;SGT_RDB;SGT_RDB_24-01-26;0;0;0;0;0;0;0;0;0;
25.01.2026;BASE;BASE_26-01-26;690;705;690;710;0;27;134;2251800;83;
25.01.2026;BASE;BASE_27-01-26;0;0;0;0;0;0;0;0;0;
25.01.2026;GAS_BASE;GAS_BASE_26-01-26;206;208,7;206;208,77;0;127;6045;30003321,12;5926;
25.01.2026;GAS_RDB;GAS_RDB_25-01-26;206,5;205,75;205,74;206,7;0;100;26750;5520503,48;26143;
25.01.2026;GLW_BASE;GLW_BASE_26-01-26;0;0;0;0;0;0;0;0;0;
25.01.2026;GLW_RDB;GLW_RDB_25-01-26;0;0;0;0;0;0;0;0;0;
25.01.2026;OFFPEAK;OFFPEAK_26-01-26;0;0;0;0;0;0;0;0;0;
25.01.2026;OFFPEAK;OFFPEAK_27-01-26;0;0;0;0;0;0;0;0;0;
25.01.2026;PEAK;PEAK_26-01-26;0;0;0;0;0;0;0;0;0;
25.01.2026;PEAK;PEAK_27-01-26;0;0;0;0;0;0;0;0;0;
25.01.2026;RDN-1;RDN_26-01-26_H01;450,86;450,86;450,86;450,86;0;138;2366,1;1066779,846;2014,7;
25.01.2026;RDN-1;RDN_26-01-26_H02;440,83;440,83;440,83;440,83;0;150;2443,7;1077256,271;2107,3;
25.01.2026;RDN-1;RDN_26-01-26_H03;429,92;429,92;429,92;429,92;0;141;2438,1;1048187,952;2052,7;
25.01.2026;RDN-1;RDN_26-01-26_H04;424,37;424,37;424,37;424,37;0;149;2473,4;1049636,758;2096,7;
25.01.2026;RDN-1;RDN_26-01-26_H05;436,16;436,16;436,16;436,16;0;158;2672,7;1165724,832;2323,5;
25.01.2026;RDN-1;RDN_26-01-26_H06;455;455;455;455;0;152;2720,1;1237645,5;2472,9;
25.01.2026;RDN-1;RDN_26-01-26_H07;544;544;544;544;0;153;3526,6;1918470,4;3239,7;
25.01.2026;RDN-1;RDN_26-01-26_H08;799,99;799,99;799,99;799,99;0;155;3242;2593567,58;2963,4;
25.01.2026;RDN-1;RDN_26-01-26_H09;925,21;925,41;917,3;925,41;0;173;3599,5;3330217,495;3266,9;
25.01.2026;RDN-1;RDN_26-01-26_H10;1051,7;1000;1000;1051,7;0;191;3772,1;3962309,07;3407,9;
25.01.2026;RDN-1;RDN_26-01-26_H11;998,8;978;978;998,8;0;189;3581,7;3576747,96;3126,4;
25.01.2026;RDN-1;RDN_26-01-26_H12;961,16;940;940;961,16;0;197;3608,5;3467542,06;3187,5;
25.01.2026;RDN-1;RDN_26-01-26_H13;951;944;944;951;0;173;3529,3;3356154,3;3189,8;
25.01.2026;RDN-1;RDN_26-01-26_H14;980,45;950;950;980,45;0;193;3731,8;3657991,31;3346,4;
25.01.2026;RDN-1;RDN_26-01-26_H15;1131,77;1125;1125;1331,77;0;206;4024,9;4556509,808;3666,7;
25.01.2026;RDN-1;RDN_26-01-26_H16;1159;1150;1150;1179,1;0;207;4252,5;4928800,3;3926;
25.01.2026;RDN-1;RDN_26-01-26_H17;1379;1350;1350;1380,6;0;201;4703,9;6486054,7;4373,7;
25.01.2026;RDN-1;RDN_26-01-26_H18;1536;1490;1460;1536;0;201;4761,9;7312050,9;4508;
25.01.2026;RDN-1;RDN_26-01-26_H19;1204;1199;1199;1204;0;196;4763,4;5735093,6;4289,3;
25.01.2026;RDN-1;RDN_26-01-26_H20;1090;1085;1085;1090;0;186;4938,1;5382494;4461,6;
25.01.2026;RDN-1;RDN_26-01-26_H21;918;918;918;918;0;190;4559,8;4185896,4;4228,2;
25.01.2026;RDN-1;RDN_26-01-26_H22;660,9;660;660;660,9;0;138;3587,7;2371108,23;3196,6;
25.01.2026;RDN-1;RDN_26-01-26_H23;585;585;585;585;0;134;4122,1;2411428,5;3677,2;
25.01.2026;RDN-1;RDN_26-01-26_H24;512;512;512;512;0;136;3962,9;2029004,8;3439,2;
25.01.2026;SGT_BASE;SGT_BASE_26-01-26;0;0;0;0;0;0;0;0;0;
25.01.2026;SGT_RDB;SGT_RDB_25-01-26;0;0;0;0;0;0;0;0;0;
26.01.2026;BASE;BASE_27-01-26;1070;1000;1000;1100;0;81;472;11903400;360;
26.01.2026;BASE;BASE_28-01-26;0;0;0;0;0;0;0;0;0;
26.01.2026;BASE_M;BASE_M-02-26;562;570,9;558;571;549;41;44;16734748,8;532;
26.01.2026;BASE_M;BASE_M-03-26;459;462,5;459;463;454;12;15;5137176,3;227;
26.01.2026;BASE_M;BASE_M-04-26;0;0;0;0;424;0;0;0;16;
26.01.2026;BASE_M;BASE_M-05-26;0;0;0;0;417,32;0;0;0;1;
26.01.2026;BASE_M;BASE_M-06-26;0;0;0;0;440;0;0;0;3;
26.01.2026;BASE_M;BASE_M-07-26;0;0;0;0;457,29;0;0;0;0;
26.01.2026;BASE_Q;BASE_Q-1-27;460;460;460;460;461;1;1;993140;2;
26.01.2026;BASE_Q;BASE_Q-2-26;427,5;429;427,5;429;427;10;13;12165972;425;
26.01.2026;BASE_Q;BASE_Q-2-27;0;0;0;0;421,57;0;0;0;0;
26.01.2026;BASE_Q;BASE_Q-3-26;460;460;460;460;460;3;3;3047040;289;
26.01.2026;BASE_Q;BASE_Q-3-27;0;0;0;0;442,93;0;0;0;0;
26.01.2026;BASE_Q;BASE_Q-4-26;488,5;490;488,5;490;488;7;10;10815264;520;
26.01.2026;BASE_W;BASE_W-06-26;630;631;630;631;598,74;3;7;741216;7;
26.01.2026;BASE_W;BASE_W-07-26;0;0;0;0;558,98;0;0;0;0;
26.01.2026;BASE_W;BASE_W-08-26;0;0;0;0;558,98;0;0;0;0;
26.01.2026;BASE_W;BASE_W-09-26;0;0;0;0;463,54;0;0;0;0;
26.01.2026;BASE_W;BASE_W-10-26;0;0;0;0;0;0;0;0;0;
26.01.2026;BASE_Y;BASE_Y-27;447,6;447;447;447,6;447;5;5;19588236;690;
26.01.2026;BASE_Y;BASE_Y-28;427,01;427;427;427,01;427;2;2;7501624;126;
26.01.2026;BASE_Y;BASE_Y-29;0;0;0;0;437;0;0;0;2;
26.01.2026;BASE_Y;BASE_Y-30;0;0;0;0;442,21;0;0;0;0;
26.01.2026;GAS_BASE;GAS_BASE_27-01-26;215,1;212;211;216;0;179;6807;34926034,56;6609;
26.01.2026;GAS_BASE_M;GAS_BASE_M-01-27;0;0;0;0;157,25;0;0;0;103;
26.01.2026;GAS_BASE_M;GAS_BASE_M-02-26;198,5;198,99;198,5;199;190,2;7;21;2803570,56;23901;
26.01.2026;GAS_BASE_M;GAS_BASE_M-03-26;188,4;185;185;188,4;177,95;8;25;3487270,5;18944;
26.01.2026;GAS_BASE_M;GAS_BASE_M-04-26;162;162,7;162;163,5;161,07;17;35;4096188;1920;
26.01.2026;GAS_BASE_M;GAS_BASE_M-05-26;150;147,79;147,79;150;149,55;5;15;1662668,88;241;
26.01.2026;GAS_BASE_M;GAS_BASE_M-06-26;0;0;0;0;136,29;0;0;0;52;
26.01.2026;GAS_BASE_M;GAS_BASE_M-07-26;0;0;0;0;144,63;0;0;0;6;
26.01.2026;GAS_BASE_M;GAS_BASE_M-08-26;0;0;0;0;150,48;0;0;0;10;
26.01.2026;GAS_BASE_M;GAS_BASE_M-09-26;0;0;0;0;141,81;0;0;0;217;
26.01.2026;GAS_BASE_M;GAS_BASE_M-10-26;0;0;0;0;151,09;0;0;0;31;
26.01.2026;GAS_BASE_M;GAS_BASE_M-11-26;149,6;148,5;148,5;149,6;152;6;7;752328;886;
26.01.2026;GAS_BASE_M;GAS_BASE_M-12-26;152,5;151,6;151,5;152,5;154,75;6;9;1017866;877;
26.01.2026;GAS_BASE_Q;GAS_BASE_Q-1-27;153;151;150,5;153;153,56;8;23;7527354;763;
26.01.2026;GAS_BASE_Q;GAS_BASE_Q-2-26;0;0;0;0;148,98;0;0;0;7520;
26.01.2026;GAS_BASE_Q;GAS_BASE_Q-2-27;0;0;0;0;130,15;0;0;0;13;
26.01.2026;GAS_BASE_Q;GAS_BASE_Q-3-26;144;144;144;144;145,68;1;1;317952;6231;
26.01.2026;GAS_BASE_Q;GAS_BASE_Q-3-27;127;127;127;127;127,66;1;1;280416;26;
26.01.2026;GAS_BASE_Q;GAS_BASE_Q-4-26;150;149,5;149,5;150;152,62;6;12;3970125;7941;
26.01.2026;GAS_BASE_S;GAS_BASE_S-S-26;0;0;0;0;147,32;0;0;0;72;
26.01.2026;GAS_BASE_S;GAS_BASE_S-S-27;0;0;0;0;128,9;0;0;0;9;
26.01.2026;GAS_BASE_S;GAS_BASE_S-W-26;151;151;151;151;153,08;1;1;659568;632;
26.01.2026;GAS_BASE_S;GAS_BASE_S-W-27;0;0;0;0;136,5;0;0;0;3;
26.01.2026;GAS_BASE_W;GAS_BASE_W-06-26;202;202;202;202;189,5;3;20;678720;340;
26.01.2026;GAS_BASE_W;GAS_BASE_W-07-26;0;0;0;0;190,2;0;0;0;0;
26.01.2026;GAS_BASE_W;GAS_BASE_W-08-26;0;0;0;0;190,2;0;0;0;0;
26.01.2026;GAS_BASE_W;GAS_BASE_W-09-26;0;0;0;0;0;0;0;0;0;
26.01.2026;GAS_BASE_Y;GAS_BASE_Y-27;134;133,5;133,5;134;136,15;4;7;8212500;3802;
26.01.2026;GAS_BASE_Y;GAS_BASE_Y-28;123,25;123,25;123,25;123,25;125,3;4;4;4330512;186;
26.01.2026;GAS_BASE_Y;GAS_BASE_Y-29;118,5;118;118;118,5;117,45;2;3;3109800;19;
26.01.2026;GAS_BASE_Y;GAS_BASE_Y-30;0;0;0;0;115,55;0;0;0;5;
26.01.2026;GAS_RDB;GAS_RDB_26-01-26;215;211,35;210;216,1;0;125;37461;7990120;32170;
26.01.2026;GLW_BASE;GLW_BASE_27-01-26;0;0;0;0;0;0;0;0;0;
26.01.2026;GLW_RDB;GLW_RDB_26-01-26;0;0;0;0;0;0;0;0;0;
26.01.2026;KUK_A_WMA-03;KUK_A_WMA-03;0;0;0;0;0;0;0;0;0;
26.01.2026;OFFPEAK;OFFPEAK_27-01-26;0;0;0;0;0;0;0;0;0;
26.01.2026;OFFPEAK;OFFPEAK_28-01-26;0;0;0;0;0;0;0;0;0;
26.01.2026;OFFPEAK_M;OFFPEAK_M-02-26;0;0;0;0;427,15;0;0;0;0;
26.01.2026;OFFPEAK_M;OFFPEAK_M-03-26;0;0;0;0;425,63;0;0;0;0;
26.01.2026;OFFPEAK_M;OFFPEAK_M-04-26;0;0;0;0;407,54;0;0;0;0;
26.01.2026;OFFPEAK_M;OFFPEAK_M-05-26;0;0;0;0;408,47;0;0;0;0;
26.01.2026;OFFPEAK_M;OFFPEAK_M-06-26;0;0;0;0;438,07;0;0;0;0;
26.01.2026;OFFPEAK_M;OFFPEAK_M-07-26;0;0;0;0;434,69;0;0;0;0;
26.01.2026;OFFPEAK_Q;OFFPEAK_Q-1-27;0;0;0;0;394,77;0;0;0;0;
26.01.2026;OFFPEAK_Q;OFFPEAK_Q-2-26;0;0;0;0;417,73;0;0;0;0;
26.01.2026;OFFPEAK_Q;OFFPEAK_Q-2-27;0;0;0;0;405,64;0;0;0;0;
26.01.2026;OFFPEAK_Q;OFFPEAK_Q-3-26;0;0;0;0;437,19;0;0;0;0;
26.01.2026;OFFPEAK_Q;OFFPEAK_Q-3-27;0;0;0;0;417,48;0;0;0;0;
26.01.2026;OFFPEAK_Q;OFFPEAK_Q-4-26;0;0;0;0;409,6;0;0;0;0;
26.01.2026;OFFPEAK_W;OFFPEAK_W-06-26;0;0;0;0;516,99;0;0;0;0;
26.01.2026;OFFPEAK_W;OFFPEAK_W-07-26;0;0;0;0;445,17;0;0;0;0;
26.01.2026;OFFPEAK_W;OFFPEAK_W-08-26;0;0;0;0;445,17;0;0;0;0;
26.01.2026;OFFPEAK_W;OFFPEAK_W-09-26;0;0;0;0;272,77;0;0;0;0;
26.01.2026;OFFPEAK_W;OFFPEAK_W-10-26;0;0;0;0;0;0;0;0;0;
26.01.2026;OFFPEAK_Y;OFFPEAK_Y-27;0;0;0;0;395,98;0;0;0;0;
26.01.2026;OFFPEAK_Y;OFFPEAK_Y-28;0;0;0;0;382,32;0;0;0;0;
26.01.2026;OFFPEAK_Y;OFFPEAK_Y-29;0;0;0;0;406,7;0;0;0;0;
26.01.2026;OFFPEAK_Y;OFFPEAK_Y-30;0;0;0;0;381,32;0;0;0;0;
26.01.2026;PEAK;PEAK_27-01-26;0;0;0;0;0;0;0;0;0;
26.01.2026;PEAK;PEAK_28-01-26;0;0;0;0;0;0;0;0;0;
26.01.2026;PEAK5_M;PEAK5_M-02-26;725;725;725;725;700,1;6;10;2175000;276;
26.01.2026;PEAK5_M;PEAK5_M-03-26;0;0;0;0;489,5;0;0;0;6;
26.01.2026;PEAK5_M;PEAK5_M-04-26;0;0;0;0;445,17;0;0;0;0;
26.01.2026;PEAK5_M;PEAK5_M-05-26;0;0;0;0;430,42;0;0;0;0;
26.01.2026;PEAK5_M;PEAK5_M-06-26;0;0;0;0;442,48;0;0;0;0;
26.01.2026;PEAK5_M;PEAK5_M-07-26;0;0;0;0;483,42;0;0;0;0;
26.01.2026;PEAK5_Q;PEAK5_Q-1-27;0;0;0;0;551,05;0;0;0;0;
26.01.2026;PEAK5_Q;PEAK5_Q-2-26;0;0;0;0;439,5;0;0;0;26;
26.01.2026;PEAK5_Q;PEAK5_Q-2-27;0;0;0;0;442,44;0;0;0;0;
26.01.2026;PEAK5_Q;PEAK5_Q-3-26;0;0;0;0;488,06;0;0;0;4;
26.01.2026;PEAK5_Q;PEAK5_Q-3-27;0;0;0;0;474,24;0;0;0;0;
26.01.2026;PEAK5_Q;PEAK5_Q-4-26;592;590;590;592;590;3;3;1703040;22;
26.01.2026;PEAK5_W;PEAK5_W-06-26;0;0;0;0;700,1;0;0;0;0;
26.01.2026;PEAK5_W;PEAK5_W-07-26;0;0;0;0;700,1;0;0;0;0;
26.01.2026;PEAK5_W;PEAK5_W-08-26;0;0;0;0;700,1;0;0;0;0;
26.01.2026;PEAK5_W;PEAK5_W-09-26;0;0;0;0;700,1;0;0;0;0;
26.01.2026;PEAK5_W;PEAK5_W-10-26;0;0;0;0;0;0;0;0;0;
26.01.2026;PEAK5_Y;PEAK5_Y-27;0;0;0;0;513,75;0;0;0;134;
26.01.2026;PEAK5_Y;PEAK5_Y-28;0;0;0;0;486,57;0;0;0;1;
26.01.2026;PEAK5_Y;PEAK5_Y-29;0;0;0;0;477,2;0;0;0;0;
26.01.2026;PEAK5_Y;PEAK5_Y-30;0;0;0;0;523,56;0;0;0;0;
26.01.2026;PMBG;PMBG;0;0;0;0;0;0;0;0;0;
26.01.2026;PMEF-2025;PMEF-2025;0;0;0;0;0;0;0;0;0;
26.01.2026;PMEF-2026;PMEF-2026;0;0;0;0;0;0;0;0;0;
26.01.2026;PMEF_F;PMEF_F;0;0;0;0;0;0;0;0;85303219;
26.01.2026;PMOZE;PMOZE;0;0;0;0;0;0;0;0;0;
26.01.2026;PMOZE_A;PMOZE_A;0;0;0;0;0;2;12900000;0;9304052659;
26.01.2026;PMOZE-BIO;PMOZE-BIO;0;0;0;0;0;0;0;0;527154489;
26.01.2026;PSZ_B_DLS-01;PSZ_B_DLS-01;0;0;0;0;0;0;0;0;0;
26.01.2026;PSZ_B_KUJ-01;PSZ_B_KUJ-01;0;0;0;0;0;0;0;0;0;
26.01.2026;PSZ_B_KUJ-02;PSZ_B_KUJ-02;0;0;0;0;0;0;0;0;0;
26.01.2026;PSZ_B_LBL-01;PSZ_B_LBL-01;0;0;0;0;0;0;0;0;0;
26.01.2026;PSZ_B_LBL-02;PSZ_B_LBL-02;0;0;0;0;0;0;0;0;0;
26.01.2026;PSZ_B_LBL-03;PSZ_B_LBL-03;0;0;0;0;0;0;0;0;0;
26.01.2026;PSZ_B_LBL-04;PSZ_B_LBL-04;0;0;0;0;0;0;0;0;0;
26.01.2026;PSZ_B_LBL-05;PSZ_B_LBL-05;0;0;0;0;0;0;0;0;0;
26.01.2026;PSZ_B_LBL-06;PSZ_B_LBL-06;0;0;0;0;0;0;0;0;0;
26.01.2026;PSZ_B_LBL-07;PSZ_B_LBL-07;0;0;0;0;0;0;0;0;0;
26.01.2026;PSZ_B_LBU-01;PSZ_B_LBU-01;0;0;0;0;0;0;0;0;0;
26.01.2026;PSZ_B_LBU-02;PSZ_B_LBU-02;0;0;0;0;0;0;0;0;0;
26.01.2026;PSZ_B_MAZ-01;PSZ_B_MAZ-01;0;0;0;0;0;0;0;0;0;
26.01.2026;PSZ_B_MAZ-02;PSZ_B_MAZ-02;0;0;0;0;0;0;0;0;0;
26.01.2026;PSZ_B_MAZ-03;PSZ_B_MAZ-03;0;0;0;0;0;0;0;0;0;
26.01.2026;PSZ_B_OPO-01;PSZ_B_OPO-01;0;0;0;0;0;0;0;0;0;
26.01.2026;PSZ_B_OPO-02;PSZ_B_OPO-02;0;0;0;0;0;0;0;0;0;
26.01.2026;PSZ_B_PDK-01;PSZ_B_PDK-01;0;0;0;0;0;0;0;0;0;
26.01.2026;PSZ_B_PDL-01;PSZ_B_PDL-01;0;0;0;0;0;0;0;0;0;
26.01.2026;PSZ_B_POM-01;PSZ_B_POM-01;0;0;0;0;0;0;0;0;0;
26.01.2026;PSZ_B_POM-02;PSZ_B_POM-02;0;0;0;0;0;0;0;0;0;
26.01.2026;PSZ_B_WLK-01;PSZ_B_WLK-01;0;0;0;0;0;0;0;0;0;
26.01.2026;PSZ_B_WLK-02;PSZ_B_WLK-02;0;0;0;0;0;0;0;0;0;
26.01.2026;PSZ_B_WLK-03;PSZ_B_WLK-03;0;0;0;0;0;0;0;0;0;
26.01.2026;PSZ_B_WLK-04;PSZ_B_WLK-04;0;0;0;0;0;0;0;0;0;
26.01.2026;PSZ_B_WMA-01;PSZ_B_WMA-01;0;0;0;0;0;0;0;0;0;
26.01.2026;PSZ_B_WMA-02;PSZ_B_WMA-02;0;0;0;0;0;0;0;0;0;
26.01.2026;PSZ_B_WMA-03;PSZ_B_WMA-03;0;0;0;0;0;0;0;0;0;
26.01.2026;PSZ_B_WMA-04;PSZ_B_WMA-04;0;0;0;0;0;0;0;0;0;
26.01.2026;PSZ_B_WMA-05;PSZ_B_WMA-05;0;0;0;0;0;0;0;0;0;
26.01.2026;PSZ_B_WMA-06;PSZ_B_WMA-06;0;0;0;0;0;0;0;0;0;
26.01.2026;PSZ_B_ZPO-01;PSZ_B_ZPO-01;0;0;0;0;0;0;0;0;0;
26.01.2026;PSZ_B_ZPO-02;PSZ_B_ZPO-02;0;0;0;0;0;0;0;0;0;
26.01.2026;PSZ_C_DLS-01;PSZ_C_DLS-01;0;0;0;0;0;0;0;0;0;
26.01.2026;PSZ_C_KUJ-01;PSZ_C_KUJ-01;0;0;0;0;0;0;0;0;0;
26.01.2026;PSZ_C_KUJ-02;PSZ_C_KUJ-02;0;0;0;0;0;0;0;0;0;
26.01.2026;PSZ_C_LBL-01;PSZ_C_LBL-01;0;0;0;0;0;0;0;0;0;
26.01.2026;PSZ_C_LBL-02;PSZ_C_LBL-02;0;0;0;0;0;0;0;0;0;
26.01.2026;PSZ_C_LBL-03;PSZ_C_LBL-03;0;0;0;0;0;0;0;0;0;
26.01.2026;PSZ_C_LBL-04;PSZ_C_LBL-04;0;0;0;0;0;0;0;0;0;
26.01.2026;PSZ_C_LBL-05;PSZ_C_LBL-05;0;0;0;0;0;0;0;0;0;
26.01.2026;PSZ_C_LBL-06;PSZ_C_LBL-06;0;0;0;0;0;0;0;0;0;
26.01.2026;PSZ_C_LBL-07;PSZ_C_LBL-07;0;0;0;0;0;0;0;0;0;
26.01.2026;PSZ_C_LBU-01;PSZ_C_LBU-01;0;0;0;0;0;0;0;0;0;
26.01.2026;PSZ_C_LBU-02;PSZ_C_LBU-02;0;0;0;0;0;0;0;0;0;
26.01.2026;PSZ_C_MAZ-01;PSZ_C_MAZ-01;0;0;0;0;0;0;0;0;0;
26.01.2026;PSZ_C_MAZ-02;PSZ_C_MAZ-02;0;0;0;0;0;0;0;0;0;
26.01.2026;PSZ_C_MAZ-03;PSZ_C_MAZ-03;0;0;0;0;0;0;0;0;0;
26.01.2026;PSZ_C_OPO-01;PSZ_C_OPO-01;0;0;0;0;0;0;0;0;0;
26.01.2026;PSZ_C_OPO-02;PSZ_C_OPO-02;0;0;0;0;0;0;0;0;0;
26.01.2026;PSZ_C_PDK-01;PSZ_C_PDK-01;0;0;0;0;0;0;0;0;0;
26.01.2026;PSZ_C_PDL-01;PSZ_C_PDL-01;0;0;0;0;0;0;0;0;0;
26.01.2026;PSZ_C_POM-01;PSZ_C_POM-01;0;0;0;0;0;0;0;0;0;
26.01.2026;PSZ_C_POM-02;PSZ_C_POM-02;0;0;0;0;0;0;0;0;0;
26.01.2026;PSZ_C_WLK-01;PSZ_C_WLK-01;0;0;0;0;0;0;0;0;0;
26.01.2026;PSZ_C_WLK-02;PSZ_C_WLK-02;0;0;0;0;0;0;0;0;0;
26.01.2026;PSZ_C_WLK-03;PSZ_C_WLK-03;0;0;0;0;0;0;0;0;0;
26.01.2026;PSZ_C_WLK-04;PSZ_C_WLK-04;0;0;0;0;0;0;0;0;0;
26.01.2026;PSZ_C_WMA-01;PSZ_C_WMA-01;0;0;0;0;0;0;0;0;0;
26.01.2026;PSZ_C_WMA-02;PSZ_C_WMA-02;0;0;0;0;0;0;0;0;0;
26.01.2026;PSZ_C_WMA-03;PSZ_C_WMA-03;0;0;0;0;0;0;0;0;0;
26.01.2026;PSZ_C_WMA-04;PSZ_C_WMA-04;0;0;0;0;0;0;0;0;0;
26.01.2026;PSZ_C_WMA-05;PSZ_C_WMA-05;0;0;0;0;0;0;0;0;0;
26.01.2026;PSZ_C_WMA-06;PSZ_C_WMA-06;0;0;0;0;0;0;0;0;0;
26.01.2026;PSZ_C_ZPO-01;PSZ_C_ZPO-01;0;0;0;0;0;0;0;0;0;
26.01.2026;PSZ_C_ZPO-02;PSZ_C_ZPO-02;0;0;0;0;0;0;0;0;0;
26.01.2026;RDN-1;RDN_27-01-26_H01;505;505;505;505;0;123;3085,7;1558278,5;2735,1;
26.01.2026;RDN-1;RDN_27-01-26_H02;494;494;494;494;0;128;3152,5;1557335;2769,9;
26.01.2026;RDN-1;RDN_27-01-26_H03;486,1;486,1;486,1;486,1;0;131;3094,5;1504236,45;2713,8;
26.01.2026;RDN-1;RDN_27-01-26_H04;494;494;494;494;0;131;3284,1;1622345,4;2888,9;
26.01.2026;RDN-1;RDN_27-01-26_H05;496;496;496;496;0;129;3229,1;1601633,6;2795,4;
26.01.2026;RDN-1;RDN_27-01-26_H06;520;480;480;520;0;137;3560;1850320;3016,8;
26.01.2026;RDN-1;RDN_27-01-26_H07;707;707;707;707;0;154;4402,4;3112496,8;3895,4;
26.01.2026;RDN-1;RDN_27-01-26_H08;1800;1770;1762;1800;0;190;4265;7674197;4015,8;
26.01.2026;RDN-1;RDN_27-01-26_H09;1750,1;1709,95;1709,95;1750,1;0;209;4698,5;8222307,83;4425,8;
26.01.2026;RDN-1;RDN_27-01-26_H10;1388;1327;1327;1388;0;179;4543,2;6303765,6;4243,9;
26.01.2026;RDN-1;RDN_27-01-26_H11;962;962;962;962;0;146;4281,2;4118514,4;3763,5;
26.01.2026;RDN-1;RDN_27-01-26_H12;856;856;856;856;0;155;4467,6;3824265,6;3888,4;
26.01.2026;RDN-1;RDN_27-01-26_H13;840;840;840;840;0;162;4323,9;3632076;3785,4;
26.01.2026;RDN-1;RDN_27-01-26_H14;1052,24;1052,24;1052,24;1052,24;0;166;4508,8;4744339,712;4055,8;
26.01.2026;RDN-1;RDN_27-01-26_H15;1263,03;1225;1225;1263,03;0;194;4260,7;5380821,471;3949,9;
26.01.2026;RDN-1;RDN_27-01-26_H16;1850;1820;1819;1850;0;217;4288,5;7931910;4055,9;
26.01.2026;RDN-1;RDN_27-01-26_H17;1999;1920;1910;1999;0;221;4889,2;9765565,8;4667,6;
26.01.2026;RDN-1;RDN_27-01-26_H18;1988,96;1900;1900;1988,96;0;189;4989,8;9922728,128;4762,3;
26.01.2026;RDN-1;RDN_27-01-26_H19;1553,99;1553,99;1553,99;1553,99;0;173;4908,9;7628381,511;4669,3;
26.01.2026;RDN-1;RDN_27-01-26_H20;1509,6;1509,6;1509,6;1509,6;0;187;4935,5;7450630,8;4708,4;
26.01.2026;RDN-1;RDN_27-01-26_H21;1218,7;1141;1141;1218,7;0;193;4763,7;5803967,19;4549,2;
26.01.2026;RDN-1;RDN_27-01-26_H22;633,22;350;350;633,22;0;144;4263,3;2696774,626;3775,8;
26.01.2026;RDN-1;RDN_27-01-26_H23;570;570;570;570;0;148;4348,9;2478873;3889,6;
26.01.2026;RDN-1;RDN_27-01-26_H24;504;504;504;504;0;144;3927,4;1979409,6;3482,2;
26.01.2026;RZP_A_LBL-01;RZP_A_LBL-01;0;0;0;0;0;0;0;0;0;
26.01.2026;SGT_BASE;SGT_BASE_27-01-26;0;0;0;0;0;0;0;0;0;
26.01.2026;SGT_RDB;SGT_RDB_26-01-26;0;0;0;0;0;0;0;0;0;
26.01.2026;ZTO_B_KUJ-02;ZTO_B_KUJ-02;0;0;0;0;0;0;0;0;0;
26.01.2026;ZTO_B_LBL-01;ZTO_B_LBL-01;0;0;0;0;0;0;0;0;0;
26.01.2026;ZTO_B_LBU-01;ZTO_B_LBU-01;0;0;0;0;0;0;0;0;0;
26.01.2026;ZTO_B_MAZ-01;ZTO_B_MAZ-01;0;0;0;0;0;0;0;0;0;
26.01.2026;ZTO_B_PDL-01;ZTO_B_PDL-01;0;0;0;0;0;0;0;0;0;
26.01.2026;ZTO_B_WLK-01;ZTO_B_WLK-01;0;0;0;0;0;0;0;0;0;
26.01.2026;ZTO_B_WLK-02;ZTO_B_WLK-02;0;0;0;0;0;0;0;0;0;
26.01.2026;ZTO_B_WMA-01;ZTO_B_WMA-01;0;0;0;0;0;0;0;0;0;
26.01.2026;ZTO_B_WMA-02;ZTO_B_WMA-02;0;0;0;0;0;0;0;0;0;
26.01.2026;ZTO_B_WMA-03;ZTO_B_WMA-03;0;0;0;0;0;0;0;0;0;
26.01.2026;ZTO_C_KUJ-02;ZTO_C_KUJ-02;0;0;0;0;0;0;0;0;0;
26.01.2026;ZTO_C_LBL-01;ZTO_C_LBL-01;0;0;0;0;0;0;0;0;0;
26.01.2026;ZTO_C_LBU-01;ZTO_C_LBU-01;0;0;0;0;0;0;0;0;0;
26.01.2026;ZTO_C_MAZ-01;ZTO_C_MAZ-01;0;0;0;0;0;0;0;0;0;
26.01.2026;ZTO_C_PDL-01;ZTO_C_PDL-01;0;0;0;0;0;0;0;0;0;
26.01.2026;ZTO_C_WLK-01;ZTO_C_WLK-01;0;0;0;0;0;0;0;0;0;
26.01.2026;ZTO_C_WLK-02;ZTO_C_WLK-02;0;0;0;0;0;0;0;0;0;
26.01.2026;ZTO_C_WMA-01;ZTO_C_WMA-01;0;0;0;0;0;0;0;0;0;
26.01.2026;ZTO_C_WMA-02;ZTO_C_WMA-02;0;0;0;0;0;0;0;0;0;
26.01.2026;ZTO_C_WMA-03;ZTO_C_WMA-03;0;0;0;0;0;0;0;0;0;
27.01.2026;BASE;BASE_28-01-26;815;775;765;815;0;41;231;4322161,2;157;
27.01.2026;BASE;BASE_29-01-26;660;666;660;666;0;5;31;492480;26;
27.01.2026;BASE_M;BASE_M-02-26;577;572,5;570;580;570,8;69;90;34898438,4;572;
27.01.2026;BASE_M;BASE_M-03-26;466;466;465;467;462;12;16;5540551;230;
27.01.2026;BASE_M;BASE_M-04-26;0;0;0;0;425,15;0;0;0;16;
27.01.2026;BASE_M;BASE_M-05-26;0;0;0;0;416,93;0;0;0;1;
27.01.2026;BASE_M;BASE_M-06-26;0;0;0;0;444,72;0;0;0;3;
27.01.2026;BASE_M;BASE_M-07-26;0;0;0;0;457,29;0;0;0;0;
27.01.2026;BASE_Q;BASE_Q-1-27;0;0;0;0;461,5;0;0;0;2;
27.01.2026;BASE_Q;BASE_Q-2-26;432;430,5;430;432;428,8;11;11;10361988;428;
27.01.2026;BASE_Q;BASE_Q-2-27;0;0;0;0;421,77;0;0;0;0;
27.01.2026;BASE_Q;BASE_Q-3-26;462,1;461;461;462,1;460;9;10;10200077;294;
27.01.2026;BASE_Q;BASE_Q-3-27;0;0;0;0;443,15;0;0;0;0;
27.01.2026;BASE_Q;BASE_Q-4-26;490;487;487;490;490;6;6;6474579;519;
27.01.2026;BASE_W;BASE_W-06-26;629;611;610;629;630,33;29;68;7067343,36;70;
27.01.2026;BASE_W;BASE_W-07-26;623;611;605;623;594,5;22;51;5251512;41;
27.01.2026;BASE_W;BASE_W-08-26;582;581;581;582;570,8;3;6;585816;6;
27.01.2026;BASE_W;BASE_W-09-26;530,49;530,49;530,49;530,49;463,29;2;5;445611,6;5;
27.01.2026;BASE_W;BASE_W-10-26;0;0;0;0;463,29;0;0;0;0;
27.01.2026;BASE_Y;BASE_Y-27;447,5;445,5;445,5;447,5;447,22;8;8;31295976;695;
27.01.2026;BASE_Y;BASE_Y-28;427,5;426;426;427,5;427,01;4;4;14998680;126;
27.01.2026;BASE_Y;BASE_Y-29;0;0;0;0;438,62;0;0;0;2;
27.01.2026;BASE_Y;BASE_Y-30;0;0;0;0;442,33;0;0;0;0;
27.01.2026;F-OZE;F-OZE_05-26;0;0;0;0;25,96;0;0;0;0;
27.01.2026;F-OZE;F-OZE_05-27;0;0;0;0;25,96;0;0;0;0;
27.01.2026;F-OZE;F-OZE_11-26;0;0;0;0;25,96;0;0;0;0;
27.01.2026;F-OZE;F-OZE_11-27;0;0;0;0;25,96;0;0;0;0;
27.01.2026;GAS_BASE;GAS_BASE_28-01-26;211;199;199;212;0;188;7413;37029242,4;6937;
27.01.2026;GAS_BASE_M;GAS_BASE_M-01-27;150,6;150,6;150,6;150,6;153,62;1;4;448186;107;
27.01.2026;GAS_BASE_M;GAS_BASE_M-02-26;199,3;195,5;193,8;199,3;198,7;28;83;10917614,4;23944;
27.01.2026;GAS_BASE_M;GAS_BASE_M-03-26;184;179,5;179,5;184;185,4;10;27;3628069;18959;
27.01.2026;GAS_BASE_M;GAS_BASE_M-04-26;160;160,25;158,5;160,25;162,38;18;51;5852916;1965;
27.01.2026;GAS_BASE_M;GAS_BASE_M-05-26;146;141;141;146;147,79;9;22;2317560;241;
27.01.2026;GAS_BASE_M;GAS_BASE_M-06-26;0;0;0;0;143,32;0;0;0;52;
27.01.2026;GAS_BASE_M;GAS_BASE_M-07-26;0;0;0;0;142,33;0;0;0;6;
27.01.2026;GAS_BASE_M;GAS_BASE_M-08-26;0;0;0;0;143,68;0;0;0;10;
27.01.2026;GAS_BASE_M;GAS_BASE_M-09-26;0;0;0;0;146,06;0;0;0;217;
27.01.2026;GAS_BASE_M;GAS_BASE_M-10-26;0;0;0;0;146,93;0;0;0;31;
27.01.2026;GAS_BASE_M;GAS_BASE_M-11-26;146,9;145,9;144,5;146,9;149,33;9;19;1987812;905;
27.01.2026;GAS_BASE_M;GAS_BASE_M-12-26;148,4;149,3;147,5;149,3;152,23;12;24;2644102;901;
27.01.2026;GAS_BASE_Q;GAS_BASE_Q-1-27;150,6;147,45;147,45;150,6;151,11;9;23;7426312;785;
27.01.2026;GAS_BASE_Q;GAS_BASE_Q-2-26;152;148,2;148,2;152;151,13;8;9;2936824,8;7529;
27.01.2026;GAS_BASE_Q;GAS_BASE_Q-2-27;0;0;0;0;127,75;0;0;0;13;
27.01.2026;GAS_BASE_Q;GAS_BASE_Q-3-26;140,5;140,1;140;140,5;144;6;9;2786054;6239;
27.01.2026;GAS_BASE_Q;GAS_BASE_Q-3-27;0;0;0;0;127;0;0;0;26;
27.01.2026;GAS_BASE_Q;GAS_BASE_Q-4-26;149;145,75;145,75;149;149,5;10;19;6170842;7960;
27.01.2026;GAS_BASE_S;GAS_BASE_S-S-26;0;0;0;0;147,54;0;0;0;72;
27.01.2026;GAS_BASE_S;GAS_BASE_S-S-27;0;0;0;0;127,37;0;0;0;9;
27.01.2026;GAS_BASE_S;GAS_BASE_S-W-26;0;0;0;0;150,3;0;0;0;632;
27.01.2026;GAS_BASE_S;GAS_BASE_S-W-27;132,75;132,75;132,75;132,75;140,25;1;1;583038;4;
27.01.2026;GAS_BASE_W;GAS_BASE_W-06-26;202;198;196;202;202;96;1048;34989108;1347;
27.01.2026;GAS_BASE_W;GAS_BASE_W-07-26;0;0;0;0;193,5;0;0;0;0;
27.01.2026;GAS_BASE_W;GAS_BASE_W-08-26;0;0;0;0;198,7;0;0;0;0;
27.01.2026;GAS_BASE_W;GAS_BASE_W-09-26;0;0;0;0;185,42;0;0;0;0;
27.01.2026;GAS_BASE_Y;GAS_BASE_Y-27;133,5;131,9;131,5;133,5;133,5;8;10;11626710;3811;
27.01.2026;GAS_BASE_Y;GAS_BASE_Y-28;122,5;122;122;122,5;123,25;8;13;13944600;199;
27.01.2026;GAS_BASE_Y;GAS_BASE_Y-29;117;116,5;116,5;117;117,5;2;4;4086540;23;
27.01.2026;GAS_BASE_Y;GAS_BASE_Y-30;0;0;0;0;115,28;0;0;0;5;
27.01.2026;GAS_RDB;GAS_RDB_27-01-26;210;203;189,9;211;0;118;30349;6209156,85;24281;
27.01.2026;GLW_BASE;GLW_BASE_28-01-26;0;0;0;0;0;0;0;0;0;
27.01.2026;GLW_RDB;GLW_RDB_27-01-26;0;0;0;0;0;0;0;0;0;
27.01.2026;KUK_A_WMA-03;KUK_A_WMA-03;0;0;0;0;0;0;0;0;0;
27.01.2026;OFFPEAK;OFFPEAK_28-01-26;0;0;0;0;0;0;0;0;0;
27.01.2026;OFFPEAK;OFFPEAK_29-01-26;0;0;0;0;0;0;0;0;0;
27.01.2026;OFFPEAK_M;OFFPEAK_M-02-26;0;0;0;0;446,45;0;0;0;0;
27.01.2026;OFFPEAK_M;OFFPEAK_M-03-26;0;0;0;0;423,65;0;0;0;0;
27.01.2026;OFFPEAK_M;OFFPEAK_M-04-26;0;0;0;0;398,59;0;0;0;0;
27.01.2026;OFFPEAK_M;OFFPEAK_M-05-26;0;0;0;0;402,84;0;0;0;0;
27.01.2026;OFFPEAK_M;OFFPEAK_M-06-26;0;0;0;0;434,29;0;0;0;0;
27.01.2026;OFFPEAK_M;OFFPEAK_M-07-26;0;0;0;0;434,69;0;0;0;0;
27.01.2026;OFFPEAK_Q;OFFPEAK_Q-1-27;0;0;0;0;400,96;0;0;0;0;
27.01.2026;OFFPEAK_Q;OFFPEAK_Q-2-26;0;0;0;0;411,63;0;0;0;0;
27.01.2026;OFFPEAK_Q;OFFPEAK_Q-2-27;0;0;0;0;410,44;0;0;0;0;
27.01.2026;OFFPEAK_Q;OFFPEAK_Q-3-26;0;0;0;0;437,19;0;0;0;0;
27.01.2026;OFFPEAK_Q;OFFPEAK_Q-3-27;0;0;0;0;422,94;0;0;0;0;
27.01.2026;OFFPEAK_Q;OFFPEAK_Q-4-26;0;0;0;0;412,38;0;0;0;0;
27.01.2026;OFFPEAK_W;OFFPEAK_W-06-26;0;0;0;0;553,99;0;0;0;0;
27.01.2026;OFFPEAK_W;OFFPEAK_W-07-26;0;0;0;0;489,26;0;0;0;0;
27.01.2026;OFFPEAK_W;OFFPEAK_W-08-26;0;0;0;0;446,45;0;0;0;0;
27.01.2026;OFFPEAK_W;OFFPEAK_W-09-26;0;0;0;0;252,24;0;0;0;0;
27.01.2026;OFFPEAK_W;OFFPEAK_W-10-26;0;0;0;0;426,82;0;0;0;0;
27.01.2026;OFFPEAK_Y;OFFPEAK_Y-27;0;0;0;0;401,53;0;0;0;0;
27.01.2026;OFFPEAK_Y;OFFPEAK_Y-28;0;0;0;0;382,32;0;0;0;0;
27.01.2026;OFFPEAK_Y;OFFPEAK_Y-29;0;0;0;0;408,2;0;0;0;0;
27.01.2026;OFFPEAK_Y;OFFPEAK_Y-30;0;0;0;0;386,67;0;0;0;0;
27.01.2026;PEAK;PEAK_28-01-26;0;0;0;0;0;0;0;0;0;
27.01.2026;PEAK;PEAK_29-01-26;0;0;0;0;0;0;0;0;0;
27.01.2026;PEAK5_M;PEAK5_M-02-26;740;734;732;740;725;19;25;5520300;277;
27.01.2026;PEAK5_M;PEAK5_M-03-26;0;0;0;0;510;0;0;0;6;
27.01.2026;PEAK5_M;PEAK5_M-04-26;0;0;0;0;459,29;0;0;0;0;
27.01.2026;PEAK5_M;PEAK5_M-05-26;0;0;0;0;437,77;0;0;0;0;
27.01.2026;PEAK5_M;PEAK5_M-06-26;0;0;0;0;458,13;0;0;0;0;
27.01.2026;PEAK5_M;PEAK5_M-07-26;0;0;0;0;483,42;0;0;0;0;
27.01.2026;PEAK5_Q;PEAK5_Q-1-27;0;0;0;0;543,81;0;0;0;0;
27.01.2026;PEAK5_Q;PEAK5_Q-2-26;0;0;0;0;451,96;0;0;0;26;
27.01.2026;PEAK5_Q;PEAK5_Q-2-27;0;0;0;0;436,63;0;0;0;0;
27.01.2026;PEAK5_Q;PEAK5_Q-3-26;492;492;492;492;488,06;1;1;487080;5;
27.01.2026;PEAK5_Q;PEAK5_Q-3-27;0;0;0;0;468,01;0;0;0;0;
27.01.2026;PEAK5_Q;PEAK5_Q-4-26;592,5;590;590;592,5;590,99;3;4;2270400;26;
27.01.2026;PEAK5_W;PEAK5_W-06-26;0;0;0;0;725;0;0;0;0;
27.01.2026;PEAK5_W;PEAK5_W-07-26;0;0;0;0;725;0;0;0;0;
27.01.2026;PEAK5_W;PEAK5_W-08-26;0;0;0;0;725;0;0;0;0;
27.01.2026;PEAK5_W;PEAK5_W-09-26;0;0;0;0;725;0;0;0;0;
27.01.2026;PEAK5_W;PEAK5_W-10-26;0;0;0;0;508,52;0;0;0;0;
27.01.2026;PEAK5_Y;PEAK5_Y-27;0;0;0;0;507;0;0;0;134;
27.01.2026;PEAK5_Y;PEAK5_Y-28;0;0;0;0;486,57;0;0;0;1;
27.01.2026;PEAK5_Y;PEAK5_Y-29;0;0;0;0;478,97;0;0;0;0;
27.01.2026;PEAK5_Y;PEAK5_Y-30;0;0;0;0;516,68;0;0;0;0;
27.01.2026;PMBG;PMBG;0;0;0;0;0;0;0;0;0;
27.01.2026;PMEF-2025;PMEF-2025;0;0;0;0;0;0;0;0;0;
27.01.2026;PMEF-2026;PMEF-2026;0;0;0;0;0;0;0;0;0;
27.01.2026;PMEF_F;PMEF_F;2329,99;2327,05;2327,05;2329,99;0;25;1074490;2501315924;85303219;
27.01.2026;PMOZE;PMOZE;0;0;0;0;0;0;0;0;0;
27.01.2026;PMOZE_A;PMOZE_A;25;24,8;24,5;25;0;55;27232107;677529040;9304052659;
27.01.2026;PMOZE-BIO;PMOZE-BIO;300,03;310;300,03;310;0;12;2911283;873817191;527154489;
27.01.2026;PSZ_B_DLS-01;PSZ_B_DLS-01;0;0;0;0;0;0;0;0;0;
27.01.2026;PSZ_B_KUJ-01;PSZ_B_KUJ-01;0;0;0;0;0;0;0;0;0;
27.01.2026;PSZ_B_KUJ-02;PSZ_B_KUJ-02;0;0;0;0;0;0;0;0;0;
27.01.2026;PSZ_B_LBL-01;PSZ_B_LBL-01;0;0;0;0;0;0;0;0;0;
27.01.2026;PSZ_B_LBL-02;PSZ_B_LBL-02;0;0;0;0;0;0;0;0;0;
27.01.2026;PSZ_B_LBL-03;PSZ_B_LBL-03;0;0;0;0;0;0;0;0;0;
27.01.2026;PSZ_B_LBL-04;PSZ_B_LBL-04;0;0;0;0;0;0;0;0;0;
27.01.2026;PSZ_B_LBL-05;PSZ_B_LBL-05;0;0;0;0;0;0;0;0;0;
27.01.2026;PSZ_B_LBL-06;PSZ_B_LBL-06;0;0;0;0;0;0;0;0;0;
27.01.2026;PSZ_B_LBL-07;PSZ_B_LBL-07;0;0;0;0;0;0;0;0;0;
27.01.2026;PSZ_B_LBU-01;PSZ_B_LBU-01;0;0;0;0;0;0;0;0;0;
27.01.2026;PSZ_B_LBU-02;PSZ_B_LBU-02;0;0;0;0;0;0;0;0;0;
27.01.2026;PSZ_B_MAZ-01;PSZ_B_MAZ-01;0;0;0;0;0;0;0;0;0;
27.01.2026;PSZ_B_MAZ-02;PSZ_B_MAZ-02;0;0;0;0;0;0;0;0;0;
27.01.2026;PSZ_B_MAZ-03;PSZ_B_MAZ-03;0;0;0;0;0;0;0;0;0;
27.01.2026;PSZ_B_OPO-01;PSZ_B_OPO-01;0;0;0;0;0;0;0;0;0;
27.01.2026;PSZ_B_OPO-02;PSZ_B_OPO-02;0;0;0;0;0;0;0;0;0;
27.01.2026;PSZ_B_PDK-01;PSZ_B_PDK-01;0;0;0;0;0;0;0;0;0;
27.01.2026;PSZ_B_PDL-01;PSZ_B_PDL-01;0;0;0;0;0;0;0;0;0;
27.01.2026;PSZ_B_POM-01;PSZ_B_POM-01;0;0;0;0;0;0;0;0;0;
27.01.2026;PSZ_B_POM-02;PSZ_B_POM-02;0;0;0;0;0;0;0;0;0;
27.01.2026;PSZ_B_WLK-01;PSZ_B_WLK-01;0;0;0;0;0;0;0;0;0;
27.01.2026;PSZ_B_WLK-02;PSZ_B_WLK-02;0;0;0;0;0;0;0;0;0;
27.01.2026;PSZ_B_WLK-03;PSZ_B_WLK-03;0;0;0;0;0;0;0;0;0;
27.01.2026;PSZ_B_WLK-04;PSZ_B_WLK-04;0;0;0;0;0;0;0;0;0;
27.01.2026;PSZ_B_WMA-01;PSZ_B_WMA-01;0;0;0;0;0;0;0;0;0;
27.01.2026;PSZ_B_WMA-02;PSZ_B_WMA-02;0;0;0;0;0;0;0;0;0;
27.01.2026;PSZ_B_WMA-03;PSZ_B_WMA-03;0;0;0;0;0;0;0;0;0;
27.01.2026;PSZ_B_WMA-04;PSZ_B_WMA-04;0;0;0;0;0;0;0;0;0;
27.01.2026;PSZ_B_WMA-05;PSZ_B_WMA-05;0;0;0;0;0;0;0;0;0;
27.01.2026;PSZ_B_WMA-06;PSZ_B_WMA-06;0;0;0;0;0;0;0;0;0;
27.01.2026;PSZ_B_ZPO-01;PSZ_B_ZPO-01;0;0;0;0;0;0;0;0;0;
27.01.2026;PSZ_B_ZPO-02;PSZ_B_ZPO-02;0;0;0;0;0;0;0;0;0;
27.01.2026;PSZ_C_DLS-01;PSZ_C_DLS-01;0;0;0;0;0;0;0;0;0;
27.01.2026;PSZ_C_KUJ-01;PSZ_C_KUJ-01;0;0;0;0;0;0;0;0;0;
27.01.2026;PSZ_C_KUJ-02;PSZ_C_KUJ-02;0;0;0;0;0;0;0;0;0;
27.01.2026;PSZ_C_LBL-01;PSZ_C_LBL-01;0;0;0;0;0;0;0;0;0;
27.01.2026;PSZ_C_LBL-02;PSZ_C_LBL-02;0;0;0;0;0;0;0;0;0;
27.01.2026;PSZ_C_LBL-03;PSZ_C_LBL-03;0;0;0;0;0;0;0;0;0;
27.01.2026;PSZ_C_LBL-04;PSZ_C_LBL-04;0;0;0;0;0;0;0;0;0;
27.01.2026;PSZ_C_LBL-05;PSZ_C_LBL-05;0;0;0;0;0;0;0;0;0;
27.01.2026;PSZ_C_LBL-06;PSZ_C_LBL-06;0;0;0;0;0;0;0;0;0;
27.01.2026;PSZ_C_LBL-07;PSZ_C_LBL-07;0;0;0;0;0;0;0;0;0;
27.01.2026;PSZ_C_LBU-01;PSZ_C_LBU-01;0;0;0;0;0;0;0;0;0;
27.01.2026;PSZ_C_LBU-02;PSZ_C_LBU-02;0;0;0;0;0;0;0;0;0;
27.01.2026;PSZ_C_MAZ-01;PSZ_C_MAZ-01;0;0;0;0;0;0;0;0;0;
27.01.2026;PSZ_C_MAZ-02;PSZ_C_MAZ-02;0;0;0;0;0;0;0;0;0;
27.01.2026;PSZ_C_MAZ-03;PSZ_C_MAZ-03;0;0;0;0;0;0;0;0;0;
27.01.2026;PSZ_C_OPO-01;PSZ_C_OPO-01;0;0;0;0;0;0;0;0;0;
27.01.2026;PSZ_C_OPO-02;PSZ_C_OPO-02;0;0;0;0;0;0;0;0;0;
27.01.2026;PSZ_C_PDK-01;PSZ_C_PDK-01;0;0;0;0;0;0;0;0;0;
27.01.2026;PSZ_C_PDL-01;PSZ_C_PDL-01;0;0;0;0;0;0;0;0;0;
27.01.2026;PSZ_C_POM-01;PSZ_C_POM-01;0;0;0;0;0;0;0;0;0;
27.01.2026;PSZ_C_POM-02;PSZ_C_POM-02;0;0;0;0;0;0;0;0;0;
27.01.2026;PSZ_C_WLK-01;PSZ_C_WLK-01;0;0;0;0;0;0;0;0;0;
27.01.2026;PSZ_C_WLK-02;PSZ_C_WLK-02;0;0;0;0;0;0;0;0;0;
27.01.2026;PSZ_C_WLK-03;PSZ_C_WLK-03;0;0;0;0;0;0;0;0;0;
27.01.2026;PSZ_C_WLK-04;PSZ_C_WLK-04;0;0;0;0;0;0;0;0;0;
27.01.2026;PSZ_C_WMA-01;PSZ_C_WMA-01;0;0;0;0;0;0;0;0;0;
27.01.2026;PSZ_C_WMA-02;PSZ_C_WMA-02;0;0;0;0;0;0;0;0;0;
27.01.2026;PSZ_C_WMA-03;PSZ_C_WMA-03;0;0;0;0;0;0;0;0;0;
27.01.2026;PSZ_C_WMA-04;PSZ_C_WMA-04;0;0;0;0;0;0;0;0;0;
27.01.2026;PSZ_C_WMA-05;PSZ_C_WMA-05;0;0;0;0;0;0;0;0;0;
27.01.2026;PSZ_C_WMA-06;PSZ_C_WMA-06;0;0;0;0;0;0;0;0;0;
27.01.2026;PSZ_C_ZPO-01;PSZ_C_ZPO-01;0;0;0;0;0;0;0;0;0;
27.01.2026;PSZ_C_ZPO-02;PSZ_C_ZPO-02;0;0;0;0;0;0;0;0;0;
27.01.2026;RDN-1;RDN_28-01-26_H01;505;505;505;505;0;156;3809,4;1923747;3442,1;
27.01.2026;RDN-1;RDN_28-01-26_H02;491,74;491,74;491,74;491,74;0;160;3833;1884839,42;3450;
27.01.2026;RDN-1;RDN_28-01-26_H03;492;492;492;492;0;160;3775,7;1857644,4;3373,2;
27.01.2026;RDN-1;RDN_28-01-26_H04;489,95;489,95;489,95;489,95;0;155;3738;1831433,1;3325,1;
27.01.2026;RDN-1;RDN_28-01-26_H05;488;494,95;488;494,95;0;149;3543,4;1729207;3168;
27.01.2026;RDN-1;RDN_28-01-26_H06;505;505;505;505;0;154;3718,5;1877842,5;3403,7;
27.01.2026;RDN-1;RDN_28-01-26_H07;717,09;730;717,09;780;0;188;4922,7;3532479,863;4389,2;
27.01.2026;RDN-1;RDN_28-01-26_H08;1344,75;1300;1300;1344,75;0;198;4407,4;5925956,15;4022,2;
27.01.2026;RDN-1;RDN_28-01-26_H09;1376;1339,99;1301;1376;0;199;4525,1;6223577,65;4139,8;
27.01.2026;RDN-1;RDN_28-01-26_H10;1312;1289;1280;1312;0;215;4414,8;5789787,6;4056,2;
27.01.2026;RDN-1;RDN_28-01-26_H11;936,17;915;915;936,17;0;199;4260,5;3987507,085;3793,1;
27.01.2026;RDN-1;RDN_28-01-26_H12;766,2;750;750;800;0;170;4257,5;3261921,1;3815,9;
27.01.2026;RDN-1;RDN_28-01-26_H13;719,9;700;700;719,9;0;157;4038,9;2907203,41;3609,6;
27.01.2026;RDN-1;RDN_28-01-26_H14;797,4;785;785;797,4;0;170;4143,4;3303748,76;3706,1;
27.01.2026;RDN-1;RDN_28-01-26_H15;881,57;881,57;881,57;881,57;0;181;4070,9;3588783,313;3656,3;
27.01.2026;RDN-1;RDN_28-01-26_H16;1128,62;1080;1080;1128,62;0;198;4359,1;4916376,122;3890,7;
27.01.2026;RDN-1;RDN_28-01-26_H17;1247;1200;1180;1247;0;203;4569;5692396;4105,6;
27.01.2026;RDN-1;RDN_28-01-26_H18;1180;1115;1100;1180;0;189;4542;5355335;4069,9;
27.01.2026;RDN-1;RDN_28-01-26_H19;850;850;850;860;0;140;4439,4;3773505;4067,2;
27.01.2026;RDN-1;RDN_28-01-26_H20;770;770;770;780;0;145;4394,3;3383691;4011,2;
27.01.2026;RDN-1;RDN_28-01-26_H21;673,3;660;660;673,3;0;138;4322,7;2910207,91;3807,5;
27.01.2026;RDN-1;RDN_28-01-26_H22;535,93;550;535,93;550;0;145;3683,9;1974382,877;3310,6;
27.01.2026;RDN-1;RDN_28-01-26_H23;506;506;506;506;0;140;3550,2;1796401,2;3237,1;
27.01.2026;RDN-1;RDN_28-01-26_H24;465,11;465,11;465,11;465,11;0;127;2924,2;1360074,662;2602,1;
27.01.2026;RZP_A_LBL-01;RZP_A_LBL-01;0;0;0;0;0;0;0;0;0;
27.01.2026;SGT_BASE;SGT_BASE_28-01-26;0;0;0;0;0;0;0;0;0;
27.01.2026;SGT_RDB;SGT_RDB_27-01-26;0;0;0;0;0;0;0;0;0;
27.01.2026;ZTO_B_KUJ-02;ZTO_B_KUJ-02;0;0;0;0;0;0;0;0;0;
27.01.2026;ZTO_B_LBL-01;ZTO_B_LBL-01;0;0;0;0;0;0;0;0;0;
27.01.2026;ZTO_B_LBU-01;ZTO_B_LBU-01;0;0;0;0;0;0;0;0;0;
27.01.2026;ZTO_B_MAZ-01;ZTO_B_MAZ-01;0;0;0;0;0;0;0;0;0;
27.01.2026;ZTO_B_PDL-01;ZTO_B_PDL-01;0;0;0;0;0;0;0;0;0;
27.01.2026;ZTO_B_WLK-01;ZTO_B_WLK-01;0;0;0;0;0;0;0;0;0;
27.01.2026;ZTO_B_WLK-02;ZTO_B_WLK-02;0;0;0;0;0;0;0;0;0;
27.01.2026;ZTO_B_WMA-01;ZTO_B_WMA-01;0;0;0;0;0;0;0;0;0;
27.01.2026;ZTO_B_WMA-02;ZTO_B_WMA-02;0;0;0;0;0;0;0;0;0;
27.01.2026;ZTO_B_WMA-03;ZTO_B_WMA-03;0;0;0;0;0;0;0;0;0;
27.01.2026;ZTO_C_KUJ-02;ZTO_C_KUJ-02;0;0;0;0;0;0;0;0;0;
27.01.2026;ZTO_C_LBL-01;ZTO_C_LBL-01;0;0;0;0;0;0;0;0;0;
27.01.2026;ZTO_C_LBU-01;ZTO_C_LBU-01;0;0;0;0;0;0;0;0;0;
27.01.2026;ZTO_C_MAZ-01;ZTO_C_MAZ-01;0;0;0;0;0;0;0;0;0;
27.01.2026;ZTO_C_PDL-01;ZTO_C_PDL-01;0;0;0;0;0;0;0;0;0;
27.01.2026;ZTO_C_WLK-01;ZTO_C_WLK-01;0;0;0;0;0;0;0;0;0;
27.01.2026;ZTO_C_WLK-02;ZTO_C_WLK-02;0;0;0;0;0;0;0;0;0;
27.01.2026;ZTO_C_WMA-01;ZTO_C_WMA-01;0;0;0;0;0;0;0;0;0;
27.01.2026;ZTO_C_WMA-02;ZTO_C_WMA-02;0;0;0;0;0;0;0;0;0;
27.01.2026;ZTO_C_WMA-03;ZTO_C_WMA-03;0;0;0;0;0;0;0;0;0;
28.01.2026;BASE;BASE_29-01-26;650;672;645;676;0;40;263;4217040;239;
28.01.2026;BASE;BASE_30-01-26;615;570;570;615;0;5;46;635760;46;
28.01.2026;BASE_M;BASE_M-02-26;579;568;565;579;572,9;84;109;41611852,8;640;
28.01.2026;BASE_M;BASE_M-03-26;463;459;459;463;466,7;17;22;7529190,5;244;
28.01.2026;BASE_M;BASE_M-04-26;423;423;423;423,01;433;19;21;6395767,2;34;
28.01.2026;BASE_M;BASE_M-05-26;0;0;0;0;416,57;0;0;0;1;
28.01.2026;BASE_M;BASE_M-06-26;0;0;0;0;443;0;0;0;3;
28.01.2026;BASE_M;BASE_M-07-26;0;0;0;0;458,28;0;0;0;0;
28.01.2026;BASE_Q;BASE_Q-1-27;0;0;0;0;460;0;0;0;2;
28.01.2026;BASE_Q;BASE_Q-2-26;426;427,25;426;427,25;430,7;3;5;4661748;430;
28.01.2026;BASE_Q;BASE_Q-2-27;0;0;0;0;420,78;0;0;0;0;
28.01.2026;BASE_Q;BASE_Q-3-26;457;457;457;457;461;4;4;4036224;298;
28.01.2026;BASE_Q;BASE_Q-3-27;0;0;0;0;434,5;0;0;0;0;
28.01.2026;BASE_Q;BASE_Q-4-26;484;484;484;484;487;4;4;4276624;521;
28.01.2026;BASE_W;BASE_W-06-26;595;600;594;600;614,6;50;105;10548888;135;
28.01.2026;BASE_W;BASE_W-07-26;611;615;606;618;612;17;49;5048064;63;
28.01.2026;BASE_W;BASE_W-08-26;0;0;0;0;576,93;0;0;0;6;
28.01.2026;BASE_W;BASE_W-09-26;0;0;0;0;529,06;0;0;0;5;
28.01.2026;BASE_W;BASE_W-10-26;0;0;0;0;468,01;0;0;0;0;
28.01.2026;BASE_Y;BASE_Y-27;444;442;442;444;446,17;13;13;50514540;707;
28.01.2026;BASE_Y;BASE_Y-28;426;425;425;426;426,88;3;3;11217168;126;
28.01.2026;BASE_Y;BASE_Y-29;0;0;0;0;438,04;0;0;0;2;
28.01.2026;BASE_Y;BASE_Y-30;0;0;0;0;441,72;0;0;0;0;
28.01.2026;GAS_BASE;GAS_BASE_29-01-26;203;198;196,8;203;0;227;9667;45963224,16;8941;
28.01.2026;GAS_BASE_M;GAS_BASE_M-01-27;0;0;0;0;150,6;0;0;0;107;
28.01.2026;GAS_BASE_M;GAS_BASE_M-02-26;185,5;184,02;184,02;185,5;195,5;22;64;7951991,04;23955;
28.01.2026;GAS_BASE_M;GAS_BASE_M-03-26;172;172;172;172,5;179,75;3;8;1024225,5;18964;
28.01.2026;GAS_BASE_M;GAS_BASE_M-04-26;155,4;156,8;154,85;156,8;160,91;19;48;5389200;2006;
28.01.2026;GAS_BASE_M;GAS_BASE_M-05-26;0;0;0;0;141,71;0;0;0;241;
28.01.2026;GAS_BASE_M;GAS_BASE_M-06-26;0;0;0;0;141,92;0;0;0;52;
28.01.2026;GAS_BASE_M;GAS_BASE_M-07-26;0;0;0;0;139,72;0;0;0;6;
28.01.2026;GAS_BASE_M;GAS_BASE_M-08-26;0;0;0;0;141,05;0;0;0;10;
28.01.2026;GAS_BASE_M;GAS_BASE_M-09-26;0;0;0;0;139;0;0;0;217;
28.01.2026;GAS_BASE_M;GAS_BASE_M-10-26;0;0;0;0;142,98;0;0;0;31;
28.01.2026;GAS_BASE_M;GAS_BASE_M-11-26;145,3;148,3;144;148,3;145,74;11;27;2830032;932;
28.01.2026;GAS_BASE_M;GAS_BASE_M-12-26;148,5;147;147;148,5;148,42;4;12;1317996;913;
28.01.2026;GAS_BASE_Q;GAS_BASE_Q-1-27;148;148,5;147,25;148,5;147,31;15;33;10524585;816;
28.01.2026;GAS_BASE_Q;GAS_BASE_Q-2-26;145,75;145,75;145,75;145,75;148,11;1;1;318318;7530;
28.01.2026;GAS_BASE_Q;GAS_BASE_Q-2-27;0;0;0;0;126,3;0;0;0;13;
28.01.2026;GAS_BASE_Q;GAS_BASE_Q-3-26;140,25;140,25;140,2;140,25;139,94;3;5;1548139;6239;
28.01.2026;GAS_BASE_Q;GAS_BASE_Q-3-27;0;0;0;0;123,71;0;0;0;26;
28.01.2026;GAS_BASE_Q;GAS_BASE_Q-4-26;146;147,5;146;147,5;145,71;11;28;9068497;7986;
28.01.2026;GAS_BASE_S;GAS_BASE_S-S-26;0;0;0;0;144;0;0;0;72;
28.01.2026;GAS_BASE_S;GAS_BASE_S-S-27;0;0;0;0;125;0;0;0;9;
28.01.2026;GAS_BASE_S;GAS_BASE_S-W-26;147,25;147,25;147,25;147,25;146,5;1;1;643188;633;
28.01.2026;GAS_BASE_S;GAS_BASE_S-W-27;0;0;0;0;132,75;0;0;0;4;
28.01.2026;GAS_BASE_W;GAS_BASE_W-06-26;193;187,75;187;193;198;45;524;16554678;1895;
28.01.2026;GAS_BASE_W;GAS_BASE_W-07-26;0;0;0;0;194;0;0;0;0;
28.01.2026;GAS_BASE_W;GAS_BASE_W-08-26;0;0;0;0;195,5;0;0;0;0;
28.01.2026;GAS_BASE_W;GAS_BASE_W-09-26;0;0;0;0;179,77;0;0;0;0;
28.01.2026;GAS_BASE_Y;GAS_BASE_Y-27;132;132,5;132;132,5;131,63;4;4;4636668;3812;
28.01.2026;GAS_BASE_Y;GAS_BASE_Y-28;122,5;123;122,5;123;122;6;8;8621496;207;
28.01.2026;GAS_BASE_Y;GAS_BASE_Y-29;117,75;117,75;117,75;117,75;116,5;1;1;1031490;24;
28.01.2026;GAS_BASE_Y;GAS_BASE_Y-30;0;0;0;0;114,02;0;0;0;5;
28.01.2026;GAS_RDB;GAS_RDB_28-01-26;202;196;195,5;203,5;0;146;40386;7982446,43;36391;
28.01.2026;GLW_BASE;GLW_BASE_29-01-26;0;0;0;0;0;0;0;0;0;
28.01.2026;GLW_RDB;GLW_RDB_28-01-26;0;0;0;0;0;0;0;0;0;
28.01.2026;KUK_A_WMA-03;KUK_A_WMA-03;0;0;0;0;0;0;0;0;0;
28.01.2026;OFFPEAK;OFFPEAK_29-01-26;0;0;0;0;0;0;0;0;0;
28.01.2026;OFFPEAK;OFFPEAK_30-01-26;0;0;0;0;0;0;0;0;0;
28.01.2026;OFFPEAK_M;OFFPEAK_M-02-26;0;0;0;0;442,17;0;0;0;0;
28.01.2026;OFFPEAK_M;OFFPEAK_M-03-26;0;0;0;0;422,11;0;0;0;0;
28.01.2026;OFFPEAK_M;OFFPEAK_M-04-26;0;0;0;0;395,06;0;0;0;0;
28.01.2026;OFFPEAK_M;OFFPEAK_M-05-26;0;0;0;0;384,45;0;0;0;0;
28.01.2026;OFFPEAK_M;OFFPEAK_M-06-26;0;0;0;0;416,47;0;0;0;0;
28.01.2026;OFFPEAK_M;OFFPEAK_M-07-26;0;0;0;0;433,17;0;0;0;0;
28.01.2026;OFFPEAK_Q;OFFPEAK_Q-1-27;0;0;0;0;405,16;0;0;0;0;
28.01.2026;OFFPEAK_Q;OFFPEAK_Q-2-26;0;0;0;0;398,22;0;0;0;0;
28.01.2026;OFFPEAK_Q;OFFPEAK_Q-2-27;0;0;0;0;414,36;0;0;0;0;
28.01.2026;OFFPEAK_Q;OFFPEAK_Q-3-26;0;0;0;0;435,8;0;0;0;0;
28.01.2026;OFFPEAK_Q;OFFPEAK_Q-3-27;0;0;0;0;417,3;0;0;0;0;
28.01.2026;OFFPEAK_Q;OFFPEAK_Q-4-26;0;0;0;0;407,19;0;0;0;0;
28.01.2026;OFFPEAK_W;OFFPEAK_W-06-26;0;0;0;0;517,5;0;0;0;0;
28.01.2026;OFFPEAK_W;OFFPEAK_W-07-26;0;0;0;0;512,81;0;0;0;0;
28.01.2026;OFFPEAK_W;OFFPEAK_W-08-26;0;0;0;0;449,45;0;0;0;0;
28.01.2026;OFFPEAK_W;OFFPEAK_W-09-26;0;0;0;0;362,98;0;0;0;0;
28.01.2026;OFFPEAK_W;OFFPEAK_W-10-26;0;0;0;0;425,28;0;0;0;0;
28.01.2026;OFFPEAK_Y;OFFPEAK_Y-27;0;0;0;0;406,27;0;0;0;0;
28.01.2026;OFFPEAK_Y;OFFPEAK_Y-28;0;0;0;0;382,2;0;0;0;0;
28.01.2026;OFFPEAK_Y;OFFPEAK_Y-29;0;0;0;0;407,66;0;0;0;0;
28.01.2026;OFFPEAK_Y;OFFPEAK_Y-30;0;0;0;0;402,32;0;0;0;0;
28.01.2026;PEAK;PEAK_29-01-26;0;0;0;0;0;0;0;0;0;
28.01.2026;PEAK;PEAK_30-01-26;0;0;0;0;0;0;0;0;0;
28.01.2026;PEAK5_M;PEAK5_M-02-26;735;728;728;735;735;5;8;1752900;285;
28.01.2026;PEAK5_M;PEAK5_M-03-26;0;0;0;0;522,5;0;0;0;6;
28.01.2026;PEAK5_M;PEAK5_M-04-26;0;0;0;0;481,78;0;0;0;0;
28.01.2026;PEAK5_M;PEAK5_M-05-26;0;0;0;0;464,12;0;0;0;0;
28.01.2026;PEAK5_M;PEAK5_M-06-26;0;0;0;0;477,11;0;0;0;0;
28.01.2026;PEAK5_M;PEAK5_M-07-26;0;0;0;0;487,33;0;0;0;0;
28.01.2026;PEAK5_Q;PEAK5_Q-1-27;0;0;0;0;534,55;0;0;0;0;
28.01.2026;PEAK5_Q;PEAK5_Q-2-26;0;0;0;0;474,5;0;0;0;26;
28.01.2026;PEAK5_Q;PEAK5_Q-2-27;0;0;0;0;429,2;0;0;0;0;
28.01.2026;PEAK5_Q;PEAK5_Q-3-26;0;0;0;0;492;0;0;0;5;
28.01.2026;PEAK5_Q;PEAK5_Q-3-27;0;0;0;0;455,66;0;0;0;0;
28.01.2026;PEAK5_Q;PEAK5_Q-4-26;590;586,5;586,5;590;590,83;4;6;3383040;32;
28.01.2026;PEAK5_W;PEAK5_W-06-26;0;0;0;0;735;0;0;0;0;
28.01.2026;PEAK5_W;PEAK5_W-07-26;0;0;0;0;735;0;0;0;0;
28.01.2026;PEAK5_W;PEAK5_W-08-26;0;0;0;0;735;0;0;0;0;
28.01.2026;PEAK5_W;PEAK5_W-09-26;0;0;0;0;735;0;0;0;0;
28.01.2026;PEAK5_W;PEAK5_W-10-26;0;0;0;0;520,98;0;0;0;0;
28.01.2026;PEAK5_Y;PEAK5_Y-27;0;0;0;0;498,37;0;0;0;134;
28.01.2026;PEAK5_Y;PEAK5_Y-28;0;0;0;0;486,42;0;0;0;1;
28.01.2026;PEAK5_Y;PEAK5_Y-29;0;0;0;0;478,34;0;0;0;0;
28.01.2026;PEAK5_Y;PEAK5_Y-30;0;0;0;0;494,37;0;0;0;0;
28.01.2026;PMBG;PMBG;0;0;0;0;0;0;0;0;0;
28.01.2026;PMEF-2025;PMEF-2025;0;0;0;0;0;0;0;0;0;
28.01.2026;PMEF-2026;PMEF-2026;0;0;0;0;0;0;0;0;0;
28.01.2026;PMEF_F;PMEF_F;0;0;0;0;0;0;0;0;85953266;
28.01.2026;PMOZE;PMOZE;0;0;0;0;0;0;0;0;0;
28.01.2026;PMOZE_A;PMOZE_A;0;0;0;0;0;2;36478823;0;9323552659;
28.01.2026;PMOZE-BIO;PMOZE-BIO;0;0;0;0;0;0;0;0;529987475;
28.01.2026;PSZ_B_DLS-01;PSZ_B_DLS-01;0;0;0;0;0;0;0;0;0;
28.01.2026;PSZ_B_KUJ-01;PSZ_B_KUJ-01;0;0;0;0;0;0;0;0;0;
28.01.2026;PSZ_B_KUJ-02;PSZ_B_KUJ-02;0;0;0;0;0;0;0;0;0;
28.01.2026;PSZ_B_LBL-01;PSZ_B_LBL-01;0;0;0;0;0;0;0;0;0;
28.01.2026;PSZ_B_LBL-02;PSZ_B_LBL-02;0;0;0;0;0;0;0;0;0;
28.01.2026;PSZ_B_LBL-03;PSZ_B_LBL-03;0;0;0;0;0;0;0;0;0;
28.01.2026;PSZ_B_LBL-04;PSZ_B_LBL-04;0;0;0;0;0;0;0;0;0;
28.01.2026;PSZ_B_LBL-05;PSZ_B_LBL-05;0;0;0;0;0;0;0;0;0;
28.01.2026;PSZ_B_LBL-06;PSZ_B_LBL-06;0;0;0;0;0;0;0;0;0;
28.01.2026;PSZ_B_LBL-07;PSZ_B_LBL-07;0;0;0;0;0;0;0;0;0;
28.01.2026;PSZ_B_LBU-01;PSZ_B_LBU-01;0;0;0;0;0;0;0;0;0;
28.01.2026;PSZ_B_LBU-02;PSZ_B_LBU-02;0;0;0;0;0;0;0;0;0;
28.01.2026;PSZ_B_MAZ-01;PSZ_B_MAZ-01;0;0;0;0;0;0;0;0;0;
28.01.2026;PSZ_B_MAZ-02;PSZ_B_MAZ-02;0;0;0;0;0;0;0;0;0;
28.01.2026;PSZ_B_MAZ-03;PSZ_B_MAZ-03;0;0;0;0;0;0;0;0;0;
28.01.2026;PSZ_B_OPO-01;PSZ_B_OPO-01;0;0;0;0;0;0;0;0;0;
28.01.2026;PSZ_B_OPO-02;PSZ_B_OPO-02;0;0;0;0;0;0;0;0;0;
28.01.2026;PSZ_B_PDK-01;PSZ_B_PDK-01;0;0;0;0;0;0;0;0;0;
28.01.2026;PSZ_B_PDL-01;PSZ_B_PDL-01;0;0;0;0;0;0;0;0;0;
28.01.2026;PSZ_B_POM-01;PSZ_B_POM-01;0;0;0;0;0;0;0;0;0;
28.01.2026;PSZ_B_POM-02;PSZ_B_POM-02;0;0;0;0;0;0;0;0;0;
28.01.2026;PSZ_B_WLK-01;PSZ_B_WLK-01;0;0;0;0;0;0;0;0;0;
28.01.2026;PSZ_B_WLK-02;PSZ_B_WLK-02;0;0;0;0;0;0;0;0;0;
28.01.2026;PSZ_B_WLK-03;PSZ_B_WLK-03;0;0;0;0;0;0;0;0;0;
28.01.2026;PSZ_B_WLK-04;PSZ_B_WLK-04;0;0;0;0;0;0;0;0;0;
28.01.2026;PSZ_B_WMA-01;PSZ_B_WMA-01;0;0;0;0;0;0;0;0;0;
28.01.2026;PSZ_B_WMA-02;PSZ_B_WMA-02;0;0;0;0;0;0;0;0;0;
28.01.2026;PSZ_B_WMA-03;PSZ_B_WMA-03;0;0;0;0;0;0;0;0;0;
28.01.2026;PSZ_B_WMA-04;PSZ_B_WMA-04;0;0;0;0;0;0;0;0;0;
28.01.2026;PSZ_B_WMA-05;PSZ_B_WMA-05;0;0;0;0;0;0;0;0;0;
28.01.2026;PSZ_B_WMA-06;PSZ_B_WMA-06;0;0;0;0;0;0;0;0;0;
28.01.2026;PSZ_B_ZPO-01;PSZ_B_ZPO-01;0;0;0;0;0;0;0;0;0;
28.01.2026;PSZ_B_ZPO-02;PSZ_B_ZPO-02;0;0;0;0;0;0;0;0;0;
28.01.2026;PSZ_C_DLS-01;PSZ_C_DLS-01;0;0;0;0;0;0;0;0;0;
28.01.2026;PSZ_C_KUJ-01;PSZ_C_KUJ-01;0;0;0;0;0;0;0;0;0;
28.01.2026;PSZ_C_KUJ-02;PSZ_C_KUJ-02;0;0;0;0;0;0;0;0;0;
28.01.2026;PSZ_C_LBL-01;PSZ_C_LBL-01;0;0;0;0;0;0;0;0;0;
28.01.2026;PSZ_C_LBL-02;PSZ_C_LBL-02;0;0;0;0;0;0;0;0;0;
28.01.2026;PSZ_C_LBL-03;PSZ_C_LBL-03;0;0;0;0;0;0;0;0;0;
28.01.2026;PSZ_C_LBL-04;PSZ_C_LBL-04;0;0;0;0;0;0;0;0;0;
28.01.2026;PSZ_C_LBL-05;PSZ_C_LBL-05;0;0;0;0;0;0;0;0;0;
28.01.2026;PSZ_C_LBL-06;PSZ_C_LBL-06;0;0;0;0;0;0;0;0;0;
28.01.2026;PSZ_C_LBL-07;PSZ_C_LBL-07;0;0;0;0;0;0;0;0;0;
28.01.2026;PSZ_C_LBU-01;PSZ_C_LBU-01;0;0;0;0;0;0;0;0;0;
28.01.2026;PSZ_C_LBU-02;PSZ_C_LBU-02;0;0;0;0;0;0;0;0;0;
28.01.2026;PSZ_C_MAZ-01;PSZ_C_MAZ-01;0;0;0;0;0;0;0;0;0;
28.01.2026;PSZ_C_MAZ-02;PSZ_C_MAZ-02;0;0;0;0;0;0;0;0;0;
28.01.2026;PSZ_C_MAZ-03;PSZ_C_MAZ-03;0;0;0;0;0;0;0;0;0;
28.01.2026;PSZ_C_OPO-01;PSZ_C_OPO-01;0;0;0;0;0;0;0;0;0;
28.01.2026;PSZ_C_OPO-02;PSZ_C_OPO-02;0;0;0;0;0;0;0;0;0;
28.01.2026;PSZ_C_PDK-01;PSZ_C_PDK-01;0;0;0;0;0;0;0;0;0;
28.01.2026;PSZ_C_PDL-01;PSZ_C_PDL-01;0;0;0;0;0;0;0;0;0;
28.01.2026;PSZ_C_POM-01;PSZ_C_POM-01;0;0;0;0;0;0;0;0;0;
28.01.2026;PSZ_C_POM-02;PSZ_C_POM-02;0;0;0;0;0;0;0;0;0;
28.01.2026;PSZ_C_WLK-01;PSZ_C_WLK-01;0;0;0;0;0;0;0;0;0;
28.01.2026;PSZ_C_WLK-02;PSZ_C_WLK-02;0;0;0;0;0;0;0;0;0;
28.01.2026;PSZ_C_WLK-03;PSZ_C_WLK-03;0;0;0;0;0;0;0;0;0;
28.01.2026;PSZ_C_WLK-04;PSZ_C_WLK-04;0;0;0;0;0;0;0;0;0;
28.01.2026;PSZ_C_WMA-01;PSZ_C_WMA-01;0;0;0;0;0;0;0;0;0;
28.01.2026;PSZ_C_WMA-02;PSZ_C_WMA-02;0;0;0;0;0;0;0;0;0;
28.01.2026;PSZ_C_WMA-03;PSZ_C_WMA-03;0;0;0;0;0;0;0;0;0;
28.01.2026;PSZ_C_WMA-04;PSZ_C_WMA-04;0;0;0;0;0;0;0;0;0;
28.01.2026;PSZ_C_WMA-05;PSZ_C_WMA-05;0;0;0;0;0;0;0;0;0;
28.01.2026;PSZ_C_WMA-06;PSZ_C_WMA-06;0;0;0;0;0;0;0;0;0;
28.01.2026;PSZ_C_ZPO-01;PSZ_C_ZPO-01;0;0;0;0;0;0;0;0;0;
28.01.2026;PSZ_C_ZPO-02;PSZ_C_ZPO-02;0;0;0;0;0;0;0;0;0;
28.01.2026;RDN-1;RDN_29-01-26_H01;496;496;496;496;0;129;2656,4;1317574,4;2272,8;
28.01.2026;RDN-1;RDN_29-01-26_H02;492;492;492;492;0;141;2377,5;1169730;1915,8;
28.01.2026;RDN-1;RDN_29-01-26_H03;496;496;496;496;0;151;2395,2;1188019,2;1926,5;
28.01.2026;RDN-1;RDN_29-01-26_H04;492;492;492;492;0;151;2359,6;1160923,2;1889,8;
28.01.2026;RDN-1;RDN_29-01-26_H05;490,86;490,86;490,86;490,86;0;146;2267,3;1112926,878;1806,6;
28.01.2026;RDN-1;RDN_29-01-26_H06;496;496;496;496;0;130;2572,5;1275960;2010;
28.01.2026;RDN-1;RDN_29-01-26_H07;573,1;573,1;573,1;573,1;0;139;3636,2;2083906,22;3095,6;
28.01.2026;RDN-1;RDN_29-01-26_H08;780,4;780,4;780,4;780,4;0;155;3301,4;2576412,56;2862,8;
28.01.2026;RDN-1;RDN_29-01-26_H09;876;865;865;876;0;167;3882;3400621;3487,1;
28.01.2026;RDN-1;RDN_29-01-26_H10;874,27;860;860;874,27;0;190;4380,7;3829900,319;3932,4;
28.01.2026;RDN-1;RDN_29-01-26_H11;806;806;806;806;0;167;3979,3;3207315,8;3601,9;
28.01.2026;RDN-1;RDN_29-01-26_H12;751,93;751,93;751,93;751,93;0;149;3736;2809210,48;3205,7;
28.01.2026;RDN-1;RDN_29-01-26_H13;741,4;741,4;741,4;741,4;0;154;3753,4;2782770,76;3182,1;
28.01.2026;RDN-1;RDN_29-01-26_H14;738,46;738,46;738,46;738,46;0;160;3768,8;2783108,048;3254,9;
28.01.2026;RDN-1;RDN_29-01-26_H15;802,75;802,75;802,75;802,75;0;178;3702,7;2972342,425;3230,7;
28.01.2026;RDN-1;RDN_29-01-26_H16;830;830;830;830;0;168;3512,8;2915624;3150,7;
28.01.2026;RDN-1;RDN_29-01-26_H17;868,1;868,1;868,1;868,1;0;155;3776,9;3278726,89;3441,1;
28.01.2026;RDN-1;RDN_29-01-26_H18;799;799;799;799;0;152;3873,4;3094846,6;3468,7;
28.01.2026;RDN-1;RDN_29-01-26_H19;717,4;717,4;717,4;717,4;0;148;3584,9;2571807,26;3213,3;
28.01.2026;RDN-1;RDN_29-01-26_H20;699;699;699;699;0;144;3641,5;2545408,5;3322,2;
28.01.2026;RDN-1;RDN_29-01-26_H21;607,95;607,95;607,95;607,95;0;141;3325,5;2021737,725;2961,7;
28.01.2026;RDN-1;RDN_29-01-26_H22;526,33;526,33;526,33;526,33;0;144;3069,3;1615464,669;2694,4;
28.01.2026;RDN-1;RDN_29-01-26_H23;506;506;506;506;0;134;3836,2;1941117,2;3449,8;
28.01.2026;RDN-1;RDN_29-01-26_H24;500;500;500;500;0;140;3268,9;1634450;2932,6;
28.01.2026;RZP_A_LBL-01;RZP_A_LBL-01;0;0;0;0;0;0;0;0;0;
28.01.2026;SGT_BASE;SGT_BASE_29-01-26;0;0;0;0;0;0;0;0;0;
28.01.2026;SGT_RDB;SGT_RDB_28-01-26;0;0;0;0;0;0;0;0;0;
28.01.2026;ZTO_B_KUJ-02;ZTO_B_KUJ-02;0;0;0;0;0;0;0;0;0;
28.01.2026;ZTO_B_LBL-01;ZTO_B_LBL-01;0;0;0;0;0;0;0;0;0;
28.01.2026;ZTO_B_LBU-01;ZTO_B_LBU-01;0;0;0;0;0;0;0;0;0;
28.01.2026;ZTO_B_MAZ-01;ZTO_B_MAZ-01;0;0;0;0;0;0;0;0;0;
28.01.2026;ZTO_B_PDL-01;ZTO_B_PDL-01;0;0;0;0;0;0;0;0;0;
28.01.2026;ZTO_B_WLK-01;ZTO_B_WLK-01;0;0;0;0;0;0;0;0;0;
28.01.2026;ZTO_B_WLK-02;ZTO_B_WLK-02;0;0;0;0;0;0;0;0;0;
28.01.2026;ZTO_B_WMA-01;ZTO_B_WMA-01;0;0;0;0;0;0;0;0;0;
28.01.2026;ZTO_B_WMA-02;ZTO_B_WMA-02;0;0;0;0;0;0;0;0;0;
28.01.2026;ZTO_B_WMA-03;ZTO_B_WMA-03;0;0;0;0;0;0;0;0;0;
28.01.2026;ZTO_C_KUJ-02;ZTO_C_KUJ-02;0;0;0;0;0;0;0;0;0;
28.01.2026;ZTO_C_LBL-01;ZTO_C_LBL-01;0;0;0;0;0;0;0;0;0;
28.01.2026;ZTO_C_LBU-01;ZTO_C_LBU-01;0;0;0;0;0;0;0;0;0;
28.01.2026;ZTO_C_MAZ-01;ZTO_C_MAZ-01;0;0;0;0;0;0;0;0;0;
28.01.2026;ZTO_C_PDL-01;ZTO_C_PDL-01;0;0;0;0;0;0;0;0;0;
28.01.2026;ZTO_C_WLK-01;ZTO_C_WLK-01;0;0;0;0;0;0;0;0;0;
28.01.2026;ZTO_C_WLK-02;ZTO_C_WLK-02;0;0;0;0;0;0;0;0;0;
28.01.2026;ZTO_C_WMA-01;ZTO_C_WMA-01;0;0;0;0;0;0;0;0;0;
28.01.2026;ZTO_C_WMA-02;ZTO_C_WMA-02;0;0;0;0;0;0;0;0;0;
28.01.2026;ZTO_C_WMA-03;ZTO_C_WMA-03;0;0;0;0;0;0;0;0;0;
29.01.2026;BASE;BASE_30-01-26;558;560;540;560;0;28;134;1761120;95;
29.01.2026;BASE;BASE_31-01-26;500;500;500;500;0;1;6;72000;6;
29.01.2026;BASE_M;BASE_M-02-26;579;568,5;566;579;568,1;52;58;22299345,6;668;
29.01.2026;BASE_M;BASE_M-03-26;461;454;452;461;459;24;24;8128420;261;
29.01.2026;BASE_M;BASE_M-04-26;422;422;421;422;423;15;16;4856976;51;
29.01.2026;BASE_M;BASE_M-05-26;0;0;0;0;416,1;0;0;0;1;
29.01.2026;BASE_M;BASE_M-06-26;440;439;439;440;441,5;2;2;632880;5;
29.01.2026;BASE_M;BASE_M-07-26;0;0;0;0;454,3;0;0;0;0;
29.01.2026;BASE_Q;BASE_Q-1-27;0;0;0;0;458,5;0;0;0;2;
29.01.2026;BASE_Q;BASE_Q-2-26;426;422;422;426;426,75;15;16;14771484;434;
29.01.2026;BASE_Q;BASE_Q-2-27;0;0;0;0;417,79;0;0;0;0;
29.01.2026;BASE_Q;BASE_Q-3-26;452;451;450;452;457;8;10;9955872;302;
29.01.2026;BASE_Q;BASE_Q-3-27;0;0;0;0;440;0;0;0;0;
29.01.2026;BASE_Q;BASE_Q-4-26;480;479;479;480;484;4;9;9531835;523;
29.01.2026;BASE_W;BASE_W-06-26;600;599;598;600;597,4;25;39;3926496;158;
29.01.2026;BASE_W;BASE_W-07-26;0;0;0;0;615;0;0;0;63;
29.01.2026;BASE_W;BASE_W-08-26;0;0;0;0;557;0;0;0;6;
29.01.2026;BASE_W;BASE_W-09-26;0;0;0;0;546;0;0;0;5;
29.01.2026;BASE_W;BASE_W-10-26;0;0;0;0;460,29;0;0;0;0;
29.01.2026;BASE_WEEKEND;BASE_WEEKEND_05-26;0;0;0;0;0;0;0;0;0;
29.01.2026;BASE_Y;BASE_Y-27;437,55;437,5;437,5;437,55;443;2;2;7665438;709;
29.01.2026;BASE_Y;BASE_Y-28;0;0;0;0;424;0;0;0;126;
29.01.2026;BASE_Y;BASE_Y-29;0;0;0;0;435;0;0;0;2;
29.01.2026;BASE_Y;BASE_Y-30;0;0;0;0;438,66;0;0;0;0;
29.01.2026;F-OZE;F-OZE_05-26;0;0;0;0;25,14;0;0;0;0;
29.01.2026;F-OZE;F-OZE_05-27;0;0;0;0;25,14;0;0;0;0;
29.01.2026;F-OZE;F-OZE_11-26;0;0;0;0;25,14;0;0;0;0;
29.01.2026;F-OZE;F-OZE_11-27;0;0;0;0;25,14;0;0;0;0;
29.01.2026;GAS_BASE;GAS_BASE_30-01-26;207;207,5;203;208,5;0;252;11708;57716251,68;11053;
29.01.2026;GAS_BASE_M;GAS_BASE_M-01-27;0;0;0;0;150,89;0;0;0;107;
29.01.2026;GAS_BASE_M;GAS_BASE_M-02-26;193,9;192,5;191,2;194,5;184,4;21;68;8800075,2;23965;
29.01.2026;GAS_BASE_M;GAS_BASE_M-03-26;181,8;178;177,4;181,95;172,17;16;64;8524810,5;19011;
29.01.2026;GAS_BASE_M;GAS_BASE_M-04-26;163,9;163;162,25;164,5;156,7;13;43;5047905,6;2045;
29.01.2026;GAS_BASE_M;GAS_BASE_M-05-26;144;142,5;142,5;144;138,79;5;21;2241300;241;
29.01.2026;GAS_BASE_M;GAS_BASE_M-06-26;0;0;0;0;142;0;0;0;52;
29.01.2026;GAS_BASE_M;GAS_BASE_M-07-26;0;0;0;0;138,59;0;0;0;6;
29.01.2026;GAS_BASE_M;GAS_BASE_M-08-26;0;0;0;0;139,91;0;0;0;10;
29.01.2026;GAS_BASE_M;GAS_BASE_M-09-26;0;0;0;0;142,23;0;0;0;217;
29.01.2026;GAS_BASE_M;GAS_BASE_M-10-26;0;0;0;0;144,4;0;0;0;31;
29.01.2026;GAS_BASE_M;GAS_BASE_M-11-26;152;152,5;152;152,7;147,18;7;9;988056;941;
29.01.2026;GAS_BASE_M;GAS_BASE_M-12-26;155;155,55;155;155,55;148;6;7;808468;920;
29.01.2026;GAS_BASE_Q;GAS_BASE_Q-1-27;153,5;153,5;153,25;153,5;148;4;10;3313525;825;
29.01.2026;GAS_BASE_Q;GAS_BASE_Q-2-26;0;0;0;0;145,75;0;0;0;7530;
29.01.2026;GAS_BASE_Q;GAS_BASE_Q-2-27;0;0;0;0;127,5;0;0;0;13;
29.01.2026;GAS_BASE_Q;GAS_BASE_Q-3-26;0;0;0;0;140,23;0;0;0;6239;
29.01.2026;GAS_BASE_Q;GAS_BASE_Q-3-27;0;0;0;0;124,76;0;0;0;26;
29.01.2026;GAS_BASE_Q;GAS_BASE_Q-4-26;152,25;152,25;152,25;152,25;146,52;3;4;1345281;7992;
29.01.2026;GAS_BASE_S;GAS_BASE_S-S-26;0;0;0;0;142,97;0;0;0;72;
29.01.2026;GAS_BASE_S;GAS_BASE_S-S-27;0;0;0;0;126,12;0;0;0;9;
29.01.2026;GAS_BASE_S;GAS_BASE_S-W-26;152,75;152,75;152,75;152,75;147,25;2;3;2001636;636;
29.01.2026;GAS_BASE_S;GAS_BASE_S-W-27;0;0;0;0;137,88;0;0;0;4;
29.01.2026;GAS_BASE_W;GAS_BASE_W-06-26;198;194;194;198;187,8;26;562;18398688;2447;
29.01.2026;GAS_BASE_W;GAS_BASE_W-07-26;0;0;0;0;187,5;0;0;0;0;
29.01.2026;GAS_BASE_W;GAS_BASE_W-08-26;0;0;0;0;184,4;0;0;0;0;
29.01.2026;GAS_BASE_W;GAS_BASE_W-09-26;0;0;0;0;172,18;0;0;0;0;
29.01.2026;GAS_BASE_Y;GAS_BASE_Y-27;136,24;136,75;136;136,75;132,43;9;11;13130977;3819;
29.01.2026;GAS_BASE_Y;GAS_BASE_Y-28;125;125;125;125;122,7;3;3;3294000;210;
29.01.2026;GAS_BASE_Y;GAS_BASE_Y-29;118;118;118;118;117,25;1;2;2067360;26;
29.01.2026;GAS_BASE_Y;GAS_BASE_Y-30;0;0;0;0;114,72;0;0;0;5;
29.01.2026;GAS_RDB;GAS_RDB_29-01-26;207;208;203;208;0;135;52162;10679579,76;45375;
29.01.2026;GAS_WEEKEND;GAS_WEEKEND_05-26;208;208;203;208;0;23;920;9040080;900;
29.01.2026;GLW_BASE;GLW_BASE_30-01-26;0;0;0;0;0;0;0;0;0;
29.01.2026;GLW_RDB;GLW_RDB_29-01-26;0;0;0;0;0;0;0;0;0;
29.01.2026;KUK_A_WMA-03;KUK_A_WMA-03;0;0;0;0;0;0;0;0;0;
29.01.2026;OFFPEAK;OFFPEAK_30-01-26;0;0;0;0;0;0;0;0;0;
29.01.2026;OFFPEAK;OFFPEAK_31-01-26;0;0;0;0;0;0;0;0;0;
29.01.2026;OFFPEAK_M;OFFPEAK_M-02-26;0;0;0;0;439,15;0;0;0;0;
29.01.2026;OFFPEAK_M;OFFPEAK_M-03-26;0;0;0;0;422,64;0;0;0;0;
29.01.2026;OFFPEAK_M;OFFPEAK_M-04-26;0;0;0;0;396,63;0;0;0;0;
29.01.2026;OFFPEAK_M;OFFPEAK_M-05-26;0;0;0;0;399,86;0;0;0;0;
29.01.2026;OFFPEAK_M;OFFPEAK_M-06-26;0;0;0;0;432,96;0;0;0;0;
29.01.2026;OFFPEAK_M;OFFPEAK_M-07-26;0;0;0;0;430,13;0;0;0;0;
29.01.2026;OFFPEAK_Q;OFFPEAK_Q-1-27;0;0;0;0;402,23;0;0;0;0;
29.01.2026;OFFPEAK_Q;OFFPEAK_Q-2-26;0;0;0;0;409,51;0;0;0;0;
29.01.2026;OFFPEAK_Q;OFFPEAK_Q-2-27;0;0;0;0;411,42;0;0;0;0;
29.01.2026;OFFPEAK_Q;OFFPEAK_Q-3-26;0;0;0;0;432,71;0;0;0;0;
29.01.2026;OFFPEAK_Q;OFFPEAK_Q-3-27;0;0;0;0;422,55;0;0;0;0;
29.01.2026;OFFPEAK_Q;OFFPEAK_Q-4-26;0;0;0;0;404,96;0;0;0;0;
29.01.2026;OFFPEAK_W;OFFPEAK_W-06-26;0;0;0;0;494,5;0;0;0;0;
29.01.2026;OFFPEAK_W;OFFPEAK_W-07-26;0;0;0;0;523,06;0;0;0;0;
29.01.2026;OFFPEAK_W;OFFPEAK_W-08-26;0;0;0;0;418,29;0;0;0;0;
29.01.2026;OFFPEAK_W;OFFPEAK_W-09-26;0;0;0;0;398,42;0;0;0;0;
29.01.2026;OFFPEAK_W;OFFPEAK_W-10-26;0;0;0;0;425,81;0;0;0;0;
29.01.2026;OFFPEAK_Y;OFFPEAK_Y-27;0;0;0;0;403,38;0;0;0;0;
29.01.2026;OFFPEAK_Y;OFFPEAK_Y-28;0;0;0;0;379,63;0;0;0;0;
29.01.2026;OFFPEAK_Y;OFFPEAK_Y-29;0;0;0;0;404,84;0;0;0;0;
29.01.2026;OFFPEAK_Y;OFFPEAK_Y-30;0;0;0;0;399,53;0;0;0;0;
29.01.2026;OFFP_WEEKEND;OFFP_WEEKEND_05-26;0;0;0;0;0;0;0;0;0;
29.01.2026;PEAK;PEAK_30-01-26;0;0;0;0;0;0;0;0;0;
29.01.2026;PEAK;PEAK_31-01-26;0;0;0;0;0;0;0;0;0;
29.01.2026;PEAK5_M;PEAK5_M-02-26;735;728;728;735;728;27;35;7697406;306;
29.01.2026;PEAK5_M;PEAK5_M-03-26;0;0;0;0;504,5;0;0;0;6;
29.01.2026;PEAK5_M;PEAK5_M-04-26;0;0;0;0;456,9;0;0;0;0;
29.01.2026;PEAK5_M;PEAK5_M-05-26;0;0;0;0;440,15;0;0;0;0;
29.01.2026;PEAK5_M;PEAK5_M-06-26;0;0;0;0;452,48;0;0;0;0;
29.01.2026;PEAK5_M;PEAK5_M-07-26;0;0;0;0;482,26;0;0;0;0;
29.01.2026;PEAK5_Q;PEAK5_Q-1-27;0;0;0;0;535;0;0;0;0;
29.01.2026;PEAK5_Q;PEAK5_Q-2-26;445;445;445;445;450;1;1;413850;26;
29.01.2026;PEAK5_Q;PEAK5_Q-2-27;0;0;0;0;426,15;0;0;0;0;
29.01.2026;PEAK5_Q;PEAK5_Q-3-26;0;0;0;0;486,89;0;0;0;5;
29.01.2026;PEAK5_Q;PEAK5_Q-3-27;0;0;0;0;461,47;0;0;0;0;
29.01.2026;PEAK5_Q;PEAK5_Q-4-26;0;0;0;0;586,83;0;0;0;32;
29.01.2026;PEAK5_W;PEAK5_W-06-26;0;0;0;0;725;0;0;0;0;
29.01.2026;PEAK5_W;PEAK5_W-07-26;0;0;0;0;729;0;0;0;0;
29.01.2026;PEAK5_W;PEAK5_W-08-26;0;0;0;0;729;0;0;0;0;
29.01.2026;PEAK5_W;PEAK5_W-09-26;0;0;0;0;729;0;0;0;0;
29.01.2026;PEAK5_W;PEAK5_W-10-26;0;0;0;0;503,04;0;0;0;0;
29.01.2026;PEAK5_Y;PEAK5_Y-27;0;0;0;0;494,83;0;0;0;134;
29.01.2026;PEAK5_Y;PEAK5_Y-28;0;0;0;0;483,15;0;0;0;1;
29.01.2026;PEAK5_Y;PEAK5_Y-29;0;0;0;0;475,03;0;0;0;0;
29.01.2026;PEAK5_Y;PEAK5_Y-30;0;0;0;0;490,95;0;0;0;0;
29.01.2026;PEAK_WEEKEND;PEAK_WEEKEND_05-26;0;0;0;0;0;0;0;0;0;
29.01.2026;PMBG;PMBG;0;0;0;0;0;0;0;0;0;
29.01.2026;PMEF-2025;PMEF-2025;0;0;0;0;0;0;0;0;0;
29.01.2026;PMEF-2026;PMEF-2026;0;0;0;0;0;0;0;0;0;
29.01.2026;PMEF_F;PMEF_F;2327,05;2327,05;2327,05;2327,2;0;25;1635014;3804781758;85953266;
29.01.2026;PMOZE;PMOZE;0;0;0;0;0;0;0;0;0;
29.01.2026;PMOZE_A;PMOZE_A;24,5;25,1;24,5;25,4;0;55;29597711;736820332;9354931482;
29.01.2026;PMOZE-BIO;PMOZE-BIO;300,03;300,03;300,03;310;0;13;2568402;770906246;529987475;
29.01.2026;PSZ_B_DLS-01;PSZ_B_DLS-01;0;0;0;0;0;0;0;0;0;
29.01.2026;PSZ_B_KUJ-01;PSZ_B_KUJ-01;0;0;0;0;0;0;0;0;0;
29.01.2026;PSZ_B_KUJ-02;PSZ_B_KUJ-02;0;0;0;0;0;0;0;0;0;
29.01.2026;PSZ_B_LBL-01;PSZ_B_LBL-01;0;0;0;0;0;0;0;0;0;
29.01.2026;PSZ_B_LBL-02;PSZ_B_LBL-02;0;0;0;0;0;0;0;0;0;
29.01.2026;PSZ_B_LBL-03;PSZ_B_LBL-03;0;0;0;0;0;0;0;0;0;
29.01.2026;PSZ_B_LBL-04;PSZ_B_LBL-04;0;0;0;0;0;0;0;0;0;
29.01.2026;PSZ_B_LBL-05;PSZ_B_LBL-05;0;0;0;0;0;0;0;0;0;
29.01.2026;PSZ_B_LBL-06;PSZ_B_LBL-06;0;0;0;0;0;0;0;0;0;
29.01.2026;PSZ_B_LBL-07;PSZ_B_LBL-07;0;0;0;0;0;0;0;0;0;
29.01.2026;PSZ_B_LBU-01;PSZ_B_LBU-01;0;0;0;0;0;0;0;0;0;
29.01.2026;PSZ_B_LBU-02;PSZ_B_LBU-02;0;0;0;0;0;0;0;0;0;
29.01.2026;PSZ_B_MAZ-01;PSZ_B_MAZ-01;0;0;0;0;0;0;0;0;0;
29.01.2026;PSZ_B_MAZ-02;PSZ_B_MAZ-02;0;0;0;0;0;0;0;0;0;
29.01.2026;PSZ_B_MAZ-03;PSZ_B_MAZ-03;0;0;0;0;0;0;0;0;0;
29.01.2026;PSZ_B_OPO-01;PSZ_B_OPO-01;0;0;0;0;0;0;0;0;0;
29.01.2026;PSZ_B_OPO-02;PSZ_B_OPO-02;0;0;0;0;0;0;0;0;0;
29.01.2026;PSZ_B_PDK-01;PSZ_B_PDK-01;0;0;0;0;0;0;0;0;0;
29.01.2026;PSZ_B_PDL-01;PSZ_B_PDL-01;0;0;0;0;0;0;0;0;0;
29.01.2026;PSZ_B_POM-01;PSZ_B_POM-01;0;0;0;0;0;0;0;0;0;
29.01.2026;PSZ_B_POM-02;PSZ_B_POM-02;0;0;0;0;0;0;0;0;0;
29.01.2026;PSZ_B_WLK-01;PSZ_B_WLK-01;0;0;0;0;0;0;0;0;0;
29.01.2026;PSZ_B_WLK-02;PSZ_B_WLK-02;0;0;0;0;0;0;0;0;0;
29.01.2026;PSZ_B_WLK-03;PSZ_B_WLK-03;0;0;0;0;0;0;0;0;0;
29.01.2026;PSZ_B_WLK-04;PSZ_B_WLK-04;0;0;0;0;0;0;0;0;0;
29.01.2026;PSZ_B_WMA-01;PSZ_B_WMA-01;0;0;0;0;0;0;0;0;0;
29.01.2026;PSZ_B_WMA-02;PSZ_B_WMA-02;0;0;0;0;0;0;0;0;0;
29.01.2026;PSZ_B_WMA-03;PSZ_B_WMA-03;0;0;0;0;0;0;0;0;0;
29.01.2026;PSZ_B_WMA-04;PSZ_B_WMA-04;0;0;0;0;0;0;0;0;0;
29.01.2026;PSZ_B_WMA-05;PSZ_B_WMA-05;0;0;0;0;0;0;0;0;0;
29.01.2026;PSZ_B_WMA-06;PSZ_B_WMA-06;0;0;0;0;0;0;0;0;0;
29.01.2026;PSZ_B_ZPO-01;PSZ_B_ZPO-01;0;0;0;0;0;0;0;0;0;
29.01.2026;PSZ_B_ZPO-02;PSZ_B_ZPO-02;0;0;0;0;0;0;0;0;0;
29.01.2026;PSZ_C_DLS-01;PSZ_C_DLS-01;0;0;0;0;0;0;0;0;0;
29.01.2026;PSZ_C_KUJ-01;PSZ_C_KUJ-01;0;0;0;0;0;0;0;0;0;
29.01.2026;PSZ_C_KUJ-02;PSZ_C_KUJ-02;0;0;0;0;0;0;0;0;0;
29.01.2026;PSZ_C_LBL-01;PSZ_C_LBL-01;0;0;0;0;0;0;0;0;0;
29.01.2026;PSZ_C_LBL-02;PSZ_C_LBL-02;0;0;0;0;0;0;0;0;0;
29.01.2026;PSZ_C_LBL-03;PSZ_C_LBL-03;0;0;0;0;0;0;0;0;0;
29.01.2026;PSZ_C_LBL-04;PSZ_C_LBL-04;0;0;0;0;0;0;0;0;0;
29.01.2026;PSZ_C_LBL-05;PSZ_C_LBL-05;0;0;0;0;0;0;0;0;0;
29.01.2026;PSZ_C_LBL-06;PSZ_C_LBL-06;0;0;0;0;0;0;0;0;0;
29.01.2026;PSZ_C_LBL-07;PSZ_C_LBL-07;0;0;0;0;0;0;0;0;0;
29.01.2026;PSZ_C_LBU-01;PSZ_C_LBU-01;0;0;0;0;0;0;0;0;0;
29.01.2026;PSZ_C_LBU-02;PSZ_C_LBU-02;0;0;0;0;0;0;0;0;0;
29.01.2026;PSZ_C_MAZ-01;PSZ_C_MAZ-01;0;0;0;0;0;0;0;0;0;
29.01.2026;PSZ_C_MAZ-02;PSZ_C_MAZ-02;0;0;0;0;0;0;0;0;0;
29.01.2026;PSZ_C_MAZ-03;PSZ_C_MAZ-03;0;0;0;0;0;0;0;0;0;
29.01.2026;PSZ_C_OPO-01;PSZ_C_OPO-01;0;0;0;0;0;0;0;0;0;
29.01.2026;PSZ_C_OPO-02;PSZ_C_OPO-02;0;0;0;0;0;0;0;0;0;
29.01.2026;PSZ_C_PDK-01;PSZ_C_PDK-01;0;0;0;0;0;0;0;0;0;
29.01.2026;PSZ_C_PDL-01;PSZ_C_PDL-01;0;0;0;0;0;0;0;0;0;
29.01.2026;PSZ_C_POM-01;PSZ_C_POM-01;0;0;0;0;0;0;0;0;0;
29.01.2026;PSZ_C_POM-02;PSZ_C_POM-02;0;0;0;0;0;0;0;0;0;
29.01.2026;PSZ_C_WLK-01;PSZ_C_WLK-01;0;0;0;0;0;0;0;0;0;
29.01.2026;PSZ_C_WLK-02;PSZ_C_WLK-02;0;0;0;0;0;0;0;0;0;
29.01.2026;PSZ_C_WLK-03;PSZ_C_WLK-03;0;0;0;0;0;0;0;0;0;
29.01.2026;PSZ_C_WLK-04;PSZ_C_WLK-04;0;0;0;0;0;0;0;0;0;
29.01.2026;PSZ_C_WMA-01;PSZ_C_WMA-01;0;0;0;0;0;0;0;0;0;
29.01.2026;PSZ_C_WMA-02;PSZ_C_WMA-02;0;0;0;0;0;0;0;0;0;
29.01.2026;PSZ_C_WMA-03;PSZ_C_WMA-03;0;0;0;0;0;0;0;0;0;
29.01.2026;PSZ_C_WMA-04;PSZ_C_WMA-04;0;0;0;0;0;0;0;0;0;
29.01.2026;PSZ_C_WMA-05;PSZ_C_WMA-05;0;0;0;0;0;0;0;0;0;
29.01.2026;PSZ_C_WMA-06;PSZ_C_WMA-06;0;0;0;0;0;0;0;0;0;
29.01.2026;PSZ_C_ZPO-01;PSZ_C_ZPO-01;0;0;0;0;0;0;0;0;0;
29.01.2026;PSZ_C_ZPO-02;PSZ_C_ZPO-02;0;0;0;0;0;0;0;0;0;
29.01.2026;RDN-1;RDN_30-01-26_H01;498;498;498;498;0;127;2484;1237032;2168,9;
29.01.2026;RDN-1;RDN_30-01-26_H02;489;489;489;489;0;139;2267,6;1108856,4;1928,8;
29.01.2026;RDN-1;RDN_30-01-26_H03;483,99;483,99;483,99;483,99;0;138;2271,1;1099189,689;1928,7;
29.01.2026;RDN-1;RDN_30-01-26_H04;479,28;479,28;479,28;479,28;0;136;2297,9;1101337,512;1958,1;
29.01.2026;RDN-1;RDN_30-01-26_H05;484;484;484;484;0;138;2499,3;1209661,2;2168,9;
29.01.2026;RDN-1;RDN_30-01-26_H06;492;492;492;492;0;147;2677,8;1317477,6;2337,4;
29.01.2026;RDN-1;RDN_30-01-26_H07;526,7;526,7;526,7;526,7;0;145;3779,1;1990451,97;3269,7;
29.01.2026;RDN-1;RDN_30-01-26_H08;642,84;642,84;642,84;642,84;0;148;3263,8;2098101,192;2887,4;
29.01.2026;RDN-1;RDN_30-01-26_H09;715,23;705;705;715,23;0;157;3569,6;2552982,708;3179,2;
29.01.2026;RDN-1;RDN_30-01-26_H10;749;750;749;750;0;175;3635,6;2723074,3;3250,4;
29.01.2026;RDN-1;RDN_30-01-26_H11;736,9;736,9;736,9;736,9;0;168;3662,8;2699117,32;3321,9;
29.01.2026;RDN-1;RDN_30-01-26_H12;642,8;642,8;642,8;642,8;0;161;3798,1;2441418,68;3247;
29.01.2026;RDN-1;RDN_30-01-26_H13;603,2;603,2;603,2;603,2;0;160;3771,1;2274727,52;3231,9;
29.01.2026;RDN-1;RDN_30-01-26_H14;599;599;599;599;0;156;3782,3;2265597,7;3258,9;
29.01.2026;RDN-1;RDN_30-01-26_H15;600;600;600;600;0;151;3755,6;2253360;3427,6;
29.01.2026;RDN-1;RDN_30-01-26_H16;644;634;634;644;0;158;3893,9;2507571,6;3552,8;
29.01.2026;RDN-1;RDN_30-01-26_H17;639;629;629;650;0;160;4063,1;2596331,9;3679;
29.01.2026;RDN-1;RDN_30-01-26_H18;618,58;618,58;608;618,58;0;147;4208;2602878,84;3782,2;
29.01.2026;RDN-1;RDN_30-01-26_H19;591,21;591,21;591,21;591,21;0;138;4184,8;2474095,608;3794,7;
29.01.2026;RDN-1;RDN_30-01-26_H20;564,11;564,11;564,11;564,11;0;135;4089,7;2307040,667;3735;
29.01.2026;RDN-1;RDN_30-01-26_H21;530;530;530;530;0;149;4095,9;2170827;3760,7;
29.01.2026;RDN-1;RDN_30-01-26_H22;510;510;510;510;0;143;3403,4;1735734;3057,5;
29.01.2026;RDN-1;RDN_30-01-26_H23;504;504;504;504;0;149;3748,8;1889395,2;3393,1;
29.01.2026;RDN-1;RDN_30-01-26_H24;486,04;486,04;486,04;486,04;0;143;3477,3;1690106,892;3153,7;
29.01.2026;RZP_A_LBL-01;RZP_A_LBL-01;0;0;0;0;0;0;0;0;0;
29.01.2026;SGT_BASE;SGT_BASE_30-01-26;0;0;0;0;0;0;0;0;0;
29.01.2026;SGT_RDB;SGT_RDB_29-01-26;0;0;0;0;0;0;0;0;0;
29.01.2026;ZTO_B_KUJ-02;ZTO_B_KUJ-02;0;0;0;0;0;0;0;0;0;
29.01.2026;ZTO_B_LBL-01;ZTO_B_LBL-01;0;0;0;0;0;0;0;0;0;
29.01.2026;ZTO_B_LBU-01;ZTO_B_LBU-01;0;0;0;0;0;0;0;0;0;
29.01.2026;ZTO_B_MAZ-01;ZTO_B_MAZ-01;0;0;0;0;0;0;0;0;0;
29.01.2026;ZTO_B_PDL-01;ZTO_B_PDL-01;0;0;0;0;0;0;0;0;0;
29.01.2026;ZTO_B_WLK-01;ZTO_B_WLK-01;0;0;0;0;0;0;0;0;0;
29.01.2026;ZTO_B_WLK-02;ZTO_B_WLK-02;0;0;0;0;0;0;0;0;0;
29.01.2026;ZTO_B_WMA-01;ZTO_B_WMA-01;0;0;0;0;0;0;0;0;0;
29.01.2026;ZTO_B_WMA-02;ZTO_B_WMA-02;0;0;0;0;0;0;0;0;0;
29.01.2026;ZTO_B_WMA-03;ZTO_B_WMA-03;0;0;0;0;0;0;0;0;0;
29.01.2026;ZTO_C_KUJ-02;ZTO_C_KUJ-02;0;0;0;0;0;0;0;0;0;
29.01.2026;ZTO_C_LBL-01;ZTO_C_LBL-01;0;0;0;0;0;0;0;0;0;
29.01.2026;ZTO_C_LBU-01;ZTO_C_LBU-01;0;0;0;0;0;0;0;0;0;
29.01.2026;ZTO_C_MAZ-01;ZTO_C_MAZ-01;0;0;0;0;0;0;0;0;0;
29.01.2026;ZTO_C_PDL-01;ZTO_C_PDL-01;0;0;0;0;0;0;0;0;0;
29.01.2026;ZTO_C_WLK-01;ZTO_C_WLK-01;0;0;0;0;0;0;0;0;0;
29.01.2026;ZTO_C_WLK-02;ZTO_C_WLK-02;0;0;0;0;0;0;0;0;0;
29.01.2026;ZTO_C_WMA-01;ZTO_C_WMA-01;0;0;0;0;0;0;0;0;0;
29.01.2026;ZTO_C_WMA-02;ZTO_C_WMA-02;0;0;0;0;0;0;0;0;0;
29.01.2026;ZTO_C_WMA-03;ZTO_C_WMA-03;0;0;0;0;0;0;0;0;0;
30.01.2026;BASE;BASE_01-02-26;0;0;0;0;0;0;0;0;0;
30.01.2026;BASE;BASE_31-01-26;480;470;470;489;0;47;216;2499408;126;
30.01.2026;BASE_M;BASE_M-03-26;452;448,8;448;452;453;29;33;11009625,4;268;
30.01.2026;BASE_M;BASE_M-04-26;0;0;0;0;421,2;0;0;0;51;
30.01.2026;BASE_M;BASE_M-05-26;406;406;406;406;406,32;1;1;302064;1;
30.01.2026;BASE_M;BASE_M-06-26;0;0;0;0;439;0;0;0;5;
30.01.2026;BASE_M;BASE_M-07-26;450;450;448;450;460;3;3;1002912;2;
30.01.2026;BASE_M;BASE_M-08-26;0;0;0;0;0;0;0;0;0;
30.01.2026;BASE_Q;BASE_Q-1-27;0;0;0;0;467;0;0;0;2;
30.01.2026;BASE_Q;BASE_Q-2-26;421;423;421;423;422;17;22;20267520;436;
30.01.2026;BASE_Q;BASE_Q-2-27;0;0;0;0;412,63;0;0;0;0;
30.01.2026;BASE_Q;BASE_Q-3-26;450;448,5;448;450;450,4;15;17;16854768;306;
30.01.2026;BASE_Q;BASE_Q-3-27;0;0;0;0;433,54;0;0;0;0;
30.01.2026;BASE_Q;BASE_Q-4-26;477;476;476;477;479,25;19;22;23149216;536;
30.01.2026;BASE_W;BASE_W-06-26;605;585;585;610;599;48;89;8921220;203;
30.01.2026;BASE_W;BASE_W-07-26;630;640;630;640;633,51;9;36;3858120;86;
30.01.2026;BASE_W;BASE_W-08-26;0;0;0;0;572,5;0;0;0;6;
30.01.2026;BASE_W;BASE_W-09-26;0;0;0;0;454,27;0;0;0;5;
30.01.2026;BASE_W;BASE_W-10-26;0;0;0;0;454,27;0;0;0;0;
30.01.2026;BASE_WEEKEND;BASE_WEEKEND_05-26;0;0;0;0;0;0;0;0;0;
30.01.2026;BASE_Y;BASE_Y-27;436,01;435;435;436,01;437,53;6;6;22898728;711;
30.01.2026;BASE_Y;BASE_Y-28;0;0;0;0;422;0;0;0;126;
30.01.2026;BASE_Y;BASE_Y-29;0;0;0;0;431,29;0;0;0;2;
30.01.2026;BASE_Y;BASE_Y-30;0;0;0;0;434,85;0;0;0;0;
30.01.2026;GAS_BASE;GAS_BASE_31-01-26;209;207;203;209;0;94;3094;15297540;3010;
30.01.2026;GAS_BASE_M;GAS_BASE_M-01-27;0;0;0;0;156,43;0;0;0;107;
30.01.2026;GAS_BASE_M;GAS_BASE_M-02-26;197;193,65;192;197;192,4;13;41;5358964,8;23984;
30.01.2026;GAS_BASE_M;GAS_BASE_M-03-26;181;178,79;178,5;181;177,99;3;3;399949,47;19009;
30.01.2026;GAS_BASE_M;GAS_BASE_M-04-26;167;164,45;164;167;163;17;37;4409784;2066;
30.01.2026;GAS_BASE_M;GAS_BASE_M-05-26;143;143;143;143;142,75;1;4;425568;241;
30.01.2026;GAS_BASE_M;GAS_BASE_M-06-26;0;0;0;0;145,48;0;0;0;52;
30.01.2026;GAS_BASE_M;GAS_BASE_M-07-26;0;0;0;0;141,58;0;0;0;6;
30.01.2026;GAS_BASE_M;GAS_BASE_M-08-26;0;0;0;0;142,93;0;0;0;10;
30.01.2026;GAS_BASE_M;GAS_BASE_M-09-26;0;0;0;0;145,3;0;0;0;217;
30.01.2026;GAS_BASE_M;GAS_BASE_M-10-26;0;0;0;0;148,9;0;0;0;31;
30.01.2026;GAS_BASE_M;GAS_BASE_M-11-26;156;155;155;156;152,5;2;4;447840;945;
30.01.2026;GAS_BASE_M;GAS_BASE_M-12-26;158,5;157,5;157,5;158,5;155,33;2;4;470208;924;
30.01.2026;GAS_BASE_Q;GAS_BASE_Q-1-27;158,5;157,25;157;158,5;153,27;8;12;4079431;837;
30.01.2026;GAS_BASE_Q;GAS_BASE_Q-2-26;155;155;155;155;150,33;2;2;677040;7530;
30.01.2026;GAS_BASE_Q;GAS_BASE_Q-2-27;0;0;0;0;130,78;0;0;0;13;
30.01.2026;GAS_BASE_Q;GAS_BASE_Q-3-26;151,25;151,25;151,25;151,25;143,25;3;2;667920;6239;
30.01.2026;GAS_BASE_Q;GAS_BASE_Q-3-27;0;0;0;0;127,74;0;0;0;26;
30.01.2026;GAS_BASE_Q;GAS_BASE_Q-4-26;156,5;156;156;156,5;152,24;4;6;2068729;7995;
30.01.2026;GAS_BASE_S;GAS_BASE_S-S-26;0;0;0;0;146,77;0;0;0;72;
30.01.2026;GAS_BASE_S;GAS_BASE_S-S-27;0;0;0;0;129,25;0;0;0;9;
30.01.2026;GAS_BASE_S;GAS_BASE_S-W-26;0;0;0;0;152,75;0;0;0;636;
30.01.2026;GAS_BASE_S;GAS_BASE_S-W-27;0;0;0;0;131,5;0;0;0;4;
30.01.2026;GAS_BASE_W;GAS_BASE_W-06-26;198;198;195,5;198;194;23;416;13749288;2834;
30.01.2026;GAS_BASE_W;GAS_BASE_W-07-26;196;196;196;196;193,5;1;5;164640;5;
30.01.2026;GAS_BASE_W;GAS_BASE_W-08-26;0;0;0;0;192,4;0;0;0;0;
30.01.2026;GAS_BASE_W;GAS_BASE_W-09-26;0;0;0;0;178,01;0;0;0;0;
30.01.2026;GAS_BASE_Y;GAS_BASE_Y-27;138,25;138,75;138;138,75;136,3;4;5;6057540;3824;
30.01.2026;GAS_BASE_Y;GAS_BASE_Y-28;124,7;124,7;124,7;124,7;125;3;3;3286094;213;
30.01.2026;GAS_BASE_Y;GAS_BASE_Y-29;0;0;0;0;118;0;0;0;26;
30.01.2026;GAS_BASE_Y;GAS_BASE_Y-30;0;0;0;0;116,81;0;0;0;5;
30.01.2026;GAS_RDB;GAS_RDB_30-01-26;211;209,5;206;211;0;113;34755;7244383,75;33908;
30.01.2026;GAS_WEEKEND;GAS_WEEKEND_05-26;205;206,5;202;207;0;154;8934;87576984;9218;
30.01.2026;GLW_BASE;GLW_BASE_31-01-26;0;0;0;0;0;0;0;0;0;
30.01.2026;GLW_RDB;GLW_RDB_30-01-26;0;0;0;0;0;0;0;0;0;
30.01.2026;KUK_A_WMA-03;KUK_A_WMA-03;0;0;0;0;0;0;0;0;0;
30.01.2026;OFFPEAK;OFFPEAK_01-02-26;0;0;0;0;0;0;0;0;0;
30.01.2026;OFFPEAK;OFFPEAK_31-01-26;0;0;0;0;0;0;0;0;0;
30.01.2026;OFFPEAK_M;OFFPEAK_M-03-26;0;0;0;0;417,44;0;0;0;0;
30.01.2026;OFFPEAK_M;OFFPEAK_M-04-26;0;0;0;0;397,38;0;0;0;0;
30.01.2026;OFFPEAK_M;OFFPEAK_M-05-26;0;0;0;0;386,77;0;0;0;0;
30.01.2026;OFFPEAK_M;OFFPEAK_M-06-26;0;0;0;0;432,43;0;0;0;0;
30.01.2026;OFFPEAK_M;OFFPEAK_M-07-26;0;0;0;0;443,29;0;0;0;0;
30.01.2026;OFFPEAK_M;OFFPEAK_M-08-26;0;0;0;0;0;0;0;0;0;
30.01.2026;OFFPEAK_Q;OFFPEAK_Q-1-27;0;0;0;0;419,97;0;0;0;0;
30.01.2026;OFFPEAK_Q;OFFPEAK_Q-2-26;0;0;0;0;404,94;0;0;0;0;
30.01.2026;OFFPEAK_Q;OFFPEAK_Q-2-27;0;0;0;0;402,21;0;0;0;0;
30.01.2026;OFFPEAK_Q;OFFPEAK_Q-3-26;0;0;0;0;426,46;0;0;0;0;
30.01.2026;OFFPEAK_Q;OFFPEAK_Q-3-27;0;0;0;0;414,53;0;0;0;0;
30.01.2026;OFFPEAK_Q;OFFPEAK_Q-4-26;0;0;0;0;397,97;0;0;0;0;
30.01.2026;OFFPEAK_W;OFFPEAK_W-06-26;0;0;0;0;479,24;0;0;0;0;
30.01.2026;OFFPEAK_W;OFFPEAK_W-07-26;0;0;0;0;562,54;0;0;0;0;
30.01.2026;OFFPEAK_W;OFFPEAK_W-08-26;0;0;0;0;452,34;0;0;0;0;
30.01.2026;OFFPEAK_W;OFFPEAK_W-09-26;0;0;0;0;238,76;0;0;0;0;
30.01.2026;OFFPEAK_W;OFFPEAK_W-10-26;0;0;0;0;420,57;0;0;0;0;
30.01.2026;OFFPEAK_Y;OFFPEAK_Y-27;0;0;0;0;393,59;0;0;0;0;
30.01.2026;OFFPEAK_Y;OFFPEAK_Y-28;0;0;0;0;377,84;0;0;0;0;
30.01.2026;OFFPEAK_Y;OFFPEAK_Y-29;0;0;0;0;401,38;0;0;0;0;
30.01.2026;OFFPEAK_Y;OFFPEAK_Y-30;0;0;0;0;382,75;0;0;0;0;
30.01.2026;OFFP_WEEKEND;OFFP_WEEKEND_05-26;0;0;0;0;0;0;0;0;0;
30.01.2026;PEAK;PEAK_01-02-26;0;0;0;0;0;0;0;0;0;
30.01.2026;PEAK;PEAK_31-01-26;0;0;0;0;0;0;0;0;0;
30.01.2026;PEAK5_M;PEAK5_M-03-26;0;0;0;0;497,5;0;0;0;6;
30.01.2026;PEAK5_M;PEAK5_M-04-26;0;0;0;0;451,82;0;0;0;0;
30.01.2026;PEAK5_M;PEAK5_M-05-26;0;0;0;0;435,26;0;0;0;0;
30.01.2026;PEAK5_M;PEAK5_M-06-26;0;0;0;0;447,45;0;0;0;0;
30.01.2026;PEAK5_M;PEAK5_M-07-26;0;0;0;0;479,32;0;0;0;0;
30.01.2026;PEAK5_M;PEAK5_M-08-26;0;0;0;0;0;0;0;0;0;
30.01.2026;PEAK5_Q;PEAK5_Q-1-27;0;0;0;0;530,94;0;0;0;0;
30.01.2026;PEAK5_Q;PEAK5_Q-2-26;0;0;0;0;445;0;0;0;26;
30.01.2026;PEAK5_Q;PEAK5_Q-2-27;0;0;0;0;426,29;0;0;0;0;
30.01.2026;PEAK5_Q;PEAK5_Q-3-26;0;0;0;0;479,86;0;0;0;5;
30.01.2026;PEAK5_Q;PEAK5_Q-3-27;0;0;0;0;456,93;0;0;0;0;
30.01.2026;PEAK5_Q;PEAK5_Q-4-26;582;582;582;582;585;3;6;3352320;38;
30.01.2026;PEAK5_W;PEAK5_W-06-26;0;0;0;0;747,5;0;0;0;0;
30.01.2026;PEAK5_W;PEAK5_W-07-26;0;0;0;0;721,5;0;0;0;0;
30.01.2026;PEAK5_W;PEAK5_W-08-26;0;0;0;0;721,5;0;0;0;0;
30.01.2026;PEAK5_W;PEAK5_W-09-26;0;0;0;0;721,5;0;0;0;0;
30.01.2026;PEAK5_W;PEAK5_W-10-26;0;0;0;0;496,06;0;0;0;0;
30.01.2026;PEAK5_Y;PEAK5_Y-27;0;0;0;0;495;0;0;0;134;
30.01.2026;PEAK5_Y;PEAK5_Y-28;0;0;0;0;480,87;0;0;0;1;
30.01.2026;PEAK5_Y;PEAK5_Y-29;0;0;0;0;470,97;0;0;0;0;
30.01.2026;PEAK5_Y;PEAK5_Y-30;0;0;0;0;504,45;0;0;0;0;
30.01.2026;PEAK_WEEKEND;PEAK_WEEKEND_05-26;0;0;0;0;0;0;0;0;0;
30.01.2026;PSZ_B_DLS-01;PSZ_B_DLS-01;0;0;0;0;0;0;0;0;0;
30.01.2026;PSZ_B_KUJ-01;PSZ_B_KUJ-01;0;0;0;0;0;0;0;0;0;
30.01.2026;PSZ_B_KUJ-02;PSZ_B_KUJ-02;0;0;0;0;0;0;0;0;0;
30.01.2026;PSZ_B_LBL-01;PSZ_B_LBL-01;0;0;0;0;0;0;0;0;0;
30.01.2026;PSZ_B_LBL-02;PSZ_B_LBL-02;0;0;0;0;0;0;0;0;0;
30.01.2026;PSZ_B_LBL-03;PSZ_B_LBL-03;0;0;0;0;0;0;0;0;0;
30.01.2026;PSZ_B_LBL-04;PSZ_B_LBL-04;0;0;0;0;0;0;0;0;0;
30.01.2026;PSZ_B_LBL-05;PSZ_B_LBL-05;0;0;0;0;0;0;0;0;0;
30.01.2026;PSZ_B_LBL-06;PSZ_B_LBL-06;0;0;0;0;0;0;0;0;0;
30.01.2026;PSZ_B_LBL-07;PSZ_B_LBL-07;0;0;0;0;0;0;0;0;0;
30.01.2026;PSZ_B_LBU-01;PSZ_B_LBU-01;0;0;0;0;0;0;0;0;0;
30.01.2026;PSZ_B_LBU-02;PSZ_B_LBU-02;0;0;0;0;0;0;0;0;0;
30.01.2026;PSZ_B_MAZ-01;PSZ_B_MAZ-01;0;0;0;0;0;0;0;0;0;
30.01.2026;PSZ_B_MAZ-02;PSZ_B_MAZ-02;0;0;0;0;0;0;0;0;0;
30.01.2026;PSZ_B_MAZ-03;PSZ_B_MAZ-03;0;0;0;0;0;0;0;0;0;
30.01.2026;PSZ_B_OPO-01;PSZ_B_OPO-01;0;0;0;0;0;0;0;0;0;
30.01.2026;PSZ_B_OPO-02;PSZ_B_OPO-02;0;0;0;0;0;0;0;0;0;
30.01.2026;PSZ_B_PDK-01;PSZ_B_PDK-01;0;0;0;0;0;0;0;0;0;
30.01.2026;PSZ_B_PDL-01;PSZ_B_PDL-01;0;0;0;0;0;0;0;0;0;
30.01.2026;PSZ_B_POM-01;PSZ_B_POM-01;0;0;0;0;0;0;0;0;0;
30.01.2026;PSZ_B_POM-02;PSZ_B_POM-02;0;0;0;0;0;0;0;0;0;
30.01.2026;PSZ_B_WLK-01;PSZ_B_WLK-01;0;0;0;0;0;0;0;0;0;
30.01.2026;PSZ_B_WLK-02;PSZ_B_WLK-02;0;0;0;0;0;0;0;0;0;
30.01.2026;PSZ_B_WLK-03;PSZ_B_WLK-03;0;0;0;0;0;0;0;0;0;
30.01.2026;PSZ_B_WLK-04;PSZ_B_WLK-04;0;0;0;0;0;0;0;0;0;
30.01.2026;PSZ_B_WMA-01;PSZ_B_WMA-01;0;0;0;0;0;0;0;0;0;
30.01.2026;PSZ_B_WMA-02;PSZ_B_WMA-02;0;0;0;0;0;0;0;0;0;
30.01.2026;PSZ_B_WMA-03;PSZ_B_WMA-03;0;0;0;0;0;0;0;0;0;
30.01.2026;PSZ_B_WMA-04;PSZ_B_WMA-04;0;0;0;0;0;0;0;0;0;
30.01.2026;PSZ_B_WMA-05;PSZ_B_WMA-05;0;0;0;0;0;0;0;0;0;
30.01.2026;PSZ_B_WMA-06;PSZ_B_WMA-06;0;0;0;0;0;0;0;0;0;
30.01.2026;PSZ_B_ZPO-01;PSZ_B_ZPO-01;0;0;0;0;0;0;0;0;0;
30.01.2026;PSZ_B_ZPO-02;PSZ_B_ZPO-02;0;0;0;0;0;0;0;0;0;
30.01.2026;PSZ_C_DLS-01;PSZ_C_DLS-01;0;0;0;0;0;0;0;0;0;
30.01.2026;PSZ_C_KUJ-01;PSZ_C_KUJ-01;0;0;0;0;0;0;0;0;0;
30.01.2026;PSZ_C_KUJ-02;PSZ_C_KUJ-02;0;0;0;0;0;0;0;0;0;
30.01.2026;PSZ_C_LBL-01;PSZ_C_LBL-01;0;0;0;0;0;0;0;0;0;
30.01.2026;PSZ_C_LBL-02;PSZ_C_LBL-02;0;0;0;0;0;0;0;0;0;
30.01.2026;PSZ_C_LBL-03;PSZ_C_LBL-03;0;0;0;0;0;0;0;0;0;
30.01.2026;PSZ_C_LBL-04;PSZ_C_LBL-04;0;0;0;0;0;0;0;0;0;
30.01.2026;PSZ_C_LBL-05;PSZ_C_LBL-05;0;0;0;0;0;0;0;0;0;
30.01.2026;PSZ_C_LBL-06;PSZ_C_LBL-06;0;0;0;0;0;0;0;0;0;
30.01.2026;PSZ_C_LBL-07;PSZ_C_LBL-07;0;0;0;0;0;0;0;0;0;
30.01.2026;PSZ_C_LBU-01;PSZ_C_LBU-01;0;0;0;0;0;0;0;0;0;
30.01.2026;PSZ_C_LBU-02;PSZ_C_LBU-02;0;0;0;0;0;0;0;0;0;
30.01.2026;PSZ_C_MAZ-01;PSZ_C_MAZ-01;0;0;0;0;0;0;0;0;0;
30.01.2026;PSZ_C_MAZ-02;PSZ_C_MAZ-02;0;0;0;0;0;0;0;0;0;
30.01.2026;PSZ_C_MAZ-03;PSZ_C_MAZ-03;0;0;0;0;0;0;0;0;0;
30.01.2026;PSZ_C_OPO-01;PSZ_C_OPO-01;0;0;0;0;0;0;0;0;0;
30.01.2026;PSZ_C_OPO-02;PSZ_C_OPO-02;0;0;0;0;0;0;0;0;0;
30.01.2026;PSZ_C_PDK-01;PSZ_C_PDK-01;0;0;0;0;0;0;0;0;0;
30.01.2026;PSZ_C_PDL-01;PSZ_C_PDL-01;0;0;0;0;0;0;0;0;0;
30.01.2026;PSZ_C_POM-01;PSZ_C_POM-01;0;0;0;0;0;0;0;0;0;
30.01.2026;PSZ_C_POM-02;PSZ_C_POM-02;0;0;0;0;0;0;0;0;0;
30.01.2026;PSZ_C_WLK-01;PSZ_C_WLK-01;0;0;0;0;0;0;0;0;0;
30.01.2026;PSZ_C_WLK-02;PSZ_C_WLK-02;0;0;0;0;0;0;0;0;0;
30.01.2026;PSZ_C_WLK-03;PSZ_C_WLK-03;0;0;0;0;0;0;0;0;0;
30.01.2026;PSZ_C_WLK-04;PSZ_C_WLK-04;0;0;0;0;0;0;0;0;0;
30.01.2026;PSZ_C_WMA-01;PSZ_C_WMA-01;0;0;0;0;0;0;0;0;0;
30.01.2026;PSZ_C_WMA-02;PSZ_C_WMA-02;0;0;0;0;0;0;0;0;0;
30.01.2026;PSZ_C_WMA-03;PSZ_C_WMA-03;0;0;0;0;0;0;0;0;0;
30.01.2026;PSZ_C_WMA-04;PSZ_C_WMA-04;0;0;0;0;0;0;0;0;0;
30.01.2026;PSZ_C_WMA-05;PSZ_C_WMA-05;0;0;0;0;0;0;0;0;0;
30.01.2026;PSZ_C_WMA-06;PSZ_C_WMA-06;0;0;0;0;0;0;0;0;0;
30.01.2026;PSZ_C_ZPO-01;PSZ_C_ZPO-01;0;0;0;0;0;0;0;0;0;
30.01.2026;PSZ_C_ZPO-02;PSZ_C_ZPO-02;0;0;0;0;0;0;0;0;0;
30.01.2026;RDN-1;RDN_31-01-26_H01;480;480;480;480;0;141;3059,4;1468512;2657,6;
30.01.2026;RDN-1;RDN_31-01-26_H02;456;456;456;456;0;145;2753;1255368;2508,7;
30.01.2026;RDN-1;RDN_31-01-26_H03;443,79;443,79;443,79;443,79;0;144;2666,4;1183321,656;2332,7;
30.01.2026;RDN-1;RDN_31-01-26_H04;443,25;443,25;443,25;443,25;0;149;2717,6;1204576,2;2354,8;
30.01.2026;RDN-1;RDN_31-01-26_H05;440;440;440;440;0;153;2897,3;1274812;2527,3;
30.01.2026;RDN-1;RDN_31-01-26_H06;441;441;441;441;0;150;3090,4;1362866,4;2734,3;
30.01.2026;RDN-1;RDN_31-01-26_H07;450;450;450;450;0;142;2853,9;1284255;2596,9;
30.01.2026;RDN-1;RDN_31-01-26_H08;490,29;490,29;490,29;490,29;0;157;3493,4;1712779,086;3004,7;
30.01.2026;RDN-1;RDN_31-01-26_H09;500;500;500;500;0;156;3940,6;1970300;3401,1;
30.01.2026;RDN-1;RDN_31-01-26_H10;505;505;505;505;0;154;4301,7;2172358,5;3723,5;
30.01.2026;RDN-1;RDN_31-01-26_H11;484;484;484;484;0;155;4256,5;2060146;3697;
30.01.2026;RDN-1;RDN_31-01-26_H12;462;462;462;462;0;154;4136,2;1910924,4;3577,8;
30.01.2026;RDN-1;RDN_31-01-26_H13;454,48;454,48;444;454,48;0;159;4143,1;1882851,288;3483,4;
30.01.2026;RDN-1;RDN_31-01-26_H14;454,82;454,82;444;454,82;0;155;3908,3;1777464,806;3298,9;
30.01.2026;RDN-1;RDN_31-01-26_H15;486;476;476;486;0;158;4004,8;1946232,8;3447;
30.01.2026;RDN-1;RDN_31-01-26_H16;532;532;532;532;0;165;4119,8;2191733,6;3537,4;
30.01.2026;RDN-1;RDN_31-01-26_H17;532;532;532;532;0;156;4455,5;2370326;3980,6;
30.01.2026;RDN-1;RDN_31-01-26_H18;554;554;554;560;0;156;4734,4;2623157,6;4193,4;
30.01.2026;RDN-1;RDN_31-01-26_H19;558;569;558;569;0;149;4635;2586440;4234,7;
30.01.2026;RDN-1;RDN_31-01-26_H20;542,93;549;542,93;549;0;155;4603,4;2499384,662;4118,6;
30.01.2026;RDN-1;RDN_31-01-26_H21;502;502;502;502;0;142;4129,1;2072808,2;3715,7;
30.01.2026;RDN-1;RDN_31-01-26_H22;481,6;481,6;481,6;481,6;0;139;3762;1811779,2;3391,4;
30.01.2026;RDN-1;RDN_31-01-26_H23;478,1;478,1;478,1;478,1;0;142;3441,6;1645428,96;3212,4;
30.01.2026;RDN-1;RDN_31-01-26_H24;443,08;433;433;443,08;0;139;2871,7;1272292,036;2620,2;
30.01.2026;RZP_A_LBL-01;RZP_A_LBL-01;0;0;0;0;0;0;0;0;0;
30.01.2026;SGT_BASE;SGT_BASE_31-01-26;0;0;0;0;0;0;0;0;0;
30.01.2026;SGT_RDB;SGT_RDB_30-01-26;0;0;0;0;0;0;0;0;0;
30.01.2026;ZTO_B_KUJ-02;ZTO_B_KUJ-02;0;0;0;0;0;0;0;0;0;
30.01.2026;ZTO_B_LBL-01;ZTO_B_LBL-01;0;0;0;0;0;0;0;0;0;
30.01.2026;ZTO_B_LBU-01;ZTO_B_LBU-01;0;0;0;0;0;0;0;0;0;
30.01.2026;ZTO_B_MAZ-01;ZTO_B_MAZ-01;0;0;0;0;0;0;0;0;0;
30.01.2026;ZTO_B_PDL-01;ZTO_B_PDL-01;0;0;0;0;0;0;0;0;0;
30.01.2026;ZTO_B_WLK-01;ZTO_B_WLK-01;0;0;0;0;0;0;0;0;0;
30.01.2026;ZTO_B_WLK-02;ZTO_B_WLK-02;0;0;0;0;0;0;0;0;0;
30.01.2026;ZTO_B_WMA-01;ZTO_B_WMA-01;0;0;0;0;0;0;0;0;0;
30.01.2026;ZTO_B_WMA-02;ZTO_B_WMA-02;0;0;0;0;0;0;0;0;0;
30.01.2026;ZTO_B_WMA-03;ZTO_B_WMA-03;0;0;0;0;0;0;0;0;0;
30.01.2026;ZTO_C_KUJ-02;ZTO_C_KUJ-02;0;0;0;0;0;0;0;0;0;
30.01.2026;ZTO_C_LBL-01;ZTO_C_LBL-01;0;0;0;0;0;0;0;0;0;
30.01.2026;ZTO_C_LBU-01;ZTO_C_LBU-01;0;0;0;0;0;0;0;0;0;
30.01.2026;ZTO_C_MAZ-01;ZTO_C_MAZ-01;0;0;0;0;0;0;0;0;0;
30.01.2026;ZTO_C_PDL-01;ZTO_C_PDL-01;0;0;0;0;0;0;0;0;0;
30.01.2026;ZTO_C_WLK-01;ZTO_C_WLK-01;0;0;0;0;0;0;0;0;0;
30.01.2026;ZTO_C_WLK-02;ZTO_C_WLK-02;0;0;0;0;0;0;0;0;0;
30.01.2026;ZTO_C_WMA-01;ZTO_C_WMA-01;0;0;0;0;0;0;0;0;0;
30.01.2026;ZTO_C_WMA-02;ZTO_C_WMA-02;0;0;0;0;0;0;0;0;0;
30.01.2026;ZTO_C_WMA-03;ZTO_C_WMA-03;0;0;0;0;0;0;0;0;0;
31.01.2026;BASE;BASE_01-02-26;430;442;430;442;0;33;171;1786968;95;
31.01.2026;BASE;BASE_02-02-26;0;0;0;0;0;0;0;0;0;
31.01.2026;GAS_BASE;GAS_BASE_01-02-26;211,35;207;207;212,5;0;133;4948;24843563,04;4733;
31.01.2026;GAS_RDB;GAS_RDB_31-01-26;209;195;195;212;0;125;50644;10616747,24;44163;
31.01.2026;GLW_BASE;GLW_BASE_01-02-26;0;0;0;0;0;0;0;0;0;
31.01.2026;GLW_RDB;GLW_RDB_31-01-26;0;0;0;0;0;0;0;0;0;
31.01.2026;OFFPEAK;OFFPEAK_01-02-26;0;0;0;0;0;0;0;0;0;
31.01.2026;OFFPEAK;OFFPEAK_02-02-26;0;0;0;0;0;0;0;0;0;
31.01.2026;PEAK;PEAK_01-02-26;0;0;0;0;0;0;0;0;0;
31.01.2026;PEAK;PEAK_02-02-26;0;0;0;0;0;0;0;0;0;
31.01.2026;RDN-1;RDN_01-02-26_H01;454,15;414,15;414,15;454,15;0;153;3010,5;1366778,575;2693,8;
31.01.2026;RDN-1;RDN_01-02-26_H02;446;446;446;446;0;153;3006,1;1340720,6;2671,9;
31.01.2026;RDN-1;RDN_01-02-26_H03;430;430;430;430;0;144;2775,2;1193336;2525,1;
31.01.2026;RDN-1;RDN_01-02-26_H04;420,68;420,68;420,68;420,68;0;146;2783,7;1171046,916;2562,7;
31.01.2026;RDN-1;RDN_01-02-26_H05;419;419;419;419;0;146;2789,6;1168842,4;2548,8;
31.01.2026;RDN-1;RDN_01-02-26_H06;421,7;421,7;421,7;421,7;0;147;2941,2;1240304,04;2666,1;
31.01.2026;RDN-1;RDN_01-02-26_H07;441;441;441;441;0;161;3330,3;1468662,3;2984;
31.01.2026;RDN-1;RDN_01-02-26_H08;454,15;454,15;454,15;454,15;0;158;3035,4;1378526,91;2742,3;
31.01.2026;RDN-1;RDN_01-02-26_H09;468;468;468;468;0;153;3367,5;1575990;2997,3;
31.01.2026;RDN-1;RDN_01-02-26_H10;454,05;454,05;454,05;454,05;0;142;3613,5;1640709,675;3248,5;
31.01.2026;RDN-1;RDN_01-02-26_H11;440,53;440,53;440,53;440,53;0;148;3830,9;1687626,377;3520;
31.01.2026;RDN-1;RDN_01-02-26_H12;430,32;430,32;430,32;430,32;0;144;3729,1;1604706,312;3314,9;
31.01.2026;RDN-1;RDN_01-02-26_H13;421,7;421,7;421,7;421,7;0;146;3717,8;1567796,26;3297,5;
31.01.2026;RDN-1;RDN_01-02-26_H14;430;430;430;430;0;157;4118,4;1770912;3686,1;
31.01.2026;RDN-1;RDN_01-02-26_H15;466,85;466,85;466,85;466,85;0;156;3680,2;1718101,37;3410,5;
31.01.2026;RDN-1;RDN_01-02-26_H16;479;479;479;479;0;156;3404,9;1630947,1;3035;
31.01.2026;RDN-1;RDN_01-02-26_H17;519;519;519;519;0;164;4075,3;2115080,7;3692;
31.01.2026;RDN-1;RDN_01-02-26_H18;559,66;559,66;559,66;559,66;0;164;4787,4;2679316,284;4330,1;
31.01.2026;RDN-1;RDN_01-02-26_H19;560;560;560;560;0;165;5033,4;2818704;4557,7;
31.01.2026;RDN-1;RDN_01-02-26_H20;567,8;567,8;567,8;567,8;0;171;4973,4;2823896,52;4487,8;
31.01.2026;RDN-1;RDN_01-02-26_H21;516,84;516,84;516,84;516,84;0;165;4624,7;2390229,948;4109,4;
31.01.2026;RDN-1;RDN_01-02-26_H22;486;486;486;486;0;149;3999,5;1943757;3600,4;
31.01.2026;RDN-1;RDN_01-02-26_H23;474,5;474,5;474,5;474,5;0;139;3537,1;1678353,95;3265,2;
31.01.2026;RDN-1;RDN_01-02-26_H24;460;460;460;460;0;148;3071,7;1412982;2785,2;
31.01.2026;SGT_BASE;SGT_BASE_01-02-26;0;0;0;0;0;0;0;0;0;
31.01.2026;SGT_RDB;SGT_RDB_31-01-26;0;0;0;0;0;0;0;0;0;
01.02.2026;BASE;BASE_02-02-26;590;579;565;590;0;49;257;3540672;166;
01.02.2026;BASE;BASE_03-02-26;0;0;0;0;0;0;0;0;0;
01.02.2026;GAS_BASE;GAS_BASE_02-02-26;208;208;204,25;209;0;166;13793;68406424,8;13331;
01.02.2026;GAS_RDB;GAS_RDB_01-02-26;206,5;206;204;207;0;132;46606;9567497;38046;
01.02.2026;GLW_BASE;GLW_BASE_02-02-26;0;0;0;0;0;0;0;0;0;
01.02.2026;GLW_RDB;GLW_RDB_01-02-26;0;0;0;0;0;0;0;0;0;
01.02.2026;OFFPEAK;OFFPEAK_02-02-26;0;0;0;0;0;0;0;0;0;
01.02.2026;OFFPEAK;OFFPEAK_03-02-26;0;0;0;0;0;0;0;0;0;
01.02.2026;PEAK;PEAK_02-02-26;0;0;0;0;0;0;0;0;0;
01.02.2026;PEAK;PEAK_03-02-26;0;0;0;0;0;0;0;0;0;
01.02.2026;RDN-1;RDN_02-02-26_H01;450,86;450,86;450,86;450,86;0;142;2746,3;1238196,818;2504,4;
01.02.2026;RDN-1;RDN_02-02-26_H02;441,6;441,6;441,6;441,6;0;144;2676,9;1182119,04;2389,6;
01.02.2026;RDN-1;RDN_02-02-26_H03;420;420;420;420;0;144;2660,9;1117578;2426,3;
01.02.2026;RDN-1;RDN_02-02-26_H04;425,86;425,86;425,86;425,86;0;145;2649,6;1128358,656;2411,6;
01.02.2026;RDN-1;RDN_02-02-26_H05;439;439;439;439;0;144;2878,5;1263661,5;2662,2;
01.02.2026;RDN-1;RDN_02-02-26_H06;461,15;430;430;461,15;0;140;2951,5;1360928,475;2684,3;
01.02.2026;RDN-1;RDN_02-02-26_H07;563,7;563,7;563,7;563,7;0;154;4051,6;2283886,92;3629;
01.02.2026;RDN-1;RDN_02-02-26_H08;821;800;800;821;0;182;4619,6;3792397,6;4084,5;
01.02.2026;RDN-1;RDN_02-02-26_H09;800;780;780;800;0;164;4859,4;3887240;4366,8;
01.02.2026;RDN-1;RDN_02-02-26_H10;659;650;650;659;0;152;4265,1;2810678,4;3659,9;
01.02.2026;RDN-1;RDN_02-02-26_H11;551,11;551,11;551,11;551,11;0;143;3665,3;2019983,483;3137,3;
01.02.2026;RDN-1;RDN_02-02-26_H12;506;506;506;506;0;141;3597,4;1820284,4;3012,7;
01.02.2026;RDN-1;RDN_02-02-26_H13;487,98;477;477;487,98;0;145;3581;1747346,58;3030,6;
01.02.2026;RDN-1;RDN_02-02-26_H14;500,67;470;470;500,67;0;143;3450,8;1727582,656;3040,8;
01.02.2026;RDN-1;RDN_02-02-26_H15;570;570;570;570;0;134;3550,7;2023899;3130,7;
01.02.2026;RDN-1;RDN_02-02-26_H16;693,5;670;670;693,5;0;154;4183,3;2900883,55;3728,7;
01.02.2026;RDN-1;RDN_02-02-26_H17;850;830,7;830,7;850;0;190;4978,1;4230613;4500;
01.02.2026;RDN-1;RDN_02-02-26_H18;809,27;804,2;804,2;809,27;0;171;5178,9;4191074,154;4691,6;
01.02.2026;RDN-1;RDN_02-02-26_H19;800;800;800;800;0;168;5248,3;4198640;4643,4;
01.02.2026;RDN-1;RDN_02-02-26_H20;827,87;827,87;827,87;827,87;0;175;5035,9;4169070,533;4507,6;
01.02.2026;RDN-1;RDN_02-02-26_H21;720;720;720;720;0;172;4936,6;3554352;4307;
01.02.2026;RDN-1;RDN_02-02-26_H22;564,11;564,11;564,11;564,11;0;169;4292,4;2421385,764;3800,9;
01.02.2026;RDN-1;RDN_02-02-26_H23;489,5;489,5;489,5;489,5;0;154;4425,5;2166282,25;3946,6;
01.02.2026;RDN-1;RDN_02-02-26_H24;462,29;462,29;462,29;462,29;0;140;3552,1;1642100,309;3251,1;
01.02.2026;SGT_BASE;SGT_BASE_02-02-26;0;0;0;0;0;0;0;0;0;
01.02.2026;SGT_RDB;SGT_RDB_01-02-26;0;0;0;0;0;0;0;0;0;
02.02.2026;BASE;BASE_03-02-26;577;560;560;588;0;58;322;4488432;220;
02.02.2026;BASE;BASE_04-02-26;0;0;0;0;0;0;0;0;0;
02.02.2026;BASE_M;BASE_M-03-26;440;438,5;438;443;448,36;31;33;10778552,4;270;
02.02.2026;BASE_M;BASE_M-04-26;416,2;417;416;417;422,76;6;7;2100384;58;
02.02.2026;BASE_M;BASE_M-05-26;0;0;0;0;406;0;0;0;2;
02.02.2026;BASE_M;BASE_M-06-26;0;0;0;0;440,81;0;0;0;5;
02.02.2026;BASE_M;BASE_M-07-26;0;0;0;0;449,33;0;0;0;2;
02.02.2026;BASE_M;BASE_M-08-26;0;0;0;0;444,06;0;0;0;0;
02.02.2026;BASE_Q;BASE_Q-1-27;0;0;0;0;466,5;0;0;0;2;
02.02.2026;BASE_Q;BASE_Q-2-26;421;419,5;417;421;423;28;33;30203628;445;
02.02.2026;BASE_Q;BASE_Q-2-27;0;0;0;0;410,81;0;0;0;0;
02.02.2026;BASE_Q;BASE_Q-3-26;449;451;449;451;448,5;6;6;5961600;311;
02.02.2026;BASE_Q;BASE_Q-3-27;0;0;0;0;431,64;0;0;0;0;
02.02.2026;BASE_Q;BASE_Q-4-26;478;478;478;478;476;5;5;5279510;535;
02.02.2026;BASE_W;BASE_W-07-26;620;620;620;620;640;3;3;312480;86;
02.02.2026;BASE_W;BASE_W-08-26;0;0;0;0;582,5;0;0;0;6;
02.02.2026;BASE_W;BASE_W-09-26;0;0;0;0;449,62;0;0;0;5;
02.02.2026;BASE_W;BASE_W-10-26;0;0;0;0;449,62;0;0;0;0;
02.02.2026;BASE_W;BASE_W-11-26;0;0;0;0;0;0;0;0;0;
02.02.2026;BASE_Y;BASE_Y-27;435;436,5;435;436,8;435,6;8;8;30550938;713;
02.02.2026;BASE_Y;BASE_Y-28;420;422;420;422;420,5;2;2;7396128;126;
02.02.2026;BASE_Y;BASE_Y-29;0;0;0;0;430,22;0;0;0;2;
02.02.2026;BASE_Y;BASE_Y-30;0;0;0;0;433,11;0;0;0;0;
02.02.2026;GAS_BASE;GAS_BASE_03-02-26;189,6;189,15;187;203;0;281;15611;71029791,12;14924;
02.02.2026;GAS_BASE_M;GAS_BASE_M-01-27;157,5;157,5;157,5;157,5;160,27;1;2;234360;109;
02.02.2026;GAS_BASE_M;GAS_BASE_M-02-27;156;156;156;156;0;3;4;419328;4;
02.02.2026;GAS_BASE_M;GAS_BASE_M-03-26;164,95;164,5;164;164,95;178,65;11;39;4758432,05;19030;
02.02.2026;GAS_BASE_M;GAS_BASE_M-04-26;157,5;155,25;155;158;165,36;23;123;13882147,2;2177;
02.02.2026;GAS_BASE_M;GAS_BASE_M-05-26;148;146,75;146,75;148;149,33;11;40;4385880;262;
02.02.2026;GAS_BASE_M;GAS_BASE_M-06-26;0;0;0;0;150,5;0;0;0;52;
02.02.2026;GAS_BASE_M;GAS_BASE_M-07-26;0;0;0;0;149,45;0;0;0;6;
02.02.2026;GAS_BASE_M;GAS_BASE_M-08-26;0;0;0;0;150,94;0;0;0;10;
02.02.2026;GAS_BASE_M;GAS_BASE_M-09-26;0;0;0;0;153,44;0;0;0;217;
02.02.2026;GAS_BASE_M;GAS_BASE_M-10-26;0;0;0;0;154,86;0;0;0;31;
02.02.2026;GAS_BASE_M;GAS_BASE_M-11-26;152;151,75;151,5;152,5;155,5;9;40;4371480;985;
02.02.2026;GAS_BASE_M;GAS_BASE_M-12-26;155;154,75;154,5;155,5;158;8;40;4607220;964;
02.02.2026;GAS_BASE_Q;GAS_BASE_Q-1-27;153,75;153,75;153;154;157,2;17;59;19543808;891;
02.02.2026;GAS_BASE_Q;GAS_BASE_Q-2-26;0;0;0;0;155;0;0;0;7530;
02.02.2026;GAS_BASE_Q;GAS_BASE_Q-2-27;0;0;0;0;132,87;0;0;0;13;
02.02.2026;GAS_BASE_Q;GAS_BASE_Q-3-26;0;0;0;0;151,25;0;0;0;6239;
02.02.2026;GAS_BASE_Q;GAS_BASE_Q-3-27;0;0;0;0;130,64;0;0;0;26;
02.02.2026;GAS_BASE_Q;GAS_BASE_Q-4-26;152;151,5;151,25;152,25;156,13;9;41;13753786;8036;
02.02.2026;GAS_BASE_S;GAS_BASE_S-S-26;0;0;0;0;153,11;0;0;0;72;
02.02.2026;GAS_BASE_S;GAS_BASE_S-S-27;0;0;0;0;131,75;0;0;0;9;
02.02.2026;GAS_BASE_S;GAS_BASE_S-W-26;152,5;152,5;152,5;152,5;156,66;1;1;666120;637;
02.02.2026;GAS_BASE_S;GAS_BASE_S-W-27;0;0;0;0;146,9;0;0;0;4;
02.02.2026;GAS_BASE_W;GAS_BASE_W-07-26;190;186,8;184,5;190;196;75;1041;32663299,2;1036;
02.02.2026;GAS_BASE_W;GAS_BASE_W-08-26;182,2;182;182;182,2;192,75;14;200;6115704;200;
02.02.2026;GAS_BASE_W;GAS_BASE_W-09-26;0;0;0;0;178,66;0;0;0;0;
02.02.2026;GAS_BASE_W;GAS_BASE_W-10-26;0;0;0;0;0;0;0;0;0;
02.02.2026;GAS_BASE_Y;GAS_BASE_Y-27;136,5;136,5;136,25;136,5;138,31;6;13;15535860;3835;
02.02.2026;GAS_BASE_Y;GAS_BASE_Y-28;123,75;124;123,75;124;124,7;4;5;5439492;218;
02.02.2026;GAS_BASE_Y;GAS_BASE_Y-29;0;0;0;0;117,5;0;0;0;26;
02.02.2026;GAS_BASE_Y;GAS_BASE_Y-30;0;0;0;0;118,32;0;0;0;5;
02.02.2026;GAS_RDB;GAS_RDB_02-02-26;204;191;190;204;0;179;79543;15347023,4;72418;
02.02.2026;GLW_BASE;GLW_BASE_03-02-26;0;0;0;0;0;0;0;0;0;
02.02.2026;GLW_RDB;GLW_RDB_02-02-26;0;0;0;0;0;0;0;0;0;
02.02.2026;KUK_A_WMA-03;KUK_A_WMA-03;0;0;0;0;0;0;0;0;0;
02.02.2026;OFFPEAK;OFFPEAK_03-02-26;0;0;0;0;0;0;0;0;0;
02.02.2026;OFFPEAK;OFFPEAK_04-02-26;0;0;0;0;0;0;0;0;0;
02.02.2026;OFFPEAK_M;OFFPEAK_M-03-26;0;0;0;0;410,69;0;0;0;0;
02.02.2026;OFFPEAK_M;OFFPEAK_M-04-26;0;0;0;0;406,08;0;0;0;0;
02.02.2026;OFFPEAK_M;OFFPEAK_M-05-26;0;0;0;0;391,18;0;0;0;0;
02.02.2026;OFFPEAK_M;OFFPEAK_M-06-26;0;0;0;0;441,51;0;0;0;0;
02.02.2026;OFFPEAK_M;OFFPEAK_M-07-26;0;0;0;0;436,02;0;0;0;0;
02.02.2026;OFFPEAK_M;OFFPEAK_M-08-26;0;0;0;0;421,06;0;0;0;0;
02.02.2026;OFFPEAK_Q;OFFPEAK_Q-1-27;0;0;0;0;402,82;0;0;0;0;
02.02.2026;OFFPEAK_Q;OFFPEAK_Q-2-26;0;0;0;0;412,25;0;0;0;0;
02.02.2026;OFFPEAK_Q;OFFPEAK_Q-2-27;0;0;0;0;404,52;0;0;0;0;
02.02.2026;OFFPEAK_Q;OFFPEAK_Q-3-26;0;0;0;0;430,21;0;0;0;0;
02.02.2026;OFFPEAK_Q;OFFPEAK_Q-3-27;0;0;0;0;417,37;0;0;0;0;
02.02.2026;OFFPEAK_Q;OFFPEAK_Q-4-26;0;0;0;0;394,53;0;0;0;0;
02.02.2026;OFFPEAK_W;OFFPEAK_W-07-26;0;0;0;0;567,42;0;0;0;0;
02.02.2026;OFFPEAK_W;OFFPEAK_W-08-26;0;0;0;0;463,55;0;0;0;0;
02.02.2026;OFFPEAK_W;OFFPEAK_W-09-26;0;0;0;0;318,63;0;0;0;0;
02.02.2026;OFFPEAK_W;OFFPEAK_W-10-26;0;0;0;0;413,77;0;0;0;0;
02.02.2026;OFFPEAK_W;OFFPEAK_W-11-26;0;0;0;0;0;0;0;0;0;
02.02.2026;OFFPEAK_Y;OFFPEAK_Y-27;0;0;0;0;396,61;0;0;0;0;
02.02.2026;OFFPEAK_Y;OFFPEAK_Y-28;0;0;0;0;376,5;0;0;0;0;
02.02.2026;OFFPEAK_Y;OFFPEAK_Y-29;0;0;0;0;400,38;0;0;0;0;
02.02.2026;OFFPEAK_Y;OFFPEAK_Y-30;0;0;0;0;394,24;0;0;0;0;
02.02.2026;PEAK;PEAK_03-02-26;0;0;0;0;0;0;0;0;0;
02.02.2026;PEAK;PEAK_04-02-26;0;0;0;0;0;0;0;0;0;
02.02.2026;PEAK5_M;PEAK5_M-03-26;0;0;0;0;495,5;0;0;0;6;
02.02.2026;PEAK5_M;PEAK5_M-04-26;0;0;0;0;444,21;0;0;0;0;
02.02.2026;PEAK5_M;PEAK5_M-05-26;0;0;0;0;427,93;0;0;0;0;
02.02.2026;PEAK5_M;PEAK5_M-06-26;0;0;0;0;439,91;0;0;0;0;
02.02.2026;PEAK5_M;PEAK5_M-07-26;0;0;0;0;464,74;0;0;0;0;
02.02.2026;PEAK5_M;PEAK5_M-08-26;0;0;0;0;475,38;0;0;0;0;
02.02.2026;PEAK5_Q;PEAK5_Q-1-27;0;0;0;0;553,08;0;0;0;0;
02.02.2026;PEAK5_Q;PEAK5_Q-2-26;0;0;0;0;437,5;0;0;0;26;
02.02.2026;PEAK5_Q;PEAK5_Q-2-27;0;0;0;0;419,07;0;0;0;0;
02.02.2026;PEAK5_Q;PEAK5_Q-3-26;0;0;0;0;471;0;0;0;5;
02.02.2026;PEAK5_Q;PEAK5_Q-3-27;0;0;0;0;449,19;0;0;0;0;
02.02.2026;PEAK5_Q;PEAK5_Q-4-26;580;580;580;580;582;6;8;4454400;46;
02.02.2026;PEAK5_W;PEAK5_W-07-26;0;0;0;0;730;0;0;0;0;
02.02.2026;PEAK5_W;PEAK5_W-08-26;0;0;0;0;730;0;0;0;0;
02.02.2026;PEAK5_W;PEAK5_W-09-26;0;0;0;0;612,03;0;0;0;0;
02.02.2026;PEAK5_W;PEAK5_W-10-26;0;0;0;0;494,06;0;0;0;0;
02.02.2026;PEAK5_W;PEAK5_W-11-26;0;0;0;0;0;0;0;0;0;
02.02.2026;PEAK5_Y;PEAK5_Y-27;0;0;0;0;486,61;0;0;0;134;
02.02.2026;PEAK5_Y;PEAK5_Y-28;0;0;0;0;479,16;0;0;0;1;
02.02.2026;PEAK5_Y;PEAK5_Y-29;0;0;0;0;469,79;0;0;0;0;
02.02.2026;PEAK5_Y;PEAK5_Y-30;0;0;0;0;485,05;0;0;0;0;
02.02.2026;PMBG;PMBG;0;0;0;0;0;0;0;0;0;
02.02.2026;PMEF-2025;PMEF-2025;0;0;0;0;0;0;0;0;0;
02.02.2026;PMEF-2026;PMEF-2026;0;0;0;0;0;0;0;0;0;
02.02.2026;PMEF_F;PMEF_F;0;0;0;0;0;0;0;0;87145798;
02.02.2026;PMOZE;PMOZE;0;0;0;0;0;0;0;0;0;
02.02.2026;PMOZE_A;PMOZE_A;0;0;0;0;0;0;0;0;9378230193;
02.02.2026;PMOZE-BIO;PMOZE-BIO;0;0;0;0;0;1;768182;0;532153870;
02.02.2026;PSZ_B_DLS-01;PSZ_B_DLS-01;0;0;0;0;0;0;0;0;0;
02.02.2026;PSZ_B_KUJ-01;PSZ_B_KUJ-01;0;0;0;0;0;0;0;0;0;
02.02.2026;PSZ_B_KUJ-02;PSZ_B_KUJ-02;0;0;0;0;0;0;0;0;0;
02.02.2026;PSZ_B_LBL-01;PSZ_B_LBL-01;0;0;0;0;0;0;0;0;0;
02.02.2026;PSZ_B_LBL-02;PSZ_B_LBL-02;0;0;0;0;0;0;0;0;0;
02.02.2026;PSZ_B_LBL-03;PSZ_B_LBL-03;0;0;0;0;0;0;0;0;0;
02.02.2026;PSZ_B_LBL-04;PSZ_B_LBL-04;0;0;0;0;0;0;0;0;0;
02.02.2026;PSZ_B_LBL-05;PSZ_B_LBL-05;0;0;0;0;0;0;0;0;0;
02.02.2026;PSZ_B_LBL-06;PSZ_B_LBL-06;0;0;0;0;0;0;0;0;0;
02.02.2026;PSZ_B_LBL-07;PSZ_B_LBL-07;0;0;0;0;0;0;0;0;0;
02.02.2026;PSZ_B_LBU-01;PSZ_B_LBU-01;0;0;0;0;0;0;0;0;0;
02.02.2026;PSZ_B_LBU-02;PSZ_B_LBU-02;0;0;0;0;0;0;0;0;0;
02.02.2026;PSZ_B_MAZ-01;PSZ_B_MAZ-01;0;0;0;0;0;0;0;0;0;
02.02.2026;PSZ_B_MAZ-02;PSZ_B_MAZ-02;0;0;0;0;0;0;0;0;0;
02.02.2026;PSZ_B_MAZ-03;PSZ_B_MAZ-03;0;0;0;0;0;0;0;0;0;
02.02.2026;PSZ_B_OPO-01;PSZ_B_OPO-01;0;0;0;0;0;0;0;0;0;
02.02.2026;PSZ_B_OPO-02;PSZ_B_OPO-02;0;0;0;0;0;0;0;0;0;
02.02.2026;PSZ_B_PDK-01;PSZ_B_PDK-01;0;0;0;0;0;0;0;0;0;
02.02.2026;PSZ_B_PDL-01;PSZ_B_PDL-01;0;0;0;0;0;0;0;0;0;
02.02.2026;PSZ_B_POM-01;PSZ_B_POM-01;0;0;0;0;0;0;0;0;0;
02.02.2026;PSZ_B_POM-02;PSZ_B_POM-02;0;0;0;0;0;0;0;0;0;
02.02.2026;PSZ_B_WLK-01;PSZ_B_WLK-01;0;0;0;0;0;0;0;0;0;
02.02.2026;PSZ_B_WLK-02;PSZ_B_WLK-02;0;0;0;0;0;0;0;0;0;
02.02.2026;PSZ_B_WLK-03;PSZ_B_WLK-03;0;0;0;0;0;0;0;0;0;
02.02.2026;PSZ_B_WLK-04;PSZ_B_WLK-04;0;0;0;0;0;0;0;0;0;
02.02.2026;PSZ_B_WMA-01;PSZ_B_WMA-01;0;0;0;0;0;0;0;0;0;
02.02.2026;PSZ_B_WMA-02;PSZ_B_WMA-02;0;0;0;0;0;0;0;0;0;
02.02.2026;PSZ_B_WMA-03;PSZ_B_WMA-03;0;0;0;0;0;0;0;0;0;
02.02.2026;PSZ_B_WMA-04;PSZ_B_WMA-04;0;0;0;0;0;0;0;0;0;
02.02.2026;PSZ_B_WMA-05;PSZ_B_WMA-05;0;0;0;0;0;0;0;0;0;
02.02.2026;PSZ_B_WMA-06;PSZ_B_WMA-06;0;0;0;0;0;0;0;0;0;
02.02.2026;PSZ_B_ZPO-01;PSZ_B_ZPO-01;0;0;0;0;0;0;0;0;0;
02.02.2026;PSZ_B_ZPO-02;PSZ_B_ZPO-02;0;0;0;0;0;0;0;0;0;
02.02.2026;PSZ_C_DLS-01;PSZ_C_DLS-01;0;0;0;0;0;0;0;0;0;
02.02.2026;PSZ_C_KUJ-01;PSZ_C_KUJ-01;0;0;0;0;0;0;0;0;0;
02.02.2026;PSZ_C_KUJ-02;PSZ_C_KUJ-02;0;0;0;0;0;0;0;0;0;
02.02.2026;PSZ_C_LBL-01;PSZ_C_LBL-01;0;0;0;0;0;0;0;0;0;
02.02.2026;PSZ_C_LBL-02;PSZ_C_LBL-02;0;0;0;0;0;0;0;0;0;
02.02.2026;PSZ_C_LBL-03;PSZ_C_LBL-03;0;0;0;0;0;0;0;0;0;
02.02.2026;PSZ_C_LBL-04;PSZ_C_LBL-04;0;0;0;0;0;0;0;0;0;
02.02.2026;PSZ_C_LBL-05;PSZ_C_LBL-05;0;0;0;0;0;0;0;0;0;
02.02.2026;PSZ_C_LBL-06;PSZ_C_LBL-06;0;0;0;0;0;0;0;0;0;
02.02.2026;PSZ_C_LBL-07;PSZ_C_LBL-07;0;0;0;0;0;0;0;0;0;
02.02.2026;PSZ_C_LBU-01;PSZ_C_LBU-01;0;0;0;0;0;0;0;0;0;
02.02.2026;PSZ_C_LBU-02;PSZ_C_LBU-02;0;0;0;0;0;0;0;0;0;
02.02.2026;PSZ_C_MAZ-01;PSZ_C_MAZ-01;0;0;0;0;0;0;0;0;0;
02.02.2026;PSZ_C_MAZ-02;PSZ_C_MAZ-02;0;0;0;0;0;0;0;0;0;
02.02.2026;PSZ_C_MAZ-03;PSZ_C_MAZ-03;0;0;0;0;0;0;0;0;0;
02.02.2026;PSZ_C_OPO-01;PSZ_C_OPO-01;0;0;0;0;0;0;0;0;0;
02.02.2026;PSZ_C_OPO-02;PSZ_C_OPO-02;0;0;0;0;0;0;0;0;0;
02.02.2026;PSZ_C_PDK-01;PSZ_C_PDK-01;0;0;0;0;0;0;0;0;0;
02.02.2026;PSZ_C_PDL-01;PSZ_C_PDL-01;0;0;0;0;0;0;0;0;0;
02.02.2026;PSZ_C_POM-01;PSZ_C_POM-01;0;0;0;0;0;0;0;0;0;
02.02.2026;PSZ_C_POM-02;PSZ_C_POM-02;0;0;0;0;0;0;0;0;0;
02.02.2026;PSZ_C_WLK-01;PSZ_C_WLK-01;0;0;0;0;0;0;0;0;0;
02.02.2026;PSZ_C_WLK-02;PSZ_C_WLK-02;0;0;0;0;0;0;0;0;0;
02.02.2026;PSZ_C_WLK-03;PSZ_C_WLK-03;0;0;0;0;0;0;0;0;0;
02.02.2026;PSZ_C_WLK-04;PSZ_C_WLK-04;0;0;0;0;0;0;0;0;0;
02.02.2026;PSZ_C_WMA-01;PSZ_C_WMA-01;0;0;0;0;0;0;0;0;0;
02.02.2026;PSZ_C_WMA-02;PSZ_C_WMA-02;0;0;0;0;0;0;0;0;0;
02.02.2026;PSZ_C_WMA-03;PSZ_C_WMA-03;0;0;0;0;0;0;0;0;0;
02.02.2026;PSZ_C_WMA-04;PSZ_C_WMA-04;0;0;0;0;0;0;0;0;0;
02.02.2026;PSZ_C_WMA-05;PSZ_C_WMA-05;0;0;0;0;0;0;0;0;0;
02.02.2026;PSZ_C_WMA-06;PSZ_C_WMA-06;0;0;0;0;0;0;0;0;0;
02.02.2026;PSZ_C_ZPO-01;PSZ_C_ZPO-01;0;0;0;0;0;0;0;0;0;
02.02.2026;PSZ_C_ZPO-02;PSZ_C_ZPO-02;0;0;0;0;0;0;0;0;0;
02.02.2026;RDN-1;RDN_03-02-26_H01;483,53;483,53;483,53;483,53;0;145;2869,8;1387634,394;2464,4;
02.02.2026;RDN-1;RDN_03-02-26_H02;475,7;475,7;475,7;475,7;0;146;2890,2;1374868,14;2374,5;
02.02.2026;RDN-1;RDN_03-02-26_H03;483,37;483,37;483,37;483,37;0;151;2826,1;1366051,957;2305;
02.02.2026;RDN-1;RDN_03-02-26_H04;481,36;481,36;481,36;481,36;0;146;2802,4;1348963,264;2280,1;
02.02.2026;RDN-1;RDN_03-02-26_H05;492;492;492;492;0;156;2856,4;1405348,8;2318,6;
02.02.2026;RDN-1;RDN_03-02-26_H06;492;492;482;492;0;151;3299,6;1623303,2;2778,7;
02.02.2026;RDN-1;RDN_03-02-26_H07;613,9;603,9;603,9;613,9;0;151;4338;2662998,2;3796,6;
02.02.2026;RDN-1;RDN_03-02-26_H08;899,89;889;889;899,89;0;181;4456,9;4010610,841;3787,7;
02.02.2026;RDN-1;RDN_03-02-26_H09;750,34;750,34;750,34;750,34;0;164;4479,5;3361148,03;3916,7;
02.02.2026;RDN-1;RDN_03-02-26_H10;600;600;600;600;0;154;4005,1;2403060;3615,9;
02.02.2026;RDN-1;RDN_03-02-26_H11;544,24;544,24;544,24;544,24;0;153;3601;1959808,24;3007;
02.02.2026;RDN-1;RDN_03-02-26_H12;516,5;516,5;516,5;516,5;0;158;3375,1;1743239,15;2762,3;
02.02.2026;RDN-1;RDN_03-02-26_H13;505;495;495;505;0;147;3405,1;1719511,5;2735,1;
02.02.2026;RDN-1;RDN_03-02-26_H14;550;550;550;550;0;142;3453,1;1899205;2807,5;
02.02.2026;RDN-1;RDN_03-02-26_H15;597,22;597,22;597,22;597,22;0;145;3631,5;2168804,43;3200,5;
02.02.2026;RDN-1;RDN_03-02-26_H16;683,05;683,05;683,05;683,05;0;153;4249,5;2902620,975;3583,9;
02.02.2026;RDN-1;RDN_03-02-26_H17;700,63;700,63;700,63;700,63;0;160;4592,3;3217503,149;3969,4;
02.02.2026;RDN-1;RDN_03-02-26_H18;664,12;664,12;664,12;664,12;0;160;4767,4;3166125,688;4074,1;
02.02.2026;RDN-1;RDN_03-02-26_H19;589,2;589,2;589,2;589,2;0;164;4600,7;2710732,44;4083,6;
02.02.2026;RDN-1;RDN_03-02-26_H20;581,89;575;575;581,89;0;152;4529,1;2635300,199;4074,7;
02.02.2026;RDN-1;RDN_03-02-26_H21;541,16;541,16;541,16;541,16;0;141;4220,3;2283857,548;3757,8;
02.02.2026;RDN-1;RDN_03-02-26_H22;470,3;470,3;470,3;470,3;0;145;3924,7;1845786,41;3513,2;
02.02.2026;RDN-1;RDN_03-02-26_H23;484;475;475;484;0;149;3966,4;1919477,6;3596,9;
02.02.2026;RDN-1;RDN_03-02-26_H24;437,5;420;420;437,5;0;151;3526,3;1542176,25;3137,7;
02.02.2026;RZP_A_LBL-01;RZP_A_LBL-01;0;0;0;0;0;0;0;0;0;
02.02.2026;SGT_BASE;SGT_BASE_03-02-26;0;0;0;0;0;0;0;0;0;
02.02.2026;SGT_RDB;SGT_RDB_02-02-26;0;0;0;0;0;0;0;0;0;
02.02.2026;ZTO_B_KUJ-02;ZTO_B_KUJ-02;0;0;0;0;0;0;0;0;0;
02.02.2026;ZTO_B_LBL-01;ZTO_B_LBL-01;0;0;0;0;0;0;0;0;0;
02.02.2026;ZTO_B_LBU-01;ZTO_B_LBU-01;0;0;0;0;0;0;0;0;0;
02.02.2026;ZTO_B_MAZ-01;ZTO_B_MAZ-01;0;0;0;0;0;0;0;0;0;
02.02.2026;ZTO_B_PDL-01;ZTO_B_PDL-01;0;0;0;0;0;0;0;0;0;
02.02.2026;ZTO_B_WLK-01;ZTO_B_WLK-01;0;0;0;0;0;0;0;0;0;
02.02.2026;ZTO_B_WLK-02;ZTO_B_WLK-02;0;0;0;0;0;0;0;0;0;
02.02.2026;ZTO_B_WMA-01;ZTO_B_WMA-01;0;0;0;0;0;0;0;0;0;
02.02.2026;ZTO_B_WMA-02;ZTO_B_WMA-02;0;0;0;0;0;0;0;0;0;
02.02.2026;ZTO_B_WMA-03;ZTO_B_WMA-03;0;0;0;0;0;0;0;0;0;
02.02.2026;ZTO_C_KUJ-02;ZTO_C_KUJ-02;0;0;0;0;0;0;0;0;0;
02.02.2026;ZTO_C_LBL-01;ZTO_C_LBL-01;0;0;0;0;0;0;0;0;0;
02.02.2026;ZTO_C_LBU-01;ZTO_C_LBU-01;0;0;0;0;0;0;0;0;0;
02.02.2026;ZTO_C_MAZ-01;ZTO_C_MAZ-01;0;0;0;0;0;0;0;0;0;
02.02.2026;ZTO_C_PDL-01;ZTO_C_PDL-01;0;0;0;0;0;0;0;0;0;
02.02.2026;ZTO_C_WLK-01;ZTO_C_WLK-01;0;0;0;0;0;0;0;0;0;
02.02.2026;ZTO_C_WLK-02;ZTO_C_WLK-02;0;0;0;0;0;0;0;0;0;
02.02.2026;ZTO_C_WMA-01;ZTO_C_WMA-01;0;0;0;0;0;0;0;0;0;
02.02.2026;ZTO_C_WMA-02;ZTO_C_WMA-02;0;0;0;0;0;0;0;0;0;
02.02.2026;ZTO_C_WMA-03;ZTO_C_WMA-03;0;0;0;0;0;0;0;0;0;
03.02.2026;BASE;BASE_04-02-26;631;599;599;635;0;96;673;10175472;512;
03.02.2026;BASE;BASE_05-02-26;0;0;0;0;0;0;0;0;0;
03.02.2026;BASE_M;BASE_M-03-26;439;437;437;439;438,54;15;16;5208801,5;276;
03.02.2026;BASE_M;BASE_M-04-26;417;415;415;417;417;4;4;1198080;61;
03.02.2026;BASE_M;BASE_M-05-26;0;0;0;0;409,67;0;0;0;2;
03.02.2026;BASE_M;BASE_M-06-26;0;0;0;0;432,76;0;0;0;5;
03.02.2026;BASE_M;BASE_M-07-26;0;0;0;0;451,06;0;0;0;2;
03.02.2026;BASE_M;BASE_M-08-26;0;0;0;0;445,74;0;0;0;0;
03.02.2026;BASE_Q;BASE_Q-1-27;0;0;0;0;458,5;0;0;0;2;
03.02.2026;BASE_Q;BASE_Q-2-26;416;417,5;416;418;419,7;10;11;10017571,2;446;
03.02.2026;BASE_Q;BASE_Q-2-27;0;0;0;0;411,67;0;0;0;0;
03.02.2026;BASE_Q;BASE_Q-3-26;449;449;449;449;450,2;1;1;991392;311;
03.02.2026;BASE_Q;BASE_Q-3-27;0;0;0;0;432,54;0;0;0;0;
03.02.2026;BASE_Q;BASE_Q-4-26;0;0;0;0;478;0;0;0;532;
03.02.2026;BASE_W;BASE_W-07-26;616;599;599;616;620;5;7;721560;88;
03.02.2026;BASE_W;BASE_W-08-26;0;0;0;0;605;0;0;0;6;
03.02.2026;BASE_W;BASE_W-09-26;0;0;0;0;439,77;0;0;0;5;
03.02.2026;BASE_W;BASE_W-10-26;0;0;0;0;439,77;0;0;0;0;
03.02.2026;BASE_W;BASE_W-11-26;0;0;0;0;439,77;0;0;0;0;
03.02.2026;BASE_Y;BASE_Y-27;440;439;439;440;436,51;4;4;15393072;716;
03.02.2026;BASE_Y;BASE_Y-28;425;424;424;425;421,6;2;2;7457616;126;
03.02.2026;BASE_Y;BASE_Y-29;425;425;425;425;422,5;1;1;3723000;3;
03.02.2026;BASE_Y;BASE_Y-30;0;0;0;0;423,3;0;0;0;0;
03.02.2026;F-OZE;F-OZE_05-26;0;0;0;0;24,89;0;0;0;0;
03.02.2026;F-OZE;F-OZE_05-27;0;0;0;0;24,89;0;0;0;0;
03.02.2026;F-OZE;F-OZE_11-26;0;0;0;0;24,89;0;0;0;0;
03.02.2026;F-OZE;F-OZE_11-27;0;0;0;0;24,89;0;0;0;0;
03.02.2026;GAS_BASE;GAS_BASE_04-02-26;182;182,5;177,5;184,8;0;264;13756;59627394,96;13189;
03.02.2026;GAS_BASE_M;GAS_BASE_M-01-27;0;0;0;0;157,5;0;0;0;109;
03.02.2026;GAS_BASE_M;GAS_BASE_M-02-27;0;0;0;0;156;0;0;0;4;
03.02.2026;GAS_BASE_M;GAS_BASE_M-03-26;158,5;158;155;158,5;164,1;20;67;7780376,51;19069;
03.02.2026;GAS_BASE_M;GAS_BASE_M-04-26;150;149;147;150;155;27;175;18704736;2335;
03.02.2026;GAS_BASE_M;GAS_BASE_M-05-26;141,5;141,5;141,5;141,75;146;13;50;5267520;300;
03.02.2026;GAS_BASE_M;GAS_BASE_M-06-26;0;0;0;0;137;0;0;0;52;
03.02.2026;GAS_BASE_M;GAS_BASE_M-07-26;0;0;0;0;142,23;0;0;0;6;
03.02.2026;GAS_BASE_M;GAS_BASE_M-08-26;0;0;0;0;143,59;0;0;0;10;
03.02.2026;GAS_BASE_M;GAS_BASE_M-09-26;0;0;0;0;146,25;0;0;0;217;
03.02.2026;GAS_BASE_M;GAS_BASE_M-10-26;0;0;0;0;148,34;0;0;0;31;
03.02.2026;GAS_BASE_M;GAS_BASE_M-11-26;149;149,5;147,75;149,5;151,65;8;40;4292100;1025;
03.02.2026;GAS_BASE_M;GAS_BASE_M-12-26;152;152;150,5;152,25;154,6;12;51;5744610;1015;
03.02.2026;GAS_BASE_Q;GAS_BASE_Q-1-27;151,25;150,75;149,05;151,5;153,5;16;55;17853311;940;
03.02.2026;GAS_BASE_Q;GAS_BASE_Q-2-26;142,8;142;142;143;146;18;46;14343747,6;7539;
03.02.2026;GAS_BASE_Q;GAS_BASE_Q-2-27;0;0;0;0;131,75;0;0;0;13;
03.02.2026;GAS_BASE_Q;GAS_BASE_Q-3-26;0;0;0;0;144;0;0;0;6239;
03.02.2026;GAS_BASE_Q;GAS_BASE_Q-3-27;0;0;0;0;128,64;0;0;0;26;
03.02.2026;GAS_BASE_Q;GAS_BASE_Q-4-26;149,5;149;147,5;149,75;151,53;7;32;10512631;8068;
03.02.2026;GAS_BASE_S;GAS_BASE_S-S-26;0;0;0;0;144,99;0;0;0;72;
03.02.2026;GAS_BASE_S;GAS_BASE_S-S-27;0;0;0;0;130,19;0;0;0;9;
03.02.2026;GAS_BASE_S;GAS_BASE_S-W-26;149;150;149;150;152,5;3;13;8495760;650;
03.02.2026;GAS_BASE_S;GAS_BASE_S-W-27;0;0;0;0;142,8;0;0;0;4;
03.02.2026;GAS_BASE_W;GAS_BASE_W-07-26;176;179;175,45;179;186,04;69;950;28491708;1971;
03.02.2026;GAS_BASE_W;GAS_BASE_W-08-26;173,9;174;173,9;175;182;8;101;2952348;301;
03.02.2026;GAS_BASE_W;GAS_BASE_W-09-26;0;0;0;0;164,12;0;0;0;0;
03.02.2026;GAS_BASE_W;GAS_BASE_W-10-26;0;0;0;0;164,12;0;0;0;0;
03.02.2026;GAS_BASE_Y;GAS_BASE_Y-27;135;135;133,75;135;136,41;8;10;11788770;3845;
03.02.2026;GAS_BASE_Y;GAS_BASE_Y-28;123,75;123,5;123,5;123,75;123,81;3;3;3257107;221;
03.02.2026;GAS_BASE_Y;GAS_BASE_Y-29;117;117;117;117;117;1;1;1024920;27;
03.02.2026;GAS_BASE_Y;GAS_BASE_Y-30;0;0;0;0;116,25;0;0;0;5;
03.02.2026;GAS_RDB;GAS_RDB_03-02-26;185,2;187,66;179,9;187,66;0;163;66731;12227523,26;60421;
03.02.2026;GLW_BASE;GLW_BASE_04-02-26;0;0;0;0;0;0;0;0;0;
03.02.2026;GLW_RDB;GLW_RDB_03-02-26;0;0;0;0;0;0;0;0;0;
03.02.2026;KUK_A_WMA-03;KUK_A_WMA-03;0;0;0;0;0;0;0;0;0;
03.02.2026;OFFPEAK;OFFPEAK_04-02-26;0;0;0;0;0;0;0;0;0;
03.02.2026;OFFPEAK;OFFPEAK_05-02-26;0;0;0;0;0;0;0;0;0;
03.02.2026;OFFPEAK_M;OFFPEAK_M-03-26;0;0;0;0;399,42;0;0;0;0;
03.02.2026;OFFPEAK_M;OFFPEAK_M-04-26;0;0;0;0;392,4;0;0;0;0;
03.02.2026;OFFPEAK_M;OFFPEAK_M-05-26;0;0;0;0;394,92;0;0;0;0;
03.02.2026;OFFPEAK_M;OFFPEAK_M-06-26;0;0;0;0;421,64;0;0;0;0;
03.02.2026;OFFPEAK_M;OFFPEAK_M-07-26;0;0;0;0;431,85;0;0;0;0;
03.02.2026;OFFPEAK_M;OFFPEAK_M-08-26;0;0;0;0;417,58;0;0;0;0;
03.02.2026;OFFPEAK_Q;OFFPEAK_Q-1-27;0;0;0;0;404,43;0;0;0;0;
03.02.2026;OFFPEAK_Q;OFFPEAK_Q-2-26;0;0;0;0;402,74;0;0;0;0;
03.02.2026;OFFPEAK_Q;OFFPEAK_Q-2-27;0;0;0;0;399,86;0;0;0;0;
03.02.2026;OFFPEAK_Q;OFFPEAK_Q-3-26;0;0;0;0;426,27;0;0;0;0;
03.02.2026;OFFPEAK_Q;OFFPEAK_Q-3-27;0;0;0;0;411,96;0;0;0;0;
03.02.2026;OFFPEAK_Q;OFFPEAK_Q-4-26;0;0;0;0;399,6;0;0;0;0;
03.02.2026;OFFPEAK_W;OFFPEAK_W-07-26;0;0;0;0;540,78;0;0;0;0;
03.02.2026;OFFPEAK_W;OFFPEAK_W-08-26;0;0;0;0;513,68;0;0;0;0;
03.02.2026;OFFPEAK_W;OFFPEAK_W-09-26;0;0;0;0;402,41;0;0;0;0;
03.02.2026;OFFPEAK_W;OFFPEAK_W-10-26;0;0;0;0;402,41;0;0;0;0;
03.02.2026;OFFPEAK_W;OFFPEAK_W-11-26;0;0;0;0;402,41;0;0;0;0;
03.02.2026;OFFPEAK_Y;OFFPEAK_Y-27;0;0;0;0;391,04;0;0;0;0;
03.02.2026;OFFPEAK_Y;OFFPEAK_Y-28;0;0;0;0;379,29;0;0;0;0;
03.02.2026;OFFPEAK_Y;OFFPEAK_Y-29;0;0;0;0;393,2;0;0;0;0;
03.02.2026;OFFPEAK_Y;OFFPEAK_Y-30;0;0;0;0;368,22;0;0;0;0;
03.02.2026;PEAK;PEAK_04-02-26;0;0;0;0;0;0;0;0;0;
03.02.2026;PEAK;PEAK_05-02-26;0;0;0;0;0;0;0;0;0;
03.02.2026;PEAK5_M;PEAK5_M-03-26;0;0;0;0;487,5;0;0;0;6;
03.02.2026;PEAK5_M;PEAK5_M-04-26;0;0;0;0;448,63;0;0;0;0;
03.02.2026;PEAK5_M;PEAK5_M-05-26;0;0;0;0;431,5;0;0;0;0;
03.02.2026;PEAK5_M;PEAK5_M-06-26;0;0;0;0;447,06;0;0;0;0;
03.02.2026;PEAK5_M;PEAK5_M-07-26;0;0;0;0;473,26;0;0;0;0;
03.02.2026;PEAK5_M;PEAK5_M-08-26;0;0;0;0;484,1;0;0;0;0;
03.02.2026;PEAK5_Q;PEAK5_Q-1-27;0;0;0;0;532,01;0;0;0;0;
03.02.2026;PEAK5_Q;PEAK5_Q-2-26;0;0;0;0;442,57;0;0;0;26;
03.02.2026;PEAK5_Q;PEAK5_Q-2-27;0;0;0;0;427,16;0;0;0;0;
03.02.2026;PEAK5_Q;PEAK5_Q-3-26;0;0;0;0;479,64;0;0;0;5;
03.02.2026;PEAK5_Q;PEAK5_Q-3-27;0;0;0;0;457,86;0;0;0;0;
03.02.2026;PEAK5_Q;PEAK5_Q-4-26;0;0;0;0;580;0;0;0;46;
03.02.2026;PEAK5_W;PEAK5_W-07-26;0;0;0;0;718,23;0;0;0;0;
03.02.2026;PEAK5_W;PEAK5_W-08-26;0;0;0;0;718,23;0;0;0;0;
03.02.2026;PEAK5_W;PEAK5_W-09-26;0;0;0;0;486,09;0;0;0;0;
03.02.2026;PEAK5_W;PEAK5_W-10-26;0;0;0;0;486,09;0;0;0;0;
03.02.2026;PEAK5_W;PEAK5_W-11-26;0;0;0;0;486,09;0;0;0;0;
03.02.2026;PEAK5_Y;PEAK5_Y-27;0;0;0;0;496;0;0;0;134;
03.02.2026;PEAK5_Y;PEAK5_Y-28;0;0;0;0;478;0;0;0;1;
03.02.2026;PEAK5_Y;PEAK5_Y-29;0;0;0;0;461,37;0;0;0;0;
03.02.2026;PEAK5_Y;PEAK5_Y-30;0;0;0;0;496,88;0;0;0;0;
03.02.2026;PMBG;PMBG;0;0;0;0;0;0;0;0;0;
03.02.2026;PMEF-2025;PMEF-2025;0;0;0;0;0;0;0;0;0;
03.02.2026;PMEF-2026;PMEF-2026;0;0;0;0;0;0;0;0;0;
03.02.2026;PMEF_F;PMEF_F;2327,05;2327,02;2327,02;2328,5;0;31;1067145;2483389673;87145798;
03.02.2026;PMOZE;PMOZE;0;0;0;0;0;0;0;0;0;
03.02.2026;PMOZE_A;PMOZE_A;25;25,8;25;25,8;0;98;54023225;1363131038;9378230193;
03.02.2026;PMOZE-BIO;PMOZE-BIO;301;299,1;299,1;310;0;28;8998937;2703216707;532922052;
03.02.2026;PSZ_B_DLS-01;PSZ_B_DLS-01;0;0;0;0;0;0;0;0;0;
03.02.2026;PSZ_B_KUJ-01;PSZ_B_KUJ-01;0;0;0;0;0;0;0;0;0;
03.02.2026;PSZ_B_KUJ-02;PSZ_B_KUJ-02;0;0;0;0;0;0;0;0;0;
03.02.2026;PSZ_B_LBL-01;PSZ_B_LBL-01;0;0;0;0;0;0;0;0;0;
03.02.2026;PSZ_B_LBL-02;PSZ_B_LBL-02;0;0;0;0;0;0;0;0;0;
03.02.2026;PSZ_B_LBL-03;PSZ_B_LBL-03;0;0;0;0;0;0;0;0;0;
03.02.2026;PSZ_B_LBL-04;PSZ_B_LBL-04;0;0;0;0;0;0;0;0;0;
03.02.2026;PSZ_B_LBL-05;PSZ_B_LBL-05;0;0;0;0;0;0;0;0;0;
03.02.2026;PSZ_B_LBL-06;PSZ_B_LBL-06;0;0;0;0;0;0;0;0;0;
03.02.2026;PSZ_B_LBL-07;PSZ_B_LBL-07;0;0;0;0;0;0;0;0;0;
03.02.2026;PSZ_B_LBU-01;PSZ_B_LBU-01;0;0;0;0;0;0;0;0;0;
03.02.2026;PSZ_B_LBU-02;PSZ_B_LBU-02;0;0;0;0;0;0;0;0;0;
03.02.2026;PSZ_B_MAZ-01;PSZ_B_MAZ-01;0;0;0;0;0;0;0;0;0;
03.02.2026;PSZ_B_MAZ-02;PSZ_B_MAZ-02;0;0;0;0;0;0;0;0;0;
03.02.2026;PSZ_B_MAZ-03;PSZ_B_MAZ-03;0;0;0;0;0;0;0;0;0;
03.02.2026;PSZ_B_OPO-01;PSZ_B_OPO-01;0;0;0;0;0;0;0;0;0;
03.02.2026;PSZ_B_OPO-02;PSZ_B_OPO-02;0;0;0;0;0;0;0;0;0;
03.02.2026;PSZ_B_PDK-01;PSZ_B_PDK-01;0;0;0;0;0;0;0;0;0;
03.02.2026;PSZ_B_PDL-01;PSZ_B_PDL-01;0;0;0;0;0;0;0;0;0;
03.02.2026;PSZ_B_POM-01;PSZ_B_POM-01;0;0;0;0;0;0;0;0;0;
03.02.2026;PSZ_B_POM-02;PSZ_B_POM-02;0;0;0;0;0;0;0;0;0;
03.02.2026;PSZ_B_WLK-01;PSZ_B_WLK-01;0;0;0;0;0;0;0;0;0;
03.02.2026;PSZ_B_WLK-02;PSZ_B_WLK-02;0;0;0;0;0;0;0;0;0;
03.02.2026;PSZ_B_WLK-03;PSZ_B_WLK-03;0;0;0;0;0;0;0;0;0;
03.02.2026;PSZ_B_WLK-04;PSZ_B_WLK-04;0;0;0;0;0;0;0;0;0;
03.02.2026;PSZ_B_WMA-01;PSZ_B_WMA-01;0;0;0;0;0;0;0;0;0;
03.02.2026;PSZ_B_WMA-02;PSZ_B_WMA-02;0;0;0;0;0;0;0;0;0;
03.02.2026;PSZ_B_WMA-03;PSZ_B_WMA-03;0;0;0;0;0;0;0;0;0;
03.02.2026;PSZ_B_WMA-04;PSZ_B_WMA-04;0;0;0;0;0;0;0;0;0;
03.02.2026;PSZ_B_WMA-05;PSZ_B_WMA-05;0;0;0;0;0;0;0;0;0;
03.02.2026;PSZ_B_WMA-06;PSZ_B_WMA-06;0;0;0;0;0;0;0;0;0;
03.02.2026;PSZ_B_ZPO-01;PSZ_B_ZPO-01;0;0;0;0;0;0;0;0;0;
03.02.2026;PSZ_B_ZPO-02;PSZ_B_ZPO-02;0;0;0;0;0;0;0;0;0;
03.02.2026;PSZ_C_DLS-01;PSZ_C_DLS-01;0;0;0;0;0;0;0;0;0;
03.02.2026;PSZ_C_KUJ-01;PSZ_C_KUJ-01;0;0;0;0;0;0;0;0;0;
03.02.2026;PSZ_C_KUJ-02;PSZ_C_KUJ-02;0;0;0;0;0;0;0;0;0;
03.02.2026;PSZ_C_LBL-01;PSZ_C_LBL-01;0;0;0;0;0;0;0;0;0;
03.02.2026;PSZ_C_LBL-02;PSZ_C_LBL-02;0;0;0;0;0;0;0;0;0;
03.02.2026;PSZ_C_LBL-03;PSZ_C_LBL-03;0;0;0;0;0;0;0;0;0;
03.02.2026;PSZ_C_LBL-04;PSZ_C_LBL-04;0;0;0;0;0;0;0;0;0;
03.02.2026;PSZ_C_LBL-05;PSZ_C_LBL-05;0;0;0;0;0;0;0;0;0;
03.02.2026;PSZ_C_LBL-06;PSZ_C_LBL-06;0;0;0;0;0;0;0;0;0;
03.02.2026;PSZ_C_LBL-07;PSZ_C_LBL-07;0;0;0;0;0;0;0;0;0;
03.02.2026;PSZ_C_LBU-01;PSZ_C_LBU-01;0;0;0;0;0;0;0;0;0;
03.02.2026;PSZ_C_LBU-02;PSZ_C_LBU-02;0;0;0;0;0;0;0;0;0;
03.02.2026;PSZ_C_MAZ-01;PSZ_C_MAZ-01;0;0;0;0;0;0;0;0;0;
03.02.2026;PSZ_C_MAZ-02;PSZ_C_MAZ-02;0;0;0;0;0;0;0;0;0;
03.02.2026;PSZ_C_MAZ-03;PSZ_C_MAZ-03;0;0;0;0;0;0;0;0;0;
03.02.2026;PSZ_C_OPO-01;PSZ_C_OPO-01;0;0;0;0;0;0;0;0;0;
03.02.2026;PSZ_C_OPO-02;PSZ_C_OPO-02;0;0;0;0;0;0;0;0;0;
03.02.2026;PSZ_C_PDK-01;PSZ_C_PDK-01;0;0;0;0;0;0;0;0;0;
03.02.2026;PSZ_C_PDL-01;PSZ_C_PDL-01;0;0;0;0;0;0;0;0;0;
03.02.2026;PSZ_C_POM-01;PSZ_C_POM-01;0;0;0;0;0;0;0;0;0;
03.02.2026;PSZ_C_POM-02;PSZ_C_POM-02;0;0;0;0;0;0;0;0;0;
03.02.2026;PSZ_C_WLK-01;PSZ_C_WLK-01;0;0;0;0;0;0;0;0;0;
03.02.2026;PSZ_C_WLK-02;PSZ_C_WLK-02;0;0;0;0;0;0;0;0;0;
03.02.2026;PSZ_C_WLK-03;PSZ_C_WLK-03;0;0;0;0;0;0;0;0;0;
03.02.2026;PSZ_C_WLK-04;PSZ_C_WLK-04;0;0;0;0;0;0;0;0;0;
03.02.2026;PSZ_C_WMA-01;PSZ_C_WMA-01;0;0;0;0;0;0;0;0;0;
03.02.2026;PSZ_C_WMA-02;PSZ_C_WMA-02;0;0;0;0;0;0;0;0;0;
03.02.2026;PSZ_C_WMA-03;PSZ_C_WMA-03;0;0;0;0;0;0;0;0;0;
03.02.2026;PSZ_C_WMA-04;PSZ_C_WMA-04;0;0;0;0;0;0;0;0;0;
03.02.2026;PSZ_C_WMA-05;PSZ_C_WMA-05;0;0;0;0;0;0;0;0;0;
03.02.2026;PSZ_C_WMA-06;PSZ_C_WMA-06;0;0;0;0;0;0;0;0;0;
03.02.2026;PSZ_C_ZPO-01;PSZ_C_ZPO-01;0;0;0;0;0;0;0;0;0;
03.02.2026;PSZ_C_ZPO-02;PSZ_C_ZPO-02;0;0;0;0;0;0;0;0;0;
03.02.2026;RDN-1;RDN_04-02-26_H01;420,4;420,4;420,4;420,4;0;170;3040;1278016;2610,7;
03.02.2026;RDN-1;RDN_04-02-26_H02;415;415;415;415;0;169;2843,3;1179969,5;2394,2;
03.02.2026;RDN-1;RDN_04-02-26_H03;412,4;420;412,4;420;0;168;2768;1141644,8;2306,1;
03.02.2026;RDN-1;RDN_04-02-26_H04;414,1;414,1;414,1;414,1;0;165;2855,3;1182379,73;2322,9;
03.02.2026;RDN-1;RDN_04-02-26_H05;419,6;420;419,6;420;0;175;3065,5;1286289,8;2530,4;
03.02.2026;RDN-1;RDN_04-02-26_H06;450;450;450;450;0;157;3003,6;1351620;2539,7;
03.02.2026;RDN-1;RDN_04-02-26_H07;519;530;519;530;0;160;3788,3;1966356,7;3244,9;
03.02.2026;RDN-1;RDN_04-02-26_H08;669,15;665;665;669,15;0;160;3846,4;2573768,76;3359,2;
03.02.2026;RDN-1;RDN_04-02-26_H09;715,21;715,21;715,21;715,21;0;155;4102,2;2933934,462;3701,5;
03.02.2026;RDN-1;RDN_04-02-26_H10;724,29;724,29;724,29;734;0;179;4361;3158725,79;3738,5;
03.02.2026;RDN-1;RDN_04-02-26_H11;667,38;677;667,38;677;0;167;4226;2820444,08;3763,7;
03.02.2026;RDN-1;RDN_04-02-26_H12;645,85;655;645,85;655;0;168;4328,7;2795782,395;3875,3;
03.02.2026;RDN-1;RDN_04-02-26_H13;626;650;626;650;0;173;4137,3;2589973,8;3748,8;
03.02.2026;RDN-1;RDN_04-02-26_H14;677,04;700;677,04;700;0;178;4111,4;2783628,176;3727,1;
03.02.2026;RDN-1;RDN_04-02-26_H15;687,6;700;687,6;700;0;172;4144,1;2849563,76;3755,4;
03.02.2026;RDN-1;RDN_04-02-26_H16;756,32;800;756,32;800;0;168;4258,2;3220911,264;3776,3;
03.02.2026;RDN-1;RDN_04-02-26_H17;697,7;687;687;697,7;0;161;4374,7;3052126,54;3870,5;
03.02.2026;RDN-1;RDN_04-02-26_H18;699,99;674,99;674,99;699,99;0;152;4267;2986447,41;3927,6;
03.02.2026;RDN-1;RDN_04-02-26_H19;681,21;671;671;681,21;0;166;4568,6;3112124,956;4210,3;
03.02.2026;RDN-1;RDN_04-02-26_H20;656,7;655;655;656,7;0;163;4451,1;2923030,57;4166,1;
03.02.2026;RDN-1;RDN_04-02-26_H21;571,16;600;571,16;600;0;142;3874,7;2213160,172;3516,6;
03.02.2026;RDN-1;RDN_04-02-26_H22;479;479;479;479;0;147;4040,7;1935495,3;3540,4;
03.02.2026;RDN-1;RDN_04-02-26_H23;479;500;479;500;0;139;3874,7;1856107,3;3511,6;
03.02.2026;RDN-1;RDN_04-02-26_H24;466,38;490;466,38;490;0;131;3106,3;1448846,104;2718,2;
03.02.2026;RZP_A_LBL-01;RZP_A_LBL-01;0;0;0;0;0;0;0;0;0;
03.02.2026;SGT_BASE;SGT_BASE_04-02-26;0;0;0;0;0;0;0;0;0;
03.02.2026;SGT_RDB;SGT_RDB_03-02-26;0;0;0;0;0;0;0;0;0;
03.02.2026;ZTO_B_KUJ-02;ZTO_B_KUJ-02;0;0;0;0;0;0;0;0;0;
03.02.2026;ZTO_B_LBL-01;ZTO_B_LBL-01;0;0;0;0;0;0;0;0;0;
03.02.2026;ZTO_B_LBU-01;ZTO_B_LBU-01;0;0;0;0;0;0;0;0;0;
03.02.2026;ZTO_B_MAZ-01;ZTO_B_MAZ-01;0;0;0;0;0;0;0;0;0;
03.02.2026;ZTO_B_PDL-01;ZTO_B_PDL-01;0;0;0;0;0;0;0;0;0;
03.02.2026;ZTO_B_WLK-01;ZTO_B_WLK-01;0;0;0;0;0;0;0;0;0;
03.02.2026;ZTO_B_WLK-02;ZTO_B_WLK-02;0;0;0;0;0;0;0;0;0;
03.02.2026;ZTO_B_WMA-01;ZTO_B_WMA-01;0;0;0;0;0;0;0;0;0;
03.02.2026;ZTO_B_WMA-02;ZTO_B_WMA-02;0;0;0;0;0;0;0;0;0;
03.02.2026;ZTO_B_WMA-03;ZTO_B_WMA-03;0;0;0;0;0;0;0;0;0;
03.02.2026;ZTO_C_KUJ-02;ZTO_C_KUJ-02;0;0;0;0;0;0;0;0;0;
03.02.2026;ZTO_C_LBL-01;ZTO_C_LBL-01;0;0;0;0;0;0;0;0;0;
03.02.2026;ZTO_C_LBU-01;ZTO_C_LBU-01;0;0;0;0;0;0;0;0;0;
03.02.2026;ZTO_C_MAZ-01;ZTO_C_MAZ-01;0;0;0;0;0;0;0;0;0;
03.02.2026;ZTO_C_PDL-01;ZTO_C_PDL-01;0;0;0;0;0;0;0;0;0;
03.02.2026;ZTO_C_WLK-01;ZTO_C_WLK-01;0;0;0;0;0;0;0;0;0;
03.02.2026;ZTO_C_WLK-02;ZTO_C_WLK-02;0;0;0;0;0;0;0;0;0;
03.02.2026;ZTO_C_WMA-01;ZTO_C_WMA-01;0;0;0;0;0;0;0;0;0;
03.02.2026;ZTO_C_WMA-02;ZTO_C_WMA-02;0;0;0;0;0;0;0;0;0;
03.02.2026;ZTO_C_WMA-03;ZTO_C_WMA-03;0;0;0;0;0;0;0;0;0;
04.02.2026;BASE;BASE_05-02-26;566;560;556;566;0;67;408;5480232;288;
04.02.2026;BASE;BASE_06-02-26;0;0;0;0;0;0;0;0;0;
04.02.2026;BASE_M;BASE_M-03-26;435;435;435;436;437;9;9;2909885,2;282;
04.02.2026;BASE_M;BASE_M-04-26;415,6;415;414;415,6;416;15;20;5972832;76;
04.02.2026;BASE_M;BASE_M-05-26;0;0;0;0;405,56;0;0;0;2;
04.02.2026;BASE_M;BASE_M-06-26;436;436;436;436;430;1;1;313920;6;
04.02.2026;BASE_M;BASE_M-07-26;0;0;0;0;449,85;0;0;0;2;
04.02.2026;BASE_M;BASE_M-08-26;0;0;0;0;444,55;0;0;0;0;
04.02.2026;BASE_Q;BASE_Q-1-27;0;0;0;0;460;0;0;0;2;
04.02.2026;BASE_Q;BASE_Q-2-26;415;416;415;418;417,06;10;10;9096360;448;
04.02.2026;BASE_Q;BASE_Q-2-27;0;0;0;0;414,02;0;0;0;0;
04.02.2026;BASE_Q;BASE_Q-3-26;449;448,56;448,5;449;449;4;4;3962388;312;
04.02.2026;BASE_Q;BASE_Q-3-27;0;0;0;0;435,01;0;0;0;0;
04.02.2026;BASE_Q;BASE_Q-4-26;477;477;477;477;477;4;4;4214772;532;
04.02.2026;BASE_W;BASE_W-07-26;595;605;590;605;599;32;66;6627432;116;
04.02.2026;BASE_W;BASE_W-08-26;555;550;550;555;545,5;7;15;1395408;19;
04.02.2026;BASE_W;BASE_W-09-26;0;0;0;0;497,5;0;0;0;5;
04.02.2026;BASE_W;BASE_W-10-26;0;0;0;0;438,22;0;0;0;0;
04.02.2026;BASE_W;BASE_W-11-26;0;0;0;0;438,22;0;0;0;0;
04.02.2026;BASE_Y;BASE_Y-27;441;439;439;441;439;14;15;57921120;727;
04.02.2026;BASE_Y;BASE_Y-28;427;427;426,8;427;424,5;7;7;26252741;127;
04.02.2026;BASE_Y;BASE_Y-29;0;0;0;0;425;0;0;0;3;
04.02.2026;BASE_Y;BASE_Y-30;0;0;0;0;425,9;0;0;0;0;
04.02.2026;GAS_BASE;GAS_BASE_05-02-26;191;187,6;187;191;0;239;10376;46821144,72;9919;
04.02.2026;GAS_BASE_M;GAS_BASE_M-01-27;0;0;0;0;153,38;0;0;0;109;
04.02.2026;GAS_BASE_M;GAS_BASE_M-02-27;0;0;0;0;153,45;0;0;0;4;
04.02.2026;GAS_BASE_M;GAS_BASE_M-03-26;162,75;162;161,75;163;157,63;24;90;10834314,55;19150;
04.02.2026;GAS_BASE_M;GAS_BASE_M-04-26;152,75;152,5;152;152,75;148,95;29;147;16128180;2472;
04.02.2026;GAS_BASE_M;GAS_BASE_M-05-26;145,2;146,25;145,2;146,25;141,5;16;69;7485012;351;
04.02.2026;GAS_BASE_M;GAS_BASE_M-06-26;0;0;0;0;137,08;0;0;0;52;
04.02.2026;GAS_BASE_M;GAS_BASE_M-07-26;0;0;0;0;138,89;0;0;0;6;
04.02.2026;GAS_BASE_M;GAS_BASE_M-08-26;0;0;0;0;140,21;0;0;0;10;
04.02.2026;GAS_BASE_M;GAS_BASE_M-09-26;0;0;0;0;144;0;0;0;217;
04.02.2026;GAS_BASE_M;GAS_BASE_M-10-26;0;0;0;0;145,53;0;0;0;31;
04.02.2026;GAS_BASE_M;GAS_BASE_M-11-26;152;151,75;151,5;152;149,5;12;54;5896260;1079;
04.02.2026;GAS_BASE_M;GAS_BASE_M-12-26;154,75;154,25;154,25;154,75;152;14;65;7467528;1080;
04.02.2026;GAS_BASE_Q;GAS_BASE_Q-1-27;153;152,5;152,25;153,25;150,75;12;47;15512955;987;
04.02.2026;GAS_BASE_Q;GAS_BASE_Q-2-26;0;0;0;0;142,5;0;0;0;7539;
04.02.2026;GAS_BASE_Q;GAS_BASE_Q-2-27;0;0;0;0;129,88;0;0;0;13;
04.02.2026;GAS_BASE_Q;GAS_BASE_Q-3-26;0;0;0;0;141;0;0;0;6239;
04.02.2026;GAS_BASE_Q;GAS_BASE_Q-3-27;0;0;0;0;127,63;0;0;0;26;
04.02.2026;GAS_BASE_Q;GAS_BASE_Q-4-26;152;151,25;151,25;152;149;7;24;8043632;8087;
04.02.2026;GAS_BASE_S;GAS_BASE_S-S-26;0;0;0;0;141,75;0;0;0;72;
04.02.2026;GAS_BASE_S;GAS_BASE_S-S-27;0;0;0;0;128,75;0;0;0;9;
04.02.2026;GAS_BASE_S;GAS_BASE_S-W-26;152,25;152,25;152,25;152,25;149,87;3;11;7315308;661;
04.02.2026;GAS_BASE_S;GAS_BASE_S-W-27;0;0;0;0;132,88;0;0;0;4;
04.02.2026;GAS_BASE_W;GAS_BASE_W-07-26;186,5;186,95;186,4;186,95;179;15;205;6424824;2171;
04.02.2026;GAS_BASE_W;GAS_BASE_W-08-26;0;0;0;0;174;0;0;0;301;
04.02.2026;GAS_BASE_W;GAS_BASE_W-09-26;0;0;0;0;157,64;0;0;0;0;
04.02.2026;GAS_BASE_W;GAS_BASE_W-10-26;0;0;0;0;157,64;0;0;0;0;
04.02.2026;GAS_BASE_Y;GAS_BASE_Y-27;135,25;135,3;135,2;135,3;134,88;9;15;17767908;3858;
04.02.2026;GAS_BASE_Y;GAS_BASE_Y-28;124;124;124;124;123,5;7;11;11981376;232;
04.02.2026;GAS_BASE_Y;GAS_BASE_Y-29;117;117;117;117;117;1;2;2049840;29;
04.02.2026;GAS_BASE_Y;GAS_BASE_Y-30;0;0;0;0;115,6;0;0;0;5;
04.02.2026;GAS_RDB;GAS_RDB_04-02-26;184,5;185;183;189;0;116;34713;6457512,99;29116;
04.02.2026;GLW_BASE;GLW_BASE_05-02-26;0;0;0;0;0;0;0;0;0;
04.02.2026;GLW_RDB;GLW_RDB_04-02-26;0;0;0;0;0;0;0;0;0;
04.02.2026;KUK_A_WMA-03;KUK_A_WMA-03;0;0;0;0;0;0;0;0;0;
04.02.2026;OFFPEAK;OFFPEAK_05-02-26;0;0;0;0;0;0;0;0;0;
04.02.2026;OFFPEAK;OFFPEAK_06-02-26;0;0;0;0;0;0;0;0;0;
04.02.2026;OFFPEAK_M;OFFPEAK_M-03-26;0;0;0;0;398,65;0;0;0;0;
04.02.2026;OFFPEAK_M;OFFPEAK_M-04-26;0;0;0;0;395,09;0;0;0;0;
04.02.2026;OFFPEAK_M;OFFPEAK_M-05-26;0;0;0;0;391,51;0;0;0;0;
04.02.2026;OFFPEAK_M;OFFPEAK_M-06-26;0;0;0;0;423,55;0;0;0;0;
04.02.2026;OFFPEAK_M;OFFPEAK_M-07-26;0;0;0;0;437,41;0;0;0;0;
04.02.2026;OFFPEAK_M;OFFPEAK_M-08-26;0;0;0;0;422,29;0;0;0;0;
04.02.2026;OFFPEAK_Q;OFFPEAK_Q-1-27;0;0;0;0;405,85;0;0;0;0;
04.02.2026;OFFPEAK_Q;OFFPEAK_Q-2-26;0;0;0;0;403,01;0;0;0;0;
04.02.2026;OFFPEAK_Q;OFFPEAK_Q-2-27;0;0;0;0;403,02;0;0;0;0;
04.02.2026;OFFPEAK_Q;OFFPEAK_Q-3-26;0;0;0;0;431,52;0;0;0;0;
04.02.2026;OFFPEAK_Q;OFFPEAK_Q-3-27;0;0;0;0;415,3;0;0;0;0;
04.02.2026;OFFPEAK_Q;OFFPEAK_Q-4-26;0;0;0;0;394,75;0;0;0;0;
04.02.2026;OFFPEAK_W;OFFPEAK_W-07-26;0;0;0;0;505,81;0;0;0;0;
04.02.2026;OFFPEAK_W;OFFPEAK_W-08-26;0;0;0;0;409,17;0;0;0;0;
04.02.2026;OFFPEAK_W;OFFPEAK_W-09-26;0;0;0;0;508,71;0;0;0;0;
04.02.2026;OFFPEAK_W;OFFPEAK_W-10-26;0;0;0;0;401,63;0;0;0;0;
04.02.2026;OFFPEAK_W;OFFPEAK_W-11-26;0;0;0;0;401,63;0;0;0;0;
04.02.2026;OFFPEAK_Y;OFFPEAK_Y-27;0;0;0;0;394,29;0;0;0;0;
04.02.2026;OFFPEAK_Y;OFFPEAK_Y-28;0;0;0;0;377,24;0;0;0;0;
04.02.2026;OFFPEAK_Y;OFFPEAK_Y-29;0;0;0;0;395,53;0;0;0;0;
04.02.2026;OFFPEAK_Y;OFFPEAK_Y-30;0;0;0;0;368,57;0;0;0;0;
04.02.2026;PEAK;PEAK_05-02-26;0;0;0;0;0;0;0;0;0;
04.02.2026;PEAK;PEAK_06-02-26;0;0;0;0;0;0;0;0;0;
04.02.2026;PEAK5_M;PEAK5_M-03-26;0;0;0;0;485;0;0;0;6;
04.02.2026;PEAK5_M;PEAK5_M-04-26;0;0;0;0;442,89;0;0;0;0;
04.02.2026;PEAK5_M;PEAK5_M-05-26;0;0;0;0;426,36;0;0;0;0;
04.02.2026;PEAK5_M;PEAK5_M-06-26;0;0;0;0;438,3;0;0;0;0;
04.02.2026;PEAK5_M;PEAK5_M-07-26;0;0;0;0;464,24;0;0;0;0;
04.02.2026;PEAK5_M;PEAK5_M-08-26;0;0;0;0;474,88;0;0;0;0;
04.02.2026;PEAK5_Q;PEAK5_Q-1-27;0;0;0;0;533,62;0;0;0;0;
04.02.2026;PEAK5_Q;PEAK5_Q-2-26;0;0;0;0;436;0;0;0;26;
04.02.2026;PEAK5_Q;PEAK5_Q-2-27;0;0;0;0;428,45;0;0;0;0;
04.02.2026;PEAK5_Q;PEAK5_Q-3-26;0;0;0;0;470,5;0;0;0;5;
04.02.2026;PEAK5_Q;PEAK5_Q-3-27;0;0;0;0;459,24;0;0;0;0;
04.02.2026;PEAK5_Q;PEAK5_Q-4-26;0;0;0;0;584;0;0;0;46;
04.02.2026;PEAK5_W;PEAK5_W-07-26;0;0;0;0;714,55;0;0;0;0;
04.02.2026;PEAK5_W;PEAK5_W-08-26;0;0;0;0;714,55;0;0;0;0;
04.02.2026;PEAK5_W;PEAK5_W-09-26;0;0;0;0;483,59;0;0;0;0;
04.02.2026;PEAK5_W;PEAK5_W-10-26;0;0;0;0;483,59;0;0;0;0;
04.02.2026;PEAK5_W;PEAK5_W-11-26;0;0;0;0;483,59;0;0;0;0;
04.02.2026;PEAK5_Y;PEAK5_Y-27;498;498;498;498;497,5;2;2;3779820;135;
04.02.2026;PEAK5_Y;PEAK5_Y-28;0;0;0;0;487,5;0;0;0;1;
04.02.2026;PEAK5_Y;PEAK5_Y-29;0;0;0;0;464,1;0;0;0;0;
04.02.2026;PEAK5_Y;PEAK5_Y-30;0;0;0;0;502,49;0;0;0;0;
04.02.2026;PMBG;PMBG;0;0;0;0;0;0;0;0;0;
04.02.2026;PMEF-2025;PMEF-2025;0;0;0;0;0;0;0;0;0;
04.02.2026;PMEF-2026;PMEF-2026;0;0;0;0;0;0;0;0;0;
04.02.2026;PMEF_F;PMEF_F;0;0;0;0;0;0;0;0;87834261;
04.02.2026;PMOZE;PMOZE;0;0;0;0;0;0;0;0;0;
04.02.2026;PMOZE_A;PMOZE_A;0;0;0;0;0;1;21000000;0;9425244102;
04.02.2026;PMOZE-BIO;PMOZE-BIO;0;0;0;0;0;0;0;0;541237574;
04.02.2026;PSZ_B_DLS-01;PSZ_B_DLS-01;0;0;0;0;0;0;0;0;0;
04.02.2026;PSZ_B_KUJ-01;PSZ_B_KUJ-01;0;0;0;0;0;0;0;0;0;
04.02.2026;PSZ_B_KUJ-02;PSZ_B_KUJ-02;0;0;0;0;0;0;0;0;0;
04.02.2026;PSZ_B_LBL-01;PSZ_B_LBL-01;0;0;0;0;0;0;0;0;0;
04.02.2026;PSZ_B_LBL-02;PSZ_B_LBL-02;0;0;0;0;0;0;0;0;0;
04.02.2026;PSZ_B_LBL-03;PSZ_B_LBL-03;0;0;0;0;0;0;0;0;0;
04.02.2026;PSZ_B_LBL-04;PSZ_B_LBL-04;0;0;0;0;0;0;0;0;0;
04.02.2026;PSZ_B_LBL-05;PSZ_B_LBL-05;0;0;0;0;0;0;0;0;0;
04.02.2026;PSZ_B_LBL-06;PSZ_B_LBL-06;0;0;0;0;0;0;0;0;0;
04.02.2026;PSZ_B_LBL-07;PSZ_B_LBL-07;0;0;0;0;0;0;0;0;0;
04.02.2026;PSZ_B_LBU-01;PSZ_B_LBU-01;0;0;0;0;0;0;0;0;0;
04.02.2026;PSZ_B_LBU-02;PSZ_B_LBU-02;0;0;0;0;0;0;0;0;0;
04.02.2026;PSZ_B_MAZ-01;PSZ_B_MAZ-01;0;0;0;0;0;0;0;0;0;
04.02.2026;PSZ_B_MAZ-02;PSZ_B_MAZ-02;0;0;0;0;0;0;0;0;0;
04.02.2026;PSZ_B_MAZ-03;PSZ_B_MAZ-03;0;0;0;0;0;0;0;0;0;
04.02.2026;PSZ_B_OPO-01;PSZ_B_OPO-01;0;0;0;0;0;0;0;0;0;
04.02.2026;PSZ_B_OPO-02;PSZ_B_OPO-02;0;0;0;0;0;0;0;0;0;
04.02.2026;PSZ_B_PDK-01;PSZ_B_PDK-01;0;0;0;0;0;0;0;0;0;
04.02.2026;PSZ_B_PDL-01;PSZ_B_PDL-01;0;0;0;0;0;0;0;0;0;
04.02.2026;PSZ_B_POM-01;PSZ_B_POM-01;0;0;0;0;0;0;0;0;0;
04.02.2026;PSZ_B_POM-02;PSZ_B_POM-02;0;0;0;0;0;0;0;0;0;
04.02.2026;PSZ_B_WLK-01;PSZ_B_WLK-01;0;0;0;0;0;0;0;0;0;
04.02.2026;PSZ_B_WLK-02;PSZ_B_WLK-02;0;0;0;0;0;0;0;0;0;
04.02.2026;PSZ_B_WLK-03;PSZ_B_WLK-03;0;0;0;0;0;0;0;0;0;
04.02.2026;PSZ_B_WLK-04;PSZ_B_WLK-04;0;0;0;0;0;0;0;0;0;
04.02.2026;PSZ_B_WMA-01;PSZ_B_WMA-01;0;0;0;0;0;0;0;0;0;
04.02.2026;PSZ_B_WMA-02;PSZ_B_WMA-02;0;0;0;0;0;0;0;0;0;
04.02.2026;PSZ_B_WMA-03;PSZ_B_WMA-03;0;0;0;0;0;0;0;0;0;
04.02.2026;PSZ_B_WMA-04;PSZ_B_WMA-04;0;0;0;0;0;0;0;0;0;
04.02.2026;PSZ_B_WMA-05;PSZ_B_WMA-05;0;0;0;0;0;0;0;0;0;
04.02.2026;PSZ_B_WMA-06;PSZ_B_WMA-06;0;0;0;0;0;0;0;0;0;
04.02.2026;PSZ_B_ZPO-01;PSZ_B_ZPO-01;0;0;0;0;0;0;0;0;0;
04.02.2026;PSZ_B_ZPO-02;PSZ_B_ZPO-02;0;0;0;0;0;0;0;0;0;
04.02.2026;PSZ_C_DLS-01;PSZ_C_DLS-01;0;0;0;0;0;0;0;0;0;
04.02.2026;PSZ_C_KUJ-01;PSZ_C_KUJ-01;0;0;0;0;0;0;0;0;0;
04.02.2026;PSZ_C_KUJ-02;PSZ_C_KUJ-02;0;0;0;0;0;0;0;0;0;
04.02.2026;PSZ_C_LBL-01;PSZ_C_LBL-01;0;0;0;0;0;0;0;0;0;
04.02.2026;PSZ_C_LBL-02;PSZ_C_LBL-02;0;0;0;0;0;0;0;0;0;
04.02.2026;PSZ_C_LBL-03;PSZ_C_LBL-03;0;0;0;0;0;0;0;0;0;
04.02.2026;PSZ_C_LBL-04;PSZ_C_LBL-04;0;0;0;0;0;0;0;0;0;
04.02.2026;PSZ_C_LBL-05;PSZ_C_LBL-05;0;0;0;0;0;0;0;0;0;
04.02.2026;PSZ_C_LBL-06;PSZ_C_LBL-06;0;0;0;0;0;0;0;0;0;
04.02.2026;PSZ_C_LBL-07;PSZ_C_LBL-07;0;0;0;0;0;0;0;0;0;
04.02.2026;PSZ_C_LBU-01;PSZ_C_LBU-01;0;0;0;0;0;0;0;0;0;
04.02.2026;PSZ_C_LBU-02;PSZ_C_LBU-02;0;0;0;0;0;0;0;0;0;
04.02.2026;PSZ_C_MAZ-01;PSZ_C_MAZ-01;0;0;0;0;0;0;0;0;0;
04.02.2026;PSZ_C_MAZ-02;PSZ_C_MAZ-02;0;0;0;0;0;0;0;0;0;
04.02.2026;PSZ_C_MAZ-03;PSZ_C_MAZ-03;0;0;0;0;0;0;0;0;0;
04.02.2026;PSZ_C_OPO-01;PSZ_C_OPO-01;0;0;0;0;0;0;0;0;0;
04.02.2026;PSZ_C_OPO-02;PSZ_C_OPO-02;0;0;0;0;0;0;0;0;0;
04.02.2026;PSZ_C_PDK-01;PSZ_C_PDK-01;0;0;0;0;0;0;0;0;0;
04.02.2026;PSZ_C_PDL-01;PSZ_C_PDL-01;0;0;0;0;0;0;0;0;0;
04.02.2026;PSZ_C_POM-01;PSZ_C_POM-01;0;0;0;0;0;0;0;0;0;
04.02.2026;PSZ_C_POM-02;PSZ_C_POM-02;0;0;0;0;0;0;0;0;0;
04.02.2026;PSZ_C_WLK-01;PSZ_C_WLK-01;0;0;0;0;0;0;0;0;0;
04.02.2026;PSZ_C_WLK-02;PSZ_C_WLK-02;0;0;0;0;0;0;0;0;0;
04.02.2026;PSZ_C_WLK-03;PSZ_C_WLK-03;0;0;0;0;0;0;0;0;0;
04.02.2026;PSZ_C_WLK-04;PSZ_C_WLK-04;0;0;0;0;0;0;0;0;0;
04.02.2026;PSZ_C_WMA-01;PSZ_C_WMA-01;0;0;0;0;0;0;0;0;0;
04.02.2026;PSZ_C_WMA-02;PSZ_C_WMA-02;0;0;0;0;0;0;0;0;0;
04.02.2026;PSZ_C_WMA-03;PSZ_C_WMA-03;0;0;0;0;0;0;0;0;0;
04.02.2026;PSZ_C_WMA-04;PSZ_C_WMA-04;0;0;0;0;0;0;0;0;0;
04.02.2026;PSZ_C_WMA-05;PSZ_C_WMA-05;0;0;0;0;0;0;0;0;0;
04.02.2026;PSZ_C_WMA-06;PSZ_C_WMA-06;0;0;0;0;0;0;0;0;0;
04.02.2026;PSZ_C_ZPO-01;PSZ_C_ZPO-01;0;0;0;0;0;0;0;0;0;
04.02.2026;PSZ_C_ZPO-02;PSZ_C_ZPO-02;0;0;0;0;0;0;0;0;0;
04.02.2026;RDN-1;RDN_05-02-26_H01;434,99;372,26;372,26;434,99;0;149;2747,2;1194998,255;2353,4;
04.02.2026;RDN-1;RDN_05-02-26_H02;416;359,13;359,13;416;0;155;2751,9;1144784,713;2236,7;
04.02.2026;RDN-1;RDN_05-02-26_H03;410,12;343,88;343,88;410,12;0;156;2731,7;1120318,18;2046,6;
04.02.2026;RDN-1;RDN_05-02-26_H04;413,81;345,58;345,58;413,81;0;150;2635,6;1090630,813;1955,3;
04.02.2026;RDN-1;RDN_05-02-26_H05;424,45;361,67;361,67;424,45;0;146;2705,9;1148512,977;2136,8;
04.02.2026;RDN-1;RDN_05-02-26_H06;476;451;451;476;0;154;2752,3;1310092,3;2110,4;
04.02.2026;RDN-1;RDN_05-02-26_H07;499,01;487,47;487,47;499,01;0;146;3754,2;1873382,188;3212,6;
04.02.2026;RDN-1;RDN_05-02-26_H08;594,8;539,72;539,72;594,8;0;155;3592,4;2136754,012;3134,9;
04.02.2026;RDN-1;RDN_05-02-26_H09;629;525,99;525,99;629;0;152;3706;2331063,699;3282,7;
04.02.2026;RDN-1;RDN_05-02-26_H10;655,9;616,35;616,35;655,9;0;165;3823,5;2507829,695;3403,1;
04.02.2026;RDN-1;RDN_05-02-26_H11;600;491,68;491,68;600;0;152;3689,2;2213509,168;3233,6;
04.02.2026;RDN-1;RDN_05-02-26_H12;622;548,31;548,31;622;0;162;3746,3;2330191,231;3339,5;
04.02.2026;RDN-1;RDN_05-02-26_H13;600;537,68;537,68;600;0;165;4108,9;2465333,768;3501,5;
04.02.2026;RDN-1;RDN_05-02-26_H14;627;440,86;440,86;627;0;161;3945,1;2473559,086;3416,5;
04.02.2026;RDN-1;RDN_05-02-26_H15;637;561,76;561,76;637;0;159;3958,4;2521493,276;3437,4;
04.02.2026;RDN-1;RDN_05-02-26_H16;657,7;490,84;490,84;657,7;0;167;3950,3;2598095,624;3474,3;
04.02.2026;RDN-1;RDN_05-02-26_H17;693;700,46;693;700,46;0;168;4176,4;2894319,8;3593,1;
04.02.2026;RDN-1;RDN_05-02-26_H18;685,4;688,01;602,22;688,01;0;168;4389,2;3008370,242;3772,2;
04.02.2026;RDN-1;RDN_05-02-26_H19;650;645;606,88;650;0;165;4380,6;2847360,688;3843,9;
04.02.2026;RDN-1;RDN_05-02-26_H20;625;610;548,6;625;0;165;4293,7;2683394,86;3846,8;
04.02.2026;RDN-1;RDN_05-02-26_H21;590,07;580;560;600;0;158;3930,8;2319225,589;3523,7;
04.02.2026;RDN-1;RDN_05-02-26_H22;488,99;467,54;467,54;488,99;0;142;3538,7;1730386,768;3061,8;
04.02.2026;RDN-1;RDN_05-02-26_H23;482;445,52;445,52;482;0;148;4091,3;1972002,952;3574;
04.02.2026;RDN-1;RDN_05-02-26_H24;464,2;424,35;424,35;464,2;0;139;3188,3;1480004,875;2694,6;
04.02.2026;RZP_A_LBL-01;RZP_A_LBL-01;0;0;0;0;0;0;0;0;0;
04.02.2026;SGT_BASE;SGT_BASE_05-02-26;0;0;0;0;0;0;0;0;0;
04.02.2026;SGT_RDB;SGT_RDB_04-02-26;0;0;0;0;0;0;0;0;0;
04.02.2026;ZTO_B_KUJ-02;ZTO_B_KUJ-02;0;0;0;0;0;0;0;0;0;
04.02.2026;ZTO_B_LBL-01;ZTO_B_LBL-01;0;0;0;0;0;0;0;0;0;
04.02.2026;ZTO_B_LBU-01;ZTO_B_LBU-01;0;0;0;0;0;0;0;0;0;
04.02.2026;ZTO_B_MAZ-01;ZTO_B_MAZ-01;0;0;0;0;0;0;0;0;0;
04.02.2026;ZTO_B_PDL-01;ZTO_B_PDL-01;0;0;0;0;0;0;0;0;0;
04.02.2026;ZTO_B_WLK-01;ZTO_B_WLK-01;0;0;0;0;0;0;0;0;0;
04.02.2026;ZTO_B_WLK-02;ZTO_B_WLK-02;0;0;0;0;0;0;0;0;0;
04.02.2026;ZTO_B_WMA-01;ZTO_B_WMA-01;0;0;0;0;0;0;0;0;0;
04.02.2026;ZTO_B_WMA-02;ZTO_B_WMA-02;0;0;0;0;0;0;0;0;0;
04.02.2026;ZTO_B_WMA-03;ZTO_B_WMA-03;0;0;0;0;0;0;0;0;0;
04.02.2026;ZTO_C_KUJ-02;ZTO_C_KUJ-02;0;0;0;0;0;0;0;0;0;
04.02.2026;ZTO_C_LBL-01;ZTO_C_LBL-01;0;0;0;0;0;0;0;0;0;
04.02.2026;ZTO_C_LBU-01;ZTO_C_LBU-01;0;0;0;0;0;0;0;0;0;
04.02.2026;ZTO_C_MAZ-01;ZTO_C_MAZ-01;0;0;0;0;0;0;0;0;0;
04.02.2026;ZTO_C_PDL-01;ZTO_C_PDL-01;0;0;0;0;0;0;0;0;0;
04.02.2026;ZTO_C_WLK-01;ZTO_C_WLK-01;0;0;0;0;0;0;0;0;0;
04.02.2026;ZTO_C_WLK-02;ZTO_C_WLK-02;0;0;0;0;0;0;0;0;0;
04.02.2026;ZTO_C_WMA-01;ZTO_C_WMA-01;0;0;0;0;0;0;0;0;0;
04.02.2026;ZTO_C_WMA-02;ZTO_C_WMA-02;0;0;0;0;0;0;0;0;0;
04.02.2026;ZTO_C_WMA-03;ZTO_C_WMA-03;0;0;0;0;0;0;0;0;0;
05.02.2026;BASE;BASE_06-02-26;650;631;631;650;0;90;595;9136524;405;
05.02.2026;BASE;BASE_07-02-26;0;0;0;0;0;0;0;0;0;
05.02.2026;BASE_M;BASE_M-03-26;440;438,7;438,7;440;435;20;20;6528443,8;296;
05.02.2026;BASE_M;BASE_M-04-26;417;416,5;416,5;417;415;4;5;1500840;77;
05.02.2026;BASE_M;BASE_M-05-26;0;0;0;0;398,2;0;0;0;2;
05.02.2026;BASE_M;BASE_M-06-26;0;0;0;0;436;0;0;0;6;
05.02.2026;BASE_M;BASE_M-07-26;0;0;0;0;449,49;0;0;0;2;
05.02.2026;BASE_M;BASE_M-08-26;0;0;0;0;444,2;0;0;0;0;
05.02.2026;BASE_Q;BASE_Q-1-27;0;0;0;0;453,99;0;0;0;2;
05.02.2026;BASE_Q;BASE_Q-2-26;419,1;418;418;419,1;416,2;32;38;34754210,4;453;
05.02.2026;BASE_Q;BASE_Q-2-27;0;0;0;0;414,96;0;0;0;0;
05.02.2026;BASE_Q;BASE_Q-3-26;0;0;0;0;448,64;0;0;0;312;
05.02.2026;BASE_Q;BASE_Q-3-27;0;0;0;0;436;0;0;0;0;
05.02.2026;BASE_Q;BASE_Q-4-26;477,5;478;477,25;478;477;15;18;18991878;546;
05.02.2026;BASE_W;BASE_W-07-26;604,01;598;595;604,01;603;30;64;6445676,16;148;
05.02.2026;BASE_W;BASE_W-08-26;0;0;0;0;548;0;0;0;19;
05.02.2026;BASE_W;BASE_W-09-26;0;0;0;0;495;0;0;0;5;
05.02.2026;BASE_W;BASE_W-10-26;0;0;0;0;436,22;0;0;0;0;
05.02.2026;BASE_W;BASE_W-11-26;0;0;0;0;436,22;0;0;0;0;
05.02.2026;BASE_WEEKEND;BASE_WEEKEND_06-26;0;0;0;0;0;0;0;0;0;
05.02.2026;BASE_Y;BASE_Y-27;441,5;441,5;441,5;441,5;440;4;5;19337700;730;
05.02.2026;BASE_Y;BASE_Y-28;425;425;425;425;426,94;3;3;11199600;128;
05.02.2026;BASE_Y;BASE_Y-29;0;0;0;0;424;0;0;0;3;
05.02.2026;BASE_Y;BASE_Y-30;0;0;0;0;426,74;0;0;0;0;
05.02.2026;F-OZE;F-OZE_05-26;0;0;0;0;25,13;0;0;0;0;
05.02.2026;F-OZE;F-OZE_05-27;0;0;0;0;25,13;0;0;0;0;
05.02.2026;F-OZE;F-OZE_11-26;0;0;0;0;25,13;0;0;0;0;
05.02.2026;F-OZE;F-OZE_11-27;0;0;0;0;25,13;0;0;0;0;
05.02.2026;GAS_BASE;GAS_BASE_06-02-26;193,4;190,6;189;193,4;0;192;8534;39131976;8163;
05.02.2026;GAS_BASE_M;GAS_BASE_M-01-27;0;0;0;0;156,72;0;0;0;109;
05.02.2026;GAS_BASE_M;GAS_BASE_M-02-27;0;0;0;0;155,23;0;0;0;4;
05.02.2026;GAS_BASE_M;GAS_BASE_M-03-26;167,99;169;167,75;170;161,9;27;87;10935050,49;19220;
05.02.2026;GAS_BASE_M;GAS_BASE_M-04-26;158;159;158;160,25;152,5;23;101;11589660;2571;
05.02.2026;GAS_BASE_M;GAS_BASE_M-05-26;0;0;0;0;146,2;0;0;0;351;
05.02.2026;GAS_BASE_M;GAS_BASE_M-06-26;142;143;142;143;134,7;4;20;2055600;52;
05.02.2026;GAS_BASE_M;GAS_BASE_M-07-26;0;0;0;0;135,49;0;0;0;6;
05.02.2026;GAS_BASE_M;GAS_BASE_M-08-26;0;0;0;0;136,49;0;0;0;10;
05.02.2026;GAS_BASE_M;GAS_BASE_M-09-26;0;0;0;0;138,96;0;0;0;217;
05.02.2026;GAS_BASE_M;GAS_BASE_M-10-26;0;0;0;0;147,87;0;0;0;31;
05.02.2026;GAS_BASE_M;GAS_BASE_M-11-26;156;155,5;155,5;156,5;151,65;14;46;5168304;1125;
05.02.2026;GAS_BASE_M;GAS_BASE_M-12-26;159;158,25;158,25;159,5;154,25;16;61;7216428;1141;
05.02.2026;GAS_BASE_Q;GAS_BASE_Q-1-27;155,79;155,8;155,75;157,4;152,5;17;41;13850957;1021;
05.02.2026;GAS_BASE_Q;GAS_BASE_Q-2-26;150,75;150;150;150,75;144,49;3;6;1967238;7537;
05.02.2026;GAS_BASE_Q;GAS_BASE_Q-2-27;0;0;0;0;130,3;0;0;0;13;
05.02.2026;GAS_BASE_Q;GAS_BASE_Q-3-26;149,85;148,5;148,45;149,85;136,96;4;10;3293563;6247;
05.02.2026;GAS_BASE_Q;GAS_BASE_Q-3-27;0;0;0;0;127,31;0;0;0;26;
05.02.2026;GAS_BASE_Q;GAS_BASE_Q-4-26;155;154,99;154,5;156,15;151,25;11;26;8924338;8107;
05.02.2026;GAS_BASE_S;GAS_BASE_S-S-26;0;0;0;0;140,7;0;0;0;72;
05.02.2026;GAS_BASE_S;GAS_BASE_S-S-27;0;0;0;0;128,8;0;0;0;9;
05.02.2026;GAS_BASE_S;GAS_BASE_S-W-26;155,5;156,1;155,5;156,1;151,87;3;10;6805344;671;
05.02.2026;GAS_BASE_S;GAS_BASE_S-W-27;0;0;0;0;135,5;0;0;0;4;
05.02.2026;GAS_BASE_W;GAS_BASE_W-07-26;190;190,5;190;191,5;186,56;32;440;14101752;2606;
05.02.2026;GAS_BASE_W;GAS_BASE_W-08-26;0;0;0;0;181,35;0;0;0;301;
05.02.2026;GAS_BASE_W;GAS_BASE_W-09-26;0;0;0;0;161,92;0;0;0;0;
05.02.2026;GAS_BASE_W;GAS_BASE_W-10-26;0;0;0;0;161,92;0;0;0;0;
05.02.2026;GAS_BASE_Y;GAS_BASE_Y-27;137,75;138;137,75;138,5;135,24;12;17;20593884;3874;
05.02.2026;GAS_BASE_Y;GAS_BASE_Y-28;124,75;125,25;124,75;125,25;124;3;3;3296196;235;
05.02.2026;GAS_BASE_Y;GAS_BASE_Y-29;0;0;0;0;117;0;0;0;29;
05.02.2026;GAS_BASE_Y;GAS_BASE_Y-30;0;0;0;0;115,86;0;0;0;5;
05.02.2026;GAS_RDB;GAS_RDB_05-02-26;192;184;184;192,3;0;125;55249;10577742,76;51482;
05.02.2026;GAS_WEEKEND;GAS_WEEKEND_06-26;190;187;187;190;0;9;482;4358289,6;457;
05.02.2026;GLW_BASE;GLW_BASE_06-02-26;0;0;0;0;0;0;0;0;0;
05.02.2026;GLW_RDB;GLW_RDB_05-02-26;0;0;0;0;0;0;0;0;0;
05.02.2026;KUK_A_WMA-03;KUK_A_WMA-03;0;0;0;0;0;0;0;0;0;
05.02.2026;OFFPEAK;OFFPEAK_06-02-26;0;0;0;0;0;0;0;0;0;
05.02.2026;OFFPEAK;OFFPEAK_07-02-26;0;0;0;0;0;0;0;0;0;
05.02.2026;OFFPEAK_M;OFFPEAK_M-03-26;0;0;0;0;393,05;0;0;0;0;
05.02.2026;OFFPEAK_M;OFFPEAK_M-04-26;0;0;0;0;394,27;0;0;0;0;
05.02.2026;OFFPEAK_M;OFFPEAK_M-05-26;0;0;0;0;380,26;0;0;0;0;
05.02.2026;OFFPEAK_M;OFFPEAK_M-06-26;0;0;0;0;435,5;0;0;0;0;
05.02.2026;OFFPEAK_M;OFFPEAK_M-07-26;0;0;0;0;440,15;0;0;0;0;
05.02.2026;OFFPEAK_M;OFFPEAK_M-08-26;0;0;0;0;424,64;0;0;0;0;
05.02.2026;OFFPEAK_Q;OFFPEAK_Q-1-27;0;0;0;0;395,03;0;0;0;0;
05.02.2026;OFFPEAK_Q;OFFPEAK_Q-2-26;0;0;0;0;402,63;0;0;0;0;
05.02.2026;OFFPEAK_Q;OFFPEAK_Q-2-27;0;0;0;0;404,35;0;0;0;0;
05.02.2026;OFFPEAK_Q;OFFPEAK_Q-3-26;0;0;0;0;434,12;0;0;0;0;
05.02.2026;OFFPEAK_Q;OFFPEAK_Q-3-27;0;0;0;0;416,73;0;0;0;0;
05.02.2026;OFFPEAK_Q;OFFPEAK_Q-4-26;0;0;0;0;393,61;0;0;0;0;
05.02.2026;OFFPEAK_W;OFFPEAK_W-07-26;0;0;0;0;510,07;0;0;0;0;
05.02.2026;OFFPEAK_W;OFFPEAK_W-08-26;0;0;0;0;410,71;0;0;0;0;
05.02.2026;OFFPEAK_W;OFFPEAK_W-09-26;0;0;0;0;502,19;0;0;0;0;
05.02.2026;OFFPEAK_W;OFFPEAK_W-10-26;0;0;0;0;396;0;0;0;0;
05.02.2026;OFFPEAK_W;OFFPEAK_W-11-26;0;0;0;0;396;0;0;0;0;
05.02.2026;OFFPEAK_Y;OFFPEAK_Y-27;0;0;0;0;395,67;0;0;0;0;
05.02.2026;OFFPEAK_Y;OFFPEAK_Y-28;0;0;0;0;382,26;0;0;0;0;
05.02.2026;OFFPEAK_Y;OFFPEAK_Y-29;0;0;0;0;394,6;0;0;0;0;
05.02.2026;OFFPEAK_Y;OFFPEAK_Y-30;0;0;0;0;366,28;0;0;0;0;
05.02.2026;OFFP_WEEKEND;OFFP_WEEKEND_06-26;0;0;0;0;0;0;0;0;0;
05.02.2026;PEAK;PEAK_06-02-26;0;0;0;0;0;0;0;0;0;
05.02.2026;PEAK;PEAK_07-02-26;0;0;0;0;0;0;0;0;0;
05.02.2026;PEAK5_M;PEAK5_M-03-26;0;0;0;0;487,5;0;0;0;6;
05.02.2026;PEAK5_M;PEAK5_M-04-26;0;0;0;0;441,65;0;0;0;0;
05.02.2026;PEAK5_M;PEAK5_M-05-26;0;0;0;0;424,75;0;0;0;0;
05.02.2026;PEAK5_M;PEAK5_M-06-26;0;0;0;0;436,64;0;0;0;0;
05.02.2026;PEAK5_M;PEAK5_M-07-26;0;0;0;0;460,3;0;0;0;0;
05.02.2026;PEAK5_M;PEAK5_M-08-26;0;0;0;0;470,84;0;0;0;0;
05.02.2026;PEAK5_Q;PEAK5_Q-1-27;0;0;0;0;534,15;0;0;0;0;
05.02.2026;PEAK5_Q;PEAK5_Q-2-26;0;0;0;0;434,5;0;0;0;26;
05.02.2026;PEAK5_Q;PEAK5_Q-2-27;0;0;0;0;428,88;0;0;0;0;
05.02.2026;PEAK5_Q;PEAK5_Q-3-26;0;0;0;0;466,5;0;0;0;5;
05.02.2026;PEAK5_Q;PEAK5_Q-3-27;0;0;0;0;459,7;0;0;0;0;
05.02.2026;PEAK5_Q;PEAK5_Q-4-26;0;0;0;0;585,5;0;0;0;46;
05.02.2026;PEAK5_W;PEAK5_W-07-26;0;0;0;0;718,23;0;0;0;0;
05.02.2026;PEAK5_W;PEAK5_W-08-26;0;0;0;0;718,23;0;0;0;0;
05.02.2026;PEAK5_W;PEAK5_W-09-26;0;0;0;0;486,09;0;0;0;0;
05.02.2026;PEAK5_W;PEAK5_W-10-26;0;0;0;0;486,09;0;0;0;0;
05.02.2026;PEAK5_W;PEAK5_W-11-26;0;0;0;0;486,09;0;0;0;0;
05.02.2026;PEAK5_Y;PEAK5_Y-27;0;0;0;0;498;0;0;0;135;
05.02.2026;PEAK5_Y;PEAK5_Y-28;0;0;0;0;486,5;0;0;0;1;
05.02.2026;PEAK5_Y;PEAK5_Y-29;0;0;0;0;463,01;0;0;0;0;
05.02.2026;PEAK5_Y;PEAK5_Y-30;0;0;0;0;507,51;0;0;0;0;
05.02.2026;PEAK_WEEKEND;PEAK_WEEKEND_06-26;0;0;0;0;0;0;0;0;0;
05.02.2026;PMBG;PMBG;0;0;0;0;0;0;0;0;0;
05.02.2026;PMEF-2025;PMEF-2025;0;0;0;0;0;0;0;0;0;
05.02.2026;PMEF-2026;PMEF-2026;0;0;0;0;0;0;0;0;0;
05.02.2026;PMEF_F;PMEF_F;2327,02;2327,03;2327,02;2328,5;0;29;2523747;5872848274;87834261;
05.02.2026;PMOZE;PMOZE;0;0;0;0;0;0;0;0;0;
05.02.2026;PMOZE_A;PMOZE_A;25,49;25,5;25;25,75;0;110;66088225;1685311968;9446244102;
05.02.2026;PMOZE-BIO;PMOZE-BIO;310;303;300,05;310;0;8;471033;141885845;541237574;
05.02.2026;PSZ_B_DLS-01;PSZ_B_DLS-01;0;0;0;0;0;0;0;0;0;
05.02.2026;PSZ_B_KUJ-01;PSZ_B_KUJ-01;0;0;0;0;0;0;0;0;0;
05.02.2026;PSZ_B_KUJ-02;PSZ_B_KUJ-02;0;0;0;0;0;0;0;0;0;
05.02.2026;PSZ_B_LBL-01;PSZ_B_LBL-01;0;0;0;0;0;0;0;0;0;
05.02.2026;PSZ_B_LBL-02;PSZ_B_LBL-02;0;0;0;0;0;0;0;0;0;
05.02.2026;PSZ_B_LBL-03;PSZ_B_LBL-03;0;0;0;0;0;0;0;0;0;
05.02.2026;PSZ_B_LBL-04;PSZ_B_LBL-04;0;0;0;0;0;0;0;0;0;
05.02.2026;PSZ_B_LBL-05;PSZ_B_LBL-05;0;0;0;0;0;0;0;0;0;
05.02.2026;PSZ_B_LBL-06;PSZ_B_LBL-06;0;0;0;0;0;0;0;0;0;
05.02.2026;PSZ_B_LBL-07;PSZ_B_LBL-07;0;0;0;0;0;0;0;0;0;
05.02.2026;PSZ_B_LBU-01;PSZ_B_LBU-01;0;0;0;0;0;0;0;0;0;
05.02.2026;PSZ_B_LBU-02;PSZ_B_LBU-02;0;0;0;0;0;0;0;0;0;
05.02.2026;PSZ_B_MAZ-01;PSZ_B_MAZ-01;0;0;0;0;0;0;0;0;0;
05.02.2026;PSZ_B_MAZ-02;PSZ_B_MAZ-02;0;0;0;0;0;0;0;0;0;
05.02.2026;PSZ_B_MAZ-03;PSZ_B_MAZ-03;0;0;0;0;0;0;0;0;0;
05.02.2026;PSZ_B_OPO-01;PSZ_B_OPO-01;0;0;0;0;0;0;0;0;0;
05.02.2026;PSZ_B_OPO-02;PSZ_B_OPO-02;0;0;0;0;0;0;0;0;0;
05.02.2026;PSZ_B_PDK-01;PSZ_B_PDK-01;0;0;0;0;0;0;0;0;0;
05.02.2026;PSZ_B_PDL-01;PSZ_B_PDL-01;0;0;0;0;0;0;0;0;0;
05.02.2026;PSZ_B_POM-01;PSZ_B_POM-01;0;0;0;0;0;0;0;0;0;
05.02.2026;PSZ_B_POM-02;PSZ_B_POM-02;0;0;0;0;0;0;0;0;0;
05.02.2026;PSZ_B_WLK-01;PSZ_B_WLK-01;0;0;0;0;0;0;0;0;0;
05.02.2026;PSZ_B_WLK-02;PSZ_B_WLK-02;0;0;0;0;0;0;0;0;0;
05.02.2026;PSZ_B_WLK-03;PSZ_B_WLK-03;0;0;0;0;0;0;0;0;0;
05.02.2026;PSZ_B_WLK-04;PSZ_B_WLK-04;0;0;0;0;0;0;0;0;0;
05.02.2026;PSZ_B_WMA-01;PSZ_B_WMA-01;0;0;0;0;0;0;0;0;0;
05.02.2026;PSZ_B_WMA-02;PSZ_B_WMA-02;0;0;0;0;0;0;0;0;0;
05.02.2026;PSZ_B_WMA-03;PSZ_B_WMA-03;0;0;0;0;0;0;0;0;0;
05.02.2026;PSZ_B_WMA-04;PSZ_B_WMA-04;0;0;0;0;0;0;0;0;0;
05.02.2026;PSZ_B_WMA-05;PSZ_B_WMA-05;0;0;0;0;0;0;0;0;0;
05.02.2026;PSZ_B_WMA-06;PSZ_B_WMA-06;0;0;0;0;0;0;0;0;0;
05.02.2026;PSZ_B_ZPO-01;PSZ_B_ZPO-01;0;0;0;0;0;0;0;0;0;
05.02.2026;PSZ_B_ZPO-02;PSZ_B_ZPO-02;0;0;0;0;0;0;0;0;0;
05.02.2026;PSZ_C_DLS-01;PSZ_C_DLS-01;0;0;0;0;0;0;0;0;0;
05.02.2026;PSZ_C_KUJ-01;PSZ_C_KUJ-01;0;0;0;0;0;0;0;0;0;
05.02.2026;PSZ_C_KUJ-02;PSZ_C_KUJ-02;0;0;0;0;0;0;0;0;0;
05.02.2026;PSZ_C_LBL-01;PSZ_C_LBL-01;0;0;0;0;0;0;0;0;0;
05.02.2026;PSZ_C_LBL-02;PSZ_C_LBL-02;0;0;0;0;0;0;0;0;0;
05.02.2026;PSZ_C_LBL-03;PSZ_C_LBL-03;0;0;0;0;0;0;0;0;0;
05.02.2026;PSZ_C_LBL-04;PSZ_C_LBL-04;0;0;0;0;0;0;0;0;0;
05.02.2026;PSZ_C_LBL-05;PSZ_C_LBL-05;0;0;0;0;0;0;0;0;0;
05.02.2026;PSZ_C_LBL-06;PSZ_C_LBL-06;0;0;0;0;0;0;0;0;0;
05.02.2026;PSZ_C_LBL-07;PSZ_C_LBL-07;0;0;0;0;0;0;0;0;0;
05.02.2026;PSZ_C_LBU-01;PSZ_C_LBU-01;0;0;0;0;0;0;0;0;0;
05.02.2026;PSZ_C_LBU-02;PSZ_C_LBU-02;0;0;0;0;0;0;0;0;0;
05.02.2026;PSZ_C_MAZ-01;PSZ_C_MAZ-01;0;0;0;0;0;0;0;0;0;
05.02.2026;PSZ_C_MAZ-02;PSZ_C_MAZ-02;0;0;0;0;0;0;0;0;0;
05.02.2026;PSZ_C_MAZ-03;PSZ_C_MAZ-03;0;0;0;0;0;0;0;0;0;
05.02.2026;PSZ_C_OPO-01;PSZ_C_OPO-01;0;0;0;0;0;0;0;0;0;
05.02.2026;PSZ_C_OPO-02;PSZ_C_OPO-02;0;0;0;0;0;0;0;0;0;
05.02.2026;PSZ_C_PDK-01;PSZ_C_PDK-01;0;0;0;0;0;0;0;0;0;
05.02.2026;PSZ_C_PDL-01;PSZ_C_PDL-01;0;0;0;0;0;0;0;0;0;
05.02.2026;PSZ_C_POM-01;PSZ_C_POM-01;0;0;0;0;0;0;0;0;0;
05.02.2026;PSZ_C_POM-02;PSZ_C_POM-02;0;0;0;0;0;0;0;0;0;
05.02.2026;PSZ_C_WLK-01;PSZ_C_WLK-01;0;0;0;0;0;0;0;0;0;
05.02.2026;PSZ_C_WLK-02;PSZ_C_WLK-02;0;0;0;0;0;0;0;0;0;
05.02.2026;PSZ_C_WLK-03;PSZ_C_WLK-03;0;0;0;0;0;0;0;0;0;
05.02.2026;PSZ_C_WLK-04;PSZ_C_WLK-04;0;0;0;0;0;0;0;0;0;
05.02.2026;PSZ_C_WMA-01;PSZ_C_WMA-01;0;0;0;0;0;0;0;0;0;
05.02.2026;PSZ_C_WMA-02;PSZ_C_WMA-02;0;0;0;0;0;0;0;0;0;
05.02.2026;PSZ_C_WMA-03;PSZ_C_WMA-03;0;0;0;0;0;0;0;0;0;
05.02.2026;PSZ_C_WMA-04;PSZ_C_WMA-04;0;0;0;0;0;0;0;0;0;
05.02.2026;PSZ_C_WMA-05;PSZ_C_WMA-05;0;0;0;0;0;0;0;0;0;
05.02.2026;PSZ_C_WMA-06;PSZ_C_WMA-06;0;0;0;0;0;0;0;0;0;
05.02.2026;PSZ_C_ZPO-01;PSZ_C_ZPO-01;0;0;0;0;0;0;0;0;0;
05.02.2026;PSZ_C_ZPO-02;PSZ_C_ZPO-02;0;0;0;0;0;0;0;0;0;
05.02.2026;RDN-1;RDN_06-02-26_H01;472;462,01;462,01;472;0;149;2511,8;1185370,7;2073;
05.02.2026;RDN-1;RDN_06-02-26_H02;472;462,01;462,01;472;0;147;2749,7;1297659,5;2096,6;
05.02.2026;RDN-1;RDN_06-02-26_H03;460,12;450,13;450,13;460,12;0;153;2697,6;1241020,612;2051;
05.02.2026;RDN-1;RDN_06-02-26_H04;456,61;456,61;456,61;456,61;0;152;2782,5;1270517,325;2149,3;
05.02.2026;RDN-1;RDN_06-02-26_H05;460;450,01;450,01;460;0;152;2702,6;1242997,1;2111,2;
05.02.2026;RDN-1;RDN_06-02-26_H06;460;445;445;460;0;154;2762,4;1270355,1;2211,4;
05.02.2026;RDN-1;RDN_06-02-26_H07;526,5;516,51;516,51;526,5;0;148;4018,8;2115798,3;3493,8;
05.02.2026;RDN-1;RDN_06-02-26_H08;631,33;621,3;621,3;631,33;0;152;3989,1;2518338,203;3431,6;
05.02.2026;RDN-1;RDN_06-02-26_H09;697,72;687,7;687,7;697,72;0;153;4281,8;2987397,296;3739,5;
05.02.2026;RDN-1;RDN_06-02-26_H10;694;694;694;694;0;153;4350;3018900;3807,9;
05.02.2026;RDN-1;RDN_06-02-26_H11;650;650;650;650;0;144;4313,2;2803580;3804;
05.02.2026;RDN-1;RDN_06-02-26_H12;645,2;645,2;645,2;645,2;0;145;4620,3;2981017,56;4081,8;
05.02.2026;RDN-1;RDN_06-02-26_H13;617,9;618;617,9;618;0;147;4482,9;2769986,41;3899,3;
05.02.2026;RDN-1;RDN_06-02-26_H14;657;647;647;657;0;156;4660,4;3061832,8;4114,5;
05.02.2026;RDN-1;RDN_06-02-26_H15;650,51;660;645;660;0;167;4517,2;2938541,022;3966,8;
05.02.2026;RDN-1;RDN_06-02-26_H16;696,31;686,3;686,3;696,31;0;172;4708,6;3278485,306;4170,1;
05.02.2026;RDN-1;RDN_06-02-26_H17;831,84;831;831;831,84;0;164;4416,7;3673978,488;4025,4;
05.02.2026;RDN-1;RDN_06-02-26_H18;878,7;878,7;878,7;878,7;0;165;4813,3;4229446,71;4436;
05.02.2026;RDN-1;RDN_06-02-26_H19;810,13;835;810,13;835;0;165;4834,1;3916411,088;4473,5;
05.02.2026;RDN-1;RDN_06-02-26_H20;787,88;782,88;782,88;787,88;0;174;5165,1;4069288,988;4818,1;
05.02.2026;RDN-1;RDN_06-02-26_H21;686,13;674,13;674,13;686,13;0;163;4890,8;3355255,104;4400,2;
05.02.2026;RDN-1;RDN_06-02-26_H22;517,1;502,1;502,1;517,1;0;150;4167,1;2154457,51;3626,5;
05.02.2026;RDN-1;RDN_06-02-26_H23;500;490;490;500;0;149;4503,7;2251567,1;3984,3;
05.02.2026;RDN-1;RDN_06-02-26_H24;469,68;469,68;469,68;469,68;0;140;3833,8;1800659,184;3329,6;
05.02.2026;RZP_A_LBL-01;RZP_A_LBL-01;0;0;0;0;0;0;0;0;0;
05.02.2026;SGT_BASE;SGT_BASE_06-02-26;0;0;0;0;0;0;0;0;0;
05.02.2026;SGT_RDB;SGT_RDB_05-02-26;0;0;0;0;0;0;0;0;0;
05.02.2026;ZTO_B_KUJ-02;ZTO_B_KUJ-02;0;0;0;0;0;0;0;0;0;
05.02.2026;ZTO_B_LBL-01;ZTO_B_LBL-01;0;0;0;0;0;0;0;0;0;
05.02.2026;ZTO_B_LBU-01;ZTO_B_LBU-01;0;0;0;0;0;0;0;0;0;
05.02.2026;ZTO_B_MAZ-01;ZTO_B_MAZ-01;0;0;0;0;0;0;0;0;0;
05.02.2026;ZTO_B_PDL-01;ZTO_B_PDL-01;0;0;0;0;0;0;0;0;0;
05.02.2026;ZTO_B_WLK-01;ZTO_B_WLK-01;0;0;0;0;0;0;0;0;0;
05.02.2026;ZTO_B_WLK-02;ZTO_B_WLK-02;0;0;0;0;0;0;0;0;0;
05.02.2026;ZTO_B_WMA-01;ZTO_B_WMA-01;0;0;0;0;0;0;0;0;0;
05.02.2026;ZTO_B_WMA-02;ZTO_B_WMA-02;0;0;0;0;0;0;0;0;0;
05.02.2026;ZTO_B_WMA-03;ZTO_B_WMA-03;0;0;0;0;0;0;0;0;0;
05.02.2026;ZTO_C_KUJ-02;ZTO_C_KUJ-02;0;0;0;0;0;0;0;0;0;
05.02.2026;ZTO_C_LBL-01;ZTO_C_LBL-01;0;0;0;0;0;0;0;0;0;
05.02.2026;ZTO_C_LBU-01;ZTO_C_LBU-01;0;0;0;0;0;0;0;0;0;
05.02.2026;ZTO_C_MAZ-01;ZTO_C_MAZ-01;0;0;0;0;0;0;0;0;0;
05.02.2026;ZTO_C_PDL-01;ZTO_C_PDL-01;0;0;0;0;0;0;0;0;0;
05.02.2026;ZTO_C_WLK-01;ZTO_C_WLK-01;0;0;0;0;0;0;0;0;0;
05.02.2026;ZTO_C_WLK-02;ZTO_C_WLK-02;0;0;0;0;0;0;0;0;0;
05.02.2026;ZTO_C_WMA-01;ZTO_C_WMA-01;0;0;0;0;0;0;0;0;0;
05.02.2026;ZTO_C_WMA-02;ZTO_C_WMA-02;0;0;0;0;0;0;0;0;0;
05.02.2026;ZTO_C_WMA-03;ZTO_C_WMA-03;0;0;0;0;0;0;0;0;0;
06.02.2026;BASE;BASE_07-02-26;550;525;525;550;0;87;630;8043840;479;
06.02.2026;BASE;BASE_08-02-26;0;0;0;0;0;0;0;0;0;
06.02.2026;BASE_M;BASE_M-03-26;432;428,5;427;432;439,14;27;29;9236233;310;
06.02.2026;BASE_M;BASE_M-04-26;412;408;408;412;416,88;14;19;5598720;94;
06.02.2026;BASE_M;BASE_M-05-26;0;0;0;0;400,68;0;0;0;2;
06.02.2026;BASE_M;BASE_M-06-26;434;434;430;434;437,33;3;3;934560;8;
06.02.2026;BASE_M;BASE_M-07-26;0;0;0;0;450,86;0;0;0;2;
06.02.2026;BASE_M;BASE_M-08-26;0;0;0;0;445,55;0;0;0;0;
06.02.2026;BASE_Q;BASE_Q-1-27;455;455;455;455;455,54;3;3;2947035;5;
06.02.2026;BASE_Q;BASE_Q-2-26;412;408,5;408;412;418,1;40;41;36694476;461;
06.02.2026;BASE_Q;BASE_Q-2-27;0;0;0;0;416,38;0;0;0;0;
06.02.2026;BASE_Q;BASE_Q-3-26;439;439,5;438;440;450;17;19;18420240;314;
06.02.2026;BASE_Q;BASE_Q-3-27;0;0;0;0;437,48;0;0;0;0;
06.02.2026;BASE_Q;BASE_Q-4-26;471;464;464;471;478;15;19;19621443;558;
06.02.2026;BASE_W;BASE_W-07-26;590;582;579;590,1;598;29;59;5801728,8;187;
06.02.2026;BASE_W;BASE_W-08-26;535;528;528;535;553;7;14;1246224;31;
06.02.2026;BASE_W;BASE_W-09-26;0;0;0;0;500,5;0;0;0;5;
06.02.2026;BASE_W;BASE_W-10-26;0;0;0;0;440,37;0;0;0;0;
06.02.2026;BASE_W;BASE_W-11-26;0;0;0;0;440,37;0;0;0;0;
06.02.2026;BASE_WEEKEND;BASE_WEEKEND_06-26;0;0;0;0;0;0;0;0;0;
06.02.2026;BASE_Y;BASE_Y-27;437;430,5;430,5;437;441,5;19;20;76168200;741;
06.02.2026;BASE_Y;BASE_Y-28;418;414;414;418;425;5;6;21907296;132;
06.02.2026;BASE_Y;BASE_Y-29;0;0;0;0;426,31;0;0;0;3;
06.02.2026;BASE_Y;BASE_Y-30;0;0;0;0;438,39;0;0;0;0;
06.02.2026;GAS_BASE;GAS_BASE_07-02-26;188,2;188,15;186,5;188,55;0;68;1660;7469708,4;1429;
06.02.2026;GAS_BASE_M;GAS_BASE_M-01-27;0;0;0;0;159,28;0;0;0;109;
06.02.2026;GAS_BASE_M;GAS_BASE_M-02-27;0;0;0;0;157,76;0;0;0;4;
06.02.2026;GAS_BASE_M;GAS_BASE_M-03-26;169;168;166,95;169;168,75;52;201;25016453,36;19402;
06.02.2026;GAS_BASE_M;GAS_BASE_M-04-26;157,75;157,5;156,5;158,5;159;20;59;6683400;2624;
06.02.2026;GAS_BASE_M;GAS_BASE_M-05-26;0;0;0;0;149,04;0;0;0;351;
06.02.2026;GAS_BASE_M;GAS_BASE_M-06-26;140;140;140;140;142,75;1;1;100800;52;
06.02.2026;GAS_BASE_M;GAS_BASE_M-07-26;0;0;0;0;146,67;0;0;0;6;
06.02.2026;GAS_BASE_M;GAS_BASE_M-08-26;0;0;0;0;148,07;0;0;0;10;
06.02.2026;GAS_BASE_M;GAS_BASE_M-09-26;0;0;0;0;150,52;0;0;0;217;
06.02.2026;GAS_BASE_M;GAS_BASE_M-10-26;0;0;0;0;151,27;0;0;0;31;
06.02.2026;GAS_BASE_M;GAS_BASE_M-11-26;154,75;154;154;154,75;155,5;5;20;2222460;1145;
06.02.2026;GAS_BASE_M;GAS_BASE_M-12-26;157,25;156,75;156,25;157,5;158,25;8;30;3501450;1171;
06.02.2026;GAS_BASE_Q;GAS_BASE_Q-1-27;155;155,2;154,4;155,2;154,99;9;29;9690024;1047;
06.02.2026;GAS_BASE_Q;GAS_BASE_Q-2-26;0;0;0;0;150,25;0;0;0;7537;
06.02.2026;GAS_BASE_Q;GAS_BASE_Q-2-27;0;0;0;0;133,6;0;0;0;13;
06.02.2026;GAS_BASE_Q;GAS_BASE_Q-3-26;0;0;0;0;148,4;0;0;0;6247;
06.02.2026;GAS_BASE_Q;GAS_BASE_Q-3-27;0;0;0;0;129,5;0;0;0;26;
06.02.2026;GAS_BASE_Q;GAS_BASE_Q-4-26;153;154,5;153;155;155;5;17;5784819;8124;
06.02.2026;GAS_BASE_S;GAS_BASE_S-S-26;0;0;0;0;149,32;0;0;0;72;
06.02.2026;GAS_BASE_S;GAS_BASE_S-S-27;0;0;0;0;131,54;0;0;0;9;
06.02.2026;GAS_BASE_S;GAS_BASE_S-W-26;154,4;154,4;154,4;154,4;155;2;5;3372096;676;
06.02.2026;GAS_BASE_S;GAS_BASE_S-W-27;0;0;0;0;138;0;0;0;4;
06.02.2026;GAS_BASE_W;GAS_BASE_W-07-26;186,95;187;186;187;190,68;34;1000;31390968;3601;
06.02.2026;GAS_BASE_W;GAS_BASE_W-08-26;185;185,6;185;186;185,36;12;180;5616072;481;
06.02.2026;GAS_BASE_W;GAS_BASE_W-09-26;0;0;0;0;168,77;0;0;0;0;
06.02.2026;GAS_BASE_W;GAS_BASE_W-10-26;0;0;0;0;168,77;0;0;0;0;
06.02.2026;GAS_BASE_Y;GAS_BASE_Y-27;136,5;136,35;136;136,75;138,3;10;13;15544182;3884;
06.02.2026;GAS_BASE_Y;GAS_BASE_Y-28;124;124;123,25;124;125,25;5;7;7609140;241;
06.02.2026;GAS_BASE_Y;GAS_BASE_Y-29;116;116;116;116;117;1;1;1016160;30;
06.02.2026;GAS_BASE_Y;GAS_BASE_Y-30;0;0;0;0;118,56;0;0;0;5;
06.02.2026;GAS_RDB;GAS_RDB_06-02-26;189,5;187;185,5;189,5;0;111;41274;7753315,22;36489;
06.02.2026;GAS_WEEKEND;GAS_WEEKEND_06-26;185,75;188;185,05;188,6;0;87;4206;37699173,6;4437;
06.02.2026;GLW_BASE;GLW_BASE_07-02-26;0;0;0;0;0;0;0;0;0;
06.02.2026;GLW_RDB;GLW_RDB_06-02-26;0;0;0;0;0;0;0;0;0;
06.02.2026;KUK_A_WMA-03;KUK_A_WMA-03;0;0;0;0;0;0;0;0;0;
06.02.2026;OFFPEAK;OFFPEAK_07-02-26;0;0;0;0;0;0;0;0;0;
06.02.2026;OFFPEAK;OFFPEAK_08-02-26;0;0;0;0;0;0;0;0;0;
06.02.2026;OFFPEAK_M;OFFPEAK_M-03-26;0;0;0;0;402,1;0;0;0;0;
06.02.2026;OFFPEAK_M;OFFPEAK_M-04-26;0;0;0;0;388,44;0;0;0;0;
06.02.2026;OFFPEAK_M;OFFPEAK_M-05-26;0;0;0;0;382,89;0;0;0;0;
06.02.2026;OFFPEAK_M;OFFPEAK_M-06-26;0;0;0;0;436,07;0;0;0;0;
06.02.2026;OFFPEAK_M;OFFPEAK_M-07-26;0;0;0;0;430,89;0;0;0;0;
06.02.2026;OFFPEAK_M;OFFPEAK_M-08-26;0;0;0;0;416,72;0;0;0;0;
06.02.2026;OFFPEAK_Q;OFFPEAK_Q-1-27;0;0;0;0;397,09;0;0;0;0;
06.02.2026;OFFPEAK_Q;OFFPEAK_Q-2-26;0;0;0;0;401,86;0;0;0;0;
06.02.2026;OFFPEAK_Q;OFFPEAK_Q-2-27;0;0;0;0;405,86;0;0;0;0;
06.02.2026;OFFPEAK_Q;OFFPEAK_Q-3-26;0;0;0;0;425,35;0;0;0;0;
06.02.2026;OFFPEAK_Q;OFFPEAK_Q-3-27;0;0;0;0;418,3;0;0;0;0;
06.02.2026;OFFPEAK_Q;OFFPEAK_Q-4-26;0;0;0;0;396,53;0;0;0;0;
06.02.2026;OFFPEAK_W;OFFPEAK_W-07-26;0;0;0;0;503,41;0;0;0;0;
06.02.2026;OFFPEAK_W;OFFPEAK_W-08-26;0;0;0;0;422,12;0;0;0;0;
06.02.2026;OFFPEAK_W;OFFPEAK_W-09-26;0;0;0;0;513,73;0;0;0;0;
06.02.2026;OFFPEAK_W;OFFPEAK_W-10-26;0;0;0;0;405,11;0;0;0;0;
06.02.2026;OFFPEAK_W;OFFPEAK_W-11-26;0;0;0;0;405,11;0;0;0;0;
06.02.2026;OFFPEAK_Y;OFFPEAK_Y-27;0;0;0;0;397,17;0;0;0;0;
06.02.2026;OFFPEAK_Y;OFFPEAK_Y-28;0;0;0;0;374,36;0;0;0;0;
06.02.2026;OFFPEAK_Y;OFFPEAK_Y-29;0;0;0;0;396,75;0;0;0;0;
06.02.2026;OFFPEAK_Y;OFFPEAK_Y-30;0;0;0;0;387,73;0;0;0;0;
06.02.2026;OFFP_WEEKEND;OFFP_WEEKEND_06-26;0;0;0;0;0;0;0;0;0;
06.02.2026;PEAK;PEAK_07-02-26;0;0;0;0;0;0;0;0;0;
06.02.2026;PEAK;PEAK_08-02-26;0;0;0;0;0;0;0;0;0;
06.02.2026;PEAK5_M;PEAK5_M-03-26;0;0;0;0;485,5;0;0;0;6;
06.02.2026;PEAK5_M;PEAK5_M-04-26;0;0;0;0;453,43;0;0;0;0;
06.02.2026;PEAK5_M;PEAK5_M-05-26;0;0;0;0;427;0;0;0;0;
06.02.2026;PEAK5_M;PEAK5_M-06-26;0;0;0;0;438,95;0;0;0;0;
06.02.2026;PEAK5_M;PEAK5_M-07-26;0;0;0;0;473,94;0;0;0;0;
06.02.2026;PEAK5_M;PEAK5_M-08-26;0;0;0;0;484,8;0;0;0;0;
06.02.2026;PEAK5_Q;PEAK5_Q-1-27;0;0;0;0;535;0;0;0;0;
06.02.2026;PEAK5_Q;PEAK5_Q-2-26;430;430;430;430;440;1;2;799800;28;
06.02.2026;PEAK5_Q;PEAK5_Q-2-27;0;0;0;0;430,17;0;0;0;0;
06.02.2026;PEAK5_Q;PEAK5_Q-3-26;0;0;0;0;480,33;0;0;0;5;
06.02.2026;PEAK5_Q;PEAK5_Q-3-27;0;0;0;0;461,09;0;0;0;0;
06.02.2026;PEAK5_Q;PEAK5_Q-4-26;0;0;0;0;584;0;0;0;46;
06.02.2026;PEAK5_W;PEAK5_W-07-26;0;0;0;0;715,29;0;0;0;0;
06.02.2026;PEAK5_W;PEAK5_W-08-26;0;0;0;0;715,29;0;0;0;0;
06.02.2026;PEAK5_W;PEAK5_W-09-26;0;0;0;0;484,09;0;0;0;0;
06.02.2026;PEAK5_W;PEAK5_W-10-26;0;0;0;0;484,09;0;0;0;0;
06.02.2026;PEAK5_W;PEAK5_W-11-26;0;0;0;0;484,09;0;0;0;0;
06.02.2026;PEAK5_Y;PEAK5_Y-27;491;491;491;491;499,5;1;1;1863345;136;
06.02.2026;PEAK5_Y;PEAK5_Y-28;0;0;0;0;492,5;0;0;0;1;
06.02.2026;PEAK5_Y;PEAK5_Y-29;0;0;0;0;465,53;0;0;0;0;
06.02.2026;PEAK5_Y;PEAK5_Y-30;0;0;0;0;506,06;0;0;0;0;
06.02.2026;PEAK_WEEKEND;PEAK_WEEKEND_06-26;0;0;0;0;0;0;0;0;0;
06.02.2026;PSZ_B_DLS-01;PSZ_B_DLS-01;0;0;0;0;0;0;0;0;0;
06.02.2026;PSZ_B_KUJ-01;PSZ_B_KUJ-01;0;0;0;0;0;0;0;0;0;
06.02.2026;PSZ_B_KUJ-02;PSZ_B_KUJ-02;0;0;0;0;0;0;0;0;0;
06.02.2026;PSZ_B_LBL-01;PSZ_B_LBL-01;0;0;0;0;0;0;0;0;0;
06.02.2026;PSZ_B_LBL-02;PSZ_B_LBL-02;0;0;0;0;0;0;0;0;0;
06.02.2026;PSZ_B_LBL-03;PSZ_B_LBL-03;0;0;0;0;0;0;0;0;0;
06.02.2026;PSZ_B_LBL-04;PSZ_B_LBL-04;0;0;0;0;0;0;0;0;0;
06.02.2026;PSZ_B_LBL-05;PSZ_B_LBL-05;0;0;0;0;0;0;0;0;0;
06.02.2026;PSZ_B_LBL-06;PSZ_B_LBL-06;0;0;0;0;0;0;0;0;0;
06.02.2026;PSZ_B_LBL-07;PSZ_B_LBL-07;0;0;0;0;0;0;0;0;0;
06.02.2026;PSZ_B_LBU-01;PSZ_B_LBU-01;0;0;0;0;0;0;0;0;0;
06.02.2026;PSZ_B_LBU-02;PSZ_B_LBU-02;0;0;0;0;0;0;0;0;0;
06.02.2026;PSZ_B_MAZ-01;PSZ_B_MAZ-01;0;0;0;0;0;0;0;0;0;
06.02.2026;PSZ_B_MAZ-02;PSZ_B_MAZ-02;0;0;0;0;0;0;0;0;0;
06.02.2026;PSZ_B_MAZ-03;PSZ_B_MAZ-03;0;0;0;0;0;0;0;0;0;
06.02.2026;PSZ_B_OPO-01;PSZ_B_OPO-01;0;0;0;0;0;0;0;0;0;
06.02.2026;PSZ_B_OPO-02;PSZ_B_OPO-02;0;0;0;0;0;0;0;0;0;
06.02.2026;PSZ_B_PDK-01;PSZ_B_PDK-01;0;0;0;0;0;0;0;0;0;
06.02.2026;PSZ_B_PDL-01;PSZ_B_PDL-01;0;0;0;0;0;0;0;0;0;
06.02.2026;PSZ_B_POM-01;PSZ_B_POM-01;0;0;0;0;0;0;0;0;0;
06.02.2026;PSZ_B_POM-02;PSZ_B_POM-02;0;0;0;0;0;0;0;0;0;
06.02.2026;PSZ_B_WLK-01;PSZ_B_WLK-01;0;0;0;0;0;0;0;0;0;
06.02.2026;PSZ_B_WLK-02;PSZ_B_WLK-02;0;0;0;0;0;0;0;0;0;
06.02.2026;PSZ_B_WLK-03;PSZ_B_WLK-03;0;0;0;0;0;0;0;0;0;
06.02.2026;PSZ_B_WLK-04;PSZ_B_WLK-04;0;0;0;0;0;0;0;0;0;
06.02.2026;PSZ_B_WMA-01;PSZ_B_WMA-01;0;0;0;0;0;0;0;0;0;
06.02.2026;PSZ_B_WMA-02;PSZ_B_WMA-02;0;0;0;0;0;0;0;0;0;
06.02.2026;PSZ_B_WMA-03;PSZ_B_WMA-03;0;0;0;0;0;0;0;0;0;
06.02.2026;PSZ_B_WMA-04;PSZ_B_WMA-04;0;0;0;0;0;0;0;0;0;
06.02.2026;PSZ_B_WMA-05;PSZ_B_WMA-05;0;0;0;0;0;0;0;0;0;
06.02.2026;PSZ_B_WMA-06;PSZ_B_WMA-06;0;0;0;0;0;0;0;0;0;
06.02.2026;PSZ_B_ZPO-01;PSZ_B_ZPO-01;0;0;0;0;0;0;0;0;0;
06.02.2026;PSZ_B_ZPO-02;PSZ_B_ZPO-02;0;0;0;0;0;0;0;0;0;
06.02.2026;PSZ_C_DLS-01;PSZ_C_DLS-01;0;0;0;0;0;0;0;0;0;
06.02.2026;PSZ_C_KUJ-01;PSZ_C_KUJ-01;0;0;0;0;0;0;0;0;0;
06.02.2026;PSZ_C_KUJ-02;PSZ_C_KUJ-02;0;0;0;0;0;0;0;0;0;
06.02.2026;PSZ_C_LBL-01;PSZ_C_LBL-01;0;0;0;0;0;0;0;0;0;
06.02.2026;PSZ_C_LBL-02;PSZ_C_LBL-02;0;0;0;0;0;0;0;0;0;
06.02.2026;PSZ_C_LBL-03;PSZ_C_LBL-03;0;0;0;0;0;0;0;0;0;
06.02.2026;PSZ_C_LBL-04;PSZ_C_LBL-04;0;0;0;0;0;0;0;0;0;
06.02.2026;PSZ_C_LBL-05;PSZ_C_LBL-05;0;0;0;0;0;0;0;0;0;
06.02.2026;PSZ_C_LBL-06;PSZ_C_LBL-06;0;0;0;0;0;0;0;0;0;
06.02.2026;PSZ_C_LBL-07;PSZ_C_LBL-07;0;0;0;0;0;0;0;0;0;
06.02.2026;PSZ_C_LBU-01;PSZ_C_LBU-01;0;0;0;0;0;0;0;0;0;
06.02.2026;PSZ_C_LBU-02;PSZ_C_LBU-02;0;0;0;0;0;0;0;0;0;
06.02.2026;PSZ_C_MAZ-01;PSZ_C_MAZ-01;0;0;0;0;0;0;0;0;0;
06.02.2026;PSZ_C_MAZ-02;PSZ_C_MAZ-02;0;0;0;0;0;0;0;0;0;
06.02.2026;PSZ_C_MAZ-03;PSZ_C_MAZ-03;0;0;0;0;0;0;0;0;0;
06.02.2026;PSZ_C_OPO-01;PSZ_C_OPO-01;0;0;0;0;0;0;0;0;0;
06.02.2026;PSZ_C_OPO-02;PSZ_C_OPO-02;0;0;0;0;0;0;0;0;0;
06.02.2026;PSZ_C_PDK-01;PSZ_C_PDK-01;0;0;0;0;0;0;0;0;0;
06.02.2026;PSZ_C_PDL-01;PSZ_C_PDL-01;0;0;0;0;0;0;0;0;0;
06.02.2026;PSZ_C_POM-01;PSZ_C_POM-01;0;0;0;0;0;0;0;0;0;
06.02.2026;PSZ_C_POM-02;PSZ_C_POM-02;0;0;0;0;0;0;0;0;0;
06.02.2026;PSZ_C_WLK-01;PSZ_C_WLK-01;0;0;0;0;0;0;0;0;0;
06.02.2026;PSZ_C_WLK-02;PSZ_C_WLK-02;0;0;0;0;0;0;0;0;0;
06.02.2026;PSZ_C_WLK-03;PSZ_C_WLK-03;0;0;0;0;0;0;0;0;0;
06.02.2026;PSZ_C_WLK-04;PSZ_C_WLK-04;0;0;0;0;0;0;0;0;0;
06.02.2026;PSZ_C_WMA-01;PSZ_C_WMA-01;0;0;0;0;0;0;0;0;0;
06.02.2026;PSZ_C_WMA-02;PSZ_C_WMA-02;0;0;0;0;0;0;0;0;0;
06.02.2026;PSZ_C_WMA-03;PSZ_C_WMA-03;0;0;0;0;0;0;0;0;0;
06.02.2026;PSZ_C_WMA-04;PSZ_C_WMA-04;0;0;0;0;0;0;0;0;0;
06.02.2026;PSZ_C_WMA-05;PSZ_C_WMA-05;0;0;0;0;0;0;0;0;0;
06.02.2026;PSZ_C_WMA-06;PSZ_C_WMA-06;0;0;0;0;0;0;0;0;0;
06.02.2026;PSZ_C_ZPO-01;PSZ_C_ZPO-01;0;0;0;0;0;0;0;0;0;
06.02.2026;PSZ_C_ZPO-02;PSZ_C_ZPO-02;0;0;0;0;0;0;0;0;0;
06.02.2026;RDN-1;RDN_07-02-26_H01;487,8;490;487,8;490;0;142;3129;1526403,2;2713,9;
06.02.2026;RDN-1;RDN_07-02-26_H02;470;475;470;475;0;127;2799,8;1316081;2381,9;
06.02.2026;RDN-1;RDN_07-02-26_H03;469;475;469;475;0;143;2852,1;1337789,3;2406,5;
06.02.2026;RDN-1;RDN_07-02-26_H04;456,8;457;456,8;457;0;142;2836,1;1295534,48;2319,7;
06.02.2026;RDN-1;RDN_07-02-26_H05;458,5;458,5;458;459;0;143;2823,8;1294712,3;2276,2;
06.02.2026;RDN-1;RDN_07-02-26_H06;461,4;461,4;461,4;461,4;0;147;2818,8;1300594,32;2308,8;
06.02.2026;RDN-1;RDN_07-02-26_H07;474,83;474,83;474,83;474,83;0;132;3168,5;1504498,855;2574,8;
06.02.2026;RDN-1;RDN_07-02-26_H08;502;502;502;502;0;127;3278;1645556;2954,9;
06.02.2026;RDN-1;RDN_07-02-26_H09;535,39;535,39;535,39;535,39;0;131;3623,4;1939932,126;3252,2;
06.02.2026;RDN-1;RDN_07-02-26_H10;560,7;560,7;560,7;560,7;0;139;4052,5;2272236,75;3678,5;
06.02.2026;RDN-1;RDN_07-02-26_H11;559;559;559;559;0;151;4172,3;2332315,7;3797,4;
06.02.2026;RDN-1;RDN_07-02-26_H12;548,67;548,67;548,67;548,67;0;140;4313,7;2366797,779;3950,2;
06.02.2026;RDN-1;RDN_07-02-26_H13;542;542;542;542;0;142;4209,8;2281711,6;3862,1;
06.02.2026;RDN-1;RDN_07-02-26_H14;544;544;544;544;0;146;4288,3;2332835,2;3948,1;
06.02.2026;RDN-1;RDN_07-02-26_H15;542,23;542,23;542,23;542,23;0;149;4214,7;2285336,781;3872;
06.02.2026;RDN-1;RDN_07-02-26_H16;545,98;545,98;545,98;545,98;0;148;4135,2;2257736,496;3791,7;
06.02.2026;RDN-1;RDN_07-02-26_H17;584;584;584;584;0;154;4267,6;2492278,4;3866,1;
06.02.2026;RDN-1;RDN_07-02-26_H18;620;620;620;620;0;146;4460,5;2765510;4072,5;
06.02.2026;RDN-1;RDN_07-02-26_H19;601,99;601,99;601,99;601,99;0;145;4461,2;2685597,788;4001,1;
06.02.2026;RDN-1;RDN_07-02-26_H20;579,74;579,74;579,74;579,74;0;149;4439,3;2573639,782;3918,4;
06.02.2026;RDN-1;RDN_07-02-26_H21;531,94;531,94;531,94;531,94;0;143;4185,8;2226594,452;3733,3;
06.02.2026;RDN-1;RDN_07-02-26_H22;490;490;490;490;0;125;3670,5;1798545;3283,3;
06.02.2026;RDN-1;RDN_07-02-26_H23;472,25;472,25;470;472,25;0;126;3129,5;1477861,375;2668,4;
06.02.2026;RDN-1;RDN_07-02-26_H24;443,4;443,4;443,4;443,4;0;130;2709,9;1201569,66;2222,6;
06.02.2026;RZP_A_LBL-01;RZP_A_LBL-01;0;0;0;0;0;0;0;0;0;
06.02.2026;SGT_BASE;SGT_BASE_07-02-26;0;0;0;0;0;0;0;0;0;
06.02.2026;SGT_RDB;SGT_RDB_06-02-26;0;0;0;0;0;0;0;0;0;
06.02.2026;ZTO_B_KUJ-02;ZTO_B_KUJ-02;0;0;0;0;0;0;0;0;0;
06.02.2026;ZTO_B_LBL-01;ZTO_B_LBL-01;0;0;0;0;0;0;0;0;0;
06.02.2026;ZTO_B_LBU-01;ZTO_B_LBU-01;0;0;0;0;0;0;0;0;0;
06.02.2026;ZTO_B_MAZ-01;ZTO_B_MAZ-01;0;0;0;0;0;0;0;0;0;
06.02.2026;ZTO_B_PDL-01;ZTO_B_PDL-01;0;0;0;0;0;0;0;0;0;
06.02.2026;ZTO_B_WLK-01;ZTO_B_WLK-01;0;0;0;0;0;0;0;0;0;
06.02.2026;ZTO_B_WLK-02;ZTO_B_WLK-02;0;0;0;0;0;0;0;0;0;
06.02.2026;ZTO_B_WMA-01;ZTO_B_WMA-01;0;0;0;0;0;0;0;0;0;
06.02.2026;ZTO_B_WMA-02;ZTO_B_WMA-02;0;0;0;0;0;0;0;0;0;
06.02.2026;ZTO_B_WMA-03;ZTO_B_WMA-03;0;0;0;0;0;0;0;0;0;
06.02.2026;ZTO_C_KUJ-02;ZTO_C_KUJ-02;0;0;0;0;0;0;0;0;0;
06.02.2026;ZTO_C_LBL-01;ZTO_C_LBL-01;0;0;0;0;0;0;0;0;0;
06.02.2026;ZTO_C_LBU-01;ZTO_C_LBU-01;0;0;0;0;0;0;0;0;0;
06.02.2026;ZTO_C_MAZ-01;ZTO_C_MAZ-01;0;0;0;0;0;0;0;0;0;
06.02.2026;ZTO_C_PDL-01;ZTO_C_PDL-01;0;0;0;0;0;0;0;0;0;
06.02.2026;ZTO_C_WLK-01;ZTO_C_WLK-01;0;0;0;0;0;0;0;0;0;
06.02.2026;ZTO_C_WLK-02;ZTO_C_WLK-02;0;0;0;0;0;0;0;0;0;
06.02.2026;ZTO_C_WMA-01;ZTO_C_WMA-01;0;0;0;0;0;0;0;0;0;
06.02.2026;ZTO_C_WMA-02;ZTO_C_WMA-02;0;0;0;0;0;0;0;0;0;
06.02.2026;ZTO_C_WMA-03;ZTO_C_WMA-03;0;0;0;0;0;0;0;0;0;
07.02.2026;BASE;BASE_08-02-26;475;469;465;475;0;24;124;1396200;122;
07.02.2026;BASE;BASE_09-02-26;0;0;0;0;0;0;0;0;0;
07.02.2026;GAS_BASE;GAS_BASE_08-02-26;190,01;193,9;190;193,9;0;57;1699;7834870,56;1535;
07.02.2026;GAS_RDB;GAS_RDB_07-02-26;190;190;188,9;192;0;88;20462;3891003,5;15456;
07.02.2026;GLW_BASE;GLW_BASE_08-02-26;0;0;0;0;0;0;0;0;0;
07.02.2026;GLW_RDB;GLW_RDB_07-02-26;0;0;0;0;0;0;0;0;0;
07.02.2026;OFFPEAK;OFFPEAK_08-02-26;0;0;0;0;0;0;0;0;0;
07.02.2026;OFFPEAK;OFFPEAK_09-02-26;0;0;0;0;0;0;0;0;0;
07.02.2026;PEAK;PEAK_08-02-26;0;0;0;0;0;0;0;0;0;
07.02.2026;PEAK;PEAK_09-02-26;0;0;0;0;0;0;0;0;0;
07.02.2026;RDN-1;RDN_08-02-26_H01;462;462;462;462;0;146;2498,4;1154260,8;2028,1;
07.02.2026;RDN-1;RDN_08-02-26_H02;448;448;448;448;0;130;2290,6;1026188,8;1874,2;
07.02.2026;RDN-1;RDN_08-02-26_H03;442,9;442,9;442,9;442,9;0;122;2084,4;923180,76;1635,9;
07.02.2026;RDN-1;RDN_08-02-26_H04;438,83;438,83;438,83;438,83;0;124;1988,7;872701,221;1535,7;
07.02.2026;RDN-1;RDN_08-02-26_H05;438,83;438,83;438,83;438,83;0;117;1915,4;840534,982;1648,9;
07.02.2026;RDN-1;RDN_08-02-26_H06;440,55;440,55;440,55;440,55;0;129;1917,1;844578,405;1662,3;
07.02.2026;RDN-1;RDN_08-02-26_H07;438,83;438,83;438,83;438,83;0;124;1974,5;866469,835;1592,6;
07.02.2026;RDN-1;RDN_08-02-26_H08;438,83;438,83;438,83;438,83;0;134;2193,2;962441,956;1849,2;
07.02.2026;RDN-1;RDN_08-02-26_H09;448,4;448,4;448,4;448,4;0;147;2438,2;1093288,88;2099,2;
07.02.2026;RDN-1;RDN_08-02-26_H10;468,2;468,2;468,2;468,2;0;136;2921,3;1367752,66;2545,8;
07.02.2026;RDN-1;RDN_08-02-26_H11;469,28;469,28;469,28;469,28;0;148;3593;1686123,04;3236,1;
07.02.2026;RDN-1;RDN_08-02-26_H12;469,28;469,28;469,28;469,28;0;154;3546,2;1664160,736;3194,8;
07.02.2026;RDN-1;RDN_08-02-26_H13;470;470;470;470;0;157;3652,7;1716769;3300,9;
07.02.2026;RDN-1;RDN_08-02-26_H14;469;469;469;469;0;162;3759,2;1763064,8;3449,8;
07.02.2026;RDN-1;RDN_08-02-26_H15;469;469;469;469;0;155;3738,6;1753403,4;3382,4;
07.02.2026;RDN-1;RDN_08-02-26_H16;469,28;469,28;469,28;469,28;0;148;3130,4;1469034,112;2748,1;
07.02.2026;RDN-1;RDN_08-02-26_H17;497,37;497,37;497,37;497,37;0;139;3359,6;1670964,252;2958,6;
07.02.2026;RDN-1;RDN_08-02-26_H18;536,59;536,59;536,59;536,59;0;145;3729,6;2001266,064;3288,8;
07.02.2026;RDN-1;RDN_08-02-26_H19;549,28;549,28;549,28;549,28;0;149;3891,9;2137742,832;3454,4;
07.02.2026;RDN-1;RDN_08-02-26_H20;539,91;539,91;539,91;539,91;0;140;3787,3;2044801,143;3402,2;
07.02.2026;RDN-1;RDN_08-02-26_H21;505;505;505;505;0;145;3503,2;1769116;3121,7;
07.02.2026;RDN-1;RDN_08-02-26_H22;484;484;484;484;0;138;2915,5;1411102;2558,5;
07.02.2026;RDN-1;RDN_08-02-26_H23;470;470;470;470;0;137;2662,6;1251422;2239,9;
07.02.2026;RDN-1;RDN_08-02-26_H24;440;440;440;440;0;119;2369,8;1042712;1910,6;
07.02.2026;SGT_BASE;SGT_BASE_08-02-26;0;0;0;0;0;0;0;0;0;
07.02.2026;SGT_RDB;SGT_RDB_07-02-26;0;0;0;0;0;0;0;0;0;
08.02.2026;BASE;BASE_09-02-26;630;630;630;650;0;34;197;3016752;155;
08.02.2026;BASE;BASE_10-02-26;0;0;0;0;0;0;0;0;0;
08.02.2026;GAS_BASE;GAS_BASE_09-02-26;190,5;190,2;188,15;190,5;0;167;8299;37651100,88;7632;
08.02.2026;GAS_RDB;GAS_RDB_08-02-26;188;190,6;186,1;190,6;0;85;34828;6534333,95;29591;
08.02.2026;GLW_BASE;GLW_BASE_09-02-26;0;0;0;0;0;0;0;0;0;
08.02.2026;GLW_RDB;GLW_RDB_08-02-26;0;0;0;0;0;0;0;0;0;
08.02.2026;OFFPEAK;OFFPEAK_09-02-26;0;0;0;0;0;0;0;0;0;
08.02.2026;OFFPEAK;OFFPEAK_10-02-26;0;0;0;0;0;0;0;0;0;
08.02.2026;PEAK;PEAK_09-02-26;0;0;0;0;0;0;0;0;0;
08.02.2026;PEAK;PEAK_10-02-26;0;0;0;0;0;0;0;0;0;
08.02.2026;RDN-1;RDN_09-02-26_H01;436,35;436,35;436,35;436,35;0;125;2283,1;996230,685;1907,3;
08.02.2026;RDN-1;RDN_09-02-26_H02;436,1;436,1;436,1;436,1;0;135;2224,5;970104,45;1630,4;
08.02.2026;RDN-1;RDN_09-02-26_H03;429,8;429,8;429,8;429,8;0;133;2183,2;938339,36;1675,1;
08.02.2026;RDN-1;RDN_09-02-26_H04;425,99;425,99;425,99;425,99;0;135;2393,4;1019564,466;1837,3;
08.02.2026;RDN-1;RDN_09-02-26_H05;430;430;430;430;0;141;2572,8;1106304;2036,7;
08.02.2026;RDN-1;RDN_09-02-26_H06;448;448;448;448;0;134;2640,7;1183033,6;2210,1;
08.02.2026;RDN-1;RDN_09-02-26_H07;543,3;543,3;543,3;543,3;0;141;3679;1998800,7;3066,6;
08.02.2026;RDN-1;RDN_09-02-26_H08;680;680;680;680;0;156;3669,4;2495192;3235;
08.02.2026;RDN-1;RDN_09-02-26_H09;717,9;717,9;717,9;717,9;0;165;3997,1;2869518,09;3588,6;
08.02.2026;RDN-1;RDN_09-02-26_H10;674,47;674,47;674,47;674,47;0;164;4005,9;2701859,373;3663,7;
08.02.2026;RDN-1;RDN_09-02-26_H11;598,81;598,81;598,81;598,81;0;165;3922,2;2348652,582;3470,3;
08.02.2026;RDN-1;RDN_09-02-26_H12;536;536;530;536;0;161;3949,6;2116955,6;3450,2;
08.02.2026;RDN-1;RDN_09-02-26_H13;507,1;507,1;505;507,1;0;162;3982,7;2019616,17;3450,1;
08.02.2026;RDN-1;RDN_09-02-26_H14;538,5;538,5;535;538,5;0;161;3657,2;1969384,7;3206,6;
08.02.2026;RDN-1;RDN_09-02-26_H15;590,24;590,24;590,24;593;0;153;3582,2;2114522,5;3123,4;
08.02.2026;RDN-1;RDN_09-02-26_H16;683,82;683,82;683,82;683,82;0;159;3919,1;2679958,962;3538,5;
08.02.2026;RDN-1;RDN_09-02-26_H17;798,77;798,77;798,77;798,77;0;171;4498,1;3592947,337;4075,5;
08.02.2026;RDN-1;RDN_09-02-26_H18;880,27;880,27;880,27;880,27;0;172;4687,6;4126353,652;4110,1;
08.02.2026;RDN-1;RDN_09-02-26_H19;856;856;856;856;0;167;4604,4;3941366,4;4107,2;
08.02.2026;RDN-1;RDN_09-02-26_H20;779;729;729;779;0;170;4549,5;3543560,5;4162,7;
08.02.2026;RDN-1;RDN_09-02-26_H21;679;680;679;680;0;155;4273;2901373,2;3935,6;
08.02.2026;RDN-1;RDN_09-02-26_H22;575;575;575;575;0;156;3663,3;2106397,5;3342,4;
08.02.2026;RDN-1;RDN_09-02-26_H23;536,7;536,7;536,7;536,7;0;153;4324,8;2321120,16;3886,1;
08.02.2026;RDN-1;RDN_09-02-26_H24;476,73;476,73;476,73;476,73;0;143;3781,4;1802706,822;3273;
08.02.2026;SGT_BASE;SGT_BASE_09-02-26;0;0;0;0;0;0;0;0;0;
08.02.2026;SGT_RDB;SGT_RDB_08-02-26;0;0;0;0;0;0;0;0;0;
09.02.2026;BASE;BASE_10-02-26;620;600;600;621;0;37;275;4079760;220;
09.02.2026;BASE;BASE_11-02-26;0;0;0;0;0;0;0;0;0;
09.02.2026;BASE_M;BASE_M-03-26;427;426;426;429;428,8;28;32;10166469;319;
09.02.2026;BASE_M;BASE_M-04-26;0;0;0;0;407,5;0;0;0;94;
09.02.2026;BASE_M;BASE_M-05-26;0;0;0;0;385,55;0;0;0;2;
09.02.2026;BASE_M;BASE_M-06-26;0;0;0;0;432;0;0;0;8;
09.02.2026;BASE_M;BASE_M-07-26;0;0;0;0;440,23;0;0;0;2;
09.02.2026;BASE_M;BASE_M-08-26;0;0;0;0;435,05;0;0;0;0;
09.02.2026;BASE_Q;BASE_Q-1-27;0;0;0;0;455;0;0;0;5;
09.02.2026;BASE_Q;BASE_Q-2-26;409;411;409;411;408,1;15;16;14354340;466;
09.02.2026;BASE_Q;BASE_Q-2-27;0;0;0;0;388;0;0;0;0;
09.02.2026;BASE_Q;BASE_Q-3-26;443;447,5;443;447,5;439,4;5;6;5901984;314;
09.02.2026;BASE_Q;BASE_Q-3-27;0;0;0;0;430,5;0;0;0;0;
09.02.2026;BASE_Q;BASE_Q-4-26;468;468;468;468;465;2;2;2067624;558;
09.02.2026;BASE_W;BASE_W-08-26;0;0;0;0;528,4;0;0;0;33;
09.02.2026;BASE_W;BASE_W-09-26;0;0;0;0;485;0;0;0;5;
09.02.2026;BASE_W;BASE_W-10-26;0;0;0;0;430;0;0;0;0;
09.02.2026;BASE_W;BASE_W-11-26;0;0;0;0;430;0;0;0;0;
09.02.2026;BASE_W;BASE_W-12-26;0;0;0;0;0;0;0;0;0;
09.02.2026;BASE_Y;BASE_Y-27;433,1;433;433;433,1;431,9;2;2;7587036;747;
09.02.2026;BASE_Y;BASE_Y-28;0;0;0;0;414;0;0;0;132;
09.02.2026;BASE_Y;BASE_Y-29;0;0;0;0;416,16;0;0;0;3;
09.02.2026;BASE_Y;BASE_Y-30;0;0;0;0;427,98;0;0;0;0;
09.02.2026;GAS_BASE;GAS_BASE_10-02-26;188,5;183;182;188,5;0;170;8587;37718503,92;7913;
09.02.2026;GAS_BASE_M;GAS_BASE_M-01-27;159;159;159;159;155,13;1;3;354888;112;
09.02.2026;GAS_BASE_M;GAS_BASE_M-02-27;0;0;0;0;157,66;0;0;0;4;
09.02.2026;GAS_BASE_M;GAS_BASE_M-03-26;161,3;161;160,9;162;168;25;97;11634897,05;19488;
09.02.2026;GAS_BASE_M;GAS_BASE_M-04-26;152,75;154;152,75;154;157,49;36;162;17909431,2;2763;
09.02.2026;GAS_BASE_M;GAS_BASE_M-05-26;0;0;0;0;149,9;0;0;0;351;
09.02.2026;GAS_BASE_M;GAS_BASE_M-06-26;0;0;0;0;141,16;0;0;0;52;
09.02.2026;GAS_BASE_M;GAS_BASE_M-07-26;0;0;0;0;148,25;0;0;0;6;
09.02.2026;GAS_BASE_M;GAS_BASE_M-08-26;0;0;0;0;149,25;0;0;0;10;
09.02.2026;GAS_BASE_M;GAS_BASE_M-09-26;0;0;0;0;150,32;0;0;0;217;
09.02.2026;GAS_BASE_M;GAS_BASE_M-10-26;0;0;0;0;152,28;0;0;0;31;
09.02.2026;GAS_BASE_M;GAS_BASE_M-11-26;154;154,5;154;154,5;154;6;25;2779200;1170;
09.02.2026;GAS_BASE_M;GAS_BASE_M-12-26;156,5;157;156,5;157;156,63;7;30;3502380;1201;
09.02.2026;GAS_BASE_Q;GAS_BASE_Q-1-27;153,95;154,6;153,95;154,6;154,63;5;25;8333740;1072;
09.02.2026;GAS_BASE_Q;GAS_BASE_Q-2-26;148,8;147,8;147,8;148,8;149,52;3;15;4863768;7549;
09.02.2026;GAS_BASE_Q;GAS_BASE_Q-2-27;131,2;131,2;131,2;131,2;131,75;1;1;286541;14;
09.02.2026;GAS_BASE_Q;GAS_BASE_Q-3-26;0;0;0;0;149,26;0;0;0;6247;
09.02.2026;GAS_BASE_Q;GAS_BASE_Q-3-27;0;0;0;0;127,77;0;0;0;26;
09.02.2026;GAS_BASE_Q;GAS_BASE_Q-4-26;152,55;154;152,55;154;154,3;4;10;3390815;8132;
09.02.2026;GAS_BASE_S;GAS_BASE_S-S-26;0;0;0;0;149,39;0;0;0;72;
09.02.2026;GAS_BASE_S;GAS_BASE_S-S-27;0;0;0;0;129,75;0;0;0;9;
09.02.2026;GAS_BASE_S;GAS_BASE_S-W-26;0;0;0;0;154,46;0;0;0;676;
09.02.2026;GAS_BASE_S;GAS_BASE_S-W-27;0;0;0;0;135,15;0;0;0;4;
09.02.2026;GAS_BASE_W;GAS_BASE_W-08-26;179;179,75;179;179,75;186;37;512;15428070;992;
09.02.2026;GAS_BASE_W;GAS_BASE_W-09-26;0;0;0;0;168,02;0;0;0;0;
09.02.2026;GAS_BASE_W;GAS_BASE_W-10-26;0;0;0;0;168,02;0;0;0;0;
09.02.2026;GAS_BASE_W;GAS_BASE_W-11-26;0;0;0;0;0;0;0;0;0;
09.02.2026;GAS_BASE_Y;GAS_BASE_Y-27;136,5;136,4;136,4;136,5;136,34;6;7;8366238;3889;
09.02.2026;GAS_BASE_Y;GAS_BASE_Y-28;123,45;123,45;123,45;123,45;123,58;1;1;1084385;242;
09.02.2026;GAS_BASE_Y;GAS_BASE_Y-29;0;0;0;0;116;0;0;0;30;
09.02.2026;GAS_BASE_Y;GAS_BASE_Y-30;0;0;0;0;115,73;0;0;0;5;
09.02.2026;GAS_RDB;GAS_RDB_09-02-26;184,75;184;183,5;187;0;113;55636;10292291,63;52760;
09.02.2026;GLW_BASE;GLW_BASE_10-02-26;0;0;0;0;0;0;0;0;0;
09.02.2026;GLW_RDB;GLW_RDB_09-02-26;0;0;0;0;0;0;0;0;0;
09.02.2026;KUK_A_WMA-03;KUK_A_WMA-03;0;0;0;0;0;0;0;0;0;
09.02.2026;OFFPEAK;OFFPEAK_10-02-26;0;0;0;0;0;0;0;0;0;
09.02.2026;OFFPEAK;OFFPEAK_11-02-26;0;0;0;0;0;0;0;0;0;
09.02.2026;OFFPEAK_M;OFFPEAK_M-03-26;0;0;0;0;393,48;0;0;0;0;
09.02.2026;OFFPEAK_M;OFFPEAK_M-04-26;0;0;0;0;385,29;0;0;0;0;
09.02.2026;OFFPEAK_M;OFFPEAK_M-05-26;0;0;0;0;362,7;0;0;0;0;
09.02.2026;OFFPEAK_M;OFFPEAK_M-06-26;0;0;0;0;432,69;0;0;0;0;
09.02.2026;OFFPEAK_M;OFFPEAK_M-07-26;0;0;0;0;420,74;0;0;0;0;
09.02.2026;OFFPEAK_M;OFFPEAK_M-08-26;0;0;0;0;406,91;0;0;0;0;
09.02.2026;OFFPEAK_Q;OFFPEAK_Q-1-27;0;0;0;0;403,13;0;0;0;0;
09.02.2026;OFFPEAK_Q;OFFPEAK_Q-2-26;0;0;0;0;392,6;0;0;0;0;
09.02.2026;OFFPEAK_Q;OFFPEAK_Q-2-27;0;0;0;0;362,08;0;0;0;0;
09.02.2026;OFFPEAK_Q;OFFPEAK_Q-3-26;0;0;0;0;415,33;0;0;0;0;
09.02.2026;OFFPEAK_Q;OFFPEAK_Q-3-27;0;0;0;0;412,77;0;0;0;0;
09.02.2026;OFFPEAK_Q;OFFPEAK_Q-4-26;0;0;0;0;382,76;0;0;0;0;
09.02.2026;OFFPEAK_W;OFFPEAK_W-08-26;0;0;0;0;392,54;0;0;0;0;
09.02.2026;OFFPEAK_W;OFFPEAK_W-09-26;0;0;0;0;495,78;0;0;0;0;
09.02.2026;OFFPEAK_W;OFFPEAK_W-10-26;0;0;0;0;396,43;0;0;0;0;
09.02.2026;OFFPEAK_W;OFFPEAK_W-11-26;0;0;0;0;396,43;0;0;0;0;
09.02.2026;OFFPEAK_W;OFFPEAK_W-12-26;0;0;0;0;0;0;0;0;0;
09.02.2026;OFFPEAK_Y;OFFPEAK_Y-27;0;0;0;0;387,49;0;0;0;0;
09.02.2026;OFFPEAK_Y;OFFPEAK_Y-28;0;0;0;0;370,68;0;0;0;0;
09.02.2026;OFFPEAK_Y;OFFPEAK_Y-29;0;0;0;0;387,3;0;0;0;0;
09.02.2026;OFFPEAK_Y;OFFPEAK_Y-30;0;0;0;0;374,55;0;0;0;0;
09.02.2026;PEAK;PEAK_10-02-26;0;0;0;0;0;0;0;0;0;
09.02.2026;PEAK;PEAK_11-02-26;0;0;0;0;0;0;0;0;0;
09.02.2026;PEAK5_M;PEAK5_M-03-26;465;465;465;465;473;1;2;306900;8;
09.02.2026;PEAK5_M;PEAK5_M-04-26;0;0;0;0;436,06;0;0;0;0;
09.02.2026;PEAK5_M;PEAK5_M-05-26;0;0;0;0;419,37;0;0;0;0;
09.02.2026;PEAK5_M;PEAK5_M-06-26;0;0;0;0;431,11;0;0;0;0;
09.02.2026;PEAK5_M;PEAK5_M-07-26;0;0;0;0;462,78;0;0;0;0;
09.02.2026;PEAK5_M;PEAK5_M-08-26;0;0;0;0;473,38;0;0;0;0;
09.02.2026;PEAK5_Q;PEAK5_Q-1-27;0;0;0;0;525,53;0;0;0;0;
09.02.2026;PEAK5_Q;PEAK5_Q-2-26;0;0;0;0;429;0;0;0;28;
09.02.2026;PEAK5_Q;PEAK5_Q-2-27;0;0;0;0;421,99;0;0;0;0;
09.02.2026;PEAK5_Q;PEAK5_Q-3-26;0;0;0;0;469,02;0;0;0;5;
09.02.2026;PEAK5_Q;PEAK5_Q-3-27;0;0;0;0;452,32;0;0;0;0;
09.02.2026;PEAK5_Q;PEAK5_Q-4-26;0;0;0;0;572;0;0;0;46;
09.02.2026;PEAK5_W;PEAK5_W-08-26;0;0;0;0;696,87;0;0;0;0;
09.02.2026;PEAK5_W;PEAK5_W-09-26;0;0;0;0;471,63;0;0;0;0;
09.02.2026;PEAK5_W;PEAK5_W-10-26;0;0;0;0;471,63;0;0;0;0;
09.02.2026;PEAK5_W;PEAK5_W-11-26;0;0;0;0;471,63;0;0;0;0;
09.02.2026;PEAK5_W;PEAK5_W-12-26;0;0;0;0;0;0;0;0;0;
09.02.2026;PEAK5_Y;PEAK5_Y-27;0;0;0;0;490;0;0;0;136;
09.02.2026;PEAK5_Y;PEAK5_Y-28;0;0;0;0;471,75;0;0;0;1;
09.02.2026;PEAK5_Y;PEAK5_Y-29;0;0;0;0;454,45;0;0;0;0;
09.02.2026;PEAK5_Y;PEAK5_Y-30;0;0;0;0;499,36;0;0;0;0;
09.02.2026;PMBG;PMBG;0;0;0;0;0;0;0;0;0;
09.02.2026;PMEF-2025;PMEF-2025;0;0;0;0;0;0;0;0;0;
09.02.2026;PMEF-2026;PMEF-2026;0;0;0;0;0;0;0;0;0;
09.02.2026;PMEF_F;PMEF_F;0;0;0;0;0;0;0;0;89294050;
09.02.2026;PMOZE;PMOZE;0;0;0;0;0;0;0;0;0;
09.02.2026;PMOZE_A;PMOZE_A;0;0;0;0;0;1;4000000;0;9471336547;
09.02.2026;PMOZE-BIO;PMOZE-BIO;0;0;0;0;0;1;1013306;0;541381743;
09.02.2026;PSZ_B_DLS-01;PSZ_B_DLS-01;0;0;0;0;0;0;0;0;0;
09.02.2026;PSZ_B_KUJ-01;PSZ_B_KUJ-01;0;0;0;0;0;0;0;0;0;
09.02.2026;PSZ_B_KUJ-02;PSZ_B_KUJ-02;0;0;0;0;0;0;0;0;0;
09.02.2026;PSZ_B_LBL-01;PSZ_B_LBL-01;0;0;0;0;0;0;0;0;0;
09.02.2026;PSZ_B_LBL-02;PSZ_B_LBL-02;0;0;0;0;0;0;0;0;0;
09.02.2026;PSZ_B_LBL-03;PSZ_B_LBL-03;0;0;0;0;0;0;0;0;0;
09.02.2026;PSZ_B_LBL-04;PSZ_B_LBL-04;0;0;0;0;0;0;0;0;0;
09.02.2026;PSZ_B_LBL-05;PSZ_B_LBL-05;0;0;0;0;0;0;0;0;0;
09.02.2026;PSZ_B_LBL-06;PSZ_B_LBL-06;0;0;0;0;0;0;0;0;0;
09.02.2026;PSZ_B_LBL-07;PSZ_B_LBL-07;0;0;0;0;0;0;0;0;0;
09.02.2026;PSZ_B_LBU-01;PSZ_B_LBU-01;0;0;0;0;0;0;0;0;0;
09.02.2026;PSZ_B_LBU-02;PSZ_B_LBU-02;0;0;0;0;0;0;0;0;0;
09.02.2026;PSZ_B_MAZ-01;PSZ_B_MAZ-01;0;0;0;0;0;0;0;0;0;
09.02.2026;PSZ_B_MAZ-02;PSZ_B_MAZ-02;0;0;0;0;0;0;0;0;0;
09.02.2026;PSZ_B_MAZ-03;PSZ_B_MAZ-03;0;0;0;0;0;0;0;0;0;
09.02.2026;PSZ_B_OPO-01;PSZ_B_OPO-01;0;0;0;0;0;0;0;0;0;
09.02.2026;PSZ_B_OPO-02;PSZ_B_OPO-02;0;0;0;0;0;0;0;0;0;
09.02.2026;PSZ_B_PDK-01;PSZ_B_PDK-01;0;0;0;0;0;0;0;0;0;
09.02.2026;PSZ_B_PDL-01;PSZ_B_PDL-01;0;0;0;0;0;0;0;0;0;
09.02.2026;PSZ_B_POM-01;PSZ_B_POM-01;0;0;0;0;0;0;0;0;0;
09.02.2026;PSZ_B_POM-02;PSZ_B_POM-02;0;0;0;0;0;0;0;0;0;
09.02.2026;PSZ_B_WLK-01;PSZ_B_WLK-01;0;0;0;0;0;0;0;0;0;
09.02.2026;PSZ_B_WLK-02;PSZ_B_WLK-02;0;0;0;0;0;0;0;0;0;
09.02.2026;PSZ_B_WLK-03;PSZ_B_WLK-03;0;0;0;0;0;0;0;0;0;
09.02.2026;PSZ_B_WLK-04;PSZ_B_WLK-04;0;0;0;0;0;0;0;0;0;
09.02.2026;PSZ_B_WMA-01;PSZ_B_WMA-01;0;0;0;0;0;0;0;0;0;
09.02.2026;PSZ_B_WMA-02;PSZ_B_WMA-02;0;0;0;0;0;0;0;0;0;
09.02.2026;PSZ_B_WMA-03;PSZ_B_WMA-03;0;0;0;0;0;0;0;0;0;
09.02.2026;PSZ_B_WMA-04;PSZ_B_WMA-04;0;0;0;0;0;0;0;0;0;
09.02.2026;PSZ_B_WMA-05;PSZ_B_WMA-05;0;0;0;0;0;0;0;0;0;
09.02.2026;PSZ_B_WMA-06;PSZ_B_WMA-06;0;0;0;0;0;0;0;0;0;
09.02.2026;PSZ_B_ZPO-01;PSZ_B_ZPO-01;0;0;0;0;0;0;0;0;0;
09.02.2026;PSZ_B_ZPO-02;PSZ_B_ZPO-02;0;0;0;0;0;0;0;0;0;
09.02.2026;PSZ_C_DLS-01;PSZ_C_DLS-01;0;0;0;0;0;0;0;0;0;
09.02.2026;PSZ_C_KUJ-01;PSZ_C_KUJ-01;0;0;0;0;0;0;0;0;0;
09.02.2026;PSZ_C_KUJ-02;PSZ_C_KUJ-02;0;0;0;0;0;0;0;0;0;
09.02.2026;PSZ_C_LBL-01;PSZ_C_LBL-01;0;0;0;0;0;0;0;0;0;
09.02.2026;PSZ_C_LBL-02;PSZ_C_LBL-02;0;0;0;0;0;0;0;0;0;
09.02.2026;PSZ_C_LBL-03;PSZ_C_LBL-03;0;0;0;0;0;0;0;0;0;
09.02.2026;PSZ_C_LBL-04;PSZ_C_LBL-04;0;0;0;0;0;0;0;0;0;
09.02.2026;PSZ_C_LBL-05;PSZ_C_LBL-05;0;0;0;0;0;0;0;0;0;
09.02.2026;PSZ_C_LBL-06;PSZ_C_LBL-06;0;0;0;0;0;0;0;0;0;
09.02.2026;PSZ_C_LBL-07;PSZ_C_LBL-07;0;0;0;0;0;0;0;0;0;
09.02.2026;PSZ_C_LBU-01;PSZ_C_LBU-01;0;0;0;0;0;0;0;0;0;
09.02.2026;PSZ_C_LBU-02;PSZ_C_LBU-02;0;0;0;0;0;0;0;0;0;
09.02.2026;PSZ_C_MAZ-01;PSZ_C_MAZ-01;0;0;0;0;0;0;0;0;0;
09.02.2026;PSZ_C_MAZ-02;PSZ_C_MAZ-02;0;0;0;0;0;0;0;0;0;
09.02.2026;PSZ_C_MAZ-03;PSZ_C_MAZ-03;0;0;0;0;0;0;0;0;0;
09.02.2026;PSZ_C_OPO-01;PSZ_C_OPO-01;0;0;0;0;0;0;0;0;0;
09.02.2026;PSZ_C_OPO-02;PSZ_C_OPO-02;0;0;0;0;0;0;0;0;0;
09.02.2026;PSZ_C_PDK-01;PSZ_C_PDK-01;0;0;0;0;0;0;0;0;0;
09.02.2026;PSZ_C_PDL-01;PSZ_C_PDL-01;0;0;0;0;0;0;0;0;0;
09.02.2026;PSZ_C_POM-01;PSZ_C_POM-01;0;0;0;0;0;0;0;0;0;
09.02.2026;PSZ_C_POM-02;PSZ_C_POM-02;0;0;0;0;0;0;0;0;0;
09.02.2026;PSZ_C_WLK-01;PSZ_C_WLK-01;0;0;0;0;0;0;0;0;0;
09.02.2026;PSZ_C_WLK-02;PSZ_C_WLK-02;0;0;0;0;0;0;0;0;0;
09.02.2026;PSZ_C_WLK-03;PSZ_C_WLK-03;0;0;0;0;0;0;0;0;0;
09.02.2026;PSZ_C_WLK-04;PSZ_C_WLK-04;0;0;0;0;0;0;0;0;0;
09.02.2026;PSZ_C_WMA-01;PSZ_C_WMA-01;0;0;0;0;0;0;0;0;0;
09.02.2026;PSZ_C_WMA-02;PSZ_C_WMA-02;0;0;0;0;0;0;0;0;0;
09.02.2026;PSZ_C_WMA-03;PSZ_C_WMA-03;0;0;0;0;0;0;0;0;0;
09.02.2026;PSZ_C_WMA-04;PSZ_C_WMA-04;0;0;0;0;0;0;0;0;0;
09.02.2026;PSZ_C_WMA-05;PSZ_C_WMA-05;0;0;0;0;0;0;0;0;0;
09.02.2026;PSZ_C_WMA-06;PSZ_C_WMA-06;0;0;0;0;0;0;0;0;0;
09.02.2026;PSZ_C_ZPO-01;PSZ_C_ZPO-01;0;0;0;0;0;0;0;0;0;
09.02.2026;PSZ_C_ZPO-02;PSZ_C_ZPO-02;0;0;0;0;0;0;0;0;0;
09.02.2026;RDN-1;RDN_10-02-26_H01;459;459;459;459;0;125;3034,6;1392881,4;2609,3;
09.02.2026;RDN-1;RDN_10-02-26_H02;450,4;450,4;450,4;450,4;0;134;3203,7;1442946,48;2740,1;
09.02.2026;RDN-1;RDN_10-02-26_H03;443,06;430;430;443,06;0;133;3185,1;1410602,706;2617,4;
09.02.2026;RDN-1;RDN_10-02-26_H04;445,99;430;430;445,99;0;147;3347;1491049,58;2766,6;
09.02.2026;RDN-1;RDN_10-02-26_H05;450,86;430;430;450,86;0;136;3187,1;1434954,206;2647;
09.02.2026;RDN-1;RDN_10-02-26_H06;470,8;470,8;470,8;470,8;0;133;3151,9;1483914,52;2749,3;
09.02.2026;RDN-1;RDN_10-02-26_H07;582;582;582;582;0;132;4075,8;2372115,6;3543,1;
09.02.2026;RDN-1;RDN_10-02-26_H08;832,9;832;832;832,9;0;166;4202,4;3500144,76;3666,8;
09.02.2026;RDN-1;RDN_10-02-26_H09;802,5;802;802;802,5;0;171;4467,5;3585156,25;3884,2;
09.02.2026;RDN-1;RDN_10-02-26_H10;729,96;729,96;729,96;729,96;0;154;4336,5;3165471,54;3757,2;
09.02.2026;RDN-1;RDN_10-02-26_H11;604;604;604;604;0;144;3891,4;2350405,6;3510,2;
09.02.2026;RDN-1;RDN_10-02-26_H12;580,5;580,5;580,5;580,5;0;139;3901,7;2264936,85;3519,1;
09.02.2026;RDN-1;RDN_10-02-26_H13;564;564;564;564;0;134;3700,9;2087307,6;3331,1;
09.02.2026;RDN-1;RDN_10-02-26_H14;610;610;610;610;0;142;3975;2424750;3464,5;
09.02.2026;RDN-1;RDN_10-02-26_H15;640;640;640;640;0;146;4089;2616960;3573,8;
09.02.2026;RDN-1;RDN_10-02-26_H16;677;677;677;677;0;145;4005,4;2711655,8;3622,7;
09.02.2026;RDN-1;RDN_10-02-26_H17;778,8;778,8;778,8;778,8;0;163;4383,4;3413791,92;3989,7;
09.02.2026;RDN-1;RDN_10-02-26_H18;873,8;873;873;873,8;0;186;5100;4456340;4475,3;
09.02.2026;RDN-1;RDN_10-02-26_H19;778,05;778,05;778,05;778,05;0;162;4888,9;3803808,645;4440,7;
09.02.2026;RDN-1;RDN_10-02-26_H20;699,09;699;699;699,09;0;156;4518,3;3158693,847;4010,3;
09.02.2026;RDN-1;RDN_10-02-26_H21;617,67;617,67;617,67;617,67;0;146;4108,3;2537573,661;3677;
09.02.2026;RDN-1;RDN_10-02-26_H22;516,4;516,4;516,4;516,4;0;133;3601;1859556,4;3066,3;
09.02.2026;RDN-1;RDN_10-02-26_H23;488;488;488;488;0;143;4008,2;1956001,6;3583,1;
09.02.2026;RDN-1;RDN_10-02-26_H24;444;430;430;444;0;135;3410;1513760;2897,5;
09.02.2026;RZP_A_LBL-01;RZP_A_LBL-01;0;0;0;0;0;0;0;0;0;
09.02.2026;SGT_BASE;SGT_BASE_10-02-26;0;0;0;0;0;0;0;0;0;
09.02.2026;SGT_RDB;SGT_RDB_09-02-26;0;0;0;0;0;0;0;0;0;
09.02.2026;ZTO_B_KUJ-02;ZTO_B_KUJ-02;0;0;0;0;0;0;0;0;0;
09.02.2026;ZTO_B_LBL-01;ZTO_B_LBL-01;0;0;0;0;0;0;0;0;0;
09.02.2026;ZTO_B_LBU-01;ZTO_B_LBU-01;0;0;0;0;0;0;0;0;0;
09.02.2026;ZTO_B_MAZ-01;ZTO_B_MAZ-01;0;0;0;0;0;0;0;0;0;
09.02.2026;ZTO_B_PDL-01;ZTO_B_PDL-01;0;0;0;0;0;0;0;0;0;
09.02.2026;ZTO_B_WLK-01;ZTO_B_WLK-01;0;0;0;0;0;0;0;0;0;
09.02.2026;ZTO_B_WLK-02;ZTO_B_WLK-02;0;0;0;0;0;0;0;0;0;
09.02.2026;ZTO_B_WMA-01;ZTO_B_WMA-01;0;0;0;0;0;0;0;0;0;
09.02.2026;ZTO_B_WMA-02;ZTO_B_WMA-02;0;0;0;0;0;0;0;0;0;
09.02.2026;ZTO_B_WMA-03;ZTO_B_WMA-03;0;0;0;0;0;0;0;0;0;
09.02.2026;ZTO_C_KUJ-02;ZTO_C_KUJ-02;0;0;0;0;0;0;0;0;0;
09.02.2026;ZTO_C_LBL-01;ZTO_C_LBL-01;0;0;0;0;0;0;0;0;0;
09.02.2026;ZTO_C_LBU-01;ZTO_C_LBU-01;0;0;0;0;0;0;0;0;0;
09.02.2026;ZTO_C_MAZ-01;ZTO_C_MAZ-01;0;0;0;0;0;0;0;0;0;
09.02.2026;ZTO_C_PDL-01;ZTO_C_PDL-01;0;0;0;0;0;0;0;0;0;
09.02.2026;ZTO_C_WLK-01;ZTO_C_WLK-01;0;0;0;0;0;0;0;0;0;
09.02.2026;ZTO_C_WLK-02;ZTO_C_WLK-02;0;0;0;0;0;0;0;0;0;
09.02.2026;ZTO_C_WMA-01;ZTO_C_WMA-01;0;0;0;0;0;0;0;0;0;
09.02.2026;ZTO_C_WMA-02;ZTO_C_WMA-02;0;0;0;0;0;0;0;0;0;
09.02.2026;ZTO_C_WMA-03;ZTO_C_WMA-03;0;0;0;0;0;0;0;0;0;
10.02.2026;BASE;BASE_11-02-26;530;530;530;540;0;50;306;3918960;225;
10.02.2026;BASE;BASE_12-02-26;0;0;0;0;0;0;0;0;0;
10.02.2026;BASE_M;BASE_M-03-26;427;423;422;427;426;30;32;10078052;331;
10.02.2026;BASE_M;BASE_M-04-26;408;407;406;408;409;7;9;2638440;102;
10.02.2026;BASE_M;BASE_M-05-26;399;399;397;399;399,3;8;9;2664264;11;
10.02.2026;BASE_M;BASE_M-06-26;425;425;425;425;425,09;4;5;1530000;13;
10.02.2026;BASE_M;BASE_M-07-26;0;0;0;0;448,35;0;0;0;2;
10.02.2026;BASE_M;BASE_M-08-26;0;0;0;0;443,07;0;0;0;0;
10.02.2026;BASE_Q;BASE_Q-1-27;0;0;0;0;456;0;0;0;5;
10.02.2026;BASE_Q;BASE_Q-2-26;411,05;410,5;410;412,5;411;20;20;17926381,2;469;
10.02.2026;BASE_Q;BASE_Q-2-27;0;0;0;0;405;0;0;0;0;
10.02.2026;BASE_Q;BASE_Q-3-26;445;446;444;446;447,5;9;11;10803744;321;
10.02.2026;BASE_Q;BASE_Q-3-27;0;0;0;0;429,11;0;0;0;0;
10.02.2026;BASE_Q;BASE_Q-4-26;470;467;466;470;468;15;15;15461012;565;
10.02.2026;BASE_W;BASE_W-08-26;492,5;475;475;492,5;504;9;12;966621,6;31;
10.02.2026;BASE_W;BASE_W-09-26;470;470;470;470;480;1;1;78960;6;
10.02.2026;BASE_W;BASE_W-10-26;0;0;0;0;450;0;0;0;0;
10.02.2026;BASE_W;BASE_W-11-26;0;0;0;0;427,19;0;0;0;0;
10.02.2026;BASE_W;BASE_W-12-26;0;0;0;0;427,19;0;0;0;0;
10.02.2026;BASE_Y;BASE_Y-27;434;436;434;436;433,05;13;13;49616640;757;
10.02.2026;BASE_Y;BASE_Y-28;422,5;422,5;422,5;422,5;418,5;1;1;3711240;133;
10.02.2026;BASE_Y;BASE_Y-29;0;0;0;0;418,97;0;0;0;3;
10.02.2026;BASE_Y;BASE_Y-30;0;0;0;0;430,81;0;0;0;0;
10.02.2026;F-OZE;F-OZE_05-26;0;0;0;0;25,42;0;0;0;0;
10.02.2026;F-OZE;F-OZE_05-27;0;0;0;0;25,42;0;0;0;0;
10.02.2026;F-OZE;F-OZE_11-26;0;0;0;0;25,42;0;0;0;0;
10.02.2026;F-OZE;F-OZE_11-27;0;0;0;0;25,42;0;0;0;0;
10.02.2026;GAS_BASE;GAS_BASE_11-02-26;186,25;180,25;179;186,25;0;139;4579;20056564,56;4066;
10.02.2026;GAS_BASE_M;GAS_BASE_M-01-27;0;0;0;0;159;0;0;0;112;
10.02.2026;GAS_BASE_M;GAS_BASE_M-02-27;156,5;156,5;156,5;156,5;157,28;1;1;105168;5;
10.02.2026;GAS_BASE_M;GAS_BASE_M-03-26;160,9;159,5;159;161;160,96;19;39;4621103,36;19515;
10.02.2026;GAS_BASE_M;GAS_BASE_M-04-26;154;152,5;152;154;153,9;22;86;9446040;2849;
10.02.2026;GAS_BASE_M;GAS_BASE_M-05-26;0;0;0;0;145,54;0;0;0;351;
10.02.2026;GAS_BASE_M;GAS_BASE_M-06-26;0;0;0;0;143,58;0;0;0;52;
10.02.2026;GAS_BASE_M;GAS_BASE_M-07-26;0;0;0;0;145,23;0;0;0;6;
10.02.2026;GAS_BASE_M;GAS_BASE_M-08-26;0;0;0;0;146,67;0;0;0;10;
10.02.2026;GAS_BASE_M;GAS_BASE_M-09-26;0;0;0;0;147,25;0;0;0;217;
10.02.2026;GAS_BASE_M;GAS_BASE_M-10-26;150,5;150,5;150,5;150,5;149,43;1;2;224245;33;
10.02.2026;GAS_BASE_M;GAS_BASE_M-11-26;154;154;154;154;154,5;12;28;3104640;1198;
10.02.2026;GAS_BASE_M;GAS_BASE_M-12-26;157;156,5;156;157;157;14;33;3839784;1234;
10.02.2026;GAS_BASE_Q;GAS_BASE_Q-1-27;154,25;155;154;155;154,51;11;28;9331630;1097;
10.02.2026;GAS_BASE_Q;GAS_BASE_Q-2-26;0;0;0;0;147,65;0;0;0;7549;
10.02.2026;GAS_BASE_Q;GAS_BASE_Q-2-27;0;0;0;0;131,2;0;0;0;14;
10.02.2026;GAS_BASE_Q;GAS_BASE_Q-3-26;147,3;147,3;147,3;147,3;146,38;1;2;650477;6249;
10.02.2026;GAS_BASE_Q;GAS_BASE_Q-3-27;0;0;0;0;127,32;0;0;0;26;
10.02.2026;GAS_BASE_Q;GAS_BASE_Q-4-26;153;153,65;153;153,9;153,63;5;13;4407728;8145;
10.02.2026;GAS_BASE_S;GAS_BASE_S-S-26;0;0;0;0;147,01;0;0;0;72;
10.02.2026;GAS_BASE_S;GAS_BASE_S-S-27;0;0;0;0;129,25;0;0;0;9;
10.02.2026;GAS_BASE_S;GAS_BASE_S-W-26;154,19;154,19;154,19;154,19;154,07;1;1;673502;675;
10.02.2026;GAS_BASE_S;GAS_BASE_S-W-27;135;135;135;135;134,13;1;1;592920;5;
10.02.2026;GAS_BASE_W;GAS_BASE_W-08-26;182;178;178;182;179,65;26;542;16365888;1531;
10.02.2026;GAS_BASE_W;GAS_BASE_W-09-26;175;173;173;175;173,48;20;203;5918682;203;
10.02.2026;GAS_BASE_W;GAS_BASE_W-10-26;0;0;0;0;160,98;0;0;0;0;
10.02.2026;GAS_BASE_W;GAS_BASE_W-11-26;0;0;0;0;160,98;0;0;0;0;
10.02.2026;GAS_BASE_Y;GAS_BASE_Y-27;136;137;136;137,3;136,43;6;8;9577308;3894;
10.02.2026;GAS_BASE_Y;GAS_BASE_Y-28;123;122,45;122,25;123,3;123,45;16;39;42045846;273;
10.02.2026;GAS_BASE_Y;GAS_BASE_Y-29;0;0;0;0;115,97;0;0;0;30;
10.02.2026;GAS_BASE_Y;GAS_BASE_Y-30;0;0;0;0;114,13;0;0;0;5;
10.02.2026;GAS_RDB;GAS_RDB_10-02-26;188;181,75;176,5;188;0;129;35265;6399583,15;27592;
10.02.2026;GLW_BASE;GLW_BASE_11-02-26;0;0;0;0;0;0;0;0;0;
10.02.2026;GLW_RDB;GLW_RDB_10-02-26;0;0;0;0;0;0;0;0;0;
10.02.2026;KUK_A_WMA-03;KUK_A_WMA-03;0;0;0;0;0;0;0;0;0;
10.02.2026;OFFPEAK;OFFPEAK_11-02-26;0;0;0;0;0;0;0;0;0;
10.02.2026;OFFPEAK;OFFPEAK_12-02-26;0;0;0;0;0;0;0;0;0;
10.02.2026;OFFPEAK_M;OFFPEAK_M-03-26;0;0;0;0;394,84;0;0;0;0;
10.02.2026;OFFPEAK_M;OFFPEAK_M-04-26;0;0;0;0;395,07;0;0;0;0;
10.02.2026;OFFPEAK_M;OFFPEAK_M-05-26;0;0;0;0;391,68;0;0;0;0;
10.02.2026;OFFPEAK_M;OFFPEAK_M-06-26;0;0;0;0;427,44;0;0;0;0;
10.02.2026;OFFPEAK_M;OFFPEAK_M-07-26;0;0;0;0;448,26;0;0;0;0;
10.02.2026;OFFPEAK_M;OFFPEAK_M-08-26;0;0;0;0;431,57;0;0;0;0;
10.02.2026;OFFPEAK_Q;OFFPEAK_Q-1-27;0;0;0;0;402,9;0;0;0;0;
10.02.2026;OFFPEAK_Q;OFFPEAK_Q-2-26;0;0;0;0;404,33;0;0;0;0;
10.02.2026;OFFPEAK_Q;OFFPEAK_Q-2-27;0;0;0;0;390,4;0;0;0;0;
10.02.2026;OFFPEAK_Q;OFFPEAK_Q-3-26;0;0;0;0;441,81;0;0;0;0;
10.02.2026;OFFPEAK_Q;OFFPEAK_Q-3-27;0;0;0;0;408,37;0;0;0;0;
10.02.2026;OFFPEAK_Q;OFFPEAK_Q-4-26;0;0;0;0;387,68;0;0;0;0;
10.02.2026;OFFPEAK_W;OFFPEAK_W-08-26;0;0;0;0;357,96;0;0;0;0;
10.02.2026;OFFPEAK_W;OFFPEAK_W-09-26;0;0;0;0;493,18;0;0;0;0;
10.02.2026;OFFPEAK_W;OFFPEAK_W-10-26;0;0;0;0;438,99;0;0;0;0;
10.02.2026;OFFPEAK_W;OFFPEAK_W-11-26;0;0;0;0;397,79;0;0;0;0;
10.02.2026;OFFPEAK_W;OFFPEAK_W-12-26;0;0;0;0;397,79;0;0;0;0;
10.02.2026;OFFPEAK_Y;OFFPEAK_Y-27;0;0;0;0;387,61;0;0;0;0;
10.02.2026;OFFPEAK_Y;OFFPEAK_Y-28;0;0;0;0;374,71;0;0;0;0;
10.02.2026;OFFPEAK_Y;OFFPEAK_Y-29;0;0;0;0;389,91;0;0;0;0;
10.02.2026;OFFPEAK_Y;OFFPEAK_Y-30;0;0;0;0;377,59;0;0;0;0;
10.02.2026;PEAK;PEAK_11-02-26;0;0;0;0;0;0;0;0;0;
10.02.2026;PEAK;PEAK_12-02-26;0;0;0;0;0;0;0;0;0;
10.02.2026;PEAK5_M;PEAK5_M-03-26;455;455;455;455;465;7;10;1501500;18;
10.02.2026;PEAK5_M;PEAK5_M-04-26;0;0;0;0;426,91;0;0;0;0;
10.02.2026;PEAK5_M;PEAK5_M-05-26;0;0;0;0;410,57;0;0;0;0;
10.02.2026;PEAK5_M;PEAK5_M-06-26;0;0;0;0;422,07;0;0;0;0;
10.02.2026;PEAK5_M;PEAK5_M-07-26;0;0;0;0;448,46;0;0;0;0;
10.02.2026;PEAK5_M;PEAK5_M-08-26;0;0;0;0;458,73;0;0;0;0;
10.02.2026;PEAK5_Q;PEAK5_Q-1-27;0;0;0;0;528,2;0;0;0;0;
10.02.2026;PEAK5_Q;PEAK5_Q-2-26;0;0;0;0;420;0;0;0;28;
10.02.2026;PEAK5_Q;PEAK5_Q-2-27;0;0;0;0;424,14;0;0;0;0;
10.02.2026;PEAK5_Q;PEAK5_Q-3-26;450;456,5;450;456,5;454,5;3;3;1347885;7;
10.02.2026;PEAK5_Q;PEAK5_Q-3-27;0;0;0;0;454,62;0;0;0;0;
10.02.2026;PEAK5_Q;PEAK5_Q-4-26;0;0;0;0;572,5;0;0;0;46;
10.02.2026;PEAK5_W;PEAK5_W-08-26;0;0;0;0;685,08;0;0;0;0;
10.02.2026;PEAK5_W;PEAK5_W-09-26;0;0;0;0;463,65;0;0;0;0;
10.02.2026;PEAK5_W;PEAK5_W-10-26;0;0;0;0;463,65;0;0;0;0;
10.02.2026;PEAK5_W;PEAK5_W-11-26;0;0;0;0;463,65;0;0;0;0;
10.02.2026;PEAK5_W;PEAK5_W-12-26;0;0;0;0;463,65;0;0;0;0;
10.02.2026;PEAK5_Y;PEAK5_Y-27;492;492;492;492;492,5;1;1;1867140;137;
10.02.2026;PEAK5_Y;PEAK5_Y-28;0;0;0;0;476,88;0;0;0;1;
10.02.2026;PEAK5_Y;PEAK5_Y-29;0;0;0;0;457,51;0;0;0;0;
10.02.2026;PEAK5_Y;PEAK5_Y-30;0;0;0;0;501,9;0;0;0;0;
10.02.2026;PMBG;PMBG;0;0;0;0;0;0;0;0;0;
10.02.2026;PMEF-2025;PMEF-2025;0;0;0;0;0;0;0;0;0;
10.02.2026;PMEF-2026;PMEF-2026;0;0;0;0;0;0;0;0;0;
10.02.2026;PMEF_F;PMEF_F;2327,1;2327,05;2327,05;2327,5;0;39;2536133;5901805799;89294050;
10.02.2026;PMOZE;PMOZE;0;0;0;0;0;0;0;0;0;
10.02.2026;PMOZE_A;PMOZE_A;25,01;25,35;25,01;25,52;0;74;43612961;1107076830;9471336547;
10.02.2026;PMOZE-BIO;PMOZE-BIO;300,03;300,01;300,01;300,5;0;19;3768691;1130727395;542395049;
10.02.2026;PSZ_B_DLS-01;PSZ_B_DLS-01;0;0;0;0;0;0;0;0;0;
10.02.2026;PSZ_B_KUJ-01;PSZ_B_KUJ-01;0;0;0;0;0;0;0;0;0;
10.02.2026;PSZ_B_KUJ-02;PSZ_B_KUJ-02;0;0;0;0;0;0;0;0;0;
10.02.2026;PSZ_B_LBL-01;PSZ_B_LBL-01;0;0;0;0;0;0;0;0;0;
10.02.2026;PSZ_B_LBL-02;PSZ_B_LBL-02;0;0;0;0;0;0;0;0;0;
10.02.2026;PSZ_B_LBL-03;PSZ_B_LBL-03;0;0;0;0;0;0;0;0;0;
10.02.2026;PSZ_B_LBL-04;PSZ_B_LBL-04;0;0;0;0;0;0;0;0;0;
10.02.2026;PSZ_B_LBL-05;PSZ_B_LBL-05;0;0;0;0;0;0;0;0;0;
10.02.2026;PSZ_B_LBL-06;PSZ_B_LBL-06;0;0;0;0;0;0;0;0;0;
10.02.2026;PSZ_B_LBL-07;PSZ_B_LBL-07;0;0;0;0;0;0;0;0;0;
10.02.2026;PSZ_B_LBU-01;PSZ_B_LBU-01;0;0;0;0;0;0;0;0;0;
10.02.2026;PSZ_B_LBU-02;PSZ_B_LBU-02;0;0;0;0;0;0;0;0;0;
10.02.2026;PSZ_B_MAZ-01;PSZ_B_MAZ-01;0;0;0;0;0;0;0;0;0;
10.02.2026;PSZ_B_MAZ-02;PSZ_B_MAZ-02;0;0;0;0;0;0;0;0;0;
10.02.2026;PSZ_B_MAZ-03;PSZ_B_MAZ-03;0;0;0;0;0;0;0;0;0;
10.02.2026;PSZ_B_OPO-01;PSZ_B_OPO-01;0;0;0;0;0;0;0;0;0;
10.02.2026;PSZ_B_OPO-02;PSZ_B_OPO-02;0;0;0;0;0;0;0;0;0;
10.02.2026;PSZ_B_PDK-01;PSZ_B_PDK-01;0;0;0;0;0;0;0;0;0;
10.02.2026;PSZ_B_PDL-01;PSZ_B_PDL-01;0;0;0;0;0;0;0;0;0;
10.02.2026;PSZ_B_POM-01;PSZ_B_POM-01;0;0;0;0;0;0;0;0;0;
10.02.2026;PSZ_B_POM-02;PSZ_B_POM-02;0;0;0;0;0;0;0;0;0;
10.02.2026;PSZ_B_WLK-01;PSZ_B_WLK-01;0;0;0;0;0;0;0;0;0;
10.02.2026;PSZ_B_WLK-02;PSZ_B_WLK-02;0;0;0;0;0;0;0;0;0;
10.02.2026;PSZ_B_WLK-03;PSZ_B_WLK-03;0;0;0;0;0;0;0;0;0;
10.02.2026;PSZ_B_WLK-04;PSZ_B_WLK-04;0;0;0;0;0;0;0;0;0;
10.02.2026;PSZ_B_WMA-01;PSZ_B_WMA-01;0;0;0;0;0;0;0;0;0;
10.02.2026;PSZ_B_WMA-02;PSZ_B_WMA-02;0;0;0;0;0;0;0;0;0;
10.02.2026;PSZ_B_WMA-03;PSZ_B_WMA-03;0;0;0;0;0;0;0;0;0;
10.02.2026;PSZ_B_WMA-04;PSZ_B_WMA-04;0;0;0;0;0;0;0;0;0;
10.02.2026;PSZ_B_WMA-05;PSZ_B_WMA-05;0;0;0;0;0;0;0;0;0;
10.02.2026;PSZ_B_WMA-06;PSZ_B_WMA-06;0;0;0;0;0;0;0;0;0;
10.02.2026;PSZ_B_ZPO-01;PSZ_B_ZPO-01;0;0;0;0;0;0;0;0;0;
10.02.2026;PSZ_B_ZPO-02;PSZ_B_ZPO-02;0;0;0;0;0;0;0;0;0;
10.02.2026;PSZ_C_DLS-01;PSZ_C_DLS-01;0;0;0;0;0;0;0;0;0;
10.02.2026;PSZ_C_KUJ-01;PSZ_C_KUJ-01;0;0;0;0;0;0;0;0;0;
10.02.2026;PSZ_C_KUJ-02;PSZ_C_KUJ-02;0;0;0;0;0;0;0;0;0;
10.02.2026;PSZ_C_LBL-01;PSZ_C_LBL-01;0;0;0;0;0;0;0;0;0;
10.02.2026;PSZ_C_LBL-02;PSZ_C_LBL-02;0;0;0;0;0;0;0;0;0;
10.02.2026;PSZ_C_LBL-03;PSZ_C_LBL-03;0;0;0;0;0;0;0;0;0;
10.02.2026;PSZ_C_LBL-04;PSZ_C_LBL-04;0;0;0;0;0;0;0;0;0;
10.02.2026;PSZ_C_LBL-05;PSZ_C_LBL-05;0;0;0;0;0;0;0;0;0;
10.02.2026;PSZ_C_LBL-06;PSZ_C_LBL-06;0;0;0;0;0;0;0;0;0;
10.02.2026;PSZ_C_LBL-07;PSZ_C_LBL-07;0;0;0;0;0;0;0;0;0;
10.02.2026;PSZ_C_LBU-01;PSZ_C_LBU-01;0;0;0;0;0;0;0;0;0;
10.02.2026;PSZ_C_LBU-02;PSZ_C_LBU-02;0;0;0;0;0;0;0;0;0;
10.02.2026;PSZ_C_MAZ-01;PSZ_C_MAZ-01;0;0;0;0;0;0;0;0;0;
10.02.2026;PSZ_C_MAZ-02;PSZ_C_MAZ-02;0;0;0;0;0;0;0;0;0;
10.02.2026;PSZ_C_MAZ-03;PSZ_C_MAZ-03;0;0;0;0;0;0;0;0;0;
10.02.2026;PSZ_C_OPO-01;PSZ_C_OPO-01;0;0;0;0;0;0;0;0;0;
10.02.2026;PSZ_C_OPO-02;PSZ_C_OPO-02;0;0;0;0;0;0;0;0;0;
10.02.2026;PSZ_C_PDK-01;PSZ_C_PDK-01;0;0;0;0;0;0;0;0;0;
10.02.2026;PSZ_C_PDL-01;PSZ_C_PDL-01;0;0;0;0;0;0;0;0;0;
10.02.2026;PSZ_C_POM-01;PSZ_C_POM-01;0;0;0;0;0;0;0;0;0;
10.02.2026;PSZ_C_POM-02;PSZ_C_POM-02;0;0;0;0;0;0;0;0;0;
10.02.2026;PSZ_C_WLK-01;PSZ_C_WLK-01;0;0;0;0;0;0;0;0;0;
10.02.2026;PSZ_C_WLK-02;PSZ_C_WLK-02;0;0;0;0;0;0;0;0;0;
10.02.2026;PSZ_C_WLK-03;PSZ_C_WLK-03;0;0;0;0;0;0;0;0;0;
10.02.2026;PSZ_C_WLK-04;PSZ_C_WLK-04;0;0;0;0;0;0;0;0;0;
10.02.2026;PSZ_C_WMA-01;PSZ_C_WMA-01;0;0;0;0;0;0;0;0;0;
10.02.2026;PSZ_C_WMA-02;PSZ_C_WMA-02;0;0;0;0;0;0;0;0;0;
10.02.2026;PSZ_C_WMA-03;PSZ_C_WMA-03;0;0;0;0;0;0;0;0;0;
10.02.2026;PSZ_C_WMA-04;PSZ_C_WMA-04;0;0;0;0;0;0;0;0;0;
10.02.2026;PSZ_C_WMA-05;PSZ_C_WMA-05;0;0;0;0;0;0;0;0;0;
10.02.2026;PSZ_C_WMA-06;PSZ_C_WMA-06;0;0;0;0;0;0;0;0;0;
10.02.2026;PSZ_C_ZPO-01;PSZ_C_ZPO-01;0;0;0;0;0;0;0;0;0;
10.02.2026;PSZ_C_ZPO-02;PSZ_C_ZPO-02;0;0;0;0;0;0;0;0;0;
10.02.2026;RDN-1;RDN_11-02-26_H01;470;470;470;470;0;126;2448,3;1150701;2137,6;
10.02.2026;RDN-1;RDN_11-02-26_H02;470;470;470;470;0;130;2541,8;1194646;2024,3;
10.02.2026;RDN-1;RDN_11-02-26_H03;462,27;462,27;462,27;462,27;0;135;2500,3;1155813,681;1976,7;
10.02.2026;RDN-1;RDN_11-02-26_H04;460,2;460,2;460,2;460,2;0;131;2482,6;1142492,52;1961,9;
10.02.2026;RDN-1;RDN_11-02-26_H05;464,24;464,24;464,24;464,24;0;133;2424,2;1125410,608;1873,1;
10.02.2026;RDN-1;RDN_11-02-26_H06;469,12;469,12;469,12;469,12;0;133;2755,4;1292613,248;2272,1;
10.02.2026;RDN-1;RDN_11-02-26_H07;510;510;510;510;0;153;3942,5;2010675;3254,5;
10.02.2026;RDN-1;RDN_11-02-26_H08;593,6;593,6;593,6;593,6;0;148;3497,8;2076294,08;2995,2;
10.02.2026;RDN-1;RDN_11-02-26_H09;598,82;608;598,82;608;0;150;3717,9;2226536,478;3283;
10.02.2026;RDN-1;RDN_11-02-26_H10;564,7;574;564,7;574;0;149;3639,7;2055431,59;3199,2;
10.02.2026;RDN-1;RDN_11-02-26_H11;541,01;551;541,01;551;0;160;3432,3;1857008,523;2845,2;
10.02.2026;RDN-1;RDN_11-02-26_H12;522;532;522;532;0;159;3685,7;1924035,4;3099,5;
10.02.2026;RDN-1;RDN_11-02-26_H13;496;500;496;500;0;159;3779,5;1874672;3241,6;
10.02.2026;RDN-1;RDN_11-02-26_H14;500;500;500;500;0;162;3805,5;1902750;3285,8;
10.02.2026;RDN-1;RDN_11-02-26_H15;523,03;524;523,03;524;0;170;3898,5;2039066,405;3396,5;
10.02.2026;RDN-1;RDN_11-02-26_H16;561,26;569;561,26;569;0;148;4099,1;2300931,766;3690,4;
10.02.2026;RDN-1;RDN_11-02-26_H17;630;621;621;630;0;153;4450,7;2803806;3960,7;
10.02.2026;RDN-1;RDN_11-02-26_H18;646;640;640;646;0;148;4553;2941087;4122,7;
10.02.2026;RDN-1;RDN_11-02-26_H19;613,81;600;600;620;0;142;4465,7;2740626,297;4070,6;
10.02.2026;RDN-1;RDN_11-02-26_H20;632,3;642;632,3;642;0;159;4497,8;2844055,94;4058,6;
10.02.2026;RDN-1;RDN_11-02-26_H21;584;569;569;584;0;157;4511,8;2634741,2;3981,3;
10.02.2026;RDN-1;RDN_11-02-26_H22;500,52;510;500,52;510;0;155;3867,1;1935655,692;3385,3;
10.02.2026;RDN-1;RDN_11-02-26_H23;478;489;478;489;0;154;4104,9;1962252,2;3540,9;
10.02.2026;RDN-1;RDN_11-02-26_H24;431,99;441;431,99;441;0;151;3679,9;1589770,101;2990,1;
10.02.2026;RZP_A_LBL-01;RZP_A_LBL-01;0;0;0;0;0;0;0;0;0;
10.02.2026;SGT_BASE;SGT_BASE_11-02-26;0;0;0;0;0;0;0;0;0;
10.02.2026;SGT_RDB;SGT_RDB_10-02-26;0;0;0;0;0;0;0;0;0;
10.02.2026;ZTO_B_KUJ-02;ZTO_B_KUJ-02;0;0;0;0;0;0;0;0;0;
10.02.2026;ZTO_B_LBL-01;ZTO_B_LBL-01;0;0;0;0;0;0;0;0;0;
10.02.2026;ZTO_B_LBU-01;ZTO_B_LBU-01;0;0;0;0;0;0;0;0;0;
10.02.2026;ZTO_B_MAZ-01;ZTO_B_MAZ-01;0;0;0;0;0;0;0;0;0;
10.02.2026;ZTO_B_PDL-01;ZTO_B_PDL-01;0;0;0;0;0;0;0;0;0;
10.02.2026;ZTO_B_WLK-01;ZTO_B_WLK-01;0;0;0;0;0;0;0;0;0;
10.02.2026;ZTO_B_WLK-02;ZTO_B_WLK-02;0;0;0;0;0;0;0;0;0;
10.02.2026;ZTO_B_WMA-01;ZTO_B_WMA-01;0;0;0;0;0;0;0;0;0;
10.02.2026;ZTO_B_WMA-02;ZTO_B_WMA-02;0;0;0;0;0;0;0;0;0;
10.02.2026;ZTO_B_WMA-03;ZTO_B_WMA-03;0;0;0;0;0;0;0;0;0;
10.02.2026;ZTO_C_KUJ-02;ZTO_C_KUJ-02;0;0;0;0;0;0;0;0;0;
10.02.2026;ZTO_C_LBL-01;ZTO_C_LBL-01;0;0;0;0;0;0;0;0;0;
10.02.2026;ZTO_C_LBU-01;ZTO_C_LBU-01;0;0;0;0;0;0;0;0;0;
10.02.2026;ZTO_C_MAZ-01;ZTO_C_MAZ-01;0;0;0;0;0;0;0;0;0;
10.02.2026;ZTO_C_PDL-01;ZTO_C_PDL-01;0;0;0;0;0;0;0;0;0;
10.02.2026;ZTO_C_WLK-01;ZTO_C_WLK-01;0;0;0;0;0;0;0;0;0;
10.02.2026;ZTO_C_WLK-02;ZTO_C_WLK-02;0;0;0;0;0;0;0;0;0;
10.02.2026;ZTO_C_WMA-01;ZTO_C_WMA-01;0;0;0;0;0;0;0;0;0;
10.02.2026;ZTO_C_WMA-02;ZTO_C_WMA-02;0;0;0;0;0;0;0;0;0;
10.02.2026;ZTO_C_WMA-03;ZTO_C_WMA-03;0;0;0;0;0;0;0;0;0;
11.02.2026;BASE;BASE_12-02-26;550;512;502;550;0;38;262;3215952;143;
11.02.2026;BASE;BASE_13-02-26;0;0;0;0;0;0;0;0;0;
11.02.2026;BASE_M;BASE_M-03-26;420;416;416;420;422,6;40;48;14917805,4;348;
11.02.2026;BASE_M;BASE_M-04-26;401;400;400;402;406,81;19;20;5775840;114;
11.02.2026;BASE_M;BASE_M-05-26;395;396;395;397;398,66;18;18;5309556;24;
11.02.2026;BASE_M;BASE_M-06-26;419;418;418;419;426,42;7;7;2111040;17;
11.02.2026;BASE_M;BASE_M-07-26;0;0;0;0;446,25;0;0;0;2;
11.02.2026;BASE_M;BASE_M-08-26;0;0;0;0;440,99;0;0;0;0;
11.02.2026;BASE_Q;BASE_Q-1-27;0;0;0;0;473;0;0;0;5;
11.02.2026;BASE_Q;BASE_Q-2-26;406;403,5;403,5;406;410,5;45;47;41538566,16;482;
11.02.2026;BASE_Q;BASE_Q-2-27;0;0;0;0;405;0;0;0;0;
11.02.2026;BASE_Q;BASE_Q-3-26;439;436;436;440;445,4;17;18;17445430;317;
11.02.2026;BASE_Q;BASE_Q-3-27;0;0;0;0;421,5;0;0;0;0;
11.02.2026;BASE_Q;BASE_Q-4-26;462;459;459;462,5;466,8;20;21;21414267;574;
11.02.2026;BASE_W;BASE_W-08-26;483;478;478;483;477,24;4;9;725424;33;
11.02.2026;BASE_W;BASE_W-09-26;0;0;0;0;470;0;0;0;6;
11.02.2026;BASE_W;BASE_W-10-26;0;0;0;0;423,78;0;0;0;0;
11.02.2026;BASE_W;BASE_W-11-26;0;0;0;0;423,78;0;0;0;0;
11.02.2026;BASE_W;BASE_W-12-26;0;0;0;0;423,78;0;0;0;0;
11.02.2026;BASE_Y;BASE_Y-27;430;428,5;428,5;432;436;29;32;120747840;765;
11.02.2026;BASE_Y;BASE_Y-28;415;413,5;413,5;415;420;7;7;25476235;134;
11.02.2026;BASE_Y;BASE_Y-29;0;0;0;0;421,15;0;0;0;3;
11.02.2026;BASE_Y;BASE_Y-30;0;0;0;0;415;0;0;0;0;
11.02.2026;GAS_BASE;GAS_BASE_12-02-26;180;170;170;180;0;140;3562;15163977,36;3180;
11.02.2026;GAS_BASE_M;GAS_BASE_M-01-27;0;0;0;0;158;0;0;0;112;
11.02.2026;GAS_BASE_M;GAS_BASE_M-02-27;0;0;0;0;156,5;0;0;0;5;
11.02.2026;GAS_BASE_M;GAS_BASE_M-03-26;158,5;159,5;158,5;160;159,45;29;109;12920004,71;19603;
11.02.2026;GAS_BASE_M;GAS_BASE_M-04-26;151,5;152,25;151,5;152,5;152,1;27;91;9973620;2931;
11.02.2026;GAS_BASE_M;GAS_BASE_M-05-26;0;0;0;0;148;0;0;0;351;
11.02.2026;GAS_BASE_M;GAS_BASE_M-06-26;0;0;0;0;145,11;0;0;0;52;
11.02.2026;GAS_BASE_M;GAS_BASE_M-07-26;0;0;0;0;145,74;0;0;0;6;
11.02.2026;GAS_BASE_M;GAS_BASE_M-08-26;0;0;0;0;146,92;0;0;0;10;
11.02.2026;GAS_BASE_M;GAS_BASE_M-09-26;0;0;0;0;149,3;0;0;0;217;
11.02.2026;GAS_BASE_M;GAS_BASE_M-10-26;0;0;0;0;150,08;0;0;0;33;
11.02.2026;GAS_BASE_M;GAS_BASE_M-11-26;154;154;153,5;154;153,91;8;25;2770200;1223;
11.02.2026;GAS_BASE_M;GAS_BASE_M-12-26;156;156,5;156;156,5;156,41;9;35;4073400;1269;
11.02.2026;GAS_BASE_Q;GAS_BASE_Q-1-27;154,5;154,35;154;154,5;154,8;14;28;9321375;1125;
11.02.2026;GAS_BASE_Q;GAS_BASE_Q-2-26;0;0;0;0;148,4;0;0;0;7549;
11.02.2026;GAS_BASE_Q;GAS_BASE_Q-2-27;0;0;0;0;131,19;0;0;0;14;
11.02.2026;GAS_BASE_Q;GAS_BASE_Q-3-26;0;0;0;0;147,3;0;0;0;6249;
11.02.2026;GAS_BASE_Q;GAS_BASE_Q-3-27;0;0;0;0;128,43;0;0;0;26;
11.02.2026;GAS_BASE_Q;GAS_BASE_Q-4-26;153,25;153,25;153,25;153,5;153,46;6;11;3726252;8156;
11.02.2026;GAS_BASE_S;GAS_BASE_S-S-26;0;0;0;0;147,85;0;0;0;72;
11.02.2026;GAS_BASE_S;GAS_BASE_S-S-27;0;0;0;0;129,8;0;0;0;9;
11.02.2026;GAS_BASE_S;GAS_BASE_S-W-26;0;0;0;0;154,12;0;0;0;675;
11.02.2026;GAS_BASE_S;GAS_BASE_S-W-27;0;0;0;0;135;0;0;0;5;
11.02.2026;GAS_BASE_W;GAS_BASE_W-08-26;177;175,5;175,5;177;178,67;16;708;20965224;2237;
11.02.2026;GAS_BASE_W;GAS_BASE_W-09-26;173;171;171;173;173;9;102;2946636;305;
11.02.2026;GAS_BASE_W;GAS_BASE_W-10-26;0;0;0;0;159,46;0;0;0;0;
11.02.2026;GAS_BASE_W;GAS_BASE_W-11-26;0;0;0;0;159,46;0;0;0;0;
11.02.2026;GAS_BASE_Y;GAS_BASE_Y-27;136,6;136;136;136,6;136,86;15;45;53768442;3937;
11.02.2026;GAS_BASE_Y;GAS_BASE_Y-28;122,1;121,1;121;122,1;122,5;7;18;19246183;291;
11.02.2026;GAS_BASE_Y;GAS_BASE_Y-29;0;0;0;0;115,45;0;0;0;30;
11.02.2026;GAS_BASE_Y;GAS_BASE_Y-30;0;0;0;0;112,33;0;0;0;5;
11.02.2026;GAS_RDB;GAS_RDB_11-02-26;178;162;162;179;0;121;37851;6702873,95;34310;
11.02.2026;GLW_BASE;GLW_BASE_12-02-26;0;0;0;0;0;0;0;0;0;
11.02.2026;GLW_RDB;GLW_RDB_11-02-26;0;0;0;0;0;0;0;0;0;
11.02.2026;KUK_A_WMA-03;KUK_A_WMA-03;0;0;0;0;0;0;0;0;0;
11.02.2026;OFFPEAK;OFFPEAK_12-02-26;0;0;0;0;0;0;0;0;0;
11.02.2026;OFFPEAK;OFFPEAK_13-02-26;0;0;0;0;0;0;0;0;0;
11.02.2026;OFFPEAK_M;OFFPEAK_M-03-26;0;0;0;0;396,71;0;0;0;0;
11.02.2026;OFFPEAK_M;OFFPEAK_M-04-26;0;0;0;0;390,1;0;0;0;0;
11.02.2026;OFFPEAK_M;OFFPEAK_M-05-26;0;0;0;0;388,57;0;0;0;0;
11.02.2026;OFFPEAK_M;OFFPEAK_M-06-26;0;0;0;0;427,39;0;0;0;0;
11.02.2026;OFFPEAK_M;OFFPEAK_M-07-26;0;0;0;0;442,63;0;0;0;0;
11.02.2026;OFFPEAK_M;OFFPEAK_M-08-26;0;0;0;0;426,49;0;0;0;0;
11.02.2026;OFFPEAK_Q;OFFPEAK_Q-1-27;0;0;0;0;432,63;0;0;0;0;
11.02.2026;OFFPEAK_Q;OFFPEAK_Q-2-26;0;0;0;0;401,6;0;0;0;0;
11.02.2026;OFFPEAK_Q;OFFPEAK_Q-2-27;0;0;0;0;390,6;0;0;0;0;
11.02.2026;OFFPEAK_Q;OFFPEAK_Q-3-26;0;0;0;0;436,38;0;0;0;0;
11.02.2026;OFFPEAK_Q;OFFPEAK_Q-3-27;0;0;0;0;394,8;0;0;0;0;
11.02.2026;OFFPEAK_Q;OFFPEAK_Q-4-26;0;0;0;0;383,64;0;0;0;0;
11.02.2026;OFFPEAK_W;OFFPEAK_W-08-26;0;0;0;0;414,53;0;0;0;0;
11.02.2026;OFFPEAK_W;OFFPEAK_W-09-26;0;0;0;0;475,12;0;0;0;0;
11.02.2026;OFFPEAK_W;OFFPEAK_W-10-26;0;0;0;0;399,67;0;0;0;0;
11.02.2026;OFFPEAK_W;OFFPEAK_W-11-26;0;0;0;0;399,67;0;0;0;0;
11.02.2026;OFFPEAK_W;OFFPEAK_W-12-26;0;0;0;0;399,67;0;0;0;0;
11.02.2026;OFFPEAK_Y;OFFPEAK_Y-27;0;0;0;0;393,04;0;0;0;0;
11.02.2026;OFFPEAK_Y;OFFPEAK_Y-28;0;0;0;0;368,99;0;0;0;0;
11.02.2026;OFFPEAK_Y;OFFPEAK_Y-29;0;0;0;0;391,94;0;0;0;0;
11.02.2026;OFFPEAK_Y;OFFPEAK_Y-30;0;0;0;0;351,33;0;0;0;0;
11.02.2026;PEAK;PEAK_12-02-26;0;0;0;0;0;0;0;0;0;
11.02.2026;PEAK;PEAK_13-02-26;0;0;0;0;0;0;0;0;0;
11.02.2026;PEAK5_M;PEAK5_M-03-26;450;455;450;455;455;7;8;1198890;19;
11.02.2026;PEAK5_M;PEAK5_M-04-26;0;0;0;0;428,28;0;0;0;0;
11.02.2026;PEAK5_M;PEAK5_M-05-26;0;0;0;0;413,61;0;0;0;0;
11.02.2026;PEAK5_M;PEAK5_M-06-26;0;0;0;0;425,19;0;0;0;0;
11.02.2026;PEAK5_M;PEAK5_M-07-26;0;0;0;0;450,43;0;0;0;0;
11.02.2026;PEAK5_M;PEAK5_M-08-26;0;0;0;0;460,75;0;0;0;0;
11.02.2026;PEAK5_Q;PEAK5_Q-1-27;0;0;0;0;527,88;0;0;0;0;
11.02.2026;PEAK5_Q;PEAK5_Q-2-26;0;0;0;0;422,5;0;0;0;28;
11.02.2026;PEAK5_Q;PEAK5_Q-2-27;0;0;0;0;423,88;0;0;0;0;
11.02.2026;PEAK5_Q;PEAK5_Q-3-26;0;0;0;0;456,5;0;0;0;7;
11.02.2026;PEAK5_Q;PEAK5_Q-3-27;0;0;0;0;454,35;0;0;0;0;
11.02.2026;PEAK5_Q;PEAK5_Q-4-26;564;564;564;564;575;1;1;541440;47;
11.02.2026;PEAK5_W;PEAK5_W-08-26;0;0;0;0;555;0;0;0;0;
11.02.2026;PEAK5_W;PEAK5_W-09-26;0;0;0;0;463,65;0;0;0;0;
11.02.2026;PEAK5_W;PEAK5_W-10-26;0;0;0;0;453,68;0;0;0;0;
11.02.2026;PEAK5_W;PEAK5_W-11-26;0;0;0;0;453,68;0;0;0;0;
11.02.2026;PEAK5_W;PEAK5_W-12-26;0;0;0;0;453,68;0;0;0;0;
11.02.2026;PEAK5_Y;PEAK5_Y-27;0;0;0;0;492,2;0;0;0;137;
11.02.2026;PEAK5_Y;PEAK5_Y-28;0;0;0;0;488;0;0;0;1;
11.02.2026;PEAK5_Y;PEAK5_Y-29;0;0;0;0;459,89;0;0;0;0;
11.02.2026;PEAK5_Y;PEAK5_Y-30;0;0;0;0;500,05;0;0;0;0;
11.02.2026;PMBG;PMBG;0;0;0;0;0;0;0;0;0;
11.02.2026;PMEF-2025;PMEF-2025;0;0;0;0;0;0;0;0;0;
11.02.2026;PMEF-2026;PMEF-2026;0;0;0;0;0;0;0;0;0;
11.02.2026;PMEF_F;PMEF_F;0;0;0;0;0;0;0;0;90501458;
11.02.2026;PMOZE;PMOZE;0;0;0;0;0;0;0;0;0;
11.02.2026;PMOZE_A;PMOZE_A;0;0;0;0;0;2;24900000;0;9491441205;
11.02.2026;PMOZE-BIO;PMOZE-BIO;0;0;0;0;0;0;0;0;545999275;
11.02.2026;PSZ_B_DLS-01;PSZ_B_DLS-01;0;0;0;0;0;0;0;0;0;
11.02.2026;PSZ_B_KUJ-01;PSZ_B_KUJ-01;0;0;0;0;0;0;0;0;0;
11.02.2026;PSZ_B_KUJ-02;PSZ_B_KUJ-02;0;0;0;0;0;0;0;0;0;
11.02.2026;PSZ_B_LBL-01;PSZ_B_LBL-01;0;0;0;0;0;0;0;0;0;
11.02.2026;PSZ_B_LBL-02;PSZ_B_LBL-02;0;0;0;0;0;0;0;0;0;
11.02.2026;PSZ_B_LBL-03;PSZ_B_LBL-03;0;0;0;0;0;0;0;0;0;
11.02.2026;PSZ_B_LBL-04;PSZ_B_LBL-04;0;0;0;0;0;0;0;0;0;
11.02.2026;PSZ_B_LBL-05;PSZ_B_LBL-05;0;0;0;0;0;0;0;0;0;
11.02.2026;PSZ_B_LBL-06;PSZ_B_LBL-06;0;0;0;0;0;0;0;0;0;
11.02.2026;PSZ_B_LBL-07;PSZ_B_LBL-07;0;0;0;0;0;0;0;0;0;
11.02.2026;PSZ_B_LBU-01;PSZ_B_LBU-01;0;0;0;0;0;0;0;0;0;
11.02.2026;PSZ_B_LBU-02;PSZ_B_LBU-02;0;0;0;0;0;0;0;0;0;
11.02.2026;PSZ_B_MAZ-01;PSZ_B_MAZ-01;0;0;0;0;0;0;0;0;0;
11.02.2026;PSZ_B_MAZ-02;PSZ_B_MAZ-02;0;0;0;0;0;0;0;0;0;
11.02.2026;PSZ_B_MAZ-03;PSZ_B_MAZ-03;0;0;0;0;0;0;0;0;0;
11.02.2026;PSZ_B_OPO-01;PSZ_B_OPO-01;0;0;0;0;0;0;0;0;0;
11.02.2026;PSZ_B_OPO-02;PSZ_B_OPO-02;0;0;0;0;0;0;0;0;0;
11.02.2026;PSZ_B_PDK-01;PSZ_B_PDK-01;0;0;0;0;0;0;0;0;0;
11.02.2026;PSZ_B_PDL-01;PSZ_B_PDL-01;0;0;0;0;0;0;0;0;0;
11.02.2026;PSZ_B_POM-01;PSZ_B_POM-01;0;0;0;0;0;0;0;0;0;
11.02.2026;PSZ_B_POM-02;PSZ_B_POM-02;0;0;0;0;0;0;0;0;0;
11.02.2026;PSZ_B_WLK-01;PSZ_B_WLK-01;0;0;0;0;0;0;0;0;0;
11.02.2026;PSZ_B_WLK-02;PSZ_B_WLK-02;0;0;0;0;0;0;0;0;0;
11.02.2026;PSZ_B_WLK-03;PSZ_B_WLK-03;0;0;0;0;0;0;0;0;0;
11.02.2026;PSZ_B_WLK-04;PSZ_B_WLK-04;0;0;0;0;0;0;0;0;0;
11.02.2026;PSZ_B_WMA-01;PSZ_B_WMA-01;0;0;0;0;0;0;0;0;0;
11.02.2026;PSZ_B_WMA-02;PSZ_B_WMA-02;0;0;0;0;0;0;0;0;0;
11.02.2026;PSZ_B_WMA-03;PSZ_B_WMA-03;0;0;0;0;0;0;0;0;0;
11.02.2026;PSZ_B_WMA-04;PSZ_B_WMA-04;0;0;0;0;0;0;0;0;0;
11.02.2026;PSZ_B_WMA-05;PSZ_B_WMA-05;0;0;0;0;0;0;0;0;0;
11.02.2026;PSZ_B_WMA-06;PSZ_B_WMA-06;0;0;0;0;0;0;0;0;0;
11.02.2026;PSZ_B_ZPO-01;PSZ_B_ZPO-01;0;0;0;0;0;0;0;0;0;
11.02.2026;PSZ_B_ZPO-02;PSZ_B_ZPO-02;0;0;0;0;0;0;0;0;0;
11.02.2026;PSZ_C_DLS-01;PSZ_C_DLS-01;0;0;0;0;0;0;0;0;0;
11.02.2026;PSZ_C_KUJ-01;PSZ_C_KUJ-01;0;0;0;0;0;0;0;0;0;
11.02.2026;PSZ_C_KUJ-02;PSZ_C_KUJ-02;0;0;0;0;0;0;0;0;0;
11.02.2026;PSZ_C_LBL-01;PSZ_C_LBL-01;0;0;0;0;0;0;0;0;0;
11.02.2026;PSZ_C_LBL-02;PSZ_C_LBL-02;0;0;0;0;0;0;0;0;0;
11.02.2026;PSZ_C_LBL-03;PSZ_C_LBL-03;0;0;0;0;0;0;0;0;0;
11.02.2026;PSZ_C_LBL-04;PSZ_C_LBL-04;0;0;0;0;0;0;0;0;0;
11.02.2026;PSZ_C_LBL-05;PSZ_C_LBL-05;0;0;0;0;0;0;0;0;0;
11.02.2026;PSZ_C_LBL-06;PSZ_C_LBL-06;0;0;0;0;0;0;0;0;0;
11.02.2026;PSZ_C_LBL-07;PSZ_C_LBL-07;0;0;0;0;0;0;0;0;0;
11.02.2026;PSZ_C_LBU-01;PSZ_C_LBU-01;0;0;0;0;0;0;0;0;0;
11.02.2026;PSZ_C_LBU-02;PSZ_C_LBU-02;0;0;0;0;0;0;0;0;0;
11.02.2026;PSZ_C_MAZ-01;PSZ_C_MAZ-01;0;0;0;0;0;0;0;0;0;
11.02.2026;PSZ_C_MAZ-02;PSZ_C_MAZ-02;0;0;0;0;0;0;0;0;0;
11.02.2026;PSZ_C_MAZ-03;PSZ_C_MAZ-03;0;0;0;0;0;0;0;0;0;
11.02.2026;PSZ_C_OPO-01;PSZ_C_OPO-01;0;0;0;0;0;0;0;0;0;
11.02.2026;PSZ_C_OPO-02;PSZ_C_OPO-02;0;0;0;0;0;0;0;0;0;
11.02.2026;PSZ_C_PDK-01;PSZ_C_PDK-01;0;0;0;0;0;0;0;0;0;
11.02.2026;PSZ_C_PDL-01;PSZ_C_PDL-01;0;0;0;0;0;0;0;0;0;
11.02.2026;PSZ_C_POM-01;PSZ_C_POM-01;0;0;0;0;0;0;0;0;0;
11.02.2026;PSZ_C_POM-02;PSZ_C_POM-02;0;0;0;0;0;0;0;0;0;
11.02.2026;PSZ_C_WLK-01;PSZ_C_WLK-01;0;0;0;0;0;0;0;0;0;
11.02.2026;PSZ_C_WLK-02;PSZ_C_WLK-02;0;0;0;0;0;0;0;0;0;
11.02.2026;PSZ_C_WLK-03;PSZ_C_WLK-03;0;0;0;0;0;0;0;0;0;
11.02.2026;PSZ_C_WLK-04;PSZ_C_WLK-04;0;0;0;0;0;0;0;0;0;
11.02.2026;PSZ_C_WMA-01;PSZ_C_WMA-01;0;0;0;0;0;0;0;0;0;
11.02.2026;PSZ_C_WMA-02;PSZ_C_WMA-02;0;0;0;0;0;0;0;0;0;
11.02.2026;PSZ_C_WMA-03;PSZ_C_WMA-03;0;0;0;0;0;0;0;0;0;
11.02.2026;PSZ_C_WMA-04;PSZ_C_WMA-04;0;0;0;0;0;0;0;0;0;
11.02.2026;PSZ_C_WMA-05;PSZ_C_WMA-05;0;0;0;0;0;0;0;0;0;
11.02.2026;PSZ_C_WMA-06;PSZ_C_WMA-06;0;0;0;0;0;0;0;0;0;
11.02.2026;PSZ_C_ZPO-01;PSZ_C_ZPO-01;0;0;0;0;0;0;0;0;0;
11.02.2026;PSZ_C_ZPO-02;PSZ_C_ZPO-02;0;0;0;0;0;0;0;0;0;
11.02.2026;RDN-1;RDN_12-02-26_H01;456,1;456,1;456,1;456,1;0;136;2773,3;1264902,13;2382,3;
11.02.2026;RDN-1;RDN_12-02-26_H02;450,86;450,86;450,86;450,86;0;135;2678,3;1207538,338;2143,1;
11.02.2026;RDN-1;RDN_12-02-26_H03;456;456;456;456;0;154;2895;1320120;2380,4;
11.02.2026;RDN-1;RDN_12-02-26_H04;458;458;458;458;0;146;3095,8;1417876,4;2579,4;
11.02.2026;RDN-1;RDN_12-02-26_H05;452,5;452,5;452,5;452,5;0;134;2992,1;1353925,25;2383,8;
11.02.2026;RDN-1;RDN_12-02-26_H06;440;440;440;440;0;150;3035,4;1335576;2465,2;
11.02.2026;RDN-1;RDN_12-02-26_H07;496;496;496;496;0;142;3794,7;1882171,2;3281,7;
11.02.2026;RDN-1;RDN_12-02-26_H08;550,96;550;550;550,96;0;147;3536,5;1948465,24;3128,1;
11.02.2026;RDN-1;RDN_12-02-26_H09;568,82;569;568,82;569;0;159;4093,3;2328351,806;3440,6;
11.02.2026;RDN-1;RDN_12-02-26_H10;544,21;540;540;544,21;0;157;4089,3;2225395,853;3401,4;
11.02.2026;RDN-1;RDN_12-02-26_H11;502,9;502;502;502,9;0;157;3765,3;1893560,28;3097,4;
11.02.2026;RDN-1;RDN_12-02-26_H12;485,76;485;485;485,76;0;154;3780,1;1836221,3;3121,7;
11.02.2026;RDN-1;RDN_12-02-26_H13;476;476;476;476;0;147;3741,3;1780858,8;3107,9;
11.02.2026;RDN-1;RDN_12-02-26_H14;483;483;483;483;0;150;3914,5;1890703,5;3295,2;
11.02.2026;RDN-1;RDN_12-02-26_H15;502,52;509;502,52;509;0;152;3911;1965388,12;3294,8;
11.02.2026;RDN-1;RDN_12-02-26_H16;540;540;540;540;0;155;3762,7;2031858;3384,1;
11.02.2026;RDN-1;RDN_12-02-26_H17;587,6;587,6;587,6;587,6;0;162;4010,3;2356452,28;3569,7;
11.02.2026;RDN-1;RDN_12-02-26_H18;615;615;615;615;0;156;4105,1;2524636,5;3675,4;
11.02.2026;RDN-1;RDN_12-02-26_H19;584;584;584;584;0;152;3968,9;2317837,6;3549,6;
11.02.2026;RDN-1;RDN_12-02-26_H20;579;580;579;580;0;159;4084,4;2364897,5;3571,4;
11.02.2026;RDN-1;RDN_12-02-26_H21;532;532;532;532;0;150;3985,5;2120286;3488,4;
11.02.2026;RDN-1;RDN_12-02-26_H22;447,67;447,67;447,67;447,67;0;147;3256,6;1457882,122;2807,2;
11.02.2026;RDN-1;RDN_12-02-26_H23;447;447;447;447;0;147;3548,1;1586000,7;3039,4;
11.02.2026;RDN-1;RDN_12-02-26_H24;420,4;420,4;420,4;420,4;0;146;3204,1;1347003,64;2587,2;
11.02.2026;RZP_A_LBL-01;RZP_A_LBL-01;0;0;0;0;0;0;0;0;0;
11.02.2026;SGT_BASE;SGT_BASE_12-02-26;0;0;0;0;0;0;0;0;0;
11.02.2026;SGT_RDB;SGT_RDB_11-02-26;0;0;0;0;0;0;0;0;0;
11.02.2026;ZTO_B_KUJ-02;ZTO_B_KUJ-02;0;0;0;0;0;0;0;0;0;
11.02.2026;ZTO_B_LBL-01;ZTO_B_LBL-01;0;0;0;0;0;0;0;0;0;
11.02.2026;ZTO_B_LBU-01;ZTO_B_LBU-01;0;0;0;0;0;0;0;0;0;
11.02.2026;ZTO_B_MAZ-01;ZTO_B_MAZ-01;0;0;0;0;0;0;0;0;0;
11.02.2026;ZTO_B_PDL-01;ZTO_B_PDL-01;0;0;0;0;0;0;0;0;0;
11.02.2026;ZTO_B_WLK-01;ZTO_B_WLK-01;0;0;0;0;0;0;0;0;0;
11.02.2026;ZTO_B_WLK-02;ZTO_B_WLK-02;0;0;0;0;0;0;0;0;0;
11.02.2026;ZTO_B_WMA-01;ZTO_B_WMA-01;0;0;0;0;0;0;0;0;0;
11.02.2026;ZTO_B_WMA-02;ZTO_B_WMA-02;0;0;0;0;0;0;0;0;0;
11.02.2026;ZTO_B_WMA-03;ZTO_B_WMA-03;0;0;0;0;0;0;0;0;0;
11.02.2026;ZTO_C_KUJ-02;ZTO_C_KUJ-02;0;0;0;0;0;0;0;0;0;
11.02.2026;ZTO_C_LBL-01;ZTO_C_LBL-01;0;0;0;0;0;0;0;0;0;
11.02.2026;ZTO_C_LBU-01;ZTO_C_LBU-01;0;0;0;0;0;0;0;0;0;
11.02.2026;ZTO_C_MAZ-01;ZTO_C_MAZ-01;0;0;0;0;0;0;0;0;0;
11.02.2026;ZTO_C_PDL-01;ZTO_C_PDL-01;0;0;0;0;0;0;0;0;0;
11.02.2026;ZTO_C_WLK-01;ZTO_C_WLK-01;0;0;0;0;0;0;0;0;0;
11.02.2026;ZTO_C_WLK-02;ZTO_C_WLK-02;0;0;0;0;0;0;0;0;0;
11.02.2026;ZTO_C_WMA-01;ZTO_C_WMA-01;0;0;0;0;0;0;0;0;0;
11.02.2026;ZTO_C_WMA-02;ZTO_C_WMA-02;0;0;0;0;0;0;0;0;0;
11.02.2026;ZTO_C_WMA-03;ZTO_C_WMA-03;0;0;0;0;0;0;0;0;0;
12.02.2026;BASE;BASE_13-02-26;475;475;465;477;0;19;124;1406160;87;
12.02.2026;BASE;BASE_14-02-26;0;0;0;0;0;0;0;0;0;
12.02.2026;BASE_M;BASE_M-03-26;410;409,9;405;410;416,5;40;48;14566812,2;378;
12.02.2026;BASE_M;BASE_M-04-26;395;389,99;389,5;395;399,01;35;42;11807841,6;151;
12.02.2026;BASE_M;BASE_M-05-26;390;390;388;390;395,72;19;19;5507088;42;
12.02.2026;BASE_M;BASE_M-06-26;407;407;406;407;416,03;10;10;2925360;27;
12.02.2026;BASE_M;BASE_M-07-26;431;431;431;431;438,13;1;1;320664;2;
12.02.2026;BASE_M;BASE_M-08-26;0;0;0;0;432,97;0;0;0;0;
12.02.2026;BASE_Q;BASE_Q-1-27;0;0;0;0;468;0;0;0;5;
12.02.2026;BASE_Q;BASE_Q-2-26;399,5;395;392;399,5;403,5;68;72;62029072,56;513;
12.02.2026;BASE_Q;BASE_Q-2-27;0;0;0;0;400;0;0;0;0;
12.02.2026;BASE_Q;BASE_Q-3-26;430;425,5;425;430;437,3;41;42;39521213;341;
12.02.2026;BASE_Q;BASE_Q-3-27;0;0;0;0;425,6;0;0;0;0;
12.02.2026;BASE_Q;BASE_Q-4-26;455;448,5;448;455;460,3;48;51;50687714;606;
12.02.2026;BASE_W;BASE_W-08-26;477;490;477;490;477;12;22;1777860;39;
12.02.2026;BASE_W;BASE_W-09-26;0;0;0;0;462;0;0;0;6;
12.02.2026;BASE_W;BASE_W-10-26;0;0;0;0;417,67;0;0;0;0;
12.02.2026;BASE_W;BASE_W-11-26;0;0;0;0;417,67;0;0;0;0;
12.02.2026;BASE_W;BASE_W-12-26;0;0;0;0;417,67;0;0;0;0;
12.02.2026;BASE_WEEKEND;BASE_WEEKEND_07-26;0;0;0;0;0;0;0;0;0;
12.02.2026;BASE_Y;BASE_Y-27;422;416;416;422;429,55;54;54;198037495;778;
12.02.2026;BASE_Y;BASE_Y-28;405;399,95;399,95;405;414;15;15;52969277;144;
12.02.2026;BASE_Y;BASE_Y-29;400;400;400;400;412,5;3;2;7008000;5;
12.02.2026;BASE_Y;BASE_Y-30;0;0;0;0;407;0;0;0;0;
12.02.2026;F-OZE;F-OZE_05-26;0;0;0;0;25,42;0;0;0;0;
12.02.2026;F-OZE;F-OZE_05-27;0;0;0;0;25,42;0;0;0;0;
12.02.2026;F-OZE;F-OZE_11-26;0;0;0;0;25,42;0;0;0;0;
12.02.2026;F-OZE;F-OZE_11-27;0;0;0;0;25,42;0;0;0;0;
12.02.2026;GAS_BASE;GAS_BASE_13-02-26;179;176;172;179;0;114;2773;11689012,32;2417;
12.02.2026;GAS_BASE_M;GAS_BASE_M-01-27;0;0;0;0;156,5;0;0;0;112;
12.02.2026;GAS_BASE_M;GAS_BASE_M-02-27;0;0;0;0;155,89;0;0;0;5;
12.02.2026;GAS_BASE_M;GAS_BASE_M-03-26;160;160,35;158,75;160,35;159,7;13;56;6641736,44;19649;
12.02.2026;GAS_BASE_M;GAS_BASE_M-04-26;150,25;152,75;150,25;152,75;152,15;22;55;6029640;2984;
12.02.2026;GAS_BASE_M;GAS_BASE_M-05-26;0;0;0;0;147,09;0;0;0;351;
12.02.2026;GAS_BASE_M;GAS_BASE_M-06-26;0;0;0;0;141,76;0;0;0;52;
12.02.2026;GAS_BASE_M;GAS_BASE_M-07-26;0;0;0;0;145;0;0;0;6;
12.02.2026;GAS_BASE_M;GAS_BASE_M-08-26;0;0;0;0;147;0;0;0;10;
12.02.2026;GAS_BASE_M;GAS_BASE_M-09-26;0;0;0;0;145,23;0;0;0;217;
12.02.2026;GAS_BASE_M;GAS_BASE_M-10-26;0;0;0;0;149,61;0;0;0;33;
12.02.2026;GAS_BASE_M;GAS_BASE_M-11-26;154;154,5;154;154,5;154;11;18;1999620;1241;
12.02.2026;GAS_BASE_M;GAS_BASE_M-12-26;156,5;157,5;156,5;157,5;156,5;12;20;2338392;1289;
12.02.2026;GAS_BASE_Q;GAS_BASE_Q-1-27;154;155,75;153,75;155,75;154,12;17;33;11036182;1153;
12.02.2026;GAS_BASE_Q;GAS_BASE_Q-2-26;0;0;0;0;147;0;0;0;7549;
12.02.2026;GAS_BASE_Q;GAS_BASE_Q-2-27;133,1;133,1;133,1;133,1;130,49;1;1;290690;15;
12.02.2026;GAS_BASE_Q;GAS_BASE_Q-3-26;0;0;0;0;145,75;0;0;0;6249;
12.02.2026;GAS_BASE_Q;GAS_BASE_Q-3-27;0;0;0;0;127,53;0;0;0;26;
12.02.2026;GAS_BASE_Q;GAS_BASE_Q-4-26;153;154;153;154;153,36;8;17;5763833;8171;
12.02.2026;GAS_BASE_S;GAS_BASE_S-S-26;0;0;0;0;146,37;0;0;0;72;
12.02.2026;GAS_BASE_S;GAS_BASE_S-S-27;0;0;0;0;129;0;0;0;9;
12.02.2026;GAS_BASE_S;GAS_BASE_S-W-26;0;0;0;0;153,74;0;0;0;675;
12.02.2026;GAS_BASE_S;GAS_BASE_S-W-27;136,3;136,3;136,3;136,3;134;1;1;598630;6;
12.02.2026;GAS_BASE_W;GAS_BASE_W-08-26;174,5;174,5;174,5;174,5;175,9;1;5;146580;2243;
12.02.2026;GAS_BASE_W;GAS_BASE_W-09-26;0;0;0;0;170,5;0;0;0;305;
12.02.2026;GAS_BASE_W;GAS_BASE_W-10-26;0;0;0;0;159,72;0;0;0;0;
12.02.2026;GAS_BASE_W;GAS_BASE_W-11-26;0;0;0;0;159,72;0;0;0;0;
12.02.2026;GAS_BASE_Y;GAS_BASE_Y-27;136,5;136,5;136,5;136,5;136;5;7;8370180;3937;
12.02.2026;GAS_BASE_Y;GAS_BASE_Y-28;122;122,4;121,75;122,5;121,14;10;23;24693317;311;
12.02.2026;GAS_BASE_Y;GAS_BASE_Y-29;114,6;114,6;114,6;114,6;114;1;2;2007792;32;
12.02.2026;GAS_BASE_Y;GAS_BASE_Y-30;0;0;0;0;111,95;0;0;0;5;
12.02.2026;GAS_RDB;GAS_RDB_12-02-26;177;176,5;167,7;180;0;116;29595;5145762,11;24202;
12.02.2026;GAS_WEEKEND;GAS_WEEKEND_07-26;176;176;176;176;0;1;7;59136;7;
12.02.2026;GLW_BASE;GLW_BASE_13-02-26;0;0;0;0;0;0;0;0;0;
12.02.2026;GLW_RDB;GLW_RDB_12-02-26;0;0;0;0;0;0;0;0;0;
12.02.2026;KUK_A_WMA-03;KUK_A_WMA-03;0;0;0;0;0;0;0;0;0;
12.02.2026;OFFPEAK;OFFPEAK_13-02-26;0;0;0;0;0;0;0;0;0;
12.02.2026;OFFPEAK;OFFPEAK_14-02-26;0;0;0;0;0;0;0;0;0;
12.02.2026;OFFPEAK_M;OFFPEAK_M-03-26;0;0;0;0;385,74;0;0;0;0;
12.02.2026;OFFPEAK_M;OFFPEAK_M-04-26;0;0;0;0;379;0;0;0;0;
12.02.2026;OFFPEAK_M;OFFPEAK_M-05-26;0;0;0;0;382,42;0;0;0;0;
12.02.2026;OFFPEAK_M;OFFPEAK_M-06-26;0;0;0;0;407,48;0;0;0;0;
12.02.2026;OFFPEAK_M;OFFPEAK_M-07-26;0;0;0;0;428,35;0;0;0;0;
12.02.2026;OFFPEAK_M;OFFPEAK_M-08-26;0;0;0;0;413,32;0;0;0;0;
12.02.2026;OFFPEAK_Q;OFFPEAK_Q-1-27;0;0;0;0;428,84;0;0;0;0;
12.02.2026;OFFPEAK_Q;OFFPEAK_Q-2-26;0;0;0;0;389,41;0;0;0;0;
12.02.2026;OFFPEAK_Q;OFFPEAK_Q-2-27;0;0;0;0;385,86;0;0;0;0;
12.02.2026;OFFPEAK_Q;OFFPEAK_Q-3-26;0;0;0;0;422,51;0;0;0;0;
12.02.2026;OFFPEAK_Q;OFFPEAK_Q-3-27;0;0;0;0;406,88;0;0;0;0;
12.02.2026;OFFPEAK_Q;OFFPEAK_Q-4-26;0;0;0;0;380,59;0;0;0;0;
12.02.2026;OFFPEAK_W;OFFPEAK_W-08-26;0;0;0;0;430,23;0;0;0;0;
12.02.2026;OFFPEAK_W;OFFPEAK_W-09-26;0;0;0;0;407,16;0;0;0;0;
12.02.2026;OFFPEAK_W;OFFPEAK_W-10-26;0;0;0;0;388,62;0;0;0;0;
12.02.2026;OFFPEAK_W;OFFPEAK_W-11-26;0;0;0;0;388,62;0;0;0;0;
12.02.2026;OFFPEAK_W;OFFPEAK_W-12-26;0;0;0;0;388,62;0;0;0;0;
12.02.2026;OFFPEAK_Y;OFFPEAK_Y-27;0;0;0;0;386,4;0;0;0;0;
12.02.2026;OFFPEAK_Y;OFFPEAK_Y-28;0;0;0;0;373,87;0;0;0;0;
12.02.2026;OFFPEAK_Y;OFFPEAK_Y-29;0;0;0;0;383,9;0;0;0;0;
12.02.2026;OFFPEAK_Y;OFFPEAK_Y-30;0;0;0;0;347,56;0;0;0;0;
12.02.2026;OFFP_WEEKEND;OFFP_WEEKEND_07-26;0;0;0;0;0;0;0;0;0;
12.02.2026;PEAK;PEAK_13-02-26;0;0;0;0;0;0;0;0;0;
12.02.2026;PEAK;PEAK_14-02-26;0;0;0;0;0;0;0;0;0;
12.02.2026;PEAK5_M;PEAK5_M-03-26;448;450;448;451;455;10;12;1778370;19;
12.02.2026;PEAK5_M;PEAK5_M-04-26;0;0;0;0;424,75;0;0;0;0;
12.02.2026;PEAK5_M;PEAK5_M-05-26;0;0;0;0;415,39;0;0;0;0;
12.02.2026;PEAK5_M;PEAK5_M-06-26;0;0;0;0;427,02;0;0;0;0;
12.02.2026;PEAK5_M;PEAK5_M-07-26;0;0;0;0;449,44;0;0;0;0;
12.02.2026;PEAK5_M;PEAK5_M-08-26;0;0;0;0;459,74;0;0;0;0;
12.02.2026;PEAK5_Q;PEAK5_Q-1-27;0;0;0;0;521,24;0;0;0;0;
12.02.2026;PEAK5_Q;PEAK5_Q-2-26;0;0;0;0;422,5;0;0;0;28;
12.02.2026;PEAK5_Q;PEAK5_Q-2-27;0;0;0;0;418,54;0;0;0;0;
12.02.2026;PEAK5_Q;PEAK5_Q-3-26;0;0;0;0;455,5;0;0;0;7;
12.02.2026;PEAK5_Q;PEAK5_Q-3-27;0;0;0;0;448,63;0;0;0;0;
12.02.2026;PEAK5_Q;PEAK5_Q-4-26;555;555;555;555;564;2;2;1065600;49;
12.02.2026;PEAK5_W;PEAK5_W-08-26;0;0;0;0;535;0;0;0;0;
12.02.2026;PEAK5_W;PEAK5_W-09-26;0;0;0;0;530;0;0;0;0;
12.02.2026;PEAK5_W;PEAK5_W-10-26;0;0;0;0;453,68;0;0;0;0;
12.02.2026;PEAK5_W;PEAK5_W-11-26;0;0;0;0;453,68;0;0;0;0;
12.02.2026;PEAK5_W;PEAK5_W-12-26;0;0;0;0;453,68;0;0;0;0;
12.02.2026;PEAK5_Y;PEAK5_Y-27;475;472;472;475;486;3;3;5392695;139;
12.02.2026;PEAK5_Y;PEAK5_Y-28;0;0;0;0;467,5;0;0;0;1;
12.02.2026;PEAK5_Y;PEAK5_Y-29;0;0;0;0;450,45;0;0;0;0;
12.02.2026;PEAK5_Y;PEAK5_Y-30;0;0;0;0;486,42;0;0;0;0;
12.02.2026;PEAK_WEEKEND;PEAK_WEEKEND_07-26;0;0;0;0;0;0;0;0;0;
12.02.2026;PMBG;PMBG;0;0;0;0;0;0;0;0;0;
12.02.2026;PMEF-2025;PMEF-2025;0;0;0;0;0;0;0;0;0;
12.02.2026;PMEF-2026;PMEF-2026;0;0;0;0;0;0;0;0;0;
12.02.2026;PMEF_F;PMEF_F;2327,06;2327,25;2327,05;2327,25;0;23;1990156;4631216932;90501458;
12.02.2026;PMOZE;PMOZE;0;0;0;0;0;0;0;0;0;
12.02.2026;PMOZE_A;PMOZE_A;25,26;24,99;24,9;25,3;0;89;50312029;1263333977;9506441205;
12.02.2026;PMOZE-BIO;PMOZE-BIO;305;300,5;300,5;305;0;2;82000;24807500;545999275;
12.02.2026;PSZ_B_DLS-01;PSZ_B_DLS-01;0;0;0;0;0;0;0;0;0;
12.02.2026;PSZ_B_KUJ-01;PSZ_B_KUJ-01;0;0;0;0;0;0;0;0;0;
12.02.2026;PSZ_B_KUJ-02;PSZ_B_KUJ-02;0;0;0;0;0;0;0;0;0;
12.02.2026;PSZ_B_LBL-01;PSZ_B_LBL-01;0;0;0;0;0;0;0;0;0;
12.02.2026;PSZ_B_LBL-02;PSZ_B_LBL-02;0;0;0;0;0;0;0;0;0;
12.02.2026;PSZ_B_LBL-03;PSZ_B_LBL-03;0;0;0;0;0;0;0;0;0;
12.02.2026;PSZ_B_LBL-04;PSZ_B_LBL-04;0;0;0;0;0;0;0;0;0;
12.02.2026;PSZ_B_LBL-05;PSZ_B_LBL-05;0;0;0;0;0;0;0;0;0;
12.02.2026;PSZ_B_LBL-06;PSZ_B_LBL-06;0;0;0;0;0;0;0;0;0;
12.02.2026;PSZ_B_LBL-07;PSZ_B_LBL-07;0;0;0;0;0;0;0;0;0;
12.02.2026;PSZ_B_LBU-01;PSZ_B_LBU-01;0;0;0;0;0;0;0;0;0;
12.02.2026;PSZ_B_LBU-02;PSZ_B_LBU-02;0;0;0;0;0;0;0;0;0;
12.02.2026;PSZ_B_MAZ-01;PSZ_B_MAZ-01;0;0;0;0;0;0;0;0;0;
12.02.2026;PSZ_B_MAZ-02;PSZ_B_MAZ-02;0;0;0;0;0;0;0;0;0;
12.02.2026;PSZ_B_MAZ-03;PSZ_B_MAZ-03;0;0;0;0;0;0;0;0;0;
12.02.2026;PSZ_B_OPO-01;PSZ_B_OPO-01;0;0;0;0;0;0;0;0;0;
12.02.2026;PSZ_B_OPO-02;PSZ_B_OPO-02;0;0;0;0;0;0;0;0;0;
12.02.2026;PSZ_B_PDK-01;PSZ_B_PDK-01;0;0;0;0;0;0;0;0;0;
12.02.2026;PSZ_B_PDL-01;PSZ_B_PDL-01;0;0;0;0;0;0;0;0;0;
12.02.2026;PSZ_B_POM-01;PSZ_B_POM-01;0;0;0;0;0;0;0;0;0;
12.02.2026;PSZ_B_POM-02;PSZ_B_POM-02;0;0;0;0;0;0;0;0;0;
12.02.2026;PSZ_B_WLK-01;PSZ_B_WLK-01;0;0;0;0;0;0;0;0;0;
12.02.2026;PSZ_B_WLK-02;PSZ_B_WLK-02;0;0;0;0;0;0;0;0;0;
12.02.2026;PSZ_B_WLK-03;PSZ_B_WLK-03;0;0;0;0;0;0;0;0;0;
12.02.2026;PSZ_B_WLK-04;PSZ_B_WLK-04;0;0;0;0;0;0;0;0;0;
12.02.2026;PSZ_B_WMA-01;PSZ_B_WMA-01;0;0;0;0;0;0;0;0;0;
12.02.2026;PSZ_B_WMA-02;PSZ_B_WMA-02;0;0;0;0;0;0;0;0;0;
12.02.2026;PSZ_B_WMA-03;PSZ_B_WMA-03;0;0;0;0;0;0;0;0;0;
12.02.2026;PSZ_B_WMA-04;PSZ_B_WMA-04;0;0;0;0;0;0;0;0;0;
12.02.2026;PSZ_B_WMA-05;PSZ_B_WMA-05;0;0;0;0;0;0;0;0;0;
12.02.2026;PSZ_B_WMA-06;PSZ_B_WMA-06;0;0;0;0;0;0;0;0;0;
12.02.2026;PSZ_B_ZPO-01;PSZ_B_ZPO-01;0;0;0;0;0;0;0;0;0;
12.02.2026;PSZ_B_ZPO-02;PSZ_B_ZPO-02;0;0;0;0;0;0;0;0;0;
12.02.2026;PSZ_C_DLS-01;PSZ_C_DLS-01;0;0;0;0;0;0;0;0;0;
12.02.2026;PSZ_C_KUJ-01;PSZ_C_KUJ-01;0;0;0;0;0;0;0;0;0;
12.02.2026;PSZ_C_KUJ-02;PSZ_C_KUJ-02;0;0;0;0;0;0;0;0;0;
12.02.2026;PSZ_C_LBL-01;PSZ_C_LBL-01;0;0;0;0;0;0;0;0;0;
12.02.2026;PSZ_C_LBL-02;PSZ_C_LBL-02;0;0;0;0;0;0;0;0;0;
12.02.2026;PSZ_C_LBL-03;PSZ_C_LBL-03;0;0;0;0;0;0;0;0;0;
12.02.2026;PSZ_C_LBL-04;PSZ_C_LBL-04;0;0;0;0;0;0;0;0;0;
12.02.2026;PSZ_C_LBL-05;PSZ_C_LBL-05;0;0;0;0;0;0;0;0;0;
12.02.2026;PSZ_C_LBL-06;PSZ_C_LBL-06;0;0;0;0;0;0;0;0;0;
12.02.2026;PSZ_C_LBL-07;PSZ_C_LBL-07;0;0;0;0;0;0;0;0;0;
12.02.2026;PSZ_C_LBU-01;PSZ_C_LBU-01;0;0;0;0;0;0;0;0;0;
12.02.2026;PSZ_C_LBU-02;PSZ_C_LBU-02;0;0;0;0;0;0;0;0;0;
12.02.2026;PSZ_C_MAZ-01;PSZ_C_MAZ-01;0;0;0;0;0;0;0;0;0;
12.02.2026;PSZ_C_MAZ-02;PSZ_C_MAZ-02;0;0;0;0;0;0;0;0;0;
12.02.2026;PSZ_C_MAZ-03;PSZ_C_MAZ-03;0;0;0;0;0;0;0;0;0;
12.02.2026;PSZ_C_OPO-01;PSZ_C_OPO-01;0;0;0;0;0;0;0;0;0;
12.02.2026;PSZ_C_OPO-02;PSZ_C_OPO-02;0;0;0;0;0;0;0;0;0;
12.02.2026;PSZ_C_PDK-01;PSZ_C_PDK-01;0;0;0;0;0;0;0;0;0;
12.02.2026;PSZ_C_PDL-01;PSZ_C_PDL-01;0;0;0;0;0;0;0;0;0;
12.02.2026;PSZ_C_POM-01;PSZ_C_POM-01;0;0;0;0;0;0;0;0;0;
12.02.2026;PSZ_C_POM-02;PSZ_C_POM-02;0;0;0;0;0;0;0;0;0;
12.02.2026;PSZ_C_WLK-01;PSZ_C_WLK-01;0;0;0;0;0;0;0;0;0;
12.02.2026;PSZ_C_WLK-02;PSZ_C_WLK-02;0;0;0;0;0;0;0;0;0;
12.02.2026;PSZ_C_WLK-03;PSZ_C_WLK-03;0;0;0;0;0;0;0;0;0;
12.02.2026;PSZ_C_WLK-04;PSZ_C_WLK-04;0;0;0;0;0;0;0;0;0;
12.02.2026;PSZ_C_WMA-01;PSZ_C_WMA-01;0;0;0;0;0;0;0;0;0;
12.02.2026;PSZ_C_WMA-02;PSZ_C_WMA-02;0;0;0;0;0;0;0;0;0;
12.02.2026;PSZ_C_WMA-03;PSZ_C_WMA-03;0;0;0;0;0;0;0;0;0;
12.02.2026;PSZ_C_WMA-04;PSZ_C_WMA-04;0;0;0;0;0;0;0;0;0;
12.02.2026;PSZ_C_WMA-05;PSZ_C_WMA-05;0;0;0;0;0;0;0;0;0;
12.02.2026;PSZ_C_WMA-06;PSZ_C_WMA-06;0;0;0;0;0;0;0;0;0;
12.02.2026;PSZ_C_ZPO-01;PSZ_C_ZPO-01;0;0;0;0;0;0;0;0;0;
12.02.2026;PSZ_C_ZPO-02;PSZ_C_ZPO-02;0;0;0;0;0;0;0;0;0;
12.02.2026;RDN-1;RDN_13-02-26_H01;448;448;448;448;0;137;2604,5;1166816;2114,9;
12.02.2026;RDN-1;RDN_13-02-26_H02;416,59;416,59;416,59;416,59;0;130;2479,7;1033018,223;2069,8;
12.02.2026;RDN-1;RDN_13-02-26_H03;406,22;406,22;406,22;406,22;0;132;2462,5;1000316,75;1994,9;
12.02.2026;RDN-1;RDN_13-02-26_H04;409;409;409;409;0;131;2387,9;976651,1;1957,8;
12.02.2026;RDN-1;RDN_13-02-26_H05;418,85;418,85;418,85;418,85;0;129;2346,9;982999,065;1942,1;
12.02.2026;RDN-1;RDN_13-02-26_H06;440;440;440;440;0;126;2536,7;1116148;2090;
12.02.2026;RDN-1;RDN_13-02-26_H07;466;466;466;466;0;145;3899,2;1817027,2;3250,7;
12.02.2026;RDN-1;RDN_13-02-26_H08;510,62;510,62;510,62;510,62;0;145;3474,5;1774149,19;2818,7;
12.02.2026;RDN-1;RDN_13-02-26_H09;544,8;544,8;544,8;544,8;0;154;3577,1;1948804,08;2982,2;
12.02.2026;RDN-1;RDN_13-02-26_H10;498,59;499;498,59;499;0;155;3718,6;1854077,274;3066;
12.02.2026;RDN-1;RDN_13-02-26_H11;476;476;476;476;0;145;3465,9;1649768,4;2869,1;
12.02.2026;RDN-1;RDN_13-02-26_H12;463,33;463,33;463,33;463,33;0;142;3284,9;1521992,717;2676,9;
12.02.2026;RDN-1;RDN_13-02-26_H13;435,46;435,46;435,46;435,46;0;160;3425,6;1491711,776;2669;
12.02.2026;RDN-1;RDN_13-02-26_H14;439,27;439,27;439,27;439,27;0;148;3479,2;1528308,184;2744,6;
12.02.2026;RDN-1;RDN_13-02-26_H15;452,52;446,77;446,77;452,52;0;157;3939,6;1782608,067;2962,9;
12.02.2026;RDN-1;RDN_13-02-26_H16;502,6;502,6;502,6;502,6;0;159;3875;1947575;3115,6;
12.02.2026;RDN-1;RDN_13-02-26_H17;560;560;560;560;0;163;3914,6;2192176;3166,7;
12.02.2026;RDN-1;RDN_13-02-26_H18;620,8;620,79;620,79;620,8;0;161;4269,4;2650443,37;3575,9;
12.02.2026;RDN-1;RDN_13-02-26_H19;603,8;603,8;603,8;603,8;0;165;4243,8;2562406,44;3588,5;
12.02.2026;RDN-1;RDN_13-02-26_H20;573,54;573,54;573,54;573,54;0;160;4102,1;2352718,434;3559,3;
12.02.2026;RDN-1;RDN_13-02-26_H21;533,1;533,1;533,1;533,1;0;157;3960,2;2111182,62;3415;
12.02.2026;RDN-1;RDN_13-02-26_H22;483,02;483,02;483,02;483,02;0;154;3581,5;1729936,13;3008,3;
12.02.2026;RDN-1;RDN_13-02-26_H23;474;473,99;473,99;474;0;155;4113,4;1949751,4;3640,5;
12.02.2026;RDN-1;RDN_13-02-26_H24;445,1;445,08;445,08;445,1;0;142;3300,8;1469185,68;2869,1;
12.02.2026;RZP_A_LBL-01;RZP_A_LBL-01;0;0;0;0;0;0;0;0;0;
12.02.2026;SGT_BASE;SGT_BASE_13-02-26;0;0;0;0;0;0;0;0;0;
12.02.2026;SGT_RDB;SGT_RDB_12-02-26;0;0;0;0;0;0;0;0;0;
12.02.2026;ZTO_B_KUJ-02;ZTO_B_KUJ-02;0;0;0;0;0;0;0;0;0;
12.02.2026;ZTO_B_LBL-01;ZTO_B_LBL-01;0;0;0;0;0;0;0;0;0;
12.02.2026;ZTO_B_LBU-01;ZTO_B_LBU-01;0;0;0;0;0;0;0;0;0;
12.02.2026;ZTO_B_MAZ-01;ZTO_B_MAZ-01;0;0;0;0;0;0;0;0;0;
12.02.2026;ZTO_B_PDL-01;ZTO_B_PDL-01;0;0;0;0;0;0;0;0;0;
12.02.2026;ZTO_B_WLK-01;ZTO_B_WLK-01;0;0;0;0;0;0;0;0;0;
12.02.2026;ZTO_B_WLK-02;ZTO_B_WLK-02;0;0;0;0;0;0;0;0;0;
12.02.2026;ZTO_B_WMA-01;ZTO_B_WMA-01;0;0;0;0;0;0;0;0;0;
12.02.2026;ZTO_B_WMA-02;ZTO_B_WMA-02;0;0;0;0;0;0;0;0;0;
12.02.2026;ZTO_B_WMA-03;ZTO_B_WMA-03;0;0;0;0;0;0;0;0;0;
12.02.2026;ZTO_C_KUJ-02;ZTO_C_KUJ-02;0;0;0;0;0;0;0;0;0;
12.02.2026;ZTO_C_LBL-01;ZTO_C_LBL-01;0;0;0;0;0;0;0;0;0;
12.02.2026;ZTO_C_LBU-01;ZTO_C_LBU-01;0;0;0;0;0;0;0;0;0;
12.02.2026;ZTO_C_MAZ-01;ZTO_C_MAZ-01;0;0;0;0;0;0;0;0;0;
12.02.2026;ZTO_C_PDL-01;ZTO_C_PDL-01;0;0;0;0;0;0;0;0;0;
12.02.2026;ZTO_C_WLK-01;ZTO_C_WLK-01;0;0;0;0;0;0;0;0;0;
12.02.2026;ZTO_C_WLK-02;ZTO_C_WLK-02;0;0;0;0;0;0;0;0;0;
12.02.2026;ZTO_C_WMA-01;ZTO_C_WMA-01;0;0;0;0;0;0;0;0;0;
12.02.2026;ZTO_C_WMA-02;ZTO_C_WMA-02;0;0;0;0;0;0;0;0;0;
12.02.2026;ZTO_C_WMA-03;ZTO_C_WMA-03;0;0;0;0;0;0;0;0;0;
13.02.2026;BASE;BASE_14-02-26;480;497;470;497;0;57;332;3792432;218;
13.02.2026;BASE;BASE_15-02-26;0;0;0;0;0;0;0;0;0;
13.02.2026;BASE_M;BASE_M-03-26;407;413;407;414;409,31;34;39;11917824,02;378;
13.02.2026;BASE_M;BASE_M-04-26;393;395;393;395;389,96;17;17;4829040;167;
13.02.2026;BASE_M;BASE_M-05-26;394;395;394;395;390,14;4;4;1174032;47;
13.02.2026;BASE_M;BASE_M-06-26;0;0;0;0;406,27;0;0;0;27;
13.02.2026;BASE_M;BASE_M-07-26;431,5;431,5;431,5;431,5;431;1;1;321036;2;
13.02.2026;BASE_M;BASE_M-08-26;0;0;0;0;421,19;0;0;0;0;
13.02.2026;BASE_Q;BASE_Q-1-27;456;456;456;456;455,5;6;6;5907024;11;
13.02.2026;BASE_Q;BASE_Q-2-26;396;400;394,9;400;395,4;27;32;27840714,72;524;
13.02.2026;BASE_Q;BASE_Q-2-27;0;0;0;0;392,82;0;0;0;0;
13.02.2026;BASE_Q;BASE_Q-3-26;426;426,5;426;427;425,4;21;23;21666221;363;
13.02.2026;BASE_Q;BASE_Q-3-27;0;0;0;0;412,87;0;0;0;0;
13.02.2026;BASE_Q;BASE_Q-4-26;449;447,5;447,5;449,75;448,3;18;20;19830193;618;
13.02.2026;BASE_W;BASE_W-08-26;481;489;480;489;490;26;55;4470782,4;74;
13.02.2026;BASE_W;BASE_W-09-26;473;473;473;473;466,67;2;5;397320;11;
13.02.2026;BASE_W;BASE_W-10-26;0;0;0;0;410,46;0;0;0;0;
13.02.2026;BASE_W;BASE_W-11-26;0;0;0;0;410,46;0;0;0;0;
13.02.2026;BASE_W;BASE_W-12-26;0;0;0;0;410,46;0;0;0;0;
13.02.2026;BASE_WEEKEND;BASE_WEEKEND_07-26;0;0;0;0;0;0;0;0;0;
13.02.2026;BASE_Y;BASE_Y-27;418,7;418,5;415;418,7;416,7;24;24;87750234;795;
13.02.2026;BASE_Y;BASE_Y-28;400;405;400;405;399,99;3;3;10584720;147;
13.02.2026;BASE_Y;BASE_Y-29;400;399,98;399,98;400;400;3;3;10511825;7;
13.02.2026;BASE_Y;BASE_Y-30;0;0;0;0;401,94;0;0;0;0;
13.02.2026;GAS_BASE;GAS_BASE_14-02-26;180;176;175,75;180;0;71;2280;9658862,88;2122;
13.02.2026;GAS_BASE_M;GAS_BASE_M-01-27;158;158;158;158;154,5;1;2;235104;114;
13.02.2026;GAS_BASE_M;GAS_BASE_M-02-27;0;0;0;0;157,24;0;0;0;5;
13.02.2026;GAS_BASE_M;GAS_BASE_M-03-26;159,5;160;159;160,5;160,21;55;298;35458746,25;19937;
13.02.2026;GAS_BASE_M;GAS_BASE_M-04-26;152,5;152,49;152;152,5;149,38;19;72;7900898,4;3044;
13.02.2026;GAS_BASE_M;GAS_BASE_M-05-26;0;0;0;0;143,96;0;0;0;351;
13.02.2026;GAS_BASE_M;GAS_BASE_M-06-26;0;0;0;0;138,04;0;0;0;52;
13.02.2026;GAS_BASE_M;GAS_BASE_M-07-26;0;0;0;0;143,09;0;0;0;6;
13.02.2026;GAS_BASE_M;GAS_BASE_M-08-26;0;0;0;0;144,33;0;0;0;10;
13.02.2026;GAS_BASE_M;GAS_BASE_M-09-26;0;0;0;0;144,88;0;0;0;217;
13.02.2026;GAS_BASE_M;GAS_BASE_M-10-26;0;0;0;0;148,83;0;0;0;33;
13.02.2026;GAS_BASE_M;GAS_BASE_M-11-26;152,5;153;152,5;153,75;154,5;5;18;1982160;1259;
13.02.2026;GAS_BASE_M;GAS_BASE_M-12-26;156,5;156;155;156,5;157,5;15;25;2896764;1314;
13.02.2026;GAS_BASE_Q;GAS_BASE_Q-1-27;154;153,85;153;154;155,42;12;29;9623311;1182;
13.02.2026;GAS_BASE_Q;GAS_BASE_Q-2-26;148;146,75;146,75;148;143,8;3;7;2257710;7554;
13.02.2026;GAS_BASE_Q;GAS_BASE_Q-2-27;0;0;0;0;133,1;0;0;0;15;
13.02.2026;GAS_BASE_Q;GAS_BASE_Q-3-26;146;146;146;146;144,09;1;1;322368;6250;
13.02.2026;GAS_BASE_Q;GAS_BASE_Q-3-27;0;0;0;0;126,93;0;0;0;26;
13.02.2026;GAS_BASE_Q;GAS_BASE_Q-4-26;153,5;152,7;152;153,5;153,6;15;20;6748937;8185;
13.02.2026;GAS_BASE_S;GAS_BASE_S-S-26;0;0;0;0;143,94;0;0;0;72;
13.02.2026;GAS_BASE_S;GAS_BASE_S-S-27;0;0;0;0;130;0;0;0;9;
13.02.2026;GAS_BASE_S;GAS_BASE_S-W-26;0;0;0;0;154,5;0;0;0;675;
13.02.2026;GAS_BASE_S;GAS_BASE_S-W-27;0;0;0;0;136,3;0;0;0;6;
13.02.2026;GAS_BASE_W;GAS_BASE_W-08-26;175;176,5;174,5;177;174,5;12;512;15165108;2743;
13.02.2026;GAS_BASE_W;GAS_BASE_W-09-26;173;173;173;173;170,75;5;200;5812800;505;
13.02.2026;GAS_BASE_W;GAS_BASE_W-10-26;0;0;0;0;160,23;0;0;0;0;
13.02.2026;GAS_BASE_W;GAS_BASE_W-11-26;0;0;0;0;160,23;0;0;0;0;
13.02.2026;GAS_BASE_Y;GAS_BASE_Y-27;136,25;136,75;136,25;136,75;136,5;9;20;23927940;3947;
13.02.2026;GAS_BASE_Y;GAS_BASE_Y-28;122,35;122,5;122;122,5;122,35;11;31;33288637;340;
13.02.2026;GAS_BASE_Y;GAS_BASE_Y-29;114,2;114,3;114;114,3;114,6;5;8;7999632;40;
13.02.2026;GAS_BASE_Y;GAS_BASE_Y-30;0;0;0;0;111,75;0;0;0;5;
13.02.2026;GAS_RDB;GAS_RDB_13-02-26;176;177;172;177;0;100;25586;4466996,46;21481;
13.02.2026;GAS_WEEKEND;GAS_WEEKEND_07-26;178;176,4;174;178;0;53;1913;16137708,96;1639;
13.02.2026;GLW_BASE;GLW_BASE_14-02-26;0;0;0;0;0;0;0;0;0;
13.02.2026;GLW_RDB;GLW_RDB_13-02-26;0;0;0;0;0;0;0;0;0;
13.02.2026;KUK_A_WMA-03;KUK_A_WMA-03;0;0;0;0;0;0;0;0;0;
13.02.2026;OFFPEAK;OFFPEAK_14-02-26;0;0;0;0;0;0;0;0;0;
13.02.2026;OFFPEAK;OFFPEAK_15-02-26;0;0;0;0;0;0;0;0;0;
13.02.2026;OFFPEAK_M;OFFPEAK_M-03-26;0;0;0;0;377,12;0;0;0;0;
13.02.2026;OFFPEAK_M;OFFPEAK_M-04-26;0;0;0;0;372,04;0;0;0;0;
13.02.2026;OFFPEAK_M;OFFPEAK_M-05-26;0;0;0;0;376,62;0;0;0;0;
13.02.2026;OFFPEAK_M;OFFPEAK_M-06-26;0;0;0;0;394,33;0;0;0;0;
13.02.2026;OFFPEAK_M;OFFPEAK_M-07-26;0;0;0;0;424,01;0;0;0;0;
13.02.2026;OFFPEAK_M;OFFPEAK_M-08-26;0;0;0;0;400,67;0;0;0;0;
13.02.2026;OFFPEAK_Q;OFFPEAK_Q-1-27;0;0;0;0;416,88;0;0;0;0;
13.02.2026;OFFPEAK_Q;OFFPEAK_Q-2-26;0;0;0;0;380,86;0;0;0;0;
13.02.2026;OFFPEAK_Q;OFFPEAK_Q-2-27;0;0;0;0;381,31;0;0;0;0;
13.02.2026;OFFPEAK_Q;OFFPEAK_Q-3-26;0;0;0;0;409,47;0;0;0;0;
13.02.2026;OFFPEAK_Q;OFFPEAK_Q-3-27;0;0;0;0;393,06;0;0;0;0;
13.02.2026;OFFPEAK_Q;OFFPEAK_Q-4-26;0;0;0;0;366,29;0;0;0;0;
13.02.2026;OFFPEAK_W;OFFPEAK_W-08-26;0;0;0;0;463,79;0;0;0;0;
13.02.2026;OFFPEAK_W;OFFPEAK_W-09-26;0;0;0;0;421,65;0;0;0;0;
13.02.2026;OFFPEAK_W;OFFPEAK_W-10-26;0;0;0;0;379,94;0;0;0;0;
13.02.2026;OFFPEAK_W;OFFPEAK_W-11-26;0;0;0;0;379,94;0;0;0;0;
13.02.2026;OFFPEAK_W;OFFPEAK_W-12-26;0;0;0;0;379,94;0;0;0;0;
13.02.2026;OFFPEAK_Y;OFFPEAK_Y-27;0;0;0;0;373,16;0;0;0;0;
13.02.2026;OFFPEAK_Y;OFFPEAK_Y-28;0;0;0;0;359,85;0;0;0;0;
13.02.2026;OFFPEAK_Y;OFFPEAK_Y-29;0;0;0;0;372,26;0;0;0;0;
13.02.2026;OFFPEAK_Y;OFFPEAK_Y-30;0;0;0;0;348,76;0;0;0;0;
13.02.2026;OFFP_WEEKEND;OFFP_WEEKEND_07-26;0;0;0;0;0;0;0;0;0;
13.02.2026;PEAK;PEAK_14-02-26;0;0;0;0;0;0;0;0;0;
13.02.2026;PEAK;PEAK_15-02-26;0;0;0;0;0;0;0;0;0;
13.02.2026;PEAK5_M;PEAK5_M-03-26;0;0;0;0;449,6;0;0;0;19;
13.02.2026;PEAK5_M;PEAK5_M-04-26;0;0;0;0;413;0;0;0;0;
13.02.2026;PEAK5_M;PEAK5_M-05-26;0;0;0;0;410,14;0;0;0;0;
13.02.2026;PEAK5_M;PEAK5_M-06-26;0;0;0;0;421,63;0;0;0;0;
13.02.2026;PEAK5_M;PEAK5_M-07-26;0;0;0;0;439,08;0;0;0;0;
13.02.2026;PEAK5_M;PEAK5_M-08-26;0;0;0;0;449,14;0;0;0;0;
13.02.2026;PEAK5_Q;PEAK5_Q-1-27;0;0;0;0;508,01;0;0;0;0;
13.02.2026;PEAK5_Q;PEAK5_Q-2-26;0;0;0;0;415;0;0;0;28;
13.02.2026;PEAK5_Q;PEAK5_Q-2-27;0;0;0;0;407,92;0;0;0;0;
13.02.2026;PEAK5_Q;PEAK5_Q-3-26;0;0;0;0;445;0;0;0;7;
13.02.2026;PEAK5_Q;PEAK5_Q-3-27;0;0;0;0;437,24;0;0;0;0;
13.02.2026;PEAK5_Q;PEAK5_Q-4-26;550;550;550;550;555;3;3;1584000;52;
13.02.2026;PEAK5_W;PEAK5_W-08-26;0;0;0;0;522,5;0;0;0;0;
13.02.2026;PEAK5_W;PEAK5_W-09-26;0;0;0;0;522,5;0;0;0;0;
13.02.2026;PEAK5_W;PEAK5_W-10-26;0;0;0;0;448,3;0;0;0;0;
13.02.2026;PEAK5_W;PEAK5_W-11-26;0;0;0;0;448,3;0;0;0;0;
13.02.2026;PEAK5_W;PEAK5_W-12-26;0;0;0;0;448,3;0;0;0;0;
13.02.2026;PEAK5_Y;PEAK5_Y-27;472;472;472;472;473,67;3;3;5373720;140;
13.02.2026;PEAK5_Y;PEAK5_Y-28;0;0;0;0;453,5;0;0;0;1;
13.02.2026;PEAK5_Y;PEAK5_Y-29;0;0;0;0;436,8;0;0;0;0;
13.02.2026;PEAK5_Y;PEAK5_Y-30;0;0;0;0;472,98;0;0;0;0;
13.02.2026;PEAK_WEEKEND;PEAK_WEEKEND_07-26;0;0;0;0;0;0;0;0;0;
13.02.2026;PSZ_B_DLS-01;PSZ_B_DLS-01;0;0;0;0;0;0;0;0;0;
13.02.2026;PSZ_B_KUJ-01;PSZ_B_KUJ-01;0;0;0;0;0;0;0;0;0;
13.02.2026;PSZ_B_KUJ-02;PSZ_B_KUJ-02;0;0;0;0;0;0;0;0;0;
13.02.2026;PSZ_B_LBL-01;PSZ_B_LBL-01;0;0;0;0;0;0;0;0;0;
13.02.2026;PSZ_B_LBL-02;PSZ_B_LBL-02;0;0;0;0;0;0;0;0;0;
13.02.2026;PSZ_B_LBL-03;PSZ_B_LBL-03;0;0;0;0;0;0;0;0;0;
13.02.2026;PSZ_B_LBL-04;PSZ_B_LBL-04;0;0;0;0;0;0;0;0;0;
13.02.2026;PSZ_B_LBL-05;PSZ_B_LBL-05;0;0;0;0;0;0;0;0;0;
13.02.2026;PSZ_B_LBL-06;PSZ_B_LBL-06;0;0;0;0;0;0;0;0;0;
13.02.2026;PSZ_B_LBL-07;PSZ_B_LBL-07;0;0;0;0;0;0;0;0;0;
13.02.2026;PSZ_B_LBU-01;PSZ_B_LBU-01;0;0;0;0;0;0;0;0;0;
13.02.2026;PSZ_B_LBU-02;PSZ_B_LBU-02;0;0;0;0;0;0;0;0;0;
13.02.2026;PSZ_B_MAZ-01;PSZ_B_MAZ-01;0;0;0;0;0;0;0;0;0;
13.02.2026;PSZ_B_MAZ-02;PSZ_B_MAZ-02;0;0;0;0;0;0;0;0;0;
13.02.2026;PSZ_B_MAZ-03;PSZ_B_MAZ-03;0;0;0;0;0;0;0;0;0;
13.02.2026;PSZ_B_OPO-01;PSZ_B_OPO-01;0;0;0;0;0;0;0;0;0;
13.02.2026;PSZ_B_OPO-02;PSZ_B_OPO-02;0;0;0;0;0;0;0;0;0;
13.02.2026;PSZ_B_PDK-01;PSZ_B_PDK-01;0;0;0;0;0;0;0;0;0;
13.02.2026;PSZ_B_PDL-01;PSZ_B_PDL-01;0;0;0;0;0;0;0;0;0;
13.02.2026;PSZ_B_POM-01;PSZ_B_POM-01;0;0;0;0;0;0;0;0;0;
13.02.2026;PSZ_B_POM-02;PSZ_B_POM-02;0;0;0;0;0;0;0;0;0;
13.02.2026;PSZ_B_WLK-01;PSZ_B_WLK-01;0;0;0;0;0;0;0;0;0;
13.02.2026;PSZ_B_WLK-02;PSZ_B_WLK-02;0;0;0;0;0;0;0;0;0;
13.02.2026;PSZ_B_WLK-03;PSZ_B_WLK-03;0;0;0;0;0;0;0;0;0;
13.02.2026;PSZ_B_WLK-04;PSZ_B_WLK-04;0;0;0;0;0;0;0;0;0;
13.02.2026;PSZ_B_WMA-01;PSZ_B_WMA-01;0;0;0;0;0;0;0;0;0;
13.02.2026;PSZ_B_WMA-02;PSZ_B_WMA-02;0;0;0;0;0;0;0;0;0;
13.02.2026;PSZ_B_WMA-03;PSZ_B_WMA-03;0;0;0;0;0;0;0;0;0;
13.02.2026;PSZ_B_WMA-04;PSZ_B_WMA-04;0;0;0;0;0;0;0;0;0;
13.02.2026;PSZ_B_WMA-05;PSZ_B_WMA-05;0;0;0;0;0;0;0;0;0;
13.02.2026;PSZ_B_WMA-06;PSZ_B_WMA-06;0;0;0;0;0;0;0;0;0;
13.02.2026;PSZ_B_ZPO-01;PSZ_B_ZPO-01;0;0;0;0;0;0;0;0;0;
13.02.2026;PSZ_B_ZPO-02;PSZ_B_ZPO-02;0;0;0;0;0;0;0;0;0;
13.02.2026;PSZ_C_DLS-01;PSZ_C_DLS-01;0;0;0;0;0;0;0;0;0;
13.02.2026;PSZ_C_KUJ-01;PSZ_C_KUJ-01;0;0;0;0;0;0;0;0;0;
13.02.2026;PSZ_C_KUJ-02;PSZ_C_KUJ-02;0;0;0;0;0;0;0;0;0;
13.02.2026;PSZ_C_LBL-01;PSZ_C_LBL-01;0;0;0;0;0;0;0;0;0;
13.02.2026;PSZ_C_LBL-02;PSZ_C_LBL-02;0;0;0;0;0;0;0;0;0;
13.02.2026;PSZ_C_LBL-03;PSZ_C_LBL-03;0;0;0;0;0;0;0;0;0;
13.02.2026;PSZ_C_LBL-04;PSZ_C_LBL-04;0;0;0;0;0;0;0;0;0;
13.02.2026;PSZ_C_LBL-05;PSZ_C_LBL-05;0;0;0;0;0;0;0;0;0;
13.02.2026;PSZ_C_LBL-06;PSZ_C_LBL-06;0;0;0;0;0;0;0;0;0;
13.02.2026;PSZ_C_LBL-07;PSZ_C_LBL-07;0;0;0;0;0;0;0;0;0;
13.02.2026;PSZ_C_LBU-01;PSZ_C_LBU-01;0;0;0;0;0;0;0;0;0;
13.02.2026;PSZ_C_LBU-02;PSZ_C_LBU-02;0;0;0;0;0;0;0;0;0;
13.02.2026;PSZ_C_MAZ-01;PSZ_C_MAZ-01;0;0;0;0;0;0;0;0;0;
13.02.2026;PSZ_C_MAZ-02;PSZ_C_MAZ-02;0;0;0;0;0;0;0;0;0;
13.02.2026;PSZ_C_MAZ-03;PSZ_C_MAZ-03;0;0;0;0;0;0;0;0;0;
13.02.2026;PSZ_C_OPO-01;PSZ_C_OPO-01;0;0;0;0;0;0;0;0;0;
13.02.2026;PSZ_C_OPO-02;PSZ_C_OPO-02;0;0;0;0;0;0;0;0;0;
13.02.2026;PSZ_C_PDK-01;PSZ_C_PDK-01;0;0;0;0;0;0;0;0;0;
13.02.2026;PSZ_C_PDL-01;PSZ_C_PDL-01;0;0;0;0;0;0;0;0;0;
13.02.2026;PSZ_C_POM-01;PSZ_C_POM-01;0;0;0;0;0;0;0;0;0;
13.02.2026;PSZ_C_POM-02;PSZ_C_POM-02;0;0;0;0;0;0;0;0;0;
13.02.2026;PSZ_C_WLK-01;PSZ_C_WLK-01;0;0;0;0;0;0;0;0;0;
13.02.2026;PSZ_C_WLK-02;PSZ_C_WLK-02;0;0;0;0;0;0;0;0;0;
13.02.2026;PSZ_C_WLK-03;PSZ_C_WLK-03;0;0;0;0;0;0;0;0;0;
13.02.2026;PSZ_C_WLK-04;PSZ_C_WLK-04;0;0;0;0;0;0;0;0;0;
13.02.2026;PSZ_C_WMA-01;PSZ_C_WMA-01;0;0;0;0;0;0;0;0;0;
13.02.2026;PSZ_C_WMA-02;PSZ_C_WMA-02;0;0;0;0;0;0;0;0;0;
13.02.2026;PSZ_C_WMA-03;PSZ_C_WMA-03;0;0;0;0;0;0;0;0;0;
13.02.2026;PSZ_C_WMA-04;PSZ_C_WMA-04;0;0;0;0;0;0;0;0;0;
13.02.2026;PSZ_C_WMA-05;PSZ_C_WMA-05;0;0;0;0;0;0;0;0;0;
13.02.2026;PSZ_C_WMA-06;PSZ_C_WMA-06;0;0;0;0;0;0;0;0;0;
13.02.2026;PSZ_C_ZPO-01;PSZ_C_ZPO-01;0;0;0;0;0;0;0;0;0;
13.02.2026;PSZ_C_ZPO-02;PSZ_C_ZPO-02;0;0;0;0;0;0;0;0;0;
13.02.2026;RDN-1;RDN_14-02-26_H01;456;449;449;456;0;144;2958,4;1348855,4;2595,5;
13.02.2026;RDN-1;RDN_14-02-26_H02;440;440;440;440;0;131;2722,1;1197724;2344,9;
13.02.2026;RDN-1;RDN_14-02-26_H03;441,17;441,17;441,17;441,17;0;138;2681,9;1183173,823;2293,5;
13.02.2026;RDN-1;RDN_14-02-26_H04;430;430;430;430;0;130;2479,3;1066099;2066,9;
13.02.2026;RDN-1;RDN_14-02-26_H05;430;430;430;430;0;130;2401,1;1032473;1986,4;
13.02.2026;RDN-1;RDN_14-02-26_H06;440;440;440;440;0;135;2523,3;1110252;2080,9;
13.02.2026;RDN-1;RDN_14-02-26_H07;450;443;443;450;0;148;2869,3;1291010;2363,5;
13.02.2026;RDN-1;RDN_14-02-26_H08;467,63;467,63;467,63;467,63;0;160;3484;1629222,92;3015,8;
13.02.2026;RDN-1;RDN_14-02-26_H09;479;479;479;479;0;168;3866,7;1852149,3;3446,9;
13.02.2026;RDN-1;RDN_14-02-26_H10;497,21;497,21;497,21;497,21;0;176;4330,1;2152969,021;3843,4;
13.02.2026;RDN-1;RDN_14-02-26_H11;479;479;479;479;0;162;4302,2;2060753,8;3904,9;
13.02.2026;RDN-1;RDN_14-02-26_H12;487,93;487,93;487,93;487,93;0;173;4536,7;2213592,031;4181,6;
13.02.2026;RDN-1;RDN_14-02-26_H13;471,73;471,73;471,73;471,73;0;168;4552,7;2147645,171;4201,8;
13.02.2026;RDN-1;RDN_14-02-26_H14;482;482;482;482;0;181;4568,7;2202113,4;4193,4;
13.02.2026;RDN-1;RDN_14-02-26_H15;494;494;494;494;0;187;4646,4;2295321,6;4278,9;
13.02.2026;RDN-1;RDN_14-02-26_H16;519;519;519;519;0;195;4643;2409717;4192,9;
13.02.2026;RDN-1;RDN_14-02-26_H17;565,22;565,22;565,22;565,22;0;191;4901,9;2770651,918;4381,6;
13.02.2026;RDN-1;RDN_14-02-26_H18;650,68;650,68;650,68;650,68;0;201;5328,7;3467278,516;4876,4;
13.02.2026;RDN-1;RDN_14-02-26_H19;659;659;659;659;0;207;5221;3440639;4732,1;
13.02.2026;RDN-1;RDN_14-02-26_H20;620;590;590;620;0;207;5083,4;3151068;4523,5;
13.02.2026;RDN-1;RDN_14-02-26_H21;554;530;530;554;0;185;4824,3;2671982,2;4186,3;
13.02.2026;RDN-1;RDN_14-02-26_H22;501,3;501,3;501,3;501,3;0;162;4243,5;2127266,55;3676,7;
13.02.2026;RDN-1;RDN_14-02-26_H23;475;475;475;475;0;146;3555,5;1688862,5;3163,4;
13.02.2026;RDN-1;RDN_14-02-26_H24;459;452;452;459;0;147;3188;1463220,6;2817,1;
13.02.2026;RZP_A_LBL-01;RZP_A_LBL-01;0;0;0;0;0;0;0;0;0;
13.02.2026;SGT_BASE;SGT_BASE_14-02-26;0;0;0;0;0;0;0;0;0;
13.02.2026;SGT_RDB;SGT_RDB_13-02-26;0;0;0;0;0;0;0;0;0;
13.02.2026;ZTO_B_KUJ-02;ZTO_B_KUJ-02;0;0;0;0;0;0;0;0;0;
13.02.2026;ZTO_B_LBL-01;ZTO_B_LBL-01;0;0;0;0;0;0;0;0;0;
13.02.2026;ZTO_B_LBU-01;ZTO_B_LBU-01;0;0;0;0;0;0;0;0;0;
13.02.2026;ZTO_B_MAZ-01;ZTO_B_MAZ-01;0;0;0;0;0;0;0;0;0;
13.02.2026;ZTO_B_PDL-01;ZTO_B_PDL-01;0;0;0;0;0;0;0;0;0;
13.02.2026;ZTO_B_WLK-01;ZTO_B_WLK-01;0;0;0;0;0;0;0;0;0;
13.02.2026;ZTO_B_WLK-02;ZTO_B_WLK-02;0;0;0;0;0;0;0;0;0;
13.02.2026;ZTO_B_WMA-01;ZTO_B_WMA-01;0;0;0;0;0;0;0;0;0;
13.02.2026;ZTO_B_WMA-02;ZTO_B_WMA-02;0;0;0;0;0;0;0;0;0;
13.02.2026;ZTO_B_WMA-03;ZTO_B_WMA-03;0;0;0;0;0;0;0;0;0;
13.02.2026;ZTO_C_KUJ-02;ZTO_C_KUJ-02;0;0;0;0;0;0;0;0;0;
13.02.2026;ZTO_C_LBL-01;ZTO_C_LBL-01;0;0;0;0;0;0;0;0;0;
13.02.2026;ZTO_C_LBU-01;ZTO_C_LBU-01;0;0;0;0;0;0;0;0;0;
13.02.2026;ZTO_C_MAZ-01;ZTO_C_MAZ-01;0;0;0;0;0;0;0;0;0;
13.02.2026;ZTO_C_PDL-01;ZTO_C_PDL-01;0;0;0;0;0;0;0;0;0;
13.02.2026;ZTO_C_WLK-01;ZTO_C_WLK-01;0;0;0;0;0;0;0;0;0;
13.02.2026;ZTO_C_WLK-02;ZTO_C_WLK-02;0;0;0;0;0;0;0;0;0;
13.02.2026;ZTO_C_WMA-01;ZTO_C_WMA-01;0;0;0;0;0;0;0;0;0;
13.02.2026;ZTO_C_WMA-02;ZTO_C_WMA-02;0;0;0;0;0;0;0;0;0;
13.02.2026;ZTO_C_WMA-03;ZTO_C_WMA-03;0;0;0;0;0;0;0;0;0;
14.02.2026;BASE;BASE_15-02-26;440;450;438;450;0;24;156;1650696;85;
14.02.2026;BASE;BASE_16-02-26;0;0;0;0;0;0;0;0;0;
14.02.2026;GAS_BASE;GAS_BASE_15-02-26;176,5;176,5;175,2;179;0;96;4310;18248807,04;4218;
14.02.2026;GAS_RDB;GAS_RDB_14-02-26;176;173;170,5;176;0;85;19122;3321765,6;11916;
14.02.2026;GLW_BASE;GLW_BASE_15-02-26;0;0;0;0;0;0;0;0;0;
14.02.2026;GLW_RDB;GLW_RDB_14-02-26;0;0;0;0;0;0;0;0;0;
14.02.2026;OFFPEAK;OFFPEAK_15-02-26;0;0;0;0;0;0;0;0;0;
14.02.2026;OFFPEAK;OFFPEAK_16-02-26;0;0;0;0;0;0;0;0;0;
14.02.2026;PEAK;PEAK_15-02-26;0;0;0;0;0;0;0;0;0;
14.02.2026;PEAK;PEAK_16-02-26;0;0;0;0;0;0;0;0;0;
14.02.2026;RDN-1;RDN_15-02-26_H01;445;444,58;444,58;445;0;157;2987,8;1329550;2590,3;
14.02.2026;RDN-1;RDN_15-02-26_H02;422,26;422,26;422,26;422,26;0;146;2781,4;1174473,964;2368,8;
14.02.2026;RDN-1;RDN_15-02-26_H03;419,81;419,81;419,81;419,81;0;140;2420,4;1016108,124;2003,4;
14.02.2026;RDN-1;RDN_15-02-26_H04;419,81;419,81;419,81;419,81;0;136;2263,5;950239,935;1845,8;
14.02.2026;RDN-1;RDN_15-02-26_H05;419;419;419;419;0;142;2282,3;956283,7;1849,5;
14.02.2026;RDN-1;RDN_15-02-26_H06;427,66;427,66;427,66;427,66;0;145;2505,2;1071373,832;2062,7;
14.02.2026;RDN-1;RDN_15-02-26_H07;430;430;430;430;0;151;2742,8;1179404;2373,4;
14.02.2026;RDN-1;RDN_15-02-26_H08;434,64;434,64;434,64;434,64;0;150;2696;1171789,44;2387,5;
14.02.2026;RDN-1;RDN_15-02-26_H09;434,06;434,06;434,06;434,06;0;151;3014,9;1308647,494;2715,7;
14.02.2026;RDN-1;RDN_15-02-26_H10;432,07;432,07;432,07;432,07;0;152;3147,4;1359897,118;2886,3;
14.02.2026;RDN-1;RDN_15-02-26_H11;440;440;440;440;0;142;3221,6;1417504;2904,6;
14.02.2026;RDN-1;RDN_15-02-26_H12;440;440;440;440;0;137;3155,3;1388332;2840,1;
14.02.2026;RDN-1;RDN_15-02-26_H13;430;430;430;430;0;145;3241,2;1393716;2913;
14.02.2026;RDN-1;RDN_15-02-26_H14;448;448;448;448;0;155;3538;1585024;3254,3;
14.02.2026;RDN-1;RDN_15-02-26_H15;462;462;462;462;0;146;3360,7;1552643,4;3078,6;
14.02.2026;RDN-1;RDN_15-02-26_H16;483,3;483,3;483,3;483,3;0;163;3745,3;1810103,49;3484,6;
14.02.2026;RDN-1;RDN_15-02-26_H17;505,94;505,94;505,94;505,94;0;175;4159,2;2104305,648;3781,5;
14.02.2026;RDN-1;RDN_15-02-26_H18;580;580;580;580;0;183;4670,2;2708716;4236;
14.02.2026;RDN-1;RDN_15-02-26_H19;584,6;584,6;584,6;584,6;0;180;4783,3;2796317,18;4303,7;
14.02.2026;RDN-1;RDN_15-02-26_H20;591,46;591,46;591,46;591,46;0;183;4847,6;2867161,496;4335,9;
14.02.2026;RDN-1;RDN_15-02-26_H21;554,82;554,82;554,82;554,82;0;183;4590,6;2546956,692;4111,7;
14.02.2026;RDN-1;RDN_15-02-26_H22;491,52;491,52;491,52;491,52;0;166;4043,5;1987461,12;3540,3;
14.02.2026;RDN-1;RDN_15-02-26_H23;455;455;455;455;0;155;3448,4;1569022;3033,9;
14.02.2026;RDN-1;RDN_15-02-26_H24;418,5;418,5;418,5;418,5;0;144;2713,2;1135474,2;2350,6;
14.02.2026;SGT_BASE;SGT_BASE_15-02-26;0;0;0;0;0;0;0;0;0;
14.02.2026;SGT_RDB;SGT_RDB_14-02-26;0;0;0;0;0;0;0;0;0;
15.02.2026;BASE;BASE_16-02-26;495;487;487;499;0;15;94;1110912;44;
15.02.2026;BASE;BASE_17-02-26;0;0;0;0;0;0;0;0;0;
15.02.2026;GAS_BASE;GAS_BASE_16-02-26;180;180,1;177,95;182;0;129;8623;37384161,36;7977;
15.02.2026;GAS_RDB;GAS_RDB_15-02-26;180;178;175;181;0;91;39670;7135976,41;35228;
15.02.2026;GLW_BASE;GLW_BASE_16-02-26;0;0;0;0;0;0;0;0;0;
15.02.2026;GLW_RDB;GLW_RDB_15-02-26;0;0;0;0;0;0;0;0;0;
15.02.2026;OFFPEAK;OFFPEAK_16-02-26;0;0;0;0;0;0;0;0;0;
15.02.2026;OFFPEAK;OFFPEAK_17-02-26;0;0;0;0;0;0;0;0;0;
15.02.2026;PEAK;PEAK_16-02-26;0;0;0;0;0;0;0;0;0;
15.02.2026;PEAK;PEAK_17-02-26;0;0;0;0;0;0;0;0;0;
15.02.2026;RDN-1;RDN_16-02-26_H01;440,8;440,8;440,8;440,8;0;141;2665,9;1175128,72;2222,5;
15.02.2026;RDN-1;RDN_16-02-26_H02;430;430;430;430;0;137;2537,1;1090953;2025;
15.02.2026;RDN-1;RDN_16-02-26_H03;424,02;424,02;424,02;424,02;0;145;2525,4;1070820,108;2059,4;
15.02.2026;RDN-1;RDN_16-02-26_H04;418;418;418;418;0;144;2414,8;1009386,4;1899,8;
15.02.2026;RDN-1;RDN_16-02-26_H05;418;418;418;418;0;140;2604,6;1088722,8;2203,2;
15.02.2026;RDN-1;RDN_16-02-26_H06;434,66;434,66;434,66;434,66;0;151;3092,2;1344055,652;2618,9;
15.02.2026;RDN-1;RDN_16-02-26_H07;524,12;524,12;524,12;524,12;0;166;4035,4;2115033,848;3605,8;
15.02.2026;RDN-1;RDN_16-02-26_H08;615,7;615,7;615,7;615,7;0;180;3963,6;2440388,52;3456,6;
15.02.2026;RDN-1;RDN_16-02-26_H09;567,7;567,7;567,7;567,7;0;162;4179,1;2372475,07;3618,3;
15.02.2026;RDN-1;RDN_16-02-26_H10;473,2;473,2;473,2;473,2;0;142;3938,3;1863603,56;3411,5;
15.02.2026;RDN-1;RDN_16-02-26_H11;448,8;448,8;448,8;448,8;0;137;3977,1;1784922,48;3394,6;
15.02.2026;RDN-1;RDN_16-02-26_H12;438,26;438,26;438,26;438,26;0;145;4115,8;1803790,508;3505,1;
15.02.2026;RDN-1;RDN_16-02-26_H13;429,1;429,1;429,1;429,1;0;138;4044,6;1735537,86;3424,9;
15.02.2026;RDN-1;RDN_16-02-26_H14;450;450;450;450;0;137;3947,6;1776420;3411,9;
15.02.2026;RDN-1;RDN_16-02-26_H15;493,45;493,45;493,45;493,45;0;149;3976,2;1962055,89;3434;
15.02.2026;RDN-1;RDN_16-02-26_H16;560,89;560,89;560,89;560,89;0;152;4317,5;2421642,575;3693,9;
15.02.2026;RDN-1;RDN_16-02-26_H17;600;600;600;600;0;164;4213,9;2528340;3848,4;
15.02.2026;RDN-1;RDN_16-02-26_H18;645;645;645;645;0;150;4864;3137280;4341,5;
15.02.2026;RDN-1;RDN_16-02-26_H19;600;600;600;600;0;146;4842,5;2905500;4312,8;
15.02.2026;RDN-1;RDN_16-02-26_H20;598,43;598,43;598,43;598,43;0;152;4818,1;2883295,583;4301,5;
15.02.2026;RDN-1;RDN_16-02-26_H21;549,9;549,9;549,9;549,9;0;155;4471,9;2459097,81;3815,7;
15.02.2026;RDN-1;RDN_16-02-26_H22;488;488;488;488;0;151;3904,8;1905542,4;3281,7;
15.02.2026;RDN-1;RDN_16-02-26_H23;460;460;460;460;0;138;4301,5;1978690;3748,1;
15.02.2026;RDN-1;RDN_16-02-26_H24;430,68;430,68;430,68;430,68;0;140;3632,4;1564402,032;3103,5;
15.02.2026;SGT_BASE;SGT_BASE_16-02-26;0;0;0;0;0;0;0;0;0;
15.02.2026;SGT_RDB;SGT_RDB_15-02-26;0;0;0;0;0;0;0;0;0;
16.02.2026;BASE;BASE_17-02-26;600;583,57;583,57;630;0;53;297;4379780,4;165;
16.02.2026;BASE;BASE_18-02-26;0;0;0;0;0;0;0;0;0;
16.02.2026;BASE_M;BASE_M-03-26;412;409;408;412;413;40;43;13090545,5;386;
16.02.2026;BASE_M;BASE_M-04-26;392;388;388;392;394,8;15;17;4780800;183;
16.02.2026;BASE_M;BASE_M-05-26;394;394;394;394,5;394,5;9;15;4398528;62;
16.02.2026;BASE_M;BASE_M-06-26;0;0;0;0;409,67;0;0;0;27;
16.02.2026;BASE_M;BASE_M-07-26;0;0;0;0;431,5;0;0;0;3;
16.02.2026;BASE_M;BASE_M-08-26;0;0;0;0;422,28;0;0;0;0;
16.02.2026;BASE_Q;BASE_Q-1-27;0;0;0;0;456;0;0;0;11;
16.02.2026;BASE_Q;BASE_Q-2-26;395;394,99;394;399;399,6;41;43;37222654,56;544;
16.02.2026;BASE_Q;BASE_Q-2-27;0;0;0;0;405;0;0;0;0;
16.02.2026;BASE_Q;BASE_Q-3-26;425,5;424;424;426;426,5;19;22;20624928;376;
16.02.2026;BASE_Q;BASE_Q-3-27;0;0;0;0;414,25;0;0;0;0;
16.02.2026;BASE_Q;BASE_Q-4-26;445;444,5;444,5;445;447,8;16;19;18675991;625;
16.02.2026;BASE_W;BASE_W-09-26;0;0;0;0;473;0;0;0;11;
16.02.2026;BASE_W;BASE_W-10-26;0;0;0;0;414,16;0;0;0;0;
16.02.2026;BASE_W;BASE_W-11-26;0;0;0;0;414,16;0;0;0;0;
16.02.2026;BASE_W;BASE_W-12-26;0;0;0;0;414,16;0;0;0;0;
16.02.2026;BASE_W;BASE_W-13-26;0;0;0;0;0;0;0;0;0;
16.02.2026;BASE_Y;BASE_Y-27;418;414;414;418;418,1;35;37;135067987;824;
16.02.2026;BASE_Y;BASE_Y-28;401;400;400;401;403,75;3;3;10558368;150;
16.02.2026;BASE_Y;BASE_Y-29;397;397;397;397;398,7;1;1;3477720;8;
16.02.2026;BASE_Y;BASE_Y-30;0;0;0;0;403,25;0;0;0;0;
16.02.2026;GAS_BASE;GAS_BASE_17-02-26;172;174,5;171;174,5;0;193;10202;42249914,4;9974;
16.02.2026;GAS_BASE_M;GAS_BASE_M-01-27;0;0;0;0;158;0;0;0;114;
16.02.2026;GAS_BASE_M;GAS_BASE_M-02-27;0;0;0;0;155,51;0;0;0;5;
16.02.2026;GAS_BASE_M;GAS_BASE_M-03-26;157,5;157;152;157,5;160;45;172;19639823,02;20092;
16.02.2026;GAS_BASE_M;GAS_BASE_M-04-26;148;148,5;148;149,24;152,5;19;36;3847377,6;3072;
16.02.2026;GAS_BASE_M;GAS_BASE_M-05-26;0;0;0;0;145,5;0;0;0;351;
16.02.2026;GAS_BASE_M;GAS_BASE_M-06-26;0;0;0;0;141,23;0;0;0;52;
16.02.2026;GAS_BASE_M;GAS_BASE_M-07-26;0;0;0;0;145,5;0;0;0;6;
16.02.2026;GAS_BASE_M;GAS_BASE_M-08-26;0;0;0;0;146;0;0;0;10;
16.02.2026;GAS_BASE_M;GAS_BASE_M-09-26;0;0;0;0;146,52;0;0;0;217;
16.02.2026;GAS_BASE_M;GAS_BASE_M-10-26;0;0;0;0;148,52;0;0;0;33;
16.02.2026;GAS_BASE_M;GAS_BASE_M-11-26;150,5;151,5;150;151,5;153;11;29;3148200;1288;
16.02.2026;GAS_BASE_M;GAS_BASE_M-12-26;153,5;154,5;153,5;154,5;156;16;42;4805868;1356;
16.02.2026;GAS_BASE_Q;GAS_BASE_Q-1-27;151,5;152,25;151,5;152,25;153,74;16;26;8527510;1208;
16.02.2026;GAS_BASE_Q;GAS_BASE_Q-2-26;144,95;144,95;143,7;144,95;146,4;9;18;5668244,4;7561;
16.02.2026;GAS_BASE_Q;GAS_BASE_Q-2-27;131;131;131;131;132,15;1;1;286104;16;
16.02.2026;GAS_BASE_Q;GAS_BASE_Q-3-26;143,55;144,1;143,55;144,1;146;3;6;1902965;6256;
16.02.2026;GAS_BASE_Q;GAS_BASE_Q-3-27;0;0;0;0;128,08;0;0;0;26;
16.02.2026;GAS_BASE_Q;GAS_BASE_Q-4-26;150,5;151,2;150,5;151,2;152,5;12;21;6994909;8206;
16.02.2026;GAS_BASE_S;GAS_BASE_S-S-26;0;0;0;0;146,2;0;0;0;72;
16.02.2026;GAS_BASE_S;GAS_BASE_S-S-27;0;0;0;0;130,1;0;0;0;9;
16.02.2026;GAS_BASE_S;GAS_BASE_S-W-26;0;0;0;0;153,11;0;0;0;675;
16.02.2026;GAS_BASE_S;GAS_BASE_S-W-27;0;0;0;0;136,4;0;0;0;6;
16.02.2026;GAS_BASE_W;GAS_BASE_W-09-26;171;171;171;171;173;4;40;1149120;545;
16.02.2026;GAS_BASE_W;GAS_BASE_W-10-26;153;153,5;152;153,5;160,02;4;30;770280;30;
16.02.2026;GAS_BASE_W;GAS_BASE_W-11-26;0;0;0;0;160,02;0;0;0;0;
16.02.2026;GAS_BASE_W;GAS_BASE_W-12-26;0;0;0;0;0;0;0;0;0;
16.02.2026;GAS_BASE_Y;GAS_BASE_Y-27;135,4;135,5;135,4;135,5;136,65;19;31;36787620;3978;
16.02.2026;GAS_BASE_Y;GAS_BASE_Y-28;121,8;121,9;121,8;121,9;122,5;14;16;17123530;356;
16.02.2026;GAS_BASE_Y;GAS_BASE_Y-29;113,5;113,5;113,5;113,5;114,13;1;1;994260;41;
16.02.2026;GAS_BASE_Y;GAS_BASE_Y-30;0;0;0;0;111,6;0;0;0;5;
16.02.2026;GAS_RDB;GAS_RDB_16-02-26;180,25;176;174;180,25;0;140;52883;9268735,83;49376;
16.02.2026;GLW_BASE;GLW_BASE_17-02-26;0;0;0;0;0;0;0;0;0;
16.02.2026;GLW_RDB;GLW_RDB_16-02-26;0;0;0;0;0;0;0;0;0;
16.02.2026;KUK_A_WMA-03;KUK_A_WMA-03;0;0;0;0;0;0;0;0;0;
16.02.2026;OFFPEAK;OFFPEAK_17-02-26;0;0;0;0;0;0;0;0;0;
16.02.2026;OFFPEAK;OFFPEAK_18-02-26;0;0;0;0;0;0;0;0;0;
16.02.2026;OFFPEAK_M;OFFPEAK_M-03-26;0;0;0;0;382,8;0;0;0;0;
16.02.2026;OFFPEAK_M;OFFPEAK_M-04-26;0;0;0;0;361,57;0;0;0;0;
16.02.2026;OFFPEAK_M;OFFPEAK_M-05-26;0;0;0;0;390,79;0;0;0;0;
16.02.2026;OFFPEAK_M;OFFPEAK_M-06-26;0;0;0;0;408,48;0;0;0;0;
16.02.2026;OFFPEAK_M;OFFPEAK_M-07-26;0;0;0;0;427,5;0;0;0;0;
16.02.2026;OFFPEAK_M;OFFPEAK_M-08-26;0;0;0;0;404,78;0;0;0;0;
16.02.2026;OFFPEAK_Q;OFFPEAK_Q-1-27;0;0;0;0;419,06;0;0;0;0;
16.02.2026;OFFPEAK_Q;OFFPEAK_Q-2-26;0;0;0;0;387,07;0;0;0;0;
16.02.2026;OFFPEAK_Q;OFFPEAK_Q-2-27;0;0;0;0;403,87;0;0;0;0;
16.02.2026;OFFPEAK_Q;OFFPEAK_Q-3-26;0;0;0;0;413,9;0;0;0;0;
16.02.2026;OFFPEAK_Q;OFFPEAK_Q-3-27;0;0;0;0;396,82;0;0;0;0;
16.02.2026;OFFPEAK_Q;OFFPEAK_Q-4-26;0;0;0;0;369,25;0;0;0;0;
16.02.2026;OFFPEAK_W;OFFPEAK_W-09-26;0;0;0;0;491,96;0;0;0;0;
16.02.2026;OFFPEAK_W;OFFPEAK_W-10-26;0;0;0;0;385,66;0;0;0;0;
16.02.2026;OFFPEAK_W;OFFPEAK_W-11-26;0;0;0;0;385,66;0;0;0;0;
16.02.2026;OFFPEAK_W;OFFPEAK_W-12-26;0;0;0;0;385,66;0;0;0;0;
16.02.2026;OFFPEAK_W;OFFPEAK_W-13-26;0;0;0;0;0;0;0;0;0;
16.02.2026;OFFPEAK_Y;OFFPEAK_Y-27;0;0;0;0;376,9;0;0;0;0;
16.02.2026;OFFPEAK_Y;OFFPEAK_Y-28;0;0;0;0;366,43;0;0;0;0;
16.02.2026;OFFPEAK_Y;OFFPEAK_Y-29;0;0;0;0;371,05;0;0;0;0;
16.02.2026;OFFPEAK_Y;OFFPEAK_Y-30;0;0;0;0;351,69;0;0;0;0;
16.02.2026;PEAK;PEAK_17-02-26;0;0;0;0;0;0;0;0;0;
16.02.2026;PEAK;PEAK_18-02-26;0;0;0;0;0;0;0;0;0;
16.02.2026;PEAK5_M;PEAK5_M-03-26;448;447;446;448;450,8;9;11;1621950;30;
16.02.2026;PEAK5_M;PEAK5_M-04-26;0;0;0;0;437,52;0;0;0;0;
16.02.2026;PEAK5_M;PEAK5_M-05-26;0;0;0;0;400;0;0;0;0;
16.02.2026;PEAK5_M;PEAK5_M-06-26;0;0;0;0;411,2;0;0;0;0;
16.02.2026;PEAK5_M;PEAK5_M-07-26;0;0;0;0;436,12;0;0;0;0;
16.02.2026;PEAK5_M;PEAK5_M-08-26;0;0;0;0;446,11;0;0;0;0;
16.02.2026;PEAK5_Q;PEAK5_Q-1-27;0;0;0;0;506,22;0;0;0;0;
16.02.2026;PEAK5_Q;PEAK5_Q-2-26;0;0;0;0;416,5;0;0;0;28;
16.02.2026;PEAK5_Q;PEAK5_Q-2-27;0;0;0;0;406,49;0;0;0;0;
16.02.2026;PEAK5_Q;PEAK5_Q-3-26;0;0;0;0;442;0;0;0;7;
16.02.2026;PEAK5_Q;PEAK5_Q-3-27;0;0;0;0;435,7;0;0;0;0;
16.02.2026;PEAK5_Q;PEAK5_Q-4-26;546;546;546;546;550;3;3;1572480;55;
16.02.2026;PEAK5_W;PEAK5_W-09-26;0;0;0;0;449,49;0;0;0;0;
16.02.2026;PEAK5_W;PEAK5_W-10-26;0;0;0;0;449,49;0;0;0;0;
16.02.2026;PEAK5_W;PEAK5_W-11-26;0;0;0;0;449,49;0;0;0;0;
16.02.2026;PEAK5_W;PEAK5_W-12-26;0;0;0;0;449,49;0;0;0;0;
16.02.2026;PEAK5_W;PEAK5_W-13-26;0;0;0;0;0;0;0;0;0;
16.02.2026;PEAK5_Y;PEAK5_Y-27;471;470;470;471;472;3;3;5358540;143;
16.02.2026;PEAK5_Y;PEAK5_Y-28;0;0;0;0;453,5;0;0;0;1;
16.02.2026;PEAK5_Y;PEAK5_Y-29;0;0;0;0;435,38;0;0;0;0;
16.02.2026;PEAK5_Y;PEAK5_Y-30;0;0;0;0;472,13;0;0;0;0;
16.02.2026;PMBG;PMBG;0;0;0;0;0;0;0;0;0;
16.02.2026;PMEF-2025;PMEF-2025;0;0;0;0;0;0;0;0;0;
16.02.2026;PMEF-2026;PMEF-2026;0;0;0;0;0;0;0;0;0;
16.02.2026;PMEF_F;PMEF_F;0;0;0;0;0;0;0;0;91052384;
16.02.2026;PMOZE;PMOZE;0;0;0;0;0;0;0;0;0;
16.02.2026;PMOZE_A;PMOZE_A;0;0;0;0;0;1;10100000;0;9532954537;
16.02.2026;PMOZE-BIO;PMOZE-BIO;0;0;0;0;0;0;0;0;545999275;
16.02.2026;PSZ_B_DLS-01;PSZ_B_DLS-01;0;0;0;0;0;0;0;0;0;
16.02.2026;PSZ_B_KUJ-01;PSZ_B_KUJ-01;0;0;0;0;0;0;0;0;0;
16.02.2026;PSZ_B_KUJ-02;PSZ_B_KUJ-02;0;0;0;0;0;0;0;0;0;
16.02.2026;PSZ_B_LBL-01;PSZ_B_LBL-01;0;0;0;0;0;0;0;0;0;
16.02.2026;PSZ_B_LBL-02;PSZ_B_LBL-02;0;0;0;0;0;0;0;0;0;
16.02.2026;PSZ_B_LBL-03;PSZ_B_LBL-03;0;0;0;0;0;0;0;0;0;
16.02.2026;PSZ_B_LBL-04;PSZ_B_LBL-04;0;0;0;0;0;0;0;0;0;
16.02.2026;PSZ_B_LBL-05;PSZ_B_LBL-05;0;0;0;0;0;0;0;0;0;
16.02.2026;PSZ_B_LBL-06;PSZ_B_LBL-06;0;0;0;0;0;0;0;0;0;
16.02.2026;PSZ_B_LBL-07;PSZ_B_LBL-07;0;0;0;0;0;0;0;0;0;
16.02.2026;PSZ_B_LBU-01;PSZ_B_LBU-01;0;0;0;0;0;0;0;0;0;
16.02.2026;PSZ_B_LBU-02;PSZ_B_LBU-02;0;0;0;0;0;0;0;0;0;
16.02.2026;PSZ_B_MAZ-01;PSZ_B_MAZ-01;0;0;0;0;0;0;0;0;0;
16.02.2026;PSZ_B_MAZ-02;PSZ_B_MAZ-02;0;0;0;0;0;0;0;0;0;
16.02.2026;PSZ_B_MAZ-03;PSZ_B_MAZ-03;0;0;0;0;0;0;0;0;0;
16.02.2026;PSZ_B_OPO-01;PSZ_B_OPO-01;0;0;0;0;0;0;0;0;0;
16.02.2026;PSZ_B_OPO-02;PSZ_B_OPO-02;0;0;0;0;0;0;0;0;0;
16.02.2026;PSZ_B_PDK-01;PSZ_B_PDK-01;0;0;0;0;0;0;0;0;0;
16.02.2026;PSZ_B_PDL-01;PSZ_B_PDL-01;0;0;0;0;0;0;0;0;0;
16.02.2026;PSZ_B_POM-01;PSZ_B_POM-01;0;0;0;0;0;0;0;0;0;
16.02.2026;PSZ_B_POM-02;PSZ_B_POM-02;0;0;0;0;0;0;0;0;0;
16.02.2026;PSZ_B_WLK-01;PSZ_B_WLK-01;0;0;0;0;0;0;0;0;0;
16.02.2026;PSZ_B_WLK-02;PSZ_B_WLK-02;0;0;0;0;0;0;0;0;0;
16.02.2026;PSZ_B_WLK-03;PSZ_B_WLK-03;0;0;0;0;0;0;0;0;0;
16.02.2026;PSZ_B_WLK-04;PSZ_B_WLK-04;0;0;0;0;0;0;0;0;0;
16.02.2026;PSZ_B_WMA-01;PSZ_B_WMA-01;0;0;0;0;0;0;0;0;0;
16.02.2026;PSZ_B_WMA-02;PSZ_B_WMA-02;0;0;0;0;0;0;0;0;0;
16.02.2026;PSZ_B_WMA-03;PSZ_B_WMA-03;0;0;0;0;0;0;0;0;0;
16.02.2026;PSZ_B_WMA-04;PSZ_B_WMA-04;0;0;0;0;0;0;0;0;0;
16.02.2026;PSZ_B_WMA-05;PSZ_B_WMA-05;0;0;0;0;0;0;0;0;0;
16.02.2026;PSZ_B_WMA-06;PSZ_B_WMA-06;0;0;0;0;0;0;0;0;0;
16.02.2026;PSZ_B_ZPO-01;PSZ_B_ZPO-01;0;0;0;0;0;0;0;0;0;
16.02.2026;PSZ_B_ZPO-02;PSZ_B_ZPO-02;0;0;0;0;0;0;0;0;0;
16.02.2026;PSZ_C_DLS-01;PSZ_C_DLS-01;0;0;0;0;0;0;0;0;0;
16.02.2026;PSZ_C_KUJ-01;PSZ_C_KUJ-01;0;0;0;0;0;0;0;0;0;
16.02.2026;PSZ_C_KUJ-02;PSZ_C_KUJ-02;0;0;0;0;0;0;0;0;0;
16.02.2026;PSZ_C_LBL-01;PSZ_C_LBL-01;0;0;0;0;0;0;0;0;0;
16.02.2026;PSZ_C_LBL-02;PSZ_C_LBL-02;0;0;0;0;0;0;0;0;0;
16.02.2026;PSZ_C_LBL-03;PSZ_C_LBL-03;0;0;0;0;0;0;0;0;0;
16.02.2026;PSZ_C_LBL-04;PSZ_C_LBL-04;0;0;0;0;0;0;0;0;0;
16.02.2026;PSZ_C_LBL-05;PSZ_C_LBL-05;0;0;0;0;0;0;0;0;0;
16.02.2026;PSZ_C_LBL-06;PSZ_C_LBL-06;0;0;0;0;0;0;0;0;0;
16.02.2026;PSZ_C_LBL-07;PSZ_C_LBL-07;0;0;0;0;0;0;0;0;0;
16.02.2026;PSZ_C_LBU-01;PSZ_C_LBU-01;0;0;0;0;0;0;0;0;0;
16.02.2026;PSZ_C_LBU-02;PSZ_C_LBU-02;0;0;0;0;0;0;0;0;0;
16.02.2026;PSZ_C_MAZ-01;PSZ_C_MAZ-01;0;0;0;0;0;0;0;0;0;
16.02.2026;PSZ_C_MAZ-02;PSZ_C_MAZ-02;0;0;0;0;0;0;0;0;0;
16.02.2026;PSZ_C_MAZ-03;PSZ_C_MAZ-03;0;0;0;0;0;0;0;0;0;
16.02.2026;PSZ_C_OPO-01;PSZ_C_OPO-01;0;0;0;0;0;0;0;0;0;
16.02.2026;PSZ_C_OPO-02;PSZ_C_OPO-02;0;0;0;0;0;0;0;0;0;
16.02.2026;PSZ_C_PDK-01;PSZ_C_PDK-01;0;0;0;0;0;0;0;0;0;
16.02.2026;PSZ_C_PDL-01;PSZ_C_PDL-01;0;0;0;0;0;0;0;0;0;
16.02.2026;PSZ_C_POM-01;PSZ_C_POM-01;0;0;0;0;0;0;0;0;0;
16.02.2026;PSZ_C_POM-02;PSZ_C_POM-02;0;0;0;0;0;0;0;0;0;
16.02.2026;PSZ_C_WLK-01;PSZ_C_WLK-01;0;0;0;0;0;0;0;0;0;
16.02.2026;PSZ_C_WLK-02;PSZ_C_WLK-02;0;0;0;0;0;0;0;0;0;
16.02.2026;PSZ_C_WLK-03;PSZ_C_WLK-03;0;0;0;0;0;0;0;0;0;
16.02.2026;PSZ_C_WLK-04;PSZ_C_WLK-04;0;0;0;0;0;0;0;0;0;
16.02.2026;PSZ_C_WMA-01;PSZ_C_WMA-01;0;0;0;0;0;0;0;0;0;
16.02.2026;PSZ_C_WMA-02;PSZ_C_WMA-02;0;0;0;0;0;0;0;0;0;
16.02.2026;PSZ_C_WMA-03;PSZ_C_WMA-03;0;0;0;0;0;0;0;0;0;
16.02.2026;PSZ_C_WMA-04;PSZ_C_WMA-04;0;0;0;0;0;0;0;0;0;
16.02.2026;PSZ_C_WMA-05;PSZ_C_WMA-05;0;0;0;0;0;0;0;0;0;
16.02.2026;PSZ_C_WMA-06;PSZ_C_WMA-06;0;0;0;0;0;0;0;0;0;
16.02.2026;PSZ_C_ZPO-01;PSZ_C_ZPO-01;0;0;0;0;0;0;0;0;0;
16.02.2026;PSZ_C_ZPO-02;PSZ_C_ZPO-02;0;0;0;0;0;0;0;0;0;
16.02.2026;RDN-1;RDN_17-02-26_H01;442;442;442;442;0;149;2871,5;1269203;2488,5;
16.02.2026;RDN-1;RDN_17-02-26_H02;430,3;430,3;430,3;430,3;0;143;3005,5;1293266,65;2311,9;
16.02.2026;RDN-1;RDN_17-02-26_H03;436;436;436;436;0;148;2989,5;1303422;2387,9;
16.02.2026;RDN-1;RDN_17-02-26_H04;442,84;442,84;442,84;442,84;0;152;3033,2;1343222,288;2451;
16.02.2026;RDN-1;RDN_17-02-26_H05;428;428;428;428;0;145;3049,5;1305186;2437,1;
16.02.2026;RDN-1;RDN_17-02-26_H06;428,6;428,6;428,6;428,6;0;143;3220,9;1380477,74;2758,5;
16.02.2026;RDN-1;RDN_17-02-26_H07;519,12;519,12;519,12;519,12;0;142;3963,3;2057428,296;3482,6;
16.02.2026;RDN-1;RDN_17-02-26_H08;622;622;622;650;0;158;3831,2;2383706,4;3251,9;
16.02.2026;RDN-1;RDN_17-02-26_H09;646;646,01;645;656;0;172;4197,2;2711481,33;3596,1;
16.02.2026;RDN-1;RDN_17-02-26_H10;623,38;623,38;622;630;0;154;4234,4;2639798,592;3653,8;
16.02.2026;RDN-1;RDN_17-02-26_H11;539;524;524;539;0;150;4156,6;2240170,4;3484;
16.02.2026;RDN-1;RDN_17-02-26_H12;547,94;527,94;527,94;547,94;0;139;4261,1;2334350,094;3698,1;
16.02.2026;RDN-1;RDN_17-02-26_H13;531,27;511,27;511,27;531,27;0;155;4482,5;2380967,455;3907,7;
16.02.2026;RDN-1;RDN_17-02-26_H14;615,85;600,85;600,85;615,85;0;168;4691,6;2888856,905;4172,5;
16.02.2026;RDN-1;RDN_17-02-26_H15;642,28;627,28;627,28;642,28;0;170;4752;3051964,56;4335,8;
16.02.2026;RDN-1;RDN_17-02-26_H16;700;685;685;700;0;174;4455,6;3118695;4013;
16.02.2026;RDN-1;RDN_17-02-26_H17;770;750;750;770;0;178;4697,2;3616394;4141,7;
16.02.2026;RDN-1;RDN_17-02-26_H18;926;906;906;926;0;176;5012,5;4641225;4407,9;
16.02.2026;RDN-1;RDN_17-02-26_H19;800,72;800,72;800,72;800,72;0;174;4855,7;3888056,104;4281,5;
16.02.2026;RDN-1;RDN_17-02-26_H20;764,1;764,1;764,1;764,1;0;180;4902,4;3745923,84;4313,1;
16.02.2026;RDN-1;RDN_17-02-26_H21;675;675;675;675;0;173;4589,9;3098182,5;4155;
16.02.2026;RDN-1;RDN_17-02-26_H22;543,04;543,04;543,04;543,04;0;135;3749;2035856,96;3312,9;
16.02.2026;RDN-1;RDN_17-02-26_H23;482;482;482;482;0;138;4355,3;2099254,6;3869,4;
16.02.2026;RDN-1;RDN_17-02-26_H24;450,27;450,27;450,27;450,27;0;135;4004,6;1803151,242;3540,9;
16.02.2026;RZP_A_LBL-01;RZP_A_LBL-01;0;0;0;0;0;0;0;0;0;
16.02.2026;SGT_BASE;SGT_BASE_17-02-26;0;0;0;0;0;0;0;0;0;
16.02.2026;SGT_RDB;SGT_RDB_16-02-26;0;0;0;0;0;0;0;0;0;
16.02.2026;ZTO_B_KUJ-02;ZTO_B_KUJ-02;0;0;0;0;0;0;0;0;0;
16.02.2026;ZTO_B_LBL-01;ZTO_B_LBL-01;0;0;0;0;0;0;0;0;0;
16.02.2026;ZTO_B_LBU-01;ZTO_B_LBU-01;0;0;0;0;0;0;0;0;0;
16.02.2026;ZTO_B_MAZ-01;ZTO_B_MAZ-01;0;0;0;0;0;0;0;0;0;
16.02.2026;ZTO_B_PDL-01;ZTO_B_PDL-01;0;0;0;0;0;0;0;0;0;
16.02.2026;ZTO_B_WLK-01;ZTO_B_WLK-01;0;0;0;0;0;0;0;0;0;
16.02.2026;ZTO_B_WLK-02;ZTO_B_WLK-02;0;0;0;0;0;0;0;0;0;
16.02.2026;ZTO_B_WMA-01;ZTO_B_WMA-01;0;0;0;0;0;0;0;0;0;
16.02.2026;ZTO_B_WMA-02;ZTO_B_WMA-02;0;0;0;0;0;0;0;0;0;
16.02.2026;ZTO_B_WMA-03;ZTO_B_WMA-03;0;0;0;0;0;0;0;0;0;
16.02.2026;ZTO_C_KUJ-02;ZTO_C_KUJ-02;0;0;0;0;0;0;0;0;0;
16.02.2026;ZTO_C_LBL-01;ZTO_C_LBL-01;0;0;0;0;0;0;0;0;0;
16.02.2026;ZTO_C_LBU-01;ZTO_C_LBU-01;0;0;0;0;0;0;0;0;0;
16.02.2026;ZTO_C_MAZ-01;ZTO_C_MAZ-01;0;0;0;0;0;0;0;0;0;
16.02.2026;ZTO_C_PDL-01;ZTO_C_PDL-01;0;0;0;0;0;0;0;0;0;
16.02.2026;ZTO_C_WLK-01;ZTO_C_WLK-01;0;0;0;0;0;0;0;0;0;
16.02.2026;ZTO_C_WLK-02;ZTO_C_WLK-02;0;0;0;0;0;0;0;0;0;
16.02.2026;ZTO_C_WMA-01;ZTO_C_WMA-01;0;0;0;0;0;0;0;0;0;
16.02.2026;ZTO_C_WMA-02;ZTO_C_WMA-02;0;0;0;0;0;0;0;0;0;
16.02.2026;ZTO_C_WMA-03;ZTO_C_WMA-03;0;0;0;0;0;0;0;0;0;
17.02.2026;BASE;BASE_18-02-26;624;560;560;624;0;41;201;2748576;112;
17.02.2026;BASE;BASE_19-02-26;0;0;0;0;0;0;0;0;0;
17.02.2026;BASE_M;BASE_M-03-26;407;408,5;407;409,5;409;37;51;15477083,79;373;
17.02.2026;BASE_M;BASE_M-04-26;389;387;387;391;388,68;26;29;8137260;210;
17.02.2026;BASE_M;BASE_M-05-26;390,5;389;389;392;393,84;13;13;3778032;69;
17.02.2026;BASE_M;BASE_M-06-26;400;399;399;400;401;9;9;2589840;36;
17.02.2026;BASE_M;BASE_M-07-26;425;425;425;425;428,96;1;1;316200;4;
17.02.2026;BASE_M;BASE_M-08-26;0;0;0;0;419,8;0;0;0;0;
17.02.2026;BASE_Q;BASE_Q-1-27;0;0;0;0;454;0;0;0;11;
17.02.2026;BASE_Q;BASE_Q-2-26;395;391,5;391;395;394,5;39;41;35201209,68;575;
17.02.2026;BASE_Q;BASE_Q-2-27;0;0;0;0;390,6;0;0;0;0;
17.02.2026;BASE_Q;BASE_Q-3-26;424,5;422,5;422;424,5;424;19;22;20539942;390;
17.02.2026;BASE_Q;BASE_Q-3-27;0;0;0;0;410,44;0;0;0;0;
17.02.2026;BASE_Q;BASE_Q-4-26;444;441;441;444;444,9;17;18;17608381;641;
17.02.2026;BASE_W;BASE_W-09-26;422;420;418;422;431,5;8;14;985824;19;
17.02.2026;BASE_W;BASE_W-10-26;0;0;0;0;410,15;0;0;0;0;
17.02.2026;BASE_W;BASE_W-11-26;0;0;0;0;410,15;0;0;0;0;
17.02.2026;BASE_W;BASE_W-12-26;0;0;0;0;410,15;0;0;0;0;
17.02.2026;BASE_W;BASE_W-13-26;0;0;0;0;410,15;0;0;0;0;
17.02.2026;BASE_Y;BASE_Y-27;417,5;408,5;408,5;417,5;414,25;22;22;79405896;840;
17.02.2026;BASE_Y;BASE_Y-28;398,25;397;396,5;398,25;398,55;17;17;59388624;166;
17.02.2026;BASE_Y;BASE_Y-29;399,49;395;395;399,49;397;2;2;6959732;10;
17.02.2026;BASE_Y;BASE_Y-30;0;0;0;0;399,73;0;0;0;0;
17.02.2026;F-OZE;F-OZE_05-26;0;0;0;0;25,19;0;0;0;0;
17.02.2026;F-OZE;F-OZE_05-27;0;0;0;0;25,19;0;0;0;0;
17.02.2026;F-OZE;F-OZE_11-26;0;0;0;0;25,19;0;0;0;0;
17.02.2026;F-OZE;F-OZE_11-27;0;0;0;0;25,19;0;0;0;0;
17.02.2026;GAS_BASE;GAS_BASE_18-02-26;173,49;171;170;173,49;0;171;9732;39947740,32;9196;
17.02.2026;GAS_BASE_M;GAS_BASE_M-01-27;154,4;154,4;154,4;154,4;154,5;3;15;1723104;129;
17.02.2026;GAS_BASE_M;GAS_BASE_M-02-27;152,25;152,5;152;152,5;153,8;5;16;1638504;21;
17.02.2026;GAS_BASE_M;GAS_BASE_M-03-26;157;158;157;158;155,9;3;6;703621;20095;
17.02.2026;GAS_BASE_M;GAS_BASE_M-04-26;146,75;148;146,25;148;148,56;13;25;2652213,6;3085;
17.02.2026;GAS_BASE_M;GAS_BASE_M-05-26;142,49;142,49;142,49;142,49;145,2;1;1;106012,56;351;
17.02.2026;GAS_BASE_M;GAS_BASE_M-06-26;0;0;0;0;141,08;0;0;0;52;
17.02.2026;GAS_BASE_M;GAS_BASE_M-07-26;0;0;0;0;138,11;0;0;0;6;
17.02.2026;GAS_BASE_M;GAS_BASE_M-08-26;0;0;0;0;139,05;0;0;0;10;
17.02.2026;GAS_BASE_M;GAS_BASE_M-09-26;145,2;145,75;145,2;145,75;146;4;13;1363536;230;
17.02.2026;GAS_BASE_M;GAS_BASE_M-10-26;145,95;145,95;145,95;145,95;147;1;1;108733;34;
17.02.2026;GAS_BASE_M;GAS_BASE_M-11-26;149,5;150;149;150;151,58;10;29;3122460;1317;
17.02.2026;GAS_BASE_M;GAS_BASE_M-12-26;152,5;153,25;152;153,25;154,69;10;30;3404544;1386;
17.02.2026;GAS_BASE_Q;GAS_BASE_Q-1-27;149;151,2;149;151,45;152,03;7;9;2929439;1217;
17.02.2026;GAS_BASE_Q;GAS_BASE_Q-2-26;142,95;143,5;142,95;143,5;144,95;4;5;1562433,6;7563;
17.02.2026;GAS_BASE_Q;GAS_BASE_Q-2-27;0;0;0;0;131;0;0;0;16;
17.02.2026;GAS_BASE_Q;GAS_BASE_Q-3-26;142,5;142,5;142,5;142,5;141;2;2;629280;6258;
17.02.2026;GAS_BASE_Q;GAS_BASE_Q-3-27;127,01;127,01;127,01;127,01;127,31;1;1;280438;27;
17.02.2026;GAS_BASE_Q;GAS_BASE_Q-4-26;148,75;150,35;148,75;150,35;151,08;16;19;6276189;8223;
17.02.2026;GAS_BASE_S;GAS_BASE_S-S-26;0;0;0;0;142,96;0;0;0;72;
17.02.2026;GAS_BASE_S;GAS_BASE_S-S-27;0;0;0;0;129,14;0;0;0;9;
17.02.2026;GAS_BASE_S;GAS_BASE_S-W-26;0;0;0;0;151,55;0;0;0;675;
17.02.2026;GAS_BASE_S;GAS_BASE_S-W-27;136,1;136,1;136,1;136,1;133,28;1;1;597751;7;
17.02.2026;GAS_BASE_W;GAS_BASE_W-09-26;0;0;0;0;171;0;0;0;545;
17.02.2026;GAS_BASE_W;GAS_BASE_W-10-26;0;0;0;0;153,5;0;0;0;30;
17.02.2026;GAS_BASE_W;GAS_BASE_W-11-26;0;0;0;0;155,92;0;0;0;0;
17.02.2026;GAS_BASE_W;GAS_BASE_W-12-26;0;0;0;0;155,92;0;0;0;0;
17.02.2026;GAS_BASE_Y;GAS_BASE_Y-27;135;136;134,85;136;135,5;19;36;42747924;4014;
17.02.2026;GAS_BASE_Y;GAS_BASE_Y-28;122,5;123,25;122,5;123,25;122;19;28;30179628;384;
17.02.2026;GAS_BASE_Y;GAS_BASE_Y-29;114,15;114,15;114,15;114,15;113,5;2;2;1999908;43;
17.02.2026;GAS_BASE_Y;GAS_BASE_Y-30;0;0;0;0;108,75;0;0;0;5;
17.02.2026;GAS_RDB;GAS_RDB_17-02-26;175;171;170;175;0;137;55176;9460237,62;54108;
17.02.2026;GLW_BASE;GLW_BASE_18-02-26;0;0;0;0;0;0;0;0;0;
17.02.2026;GLW_RDB;GLW_RDB_17-02-26;0;0;0;0;0;0;0;0;0;
17.02.2026;KUK_A_WMA-03;KUK_A_WMA-03;0;0;0;0;0;0;0;0;0;
17.02.2026;OFFPEAK;OFFPEAK_18-02-26;0;0;0;0;0;0;0;0;0;
17.02.2026;OFFPEAK;OFFPEAK_19-02-26;0;0;0;0;0;0;0;0;0;
17.02.2026;OFFPEAK_M;OFFPEAK_M-03-26;0;0;0;0;379,12;0;0;0;0;
17.02.2026;OFFPEAK_M;OFFPEAK_M-04-26;0;0;0;0;368,21;0;0;0;0;
17.02.2026;OFFPEAK_M;OFFPEAK_M-05-26;0;0;0;0;381,94;0;0;0;0;
17.02.2026;OFFPEAK_M;OFFPEAK_M-06-26;0;0;0;0;390,99;0;0;0;0;
17.02.2026;OFFPEAK_M;OFFPEAK_M-07-26;0;0;0;0;431,29;0;0;0;0;
17.02.2026;OFFPEAK_M;OFFPEAK_M-08-26;0;0;0;0;407,89;0;0;0;0;
17.02.2026;OFFPEAK_Q;OFFPEAK_Q-1-27;0;0;0;0;417,17;0;0;0;0;
17.02.2026;OFFPEAK_Q;OFFPEAK_Q-2-26;0;0;0;0;380,43;0;0;0;0;
17.02.2026;OFFPEAK_Q;OFFPEAK_Q-2-27;0;0;0;0;379,79;0;0;0;0;
17.02.2026;OFFPEAK_Q;OFFPEAK_Q-3-26;0;0;0;0;417,49;0;0;0;0;
17.02.2026;OFFPEAK_Q;OFFPEAK_Q-3-27;0;0;0;0;391,4;0;0;0;0;
17.02.2026;OFFPEAK_Q;OFFPEAK_Q-4-26;0;0;0;0;367,19;0;0;0;0;
17.02.2026;OFFPEAK_W;OFFPEAK_W-09-26;0;0;0;0;420,53;0;0;0;0;
17.02.2026;OFFPEAK_W;OFFPEAK_W-10-26;0;0;0;0;381,95;0;0;0;0;
17.02.2026;OFFPEAK_W;OFFPEAK_W-11-26;0;0;0;0;381,95;0;0;0;0;
17.02.2026;OFFPEAK_W;OFFPEAK_W-12-26;0;0;0;0;381,95;0;0;0;0;
17.02.2026;OFFPEAK_W;OFFPEAK_W-13-26;0;0;0;0;381,65;0;0;0;0;
17.02.2026;OFFPEAK_Y;OFFPEAK_Y-27;0;0;0;0;371,64;0;0;0;0;
17.02.2026;OFFPEAK_Y;OFFPEAK_Y-28;0;0;0;0;358,08;0;0;0;0;
17.02.2026;OFFPEAK_Y;OFFPEAK_Y-29;0;0;0;0;369,47;0;0;0;0;
17.02.2026;OFFPEAK_Y;OFFPEAK_Y-30;0;0;0;0;346,67;0;0;0;0;
17.02.2026;PEAK;PEAK_18-02-26;0;0;0;0;0;0;0;0;0;
17.02.2026;PEAK;PEAK_19-02-26;0;0;0;0;0;0;0;0;0;
17.02.2026;PEAK5_M;PEAK5_M-03-26;450;450;450;450;446,4;1;1;148500;31;
17.02.2026;PEAK5_M;PEAK5_M-04-26;0;0;0;0;415;0;0;0;0;
17.02.2026;PEAK5_M;PEAK5_M-05-26;0;0;0;0;411,46;0;0;0;0;
17.02.2026;PEAK5_M;PEAK5_M-06-26;0;0;0;0;413,87;0;0;0;0;
17.02.2026;PEAK5_M;PEAK5_M-07-26;0;0;0;0;426,27;0;0;0;0;
17.02.2026;PEAK5_M;PEAK5_M-08-26;0;0;0;0;436,03;0;0;0;0;
17.02.2026;PEAK5_Q;PEAK5_Q-1-27;0;0;0;0;504,08;0;0;0;0;
17.02.2026;PEAK5_Q;PEAK5_Q-2-26;0;0;0;0;413,48;0;0;0;28;
17.02.2026;PEAK5_Q;PEAK5_Q-2-27;0;0;0;0;404,76;0;0;0;0;
17.02.2026;PEAK5_Q;PEAK5_Q-3-26;432,01;435;432,01;435;432,01;6;8;3437300;15;
17.02.2026;PEAK5_Q;PEAK5_Q-3-27;0;0;0;0;433,86;0;0;0;0;
17.02.2026;PEAK5_Q;PEAK5_Q-4-26;542;542;542;542;546;1;2;1040640;57;
17.02.2026;PEAK5_W;PEAK5_W-09-26;0;0;0;0;445,11;0;0;0;0;
17.02.2026;PEAK5_W;PEAK5_W-10-26;0;0;0;0;445,11;0;0;0;0;
17.02.2026;PEAK5_W;PEAK5_W-11-26;0;0;0;0;445,11;0;0;0;0;
17.02.2026;PEAK5_W;PEAK5_W-12-26;0;0;0;0;445,11;0;0;0;0;
17.02.2026;PEAK5_W;PEAK5_W-13-26;0;0;0;0;445,11;0;0;0;0;
17.02.2026;PEAK5_Y;PEAK5_Y-27;468;466;466;468;470;10;10;17726445;148;
17.02.2026;PEAK5_Y;PEAK5_Y-28;0;0;0;0;452,5;0;0;0;1;
17.02.2026;PEAK5_Y;PEAK5_Y-29;0;0;0;0;433,52;0;0;0;0;
17.02.2026;PEAK5_Y;PEAK5_Y-30;0;0;0;0;470,6;0;0;0;0;
17.02.2026;PMBG;PMBG;0;0;0;0;0;0;0;0;0;
17.02.2026;PMEF-2025;PMEF-2025;0;0;0;0;0;0;0;0;0;
17.02.2026;PMEF-2026;PMEF-2026;0;0;0;0;0;0;0;0;0;
17.02.2026;PMEF_F;PMEF_F;2327,25;2327,3;2327,06;2328,9;0;36;1140237;2653933084;91052384;
17.02.2026;PMOZE;PMOZE;0;0;0;0;0;0;0;0;0;
17.02.2026;PMOZE_A;PMOZE_A;25;25,1;24,9;25,1;0;80;51488517;1287230061;9532954537;
17.02.2026;PMOZE-BIO;PMOZE-BIO;301;300,03;300,03;301;0;11;5356418;1607172301;545999275;
17.02.2026;PSZ_B_DLS-01;PSZ_B_DLS-01;0;0;0;0;0;0;0;0;0;
17.02.2026;PSZ_B_KUJ-01;PSZ_B_KUJ-01;0;0;0;0;0;0;0;0;0;
17.02.2026;PSZ_B_KUJ-02;PSZ_B_KUJ-02;0;0;0;0;0;0;0;0;0;
17.02.2026;PSZ_B_LBL-01;PSZ_B_LBL-01;0;0;0;0;0;0;0;0;0;
17.02.2026;PSZ_B_LBL-02;PSZ_B_LBL-02;0;0;0;0;0;0;0;0;0;
17.02.2026;PSZ_B_LBL-03;PSZ_B_LBL-03;0;0;0;0;0;0;0;0;0;
17.02.2026;PSZ_B_LBL-04;PSZ_B_LBL-04;0;0;0;0;0;0;0;0;0;
17.02.2026;PSZ_B_LBL-05;PSZ_B_LBL-05;0;0;0;0;0;0;0;0;0;
17.02.2026;PSZ_B_LBL-06;PSZ_B_LBL-06;0;0;0;0;0;0;0;0;0;
17.02.2026;PSZ_B_LBL-07;PSZ_B_LBL-07;0;0;0;0;0;0;0;0;0;
17.02.2026;PSZ_B_LBU-01;PSZ_B_LBU-01;0;0;0;0;0;0;0;0;0;
17.02.2026;PSZ_B_LBU-02;PSZ_B_LBU-02;0;0;0;0;0;0;0;0;0;
17.02.2026;PSZ_B_MAZ-01;PSZ_B_MAZ-01;0;0;0;0;0;0;0;0;0;
17.02.2026;PSZ_B_MAZ-02;PSZ_B_MAZ-02;0;0;0;0;0;0;0;0;0;
17.02.2026;PSZ_B_MAZ-03;PSZ_B_MAZ-03;0;0;0;0;0;0;0;0;0;
17.02.2026;PSZ_B_OPO-01;PSZ_B_OPO-01;0;0;0;0;0;0;0;0;0;
17.02.2026;PSZ_B_OPO-02;PSZ_B_OPO-02;0;0;0;0;0;0;0;0;0;
17.02.2026;PSZ_B_PDK-01;PSZ_B_PDK-01;0;0;0;0;0;0;0;0;0;
17.02.2026;PSZ_B_PDL-01;PSZ_B_PDL-01;0;0;0;0;0;0;0;0;0;
17.02.2026;PSZ_B_POM-01;PSZ_B_POM-01;0;0;0;0;0;0;0;0;0;
17.02.2026;PSZ_B_POM-02;PSZ_B_POM-02;0;0;0;0;0;0;0;0;0;
17.02.2026;PSZ_B_WLK-01;PSZ_B_WLK-01;0;0;0;0;0;0;0;0;0;
17.02.2026;PSZ_B_WLK-02;PSZ_B_WLK-02;0;0;0;0;0;0;0;0;0;
17.02.2026;PSZ_B_WLK-03;PSZ_B_WLK-03;0;0;0;0;0;0;0;0;0;
17.02.2026;PSZ_B_WLK-04;PSZ_B_WLK-04;0;0;0;0;0;0;0;0;0;
17.02.2026;PSZ_B_WMA-01;PSZ_B_WMA-01;0;0;0;0;0;0;0;0;0;
17.02.2026;PSZ_B_WMA-02;PSZ_B_WMA-02;0;0;0;0;0;0;0;0;0;
17.02.2026;PSZ_B_WMA-03;PSZ_B_WMA-03;0;0;0;0;0;0;0;0;0;
17.02.2026;PSZ_B_WMA-04;PSZ_B_WMA-04;0;0;0;0;0;0;0;0;0;
17.02.2026;PSZ_B_WMA-05;PSZ_B_WMA-05;0;0;0;0;0;0;0;0;0;
17.02.2026;PSZ_B_WMA-06;PSZ_B_WMA-06;0;0;0;0;0;0;0;0;0;
17.02.2026;PSZ_B_ZPO-01;PSZ_B_ZPO-01;0;0;0;0;0;0;0;0;0;
17.02.2026;PSZ_B_ZPO-02;PSZ_B_ZPO-02;0;0;0;0;0;0;0;0;0;
17.02.2026;PSZ_C_DLS-01;PSZ_C_DLS-01;0;0;0;0;0;0;0;0;0;
17.02.2026;PSZ_C_KUJ-01;PSZ_C_KUJ-01;0;0;0;0;0;0;0;0;0;
17.02.2026;PSZ_C_KUJ-02;PSZ_C_KUJ-02;0;0;0;0;0;0;0;0;0;
17.02.2026;PSZ_C_LBL-01;PSZ_C_LBL-01;0;0;0;0;0;0;0;0;0;
17.02.2026;PSZ_C_LBL-02;PSZ_C_LBL-02;0;0;0;0;0;0;0;0;0;
17.02.2026;PSZ_C_LBL-03;PSZ_C_LBL-03;0;0;0;0;0;0;0;0;0;
17.02.2026;PSZ_C_LBL-04;PSZ_C_LBL-04;0;0;0;0;0;0;0;0;0;
17.02.2026;PSZ_C_LBL-05;PSZ_C_LBL-05;0;0;0;0;0;0;0;0;0;
17.02.2026;PSZ_C_LBL-06;PSZ_C_LBL-06;0;0;0;0;0;0;0;0;0;
17.02.2026;PSZ_C_LBL-07;PSZ_C_LBL-07;0;0;0;0;0;0;0;0;0;
17.02.2026;PSZ_C_LBU-01;PSZ_C_LBU-01;0;0;0;0;0;0;0;0;0;
17.02.2026;PSZ_C_LBU-02;PSZ_C_LBU-02;0;0;0;0;0;0;0;0;0;
17.02.2026;PSZ_C_MAZ-01;PSZ_C_MAZ-01;0;0;0;0;0;0;0;0;0;
17.02.2026;PSZ_C_MAZ-02;PSZ_C_MAZ-02;0;0;0;0;0;0;0;0;0;
17.02.2026;PSZ_C_MAZ-03;PSZ_C_MAZ-03;0;0;0;0;0;0;0;0;0;
17.02.2026;PSZ_C_OPO-01;PSZ_C_OPO-01;0;0;0;0;0;0;0;0;0;
17.02.2026;PSZ_C_OPO-02;PSZ_C_OPO-02;0;0;0;0;0;0;0;0;0;
17.02.2026;PSZ_C_PDK-01;PSZ_C_PDK-01;0;0;0;0;0;0;0;0;0;
17.02.2026;PSZ_C_PDL-01;PSZ_C_PDL-01;0;0;0;0;0;0;0;0;0;
17.02.2026;PSZ_C_POM-01;PSZ_C_POM-01;0;0;0;0;0;0;0;0;0;
17.02.2026;PSZ_C_POM-02;PSZ_C_POM-02;0;0;0;0;0;0;0;0;0;
17.02.2026;PSZ_C_WLK-01;PSZ_C_WLK-01;0;0;0;0;0;0;0;0;0;
17.02.2026;PSZ_C_WLK-02;PSZ_C_WLK-02;0;0;0;0;0;0;0;0;0;
17.02.2026;PSZ_C_WLK-03;PSZ_C_WLK-03;0;0;0;0;0;0;0;0;0;
17.02.2026;PSZ_C_WLK-04;PSZ_C_WLK-04;0;0;0;0;0;0;0;0;0;
17.02.2026;PSZ_C_WMA-01;PSZ_C_WMA-01;0;0;0;0;0;0;0;0;0;
17.02.2026;PSZ_C_WMA-02;PSZ_C_WMA-02;0;0;0;0;0;0;0;0;0;
17.02.2026;PSZ_C_WMA-03;PSZ_C_WMA-03;0;0;0;0;0;0;0;0;0;
17.02.2026;PSZ_C_WMA-04;PSZ_C_WMA-04;0;0;0;0;0;0;0;0;0;
17.02.2026;PSZ_C_WMA-05;PSZ_C_WMA-05;0;0;0;0;0;0;0;0;0;
17.02.2026;PSZ_C_WMA-06;PSZ_C_WMA-06;0;0;0;0;0;0;0;0;0;
17.02.2026;PSZ_C_ZPO-01;PSZ_C_ZPO-01;0;0;0;0;0;0;0;0;0;
17.02.2026;PSZ_C_ZPO-02;PSZ_C_ZPO-02;0;0;0;0;0;0;0;0;0;
17.02.2026;RDN-1;RDN_18-02-26_H01;443,5;433,5;433,5;443,5;0;157;3616,9;1603895,15;3120;
17.02.2026;RDN-1;RDN_18-02-26_H02;430;420;420;430;0;152;3710,8;1595444;3237,6;
17.02.2026;RDN-1;RDN_18-02-26_H03;429;419;419;429;0;151;3615,4;1550976,6;3201,4;
17.02.2026;RDN-1;RDN_18-02-26_H04;428;418;418;428;0;143;3585,1;1534392,8;3161,8;
17.02.2026;RDN-1;RDN_18-02-26_H05;428;418;418;428;0;135;3660,9;1566805,2;3131,4;
17.02.2026;RDN-1;RDN_18-02-26_H06;447,2;437,2;437,2;447,2;0;152;3933,6;1759045,92;3401,2;
17.02.2026;RDN-1;RDN_18-02-26_H07;559;549;549;559;0;156;4445,2;2484739,8;4015,3;
17.02.2026;RDN-1;RDN_18-02-26_H08;786,28;771,28;771,28;786,28;0;182;4328,8;3402744,87;3812,8;
17.02.2026;RDN-1;RDN_18-02-26_H09;841,6;826,6;826,6;841,6;0;185;4706,3;3960254,08;4151,9;
17.02.2026;RDN-1;RDN_18-02-26_H10;650;640;640;650;0;172;4694,3;3051235;4147;
17.02.2026;RDN-1;RDN_18-02-26_H11;542,98;532,98;532,98;542,98;0;165;4417;2398282,66;4005,2;
17.02.2026;RDN-1;RDN_18-02-26_H12;497,7;487,7;487,7;497,7;0;155;4307,3;2143665,71;3889,7;
17.02.2026;RDN-1;RDN_18-02-26_H13;469,26;459,26;459,26;469,26;0;137;4107,8;1927559,468;3678,1;
17.02.2026;RDN-1;RDN_18-02-26_H14;469;459;459;470,34;0;149;4109,6;1927215,8;3716,2;
17.02.2026;RDN-1;RDN_18-02-26_H15;495,21;485,21;485,21;495,21;0;151;4005;1983256,05;3569,5;
17.02.2026;RDN-1;RDN_18-02-26_H16;574,6;564,6;564,6;576,2;0;158;4121,5;2368161,9;3666,8;
17.02.2026;RDN-1;RDN_18-02-26_H17;694;684;679;694;0;173;4767,1;3307977,4;4134,9;
17.02.2026;RDN-1;RDN_18-02-26_H18;776,89;766,89;761,89;776,89;0;187;5203,7;4042393,593;4575,9;
17.02.2026;RDN-1;RDN_18-02-26_H19;768,9;753,9;753,9;768,9;0;194;4873,5;3747044,15;4437,3;
17.02.2026;RDN-1;RDN_18-02-26_H20;758,84;750;750;758,84;0;211;4908,5;3724713,1;4476,5;
17.02.2026;RDN-1;RDN_18-02-26_H21;688;688;688;688;0;202;4787,5;3293800;4232,6;
17.02.2026;RDN-1;RDN_18-02-26_H22;546;531;531;546;0;174;4135,3;2257433,8;3720,4;
17.02.2026;RDN-1;RDN_18-02-26_H23;477,25;467,25;467,25;477,25;0;152;4587,4;2189276,65;4159,8;
17.02.2026;RDN-1;RDN_18-02-26_H24;448;438;438;448;0;149;4022,8;1802154,4;3589,8;
17.02.2026;RZP_A_LBL-01;RZP_A_LBL-01;0;0;0;0;0;0;0;0;0;
17.02.2026;SGT_BASE;SGT_BASE_18-02-26;0;0;0;0;0;0;0;0;0;
17.02.2026;SGT_RDB;SGT_RDB_17-02-26;0;0;0;0;0;0;0;0;0;
17.02.2026;ZTO_B_KUJ-02;ZTO_B_KUJ-02;0;0;0;0;0;0;0;0;0;
17.02.2026;ZTO_B_LBL-01;ZTO_B_LBL-01;0;0;0;0;0;0;0;0;0;
17.02.2026;ZTO_B_LBU-01;ZTO_B_LBU-01;0;0;0;0;0;0;0;0;0;
17.02.2026;ZTO_B_MAZ-01;ZTO_B_MAZ-01;0;0;0;0;0;0;0;0;0;
17.02.2026;ZTO_B_PDL-01;ZTO_B_PDL-01;0;0;0;0;0;0;0;0;0;
17.02.2026;ZTO_B_WLK-01;ZTO_B_WLK-01;0;0;0;0;0;0;0;0;0;
17.02.2026;ZTO_B_WLK-02;ZTO_B_WLK-02;0;0;0;0;0;0;0;0;0;
17.02.2026;ZTO_B_WMA-01;ZTO_B_WMA-01;0;0;0;0;0;0;0;0;0;
17.02.2026;ZTO_B_WMA-02;ZTO_B_WMA-02;0;0;0;0;0;0;0;0;0;
17.02.2026;ZTO_B_WMA-03;ZTO_B_WMA-03;0;0;0;0;0;0;0;0;0;
17.02.2026;ZTO_C_KUJ-02;ZTO_C_KUJ-02;0;0;0;0;0;0;0;0;0;
17.02.2026;ZTO_C_LBL-01;ZTO_C_LBL-01;0;0;0;0;0;0;0;0;0;
17.02.2026;ZTO_C_LBU-01;ZTO_C_LBU-01;0;0;0;0;0;0;0;0;0;
17.02.2026;ZTO_C_MAZ-01;ZTO_C_MAZ-01;0;0;0;0;0;0;0;0;0;
17.02.2026;ZTO_C_PDL-01;ZTO_C_PDL-01;0;0;0;0;0;0;0;0;0;
17.02.2026;ZTO_C_WLK-01;ZTO_C_WLK-01;0;0;0;0;0;0;0;0;0;
17.02.2026;ZTO_C_WLK-02;ZTO_C_WLK-02;0;0;0;0;0;0;0;0;0;
17.02.2026;ZTO_C_WMA-01;ZTO_C_WMA-01;0;0;0;0;0;0;0;0;0;
17.02.2026;ZTO_C_WMA-02;ZTO_C_WMA-02;0;0;0;0;0;0;0;0;0;
17.02.2026;ZTO_C_WMA-03;ZTO_C_WMA-03;0;0;0;0;0;0;0;0;0;
18.02.2026;BASE;BASE_19-02-26;525;535;515;535;0;45;303;3779760;241;
18.02.2026;BASE;BASE_20-02-26;0;0;0;0;0;0;0;0;0;
18.02.2026;BASE_M;BASE_M-03-26;411;413;411;414;408,5;19;26;7977516,7;375;
18.02.2026;BASE_M;BASE_M-04-26;388;389;387;391;385,63;25;31;8684640;238;
18.02.2026;BASE_M;BASE_M-05-26;390,6;393,9;390,6;393,99;389,12;14;17;4970344,08;89;
18.02.2026;BASE_M;BASE_M-06-26;400;401;400;401;398,61;6;6;1731600;42;
18.02.2026;BASE_M;BASE_M-07-26;0;0;0;0;425;0;0;0;4;
18.02.2026;BASE_M;BASE_M-08-26;0;0;0;0;420;0;0;0;0;
18.02.2026;BASE_Q;BASE_Q-1-27;0;0;0;0;441,25;0;0;0;11;
18.02.2026;BASE_Q;BASE_Q-2-26;394;394,25;392,5;394,5;391,1;33;38;32659688,88;601;
18.02.2026;BASE_Q;BASE_Q-2-27;0;0;0;0;385,65;0;0;0;0;
18.02.2026;BASE_Q;BASE_Q-3-26;420;425;420;425,5;422,25;19;23;21555004;403;
18.02.2026;BASE_Q;BASE_Q-3-27;0;0;0;0;405,24;0;0;0;0;
18.02.2026;BASE_Q;BASE_Q-4-26;444;445;443;445,5;441;18;22;21588424;657;
18.02.2026;BASE_W;BASE_W-09-26;424;424;424;424;420;3;6;427392;25;
18.02.2026;BASE_W;BASE_W-10-26;0;0;0;0;408;0;0;0;0;
18.02.2026;BASE_W;BASE_W-11-26;0;0;0;0;409,64;0;0;0;0;
18.02.2026;BASE_W;BASE_W-12-26;0;0;0;0;409,64;0;0;0;0;
18.02.2026;BASE_W;BASE_W-13-26;0;0;0;0;409,64;0;0;0;0;
18.02.2026;BASE_Y;BASE_Y-27;410;411;410;413,5;409;33;33;118849548;867;
18.02.2026;BASE_Y;BASE_Y-28;400;400;400;400;396,95;3;3;10540800;167;
18.02.2026;BASE_Y;BASE_Y-29;390;390;390;390;393,44;1;1;3416400;10;
18.02.2026;BASE_Y;BASE_Y-30;0;0;0;0;396,19;0;0;0;0;
18.02.2026;GAS_BASE;GAS_BASE_19-02-26;168;169,1;165,75;170;0;182;10808;43344844,56;10038;
18.02.2026;GAS_BASE_M;GAS_BASE_M-01-27;152;153,75;151,75;153,75;154,4;12;37;4199873;161;
18.02.2026;GAS_BASE_M;GAS_BASE_M-02-27;150;152;149,75;152;152,5;10;32;3236016;53;
18.02.2026;GAS_BASE_M;GAS_BASE_M-03-26;154;155;153;156;157,67;12;15;1722682,65;20095;
18.02.2026;GAS_BASE_M;GAS_BASE_M-04-26;143,25;145,85;143;145,85;147,85;19;62;6454648,8;3140;
18.02.2026;GAS_BASE_M;GAS_BASE_M-05-26;140;140;140;140,25;142,83;3;4;416826;355;
18.02.2026;GAS_BASE_M;GAS_BASE_M-06-26;0;0;0;0;139,09;0;0;0;52;
18.02.2026;GAS_BASE_M;GAS_BASE_M-07-26;0;0;0;0;138,39;0;0;0;6;
18.02.2026;GAS_BASE_M;GAS_BASE_M-08-26;0;0;0;0;139,17;0;0;0;10;
18.02.2026;GAS_BASE_M;GAS_BASE_M-09-26;142,25;144;142,25;144;145,59;4;13;1337760;243;
18.02.2026;GAS_BASE_M;GAS_BASE_M-10-26;0;0;0;0;146,32;0;0;0;34;
18.02.2026;GAS_BASE_M;GAS_BASE_M-11-26;147;148,75;147;148,75;150,83;11;46;4881240;1358;
18.02.2026;GAS_BASE_M;GAS_BASE_M-12-26;150;151,5;150;151,5;153,59;13;49;5488860;1435;
18.02.2026;GAS_BASE_Q;GAS_BASE_Q-1-27;148,25;149,75;148;149,75;150,87;26;50;16029496;1265;
18.02.2026;GAS_BASE_Q;GAS_BASE_Q-2-26;141;141,15;140,5;141,15;143,25;4;9;2770950;7563;
18.02.2026;GAS_BASE_Q;GAS_BASE_Q-2-27;129,75;130;129;130;130,6;6;6;1698606;22;
18.02.2026;GAS_BASE_Q;GAS_BASE_Q-3-26;139,8;140,25;139,8;140,25;141;2;10;3091752;6268;
18.02.2026;GAS_BASE_Q;GAS_BASE_Q-3-27;126,95;126,95;126,95;126,95;127,01;1;1;280306;28;
18.02.2026;GAS_BASE_Q;GAS_BASE_Q-4-26;147,2;147;147;147,3;150,24;12;35;11374583;8257;
18.02.2026;GAS_BASE_S;GAS_BASE_S-S-26;0;0;0;0;142,12;0;0;0;72;
18.02.2026;GAS_BASE_S;GAS_BASE_S-S-27;0;0;0;0;128,8;0;0;0;9;
18.02.2026;GAS_BASE_S;GAS_BASE_S-W-26;148,5;148,5;148,5;148,5;150,55;1;2;1297296;677;
18.02.2026;GAS_BASE_S;GAS_BASE_S-W-27;135;135;135;135;136,1;1;4;2371680;11;
18.02.2026;GAS_BASE_W;GAS_BASE_W-09-26;0;0;0;0;161;0;0;0;545;
18.02.2026;GAS_BASE_W;GAS_BASE_W-10-26;0;0;0;0;157,28;0;0;0;30;
18.02.2026;GAS_BASE_W;GAS_BASE_W-11-26;0;0;0;0;157,68;0;0;0;0;
18.02.2026;GAS_BASE_W;GAS_BASE_W-12-26;0;0;0;0;157,68;0;0;0;0;
18.02.2026;GAS_BASE_Y;GAS_BASE_Y-27;133,5;134,85;133,5;134,85;135,94;19;35;41230517;4047;
18.02.2026;GAS_BASE_Y;GAS_BASE_Y-28;122;122,45;122;122,45;123,1;11;13;13951188;397;
18.02.2026;GAS_BASE_Y;GAS_BASE_Y-29;114;114,5;114;114,7;114,15;6;6;6017244;49;
18.02.2026;GAS_BASE_Y;GAS_BASE_Y-30;0;0;0;0;108,85;0;0;0;5;
18.02.2026;GAS_RDB;GAS_RDB_18-02-26;170;172,4;168;172,4;0;108;40196;6778913,05;39401;
18.02.2026;GLW_BASE;GLW_BASE_19-02-26;0;0;0;0;0;0;0;0;0;
18.02.2026;GLW_RDB;GLW_RDB_18-02-26;0;0;0;0;0;0;0;0;0;
18.02.2026;KUK_A_WMA-03;KUK_A_WMA-03;0;0;0;0;0;0;0;0;0;
18.02.2026;OFFPEAK;OFFPEAK_19-02-26;0;0;0;0;0;0;0;0;0;
18.02.2026;OFFPEAK;OFFPEAK_20-02-26;0;0;0;0;0;0;0;0;0;
18.02.2026;OFFPEAK_M;OFFPEAK_M-03-26;0;0;0;0;375,34;0;0;0;0;
18.02.2026;OFFPEAK_M;OFFPEAK_M-04-26;0;0;0;0;359,68;0;0;0;0;
18.02.2026;OFFPEAK_M;OFFPEAK_M-05-26;0;0;0;0;379,99;0;0;0;0;
18.02.2026;OFFPEAK_M;OFFPEAK_M-06-26;0;0;0;0;386,71;0;0;0;0;
18.02.2026;OFFPEAK_M;OFFPEAK_M-07-26;0;0;0;0;421,53;0;0;0;0;
18.02.2026;OFFPEAK_M;OFFPEAK_M-08-26;0;0;0;0;406,16;0;0;0;0;
18.02.2026;OFFPEAK_Q;OFFPEAK_Q-1-27;0;0;0;0;398,2;0;0;0;0;
18.02.2026;OFFPEAK_Q;OFFPEAK_Q-2-26;0;0;0;0;375,6;0;0;0;0;
18.02.2026;OFFPEAK_Q;OFFPEAK_Q-2-27;0;0;0;0;373,69;0;0;0;0;
18.02.2026;OFFPEAK_Q;OFFPEAK_Q-3-26;0;0;0;0;412,05;0;0;0;0;
18.02.2026;OFFPEAK_Q;OFFPEAK_Q-3-27;0;0;0;0;384,98;0;0;0;0;
18.02.2026;OFFPEAK_Q;OFFPEAK_Q-4-26;0;0;0;0;363,37;0;0;0;0;
18.02.2026;OFFPEAK_W;OFFPEAK_W-09-26;0;0;0;0;396,86;0;0;0;0;
18.02.2026;OFFPEAK_W;OFFPEAK_W-10-26;0;0;0;0;375,18;0;0;0;0;
18.02.2026;OFFPEAK_W;OFFPEAK_W-11-26;0;0;0;0;378,15;0;0;0;0;
18.02.2026;OFFPEAK_W;OFFPEAK_W-12-26;0;0;0;0;378,15;0;0;0;0;
18.02.2026;OFFPEAK_W;OFFPEAK_W-13-26;0;0;0;0;377,81;0;0;0;0;
18.02.2026;OFFPEAK_Y;OFFPEAK_Y-27;0;0;0;0;365,43;0;0;0;0;
18.02.2026;OFFPEAK_Y;OFFPEAK_Y-28;0;0;0;0;355,41;0;0;0;0;
18.02.2026;OFFPEAK_Y;OFFPEAK_Y-29;0;0;0;0;366,16;0;0;0;0;
18.02.2026;OFFPEAK_Y;OFFPEAK_Y-30;0;0;0;0;337,28;0;0;0;0;
18.02.2026;PEAK;PEAK_19-02-26;0;0;0;0;0;0;0;0;0;
18.02.2026;PEAK;PEAK_20-02-26;0;0;0;0;0;0;0;0;0;
18.02.2026;PEAK5_M;PEAK5_M-03-26;453;453;453;454;450;7;7;1047750;37;
18.02.2026;PEAK5_M;PEAK5_M-04-26;0;0;0;0;418,99;0;0;0;0;
18.02.2026;PEAK5_M;PEAK5_M-05-26;0;0;0;0;402,65;0;0;0;0;
18.02.2026;PEAK5_M;PEAK5_M-06-26;0;0;0;0;413,92;0;0;0;0;
18.02.2026;PEAK5_M;PEAK5_M-07-26;0;0;0;0;429,02;0;0;0;0;
18.02.2026;PEAK5_M;PEAK5_M-08-26;0;0;0;0;438,84;0;0;0;0;
18.02.2026;PEAK5_Q;PEAK5_Q-1-27;0;0;0;0;499,79;0;0;0;0;
18.02.2026;PEAK5_Q;PEAK5_Q-2-26;416;416;416;416;412;1;1;386880;28;
18.02.2026;PEAK5_Q;PEAK5_Q-2-27;0;0;0;0;401,32;0;0;0;0;
18.02.2026;PEAK5_Q;PEAK5_Q-3-26;439;441;439;441;434,8;10;10;4358970;25;
18.02.2026;PEAK5_Q;PEAK5_Q-3-27;0;0;0;0;430,16;0;0;0;0;
18.02.2026;PEAK5_Q;PEAK5_Q-4-26;545;546;545;546;542;2;5;2619840;62;
18.02.2026;PEAK5_W;PEAK5_W-09-26;0;0;0;0;448,7;0;0;0;0;
18.02.2026;PEAK5_W;PEAK5_W-10-26;0;0;0;0;448,7;0;0;0;0;
18.02.2026;PEAK5_W;PEAK5_W-11-26;0;0;0;0;448,7;0;0;0;0;
18.02.2026;PEAK5_W;PEAK5_W-12-26;0;0;0;0;448,7;0;0;0;0;
18.02.2026;PEAK5_W;PEAK5_W-13-26;0;0;0;0;448,7;0;0;0;0;
18.02.2026;PEAK5_Y;PEAK5_Y-27;470;467;467;470;466;7;7;12440010;151;
18.02.2026;PEAK5_Y;PEAK5_Y-28;0;0;0;0;452,32;0;0;0;1;
18.02.2026;PEAK5_Y;PEAK5_Y-29;0;0;0;0;429,64;0;0;0;0;
18.02.2026;PEAK5_Y;PEAK5_Y-30;0;0;0;0;474,9;0;0;0;0;
18.02.2026;PMBG;PMBG;0;0;0;0;0;0;0;0;0;
18.02.2026;PMEF-2025;PMEF-2025;0;0;0;0;0;0;0;0;0;
18.02.2026;PMEF-2026;PMEF-2026;0;0;0;0;0;0;0;0;0;
18.02.2026;PMEF_F;PMEF_F;0;0;0;0;0;0;0;0;91163939;
18.02.2026;PMOZE;PMOZE;0;0;0;0;0;0;0;0;0;
18.02.2026;PMOZE_A;PMOZE_A;0;0;0;0;0;2;18633771;0;9570324467;
18.02.2026;PMOZE-BIO;PMOZE-BIO;0;0;0;0;0;0;0;0;551286314;
18.02.2026;PSZ_B_DLS-01;PSZ_B_DLS-01;0;0;0;0;0;0;0;0;0;
18.02.2026;PSZ_B_KUJ-01;PSZ_B_KUJ-01;0;0;0;0;0;0;0;0;0;
18.02.2026;PSZ_B_KUJ-02;PSZ_B_KUJ-02;0;0;0;0;0;0;0;0;0;
18.02.2026;PSZ_B_LBL-01;PSZ_B_LBL-01;0;0;0;0;0;0;0;0;0;
18.02.2026;PSZ_B_LBL-02;PSZ_B_LBL-02;0;0;0;0;0;0;0;0;0;
18.02.2026;PSZ_B_LBL-03;PSZ_B_LBL-03;0;0;0;0;0;0;0;0;0;
18.02.2026;PSZ_B_LBL-04;PSZ_B_LBL-04;0;0;0;0;0;0;0;0;0;
18.02.2026;PSZ_B_LBL-05;PSZ_B_LBL-05;0;0;0;0;0;0;0;0;0;
18.02.2026;PSZ_B_LBL-06;PSZ_B_LBL-06;0;0;0;0;0;0;0;0;0;
18.02.2026;PSZ_B_LBL-07;PSZ_B_LBL-07;0;0;0;0;0;0;0;0;0;
18.02.2026;PSZ_B_LBU-01;PSZ_B_LBU-01;0;0;0;0;0;0;0;0;0;
18.02.2026;PSZ_B_LBU-02;PSZ_B_LBU-02;0;0;0;0;0;0;0;0;0;
18.02.2026;PSZ_B_MAZ-01;PSZ_B_MAZ-01;0;0;0;0;0;0;0;0;0;
18.02.2026;PSZ_B_MAZ-02;PSZ_B_MAZ-02;0;0;0;0;0;0;0;0;0;
18.02.2026;PSZ_B_MAZ-03;PSZ_B_MAZ-03;0;0;0;0;0;0;0;0;0;
18.02.2026;PSZ_B_OPO-01;PSZ_B_OPO-01;0;0;0;0;0;0;0;0;0;
18.02.2026;PSZ_B_OPO-02;PSZ_B_OPO-02;0;0;0;0;0;0;0;0;0;
18.02.2026;PSZ_B_PDK-01;PSZ_B_PDK-01;0;0;0;0;0;0;0;0;0;
18.02.2026;PSZ_B_PDL-01;PSZ_B_PDL-01;0;0;0;0;0;0;0;0;0;
18.02.2026;PSZ_B_POM-01;PSZ_B_POM-01;0;0;0;0;0;0;0;0;0;
18.02.2026;PSZ_B_POM-02;PSZ_B_POM-02;0;0;0;0;0;0;0;0;0;
18.02.2026;PSZ_B_WLK-01;PSZ_B_WLK-01;0;0;0;0;0;0;0;0;0;
18.02.2026;PSZ_B_WLK-02;PSZ_B_WLK-02;0;0;0;0;0;0;0;0;0;
18.02.2026;PSZ_B_WLK-03;PSZ_B_WLK-03;0;0;0;0;0;0;0;0;0;
18.02.2026;PSZ_B_WLK-04;PSZ_B_WLK-04;0;0;0;0;0;0;0;0;0;
18.02.2026;PSZ_B_WMA-01;PSZ_B_WMA-01;0;0;0;0;0;0;0;0;0;
18.02.2026;PSZ_B_WMA-02;PSZ_B_WMA-02;0;0;0;0;0;0;0;0;0;
18.02.2026;PSZ_B_WMA-03;PSZ_B_WMA-03;0;0;0;0;0;0;0;0;0;
18.02.2026;PSZ_B_WMA-04;PSZ_B_WMA-04;0;0;0;0;0;0;0;0;0;
18.02.2026;PSZ_B_WMA-05;PSZ_B_WMA-05;0;0;0;0;0;0;0;0;0;
18.02.2026;PSZ_B_WMA-06;PSZ_B_WMA-06;0;0;0;0;0;0;0;0;0;
18.02.2026;PSZ_B_ZPO-01;PSZ_B_ZPO-01;0;0;0;0;0;0;0;0;0;
18.02.2026;PSZ_B_ZPO-02;PSZ_B_ZPO-02;0;0;0;0;0;0;0;0;0;
18.02.2026;PSZ_C_DLS-01;PSZ_C_DLS-01;0;0;0;0;0;0;0;0;0;
18.02.2026;PSZ_C_KUJ-01;PSZ_C_KUJ-01;0;0;0;0;0;0;0;0;0;
18.02.2026;PSZ_C_KUJ-02;PSZ_C_KUJ-02;0;0;0;0;0;0;0;0;0;
18.02.2026;PSZ_C_LBL-01;PSZ_C_LBL-01;0;0;0;0;0;0;0;0;0;
18.02.2026;PSZ_C_LBL-02;PSZ_C_LBL-02;0;0;0;0;0;0;0;0;0;
18.02.2026;PSZ_C_LBL-03;PSZ_C_LBL-03;0;0;0;0;0;0;0;0;0;
18.02.2026;PSZ_C_LBL-04;PSZ_C_LBL-04;0;0;0;0;0;0;0;0;0;
18.02.2026;PSZ_C_LBL-05;PSZ_C_LBL-05;0;0;0;0;0;0;0;0;0;
18.02.2026;PSZ_C_LBL-06;PSZ_C_LBL-06;0;0;0;0;0;0;0;0;0;
18.02.2026;PSZ_C_LBL-07;PSZ_C_LBL-07;0;0;0;0;0;0;0;0;0;
18.02.2026;PSZ_C_LBU-01;PSZ_C_LBU-01;0;0;0;0;0;0;0;0;0;
18.02.2026;PSZ_C_LBU-02;PSZ_C_LBU-02;0;0;0;0;0;0;0;0;0;
18.02.2026;PSZ_C_MAZ-01;PSZ_C_MAZ-01;0;0;0;0;0;0;0;0;0;
18.02.2026;PSZ_C_MAZ-02;PSZ_C_MAZ-02;0;0;0;0;0;0;0;0;0;
18.02.2026;PSZ_C_MAZ-03;PSZ_C_MAZ-03;0;0;0;0;0;0;0;0;0;
18.02.2026;PSZ_C_OPO-01;PSZ_C_OPO-01;0;0;0;0;0;0;0;0;0;
18.02.2026;PSZ_C_OPO-02;PSZ_C_OPO-02;0;0;0;0;0;0;0;0;0;
18.02.2026;PSZ_C_PDK-01;PSZ_C_PDK-01;0;0;0;0;0;0;0;0;0;
18.02.2026;PSZ_C_PDL-01;PSZ_C_PDL-01;0;0;0;0;0;0;0;0;0;
18.02.2026;PSZ_C_POM-01;PSZ_C_POM-01;0;0;0;0;0;0;0;0;0;
18.02.2026;PSZ_C_POM-02;PSZ_C_POM-02;0;0;0;0;0;0;0;0;0;
18.02.2026;PSZ_C_WLK-01;PSZ_C_WLK-01;0;0;0;0;0;0;0;0;0;
18.02.2026;PSZ_C_WLK-02;PSZ_C_WLK-02;0;0;0;0;0;0;0;0;0;
18.02.2026;PSZ_C_WLK-03;PSZ_C_WLK-03;0;0;0;0;0;0;0;0;0;
18.02.2026;PSZ_C_WLK-04;PSZ_C_WLK-04;0;0;0;0;0;0;0;0;0;
18.02.2026;PSZ_C_WMA-01;PSZ_C_WMA-01;0;0;0;0;0;0;0;0;0;
18.02.2026;PSZ_C_WMA-02;PSZ_C_WMA-02;0;0;0;0;0;0;0;0;0;
18.02.2026;PSZ_C_WMA-03;PSZ_C_WMA-03;0;0;0;0;0;0;0;0;0;
18.02.2026;PSZ_C_WMA-04;PSZ_C_WMA-04;0;0;0;0;0;0;0;0;0;
18.02.2026;PSZ_C_WMA-05;PSZ_C_WMA-05;0;0;0;0;0;0;0;0;0;
18.02.2026;PSZ_C_WMA-06;PSZ_C_WMA-06;0;0;0;0;0;0;0;0;0;
18.02.2026;PSZ_C_ZPO-01;PSZ_C_ZPO-01;0;0;0;0;0;0;0;0;0;
18.02.2026;PSZ_C_ZPO-02;PSZ_C_ZPO-02;0;0;0;0;0;0;0;0;0;
18.02.2026;RDN-1;RDN_19-02-26_H01;446;446;446;446;0;158;3537,6;1577769,6;3150,2;
18.02.2026;RDN-1;RDN_19-02-26_H02;442;442;442;442;0;149;3597,7;1590183,4;3175,2;
18.02.2026;RDN-1;RDN_19-02-26_H03;436;436;436;436;0;162;3674,6;1602125,6;3256,7;
18.02.2026;RDN-1;RDN_19-02-26_H04;442;442;442;442;0;165;3733,5;1650207;3288,3;
18.02.2026;RDN-1;RDN_19-02-26_H05;442;442;442;442;0;155;3474,2;1535596,4;3027,9;
18.02.2026;RDN-1;RDN_19-02-26_H06;452;452;452;452;0;151;3333,3;1506651,6;2984,3;
18.02.2026;RDN-1;RDN_19-02-26_H07;579,74;579,74;579,74;579,74;0;185;4360,2;2527782,348;3923,1;
18.02.2026;RDN-1;RDN_19-02-26_H08;770,2;765,2;764;770,2;0;203;4576;3524296,2;3920,8;
18.02.2026;RDN-1;RDN_19-02-26_H09;640;640;640;640;0;184;4488,4;2872576;4008,4;
18.02.2026;RDN-1;RDN_19-02-26_H10;528,99;523,99;523,99;539;0;163;4057,9;2146563,621;3599,3;
18.02.2026;RDN-1;RDN_19-02-26_H11;455;450;450;455;0;162;3894,4;1771827;3466,5;
18.02.2026;RDN-1;RDN_19-02-26_H12;430,72;430,7;425,72;430,72;0;156;4178,4;1799595,208;3680,8;
18.02.2026;RDN-1;RDN_19-02-26_H13;422,5;410;410;422,5;0;142;3916,7;1654469,5;3430,8;
18.02.2026;RDN-1;RDN_19-02-26_H14;425,5;420;420;425,5;0;147;3789,7;1612454,1;3301,8;
18.02.2026;RDN-1;RDN_19-02-26_H15;459,09;454,09;454,09;459,09;0;160;3817,4;1752472,666;3402,3;
18.02.2026;RDN-1;RDN_19-02-26_H16;570;565;565;570;0;181;3970,5;2263060;3553,4;
18.02.2026;RDN-1;RDN_19-02-26_H17;716,95;711,95;704;716,95;0;206;4635,7;3323291,115;4159,2;
18.02.2026;RDN-1;RDN_19-02-26_H18;867,5;857;855;867,5;0;214;5179;4492480;4690,8;
18.02.2026;RDN-1;RDN_19-02-26_H19;815,17;805;804;815,17;0;205;5068,1;4131088,827;4578,2;
18.02.2026;RDN-1;RDN_19-02-26_H20;749,89;749,89;749,89;749,89;0;195;4971,3;3727928,157;4397,9;
18.02.2026;RDN-1;RDN_19-02-26_H21;619;614;614;619;0;167;4361,2;2699457,8;3890,9;
18.02.2026;RDN-1;RDN_19-02-26_H22;508,42;508,42;508,42;508,42;0;140;3543,4;1801535,428;3056,7;
18.02.2026;RDN-1;RDN_19-02-26_H23;463;463;463;463;0;140;4209,9;1949183,7;3711,8;
18.02.2026;RDN-1;RDN_19-02-26_H24;432,67;432,67;432,67;432,67;0;132;3653,2;1580630,044;3283,7;
18.02.2026;RZP_A_LBL-01;RZP_A_LBL-01;0;0;0;0;0;0;0;0;0;
18.02.2026;SGT_BASE;SGT_BASE_19-02-26;0;0;0;0;0;0;0;0;0;
18.02.2026;SGT_RDB;SGT_RDB_18-02-26;0;0;0;0;0;0;0;0;0;
18.02.2026;ZTO_B_KUJ-02;ZTO_B_KUJ-02;0;0;0;0;0;0;0;0;0;
18.02.2026;ZTO_B_LBL-01;ZTO_B_LBL-01;0;0;0;0;0;0;0;0;0;
18.02.2026;ZTO_B_LBU-01;ZTO_B_LBU-01;0;0;0;0;0;0;0;0;0;
18.02.2026;ZTO_B_MAZ-01;ZTO_B_MAZ-01;0;0;0;0;0;0;0;0;0;
18.02.2026;ZTO_B_PDL-01;ZTO_B_PDL-01;0;0;0;0;0;0;0;0;0;
18.02.2026;ZTO_B_WLK-01;ZTO_B_WLK-01;0;0;0;0;0;0;0;0;0;
18.02.2026;ZTO_B_WLK-02;ZTO_B_WLK-02;0;0;0;0;0;0;0;0;0;
18.02.2026;ZTO_B_WMA-01;ZTO_B_WMA-01;0;0;0;0;0;0;0;0;0;
18.02.2026;ZTO_B_WMA-02;ZTO_B_WMA-02;0;0;0;0;0;0;0;0;0;
18.02.2026;ZTO_B_WMA-03;ZTO_B_WMA-03;0;0;0;0;0;0;0;0;0;
18.02.2026;ZTO_C_KUJ-02;ZTO_C_KUJ-02;0;0;0;0;0;0;0;0;0;
18.02.2026;ZTO_C_LBL-01;ZTO_C_LBL-01;0;0;0;0;0;0;0;0;0;
18.02.2026;ZTO_C_LBU-01;ZTO_C_LBU-01;0;0;0;0;0;0;0;0;0;
18.02.2026;ZTO_C_MAZ-01;ZTO_C_MAZ-01;0;0;0;0;0;0;0;0;0;
18.02.2026;ZTO_C_PDL-01;ZTO_C_PDL-01;0;0;0;0;0;0;0;0;0;
18.02.2026;ZTO_C_WLK-01;ZTO_C_WLK-01;0;0;0;0;0;0;0;0;0;
18.02.2026;ZTO_C_WLK-02;ZTO_C_WLK-02;0;0;0;0;0;0;0;0;0;
18.02.2026;ZTO_C_WMA-01;ZTO_C_WMA-01;0;0;0;0;0;0;0;0;0;
18.02.2026;ZTO_C_WMA-02;ZTO_C_WMA-02;0;0;0;0;0;0;0;0;0;
18.02.2026;ZTO_C_WMA-03;ZTO_C_WMA-03;0;0;0;0;0;0;0;0;0;
19.02.2026;BASE;BASE_20-02-26;500;500;490;500;0;15;76;898200;46;
19.02.2026;BASE;BASE_21-02-26;395;395;395;395;0;1;6;56880;6;
19.02.2026;BASE_M;BASE_M-03-26;417,5;418;417,5;421,5;413;37;39;12148793;388;
19.02.2026;BASE_M;BASE_M-04-26;399;397;397;399;387,44;16;19;5452560;255;
19.02.2026;BASE_M;BASE_M-05-26;404;403;403;405;393,23;14;15;4512360;100;
19.02.2026;BASE_M;BASE_M-06-26;409;410;409;410;401,5;5;7;2062080;49;
19.02.2026;BASE_M;BASE_M-07-26;0;0;0;0;424,5;0;0;0;4;
19.02.2026;BASE_M;BASE_M-08-26;0;0;0;0;420,84;0;0;0;0;
19.02.2026;BASE_Q;BASE_Q-1-27;453,5;453,5;453,5;453,5;448;1;2;1958213;10;
19.02.2026;BASE_Q;BASE_Q-2-26;399;404,5;399;404,5;394,05;27;33;29014396,32;627;
19.02.2026;BASE_Q;BASE_Q-2-27;395;393;393;395;387,65;6;6;5160792;6;
19.02.2026;BASE_Q;BASE_Q-3-26;430;435;430;436;425;30;33;31533552;420;
19.02.2026;BASE_Q;BASE_Q-3-27;0;0;0;0;407,34;0;0;0;0;
19.02.2026;BASE_Q;BASE_Q-4-26;449;454;449;455;445;35;49;49038695;679;
19.02.2026;BASE_W;BASE_W-09-26;430;427;426;434;424;8;13;939288;33;
19.02.2026;BASE_W;BASE_W-10-26;0;0;0;0;417,5;0;0;0;0;
19.02.2026;BASE_W;BASE_W-11-26;0;0;0;0;414,16;0;0;0;0;
19.02.2026;BASE_W;BASE_W-12-26;0;0;0;0;414,16;0;0;0;0;
19.02.2026;BASE_W;BASE_W-13-26;0;0;0;0;414,16;0;0;0;0;
19.02.2026;BASE_WEEKEND;BASE_WEEKEND_08-26;0;0;0;0;0;0;0;0;0;
19.02.2026;BASE_Y;BASE_Y-27;418,45;421;418;421;411,12;39;39;143354772;896;
19.02.2026;BASE_Y;BASE_Y-28;405;406;405;406;399,99;10;10;35592768;177;
19.02.2026;BASE_Y;BASE_Y-29;395;395;395;395;390;3;3;10380600;13;
19.02.2026;BASE_Y;BASE_Y-30;0;0;0;0;396;0;0;0;0;
19.02.2026;F-OZE;F-OZE_05-26;0;0;0;0;25,03;0;0;0;0;
19.02.2026;F-OZE;F-OZE_05-27;0;0;0;0;25,03;0;0;0;0;
19.02.2026;F-OZE;F-OZE_11-26;0;0;0;0;25,03;0;0;0;0;
19.02.2026;F-OZE;F-OZE_11-27;0;0;0;0;25,03;0;0;0;0;
19.02.2026;GAS_BASE;GAS_BASE_20-02-26;178;183;177,5;183,75;0;130;8001;34796854,8;7797;
19.02.2026;GAS_BASE_M;GAS_BASE_M-01-27;164;165,5;163,5;166;153,63;10;27;3305592;181;
19.02.2026;GAS_BASE_M;GAS_BASE_M-02-27;161,75;163,5;161,75;164;151,3;8;21;2297400;73;
19.02.2026;GAS_BASE_M;GAS_BASE_M-03-26;170,5;171;170,5;171;155,6;8;13;1649831,5;20101;
19.02.2026;GAS_BASE_M;GAS_BASE_M-04-26;158,41;159;158,41;163;145,77;19;44;5098788;3165;
19.02.2026;GAS_BASE_M;GAS_BASE_M-05-26;0;0;0;0;140,13;0;0;0;355;
19.02.2026;GAS_BASE_M;GAS_BASE_M-06-26;0;0;0;0;137,36;0;0;0;52;
19.02.2026;GAS_BASE_M;GAS_BASE_M-07-26;0;0;0;0;136,75;0;0;0;6;
19.02.2026;GAS_BASE_M;GAS_BASE_M-08-26;0;0;0;0;140,69;0;0;0;10;
19.02.2026;GAS_BASE_M;GAS_BASE_M-09-26;157;158;157;158;143,42;7;10;1134000;253;
19.02.2026;GAS_BASE_M;GAS_BASE_M-10-26;0;0;0;0;141,67;0;0;0;34;
19.02.2026;GAS_BASE_M;GAS_BASE_M-11-26;159;161;159;162;148,25;10;36;4159620;1394;
19.02.2026;GAS_BASE_M;GAS_BASE_M-12-26;162;164;162;165;151,4;9;37;4501572;1472;
19.02.2026;GAS_BASE_Q;GAS_BASE_Q-1-27;159,05;161,35;159,05;162,1;149,68;10;30;10438009;1293;
19.02.2026;GAS_BASE_Q;GAS_BASE_Q-2-26;156;154,75;154,75;156;141,08;5;9;3049410;7561;
19.02.2026;GAS_BASE_Q;GAS_BASE_Q-2-27;134,45;136;134,45;136;129,66;3;3;884302;25;
19.02.2026;GAS_BASE_Q;GAS_BASE_Q-3-26;154;154;154;154;140,25;2;1;340032;6268;
19.02.2026;GAS_BASE_Q;GAS_BASE_Q-3-27;0;0;0;0;126,86;0;0;0;28;
19.02.2026;GAS_BASE_Q;GAS_BASE_Q-4-26;159,45;159;159;162,2;147,09;8;22;7792579;8268;
19.02.2026;GAS_BASE_S;GAS_BASE_S-S-26;0;0;0;0;140,66;0;0;0;72;
19.02.2026;GAS_BASE_S;GAS_BASE_S-S-27;0;0;0;0;128,25;0;0;0;9;
19.02.2026;GAS_BASE_S;GAS_BASE_S-W-26;162,25;162,5;162,25;162,5;148,37;3;10;7092540;687;
19.02.2026;GAS_BASE_S;GAS_BASE_S-W-27;140;140;140;140;135;1;2;1229760;13;
19.02.2026;GAS_BASE_W;GAS_BASE_W-09-26;0;0;0;0;157,5;0;0;0;545;
19.02.2026;GAS_BASE_W;GAS_BASE_W-10-26;0;0;0;0;154;0;0;0;30;
19.02.2026;GAS_BASE_W;GAS_BASE_W-11-26;0;0;0;0;155,62;0;0;0;0;
19.02.2026;GAS_BASE_W;GAS_BASE_W-12-26;0;0;0;0;155,62;0;0;0;0;
19.02.2026;GAS_BASE_Y;GAS_BASE_Y-27;140,5;141,65;140,5;142;134,71;11;22;27272508;4062;
19.02.2026;GAS_BASE_Y;GAS_BASE_Y-28;124,1;125,5;124,1;125,5;122,36;8;15;16474831;412;
19.02.2026;GAS_BASE_Y;GAS_BASE_Y-29;115;115;114,9;115;114,5;3;3;3021324;50;
19.02.2026;GAS_BASE_Y;GAS_BASE_Y-30;0;0;0;0;108,68;0;0;0;5;
19.02.2026;GAS_RDB;GAS_RDB_19-02-26;178;165;165;182;0;99;28090;5038052,1;25268;
19.02.2026;GAS_WEEKEND;GAS_WEEKEND_08-26;0;0;0;0;0;0;0;0;0;
19.02.2026;GLW_BASE;GLW_BASE_20-02-26;0;0;0;0;0;0;0;0;0;
19.02.2026;GLW_RDB;GLW_RDB_19-02-26;0;0;0;0;0;0;0;0;0;
19.02.2026;KUK_A_WMA-03;KUK_A_WMA-03;0;0;0;0;0;0;0;0;0;
19.02.2026;OFFPEAK;OFFPEAK_20-02-26;0;0;0;0;0;0;0;0;0;
19.02.2026;OFFPEAK;OFFPEAK_21-02-26;0;0;0;0;0;0;0;0;0;
19.02.2026;OFFPEAK_M;OFFPEAK_M-03-26;0;0;0;0;380,4;0;0;0;0;
19.02.2026;OFFPEAK_M;OFFPEAK_M-04-26;0;0;0;0;360,18;0;0;0;0;
19.02.2026;OFFPEAK_M;OFFPEAK_M-05-26;0;0;0;0;384,04;0;0;0;0;
19.02.2026;OFFPEAK_M;OFFPEAK_M-06-26;0;0;0;0;388,49;0;0;0;0;
19.02.2026;OFFPEAK_M;OFFPEAK_M-07-26;0;0;0;0;415,3;0;0;0;0;
19.02.2026;OFFPEAK_M;OFFPEAK_M-08-26;0;0;0;0;403,02;0;0;0;0;
19.02.2026;OFFPEAK_Q;OFFPEAK_Q-1-27;0;0;0;0;408,65;0;0;0;0;
19.02.2026;OFFPEAK_Q;OFFPEAK_Q-2-26;0;0;0;0;377,77;0;0;0;0;
19.02.2026;OFFPEAK_Q;OFFPEAK_Q-2-27;0;0;0;0;376,16;0;0;0;0;
19.02.2026;OFFPEAK_Q;OFFPEAK_Q-3-26;0;0;0;0;412;0;0;0;0;
19.02.2026;OFFPEAK_Q;OFFPEAK_Q-3-27;0;0;0;0;387,58;0;0;0;0;
19.02.2026;OFFPEAK_Q;OFFPEAK_Q-4-26;0;0;0;0;367,75;0;0;0;0;
19.02.2026;OFFPEAK_W;OFFPEAK_W-09-26;0;0;0;0;401,03;0;0;0;0;
19.02.2026;OFFPEAK_W;OFFPEAK_W-10-26;0;0;0;0;389,29;0;0;0;0;
19.02.2026;OFFPEAK_W;OFFPEAK_W-11-26;0;0;0;0;383,25;0;0;0;0;
19.02.2026;OFFPEAK_W;OFFPEAK_W-12-26;0;0;0;0;383,25;0;0;0;0;
19.02.2026;OFFPEAK_W;OFFPEAK_W-13-26;0;0;0;0;382,91;0;0;0;0;
19.02.2026;OFFPEAK_Y;OFFPEAK_Y-27;0;0;0;0;367,95;0;0;0;0;
19.02.2026;OFFPEAK_Y;OFFPEAK_Y-28;0;0;0;0;358,13;0;0;0;0;
19.02.2026;OFFPEAK_Y;OFFPEAK_Y-29;0;0;0;0;362,96;0;0;0;0;
19.02.2026;OFFPEAK_Y;OFFPEAK_Y-30;0;0;0;0;335,72;0;0;0;0;
19.02.2026;OFFP_WEEKEND;OFFP_WEEKEND_08-26;0;0;0;0;0;0;0;0;0;
19.02.2026;PEAK;PEAK_20-02-26;0;0;0;0;0;0;0;0;0;
19.02.2026;PEAK;PEAK_21-02-26;0;0;0;0;0;0;0;0;0;
19.02.2026;PEAK5_M;PEAK5_M-03-26;0;0;0;0;453,8;0;0;0;37;
19.02.2026;PEAK5_M;PEAK5_M-04-26;0;0;0;0;422,5;0;0;0;0;
19.02.2026;PEAK5_M;PEAK5_M-05-26;0;0;0;0;406,84;0;0;0;0;
19.02.2026;PEAK5_M;PEAK5_M-06-26;0;0;0;0;418,23;0;0;0;0;
19.02.2026;PEAK5_M;PEAK5_M-07-26;0;0;0;0;435,13;0;0;0;0;
19.02.2026;PEAK5_M;PEAK5_M-08-26;0;0;0;0;445,1;0;0;0;0;
19.02.2026;PEAK5_Q;PEAK5_Q-1-27;0;0;0;0;501,5;0;0;0;0;
19.02.2026;PEAK5_Q;PEAK5_Q-2-26;421;421;421;421;416;3;5;1957650;33;
19.02.2026;PEAK5_Q;PEAK5_Q-2-27;0;0;0;0;402,7;0;0;0;0;
19.02.2026;PEAK5_Q;PEAK5_Q-3-26;446;452;446;452;441;9;9;3997125;34;
19.02.2026;PEAK5_Q;PEAK5_Q-3-27;0;0;0;0;431,64;0;0;0;0;
19.02.2026;PEAK5_Q;PEAK5_Q-4-26;550;550;550;550;545,5;4;6;3168000;68;
19.02.2026;PEAK5_W;PEAK5_W-09-26;0;0;0;0;452,48;0;0;0;0;
19.02.2026;PEAK5_W;PEAK5_W-10-26;0;0;0;0;452,48;0;0;0;0;
19.02.2026;PEAK5_W;PEAK5_W-11-26;0;0;0;0;452,48;0;0;0;0;
19.02.2026;PEAK5_W;PEAK5_W-12-26;0;0;0;0;452,48;0;0;0;0;
19.02.2026;PEAK5_W;PEAK5_W-13-26;0;0;0;0;452,48;0;0;0;0;
19.02.2026;PEAK5_Y;PEAK5_Y-27;474;477,5;474;477,5;467,6;11;12;21671348;160;
19.02.2026;PEAK5_Y;PEAK5_Y-28;0;0;0;0;455,79;0;0;0;1;
19.02.2026;PEAK5_Y;PEAK5_Y-29;0;0;0;0;425,88;0;0;0;0;
19.02.2026;PEAK5_Y;PEAK5_Y-30;0;0;0;0;476,53;0;0;0;0;
19.02.2026;PEAK_WEEKEND;PEAK_WEEKEND_08-26;0;0;0;0;0;0;0;0;0;
19.02.2026;PMBG;PMBG;0;0;0;0;0;0;0;0;0;
19.02.2026;PMEF-2025;PMEF-2025;0;0;0;0;0;0;0;0;0;
19.02.2026;PMEF-2026;PMEF-2026;0;0;0;0;0;0;0;0;0;
19.02.2026;PMEF_F;PMEF_F;2327,1;2327,05;2327,05;2328,5;0;22;785019;1826993900;91163939;
19.02.2026;PMOZE;PMOZE;0;0;0;0;0;0;0;0;0;
19.02.2026;PMOZE_A;PMOZE_A;25;25,45;25;25,58;0;85;63041014;1583989664;9570324467;
19.02.2026;PMOZE-BIO;PMOZE-BIO;300,03;300,05;300,03;301;0;11;1697452;509290040;551286314;
19.02.2026;PSZ_B_DLS-01;PSZ_B_DLS-01;0;0;0;0;0;0;0;0;0;
19.02.2026;PSZ_B_KUJ-01;PSZ_B_KUJ-01;0;0;0;0;0;0;0;0;0;
19.02.2026;PSZ_B_KUJ-02;PSZ_B_KUJ-02;0;0;0;0;0;0;0;0;0;
19.02.2026;PSZ_B_LBL-01;PSZ_B_LBL-01;0;0;0;0;0;0;0;0;0;
19.02.2026;PSZ_B_LBL-02;PSZ_B_LBL-02;0;0;0;0;0;0;0;0;0;
19.02.2026;PSZ_B_LBL-03;PSZ_B_LBL-03;0;0;0;0;0;0;0;0;0;
19.02.2026;PSZ_B_LBL-04;PSZ_B_LBL-04;0;0;0;0;0;0;0;0;0;
19.02.2026;PSZ_B_LBL-05;PSZ_B_LBL-05;0;0;0;0;0;0;0;0;0;
19.02.2026;PSZ_B_LBL-06;PSZ_B_LBL-06;0;0;0;0;0;0;0;0;0;
19.02.2026;PSZ_B_LBL-07;PSZ_B_LBL-07;0;0;0;0;0;0;0;0;0;
19.02.2026;PSZ_B_LBU-01;PSZ_B_LBU-01;0;0;0;0;0;0;0;0;0;
19.02.2026;PSZ_B_LBU-02;PSZ_B_LBU-02;0;0;0;0;0;0;0;0;0;
19.02.2026;PSZ_B_MAZ-01;PSZ_B_MAZ-01;0;0;0;0;0;0;0;0;0;
19.02.2026;PSZ_B_MAZ-02;PSZ_B_MAZ-02;0;0;0;0;0;0;0;0;0;
19.02.2026;PSZ_B_MAZ-03;PSZ_B_MAZ-03;0;0;0;0;0;0;0;0;0;
19.02.2026;PSZ_B_OPO-01;PSZ_B_OPO-01;0;0;0;0;0;0;0;0;0;
19.02.2026;PSZ_B_OPO-02;PSZ_B_OPO-02;0;0;0;0;0;0;0;0;0;
19.02.2026;PSZ_B_PDK-01;PSZ_B_PDK-01;0;0;0;0;0;0;0;0;0;
19.02.2026;PSZ_B_PDL-01;PSZ_B_PDL-01;0;0;0;0;0;0;0;0;0;
19.02.2026;PSZ_B_POM-01;PSZ_B_POM-01;0;0;0;0;0;0;0;0;0;
19.02.2026;PSZ_B_POM-02;PSZ_B_POM-02;0;0;0;0;0;0;0;0;0;
19.02.2026;PSZ_B_WLK-01;PSZ_B_WLK-01;0;0;0;0;0;0;0;0;0;
19.02.2026;PSZ_B_WLK-02;PSZ_B_WLK-02;0;0;0;0;0;0;0;0;0;
19.02.2026;PSZ_B_WLK-03;PSZ_B_WLK-03;0;0;0;0;0;0;0;0;0;
19.02.2026;PSZ_B_WLK-04;PSZ_B_WLK-04;0;0;0;0;0;0;0;0;0;
19.02.2026;PSZ_B_WMA-01;PSZ_B_WMA-01;0;0;0;0;0;0;0;0;0;
19.02.2026;PSZ_B_WMA-02;PSZ_B_WMA-02;0;0;0;0;0;0;0;0;0;
19.02.2026;PSZ_B_WMA-03;PSZ_B_WMA-03;0;0;0;0;0;0;0;0;0;
19.02.2026;PSZ_B_WMA-04;PSZ_B_WMA-04;0;0;0;0;0;0;0;0;0;
19.02.2026;PSZ_B_WMA-05;PSZ_B_WMA-05;0;0;0;0;0;0;0;0;0;
19.02.2026;PSZ_B_WMA-06;PSZ_B_WMA-06;0;0;0;0;0;0;0;0;0;
19.02.2026;PSZ_B_ZPO-01;PSZ_B_ZPO-01;0;0;0;0;0;0;0;0;0;
19.02.2026;PSZ_B_ZPO-02;PSZ_B_ZPO-02;0;0;0;0;0;0;0;0;0;
19.02.2026;PSZ_C_DLS-01;PSZ_C_DLS-01;0;0;0;0;0;0;0;0;0;
19.02.2026;PSZ_C_KUJ-01;PSZ_C_KUJ-01;0;0;0;0;0;0;0;0;0;
19.02.2026;PSZ_C_KUJ-02;PSZ_C_KUJ-02;0;0;0;0;0;0;0;0;0;
19.02.2026;PSZ_C_LBL-01;PSZ_C_LBL-01;0;0;0;0;0;0;0;0;0;
19.02.2026;PSZ_C_LBL-02;PSZ_C_LBL-02;0;0;0;0;0;0;0;0;0;
19.02.2026;PSZ_C_LBL-03;PSZ_C_LBL-03;0;0;0;0;0;0;0;0;0;
19.02.2026;PSZ_C_LBL-04;PSZ_C_LBL-04;0;0;0;0;0;0;0;0;0;
19.02.2026;PSZ_C_LBL-05;PSZ_C_LBL-05;0;0;0;0;0;0;0;0;0;
19.02.2026;PSZ_C_LBL-06;PSZ_C_LBL-06;0;0;0;0;0;0;0;0;0;
19.02.2026;PSZ_C_LBL-07;PSZ_C_LBL-07;0;0;0;0;0;0;0;0;0;
19.02.2026;PSZ_C_LBU-01;PSZ_C_LBU-01;0;0;0;0;0;0;0;0;0;
19.02.2026;PSZ_C_LBU-02;PSZ_C_LBU-02;0;0;0;0;0;0;0;0;0;
19.02.2026;PSZ_C_MAZ-01;PSZ_C_MAZ-01;0;0;0;0;0;0;0;0;0;
19.02.2026;PSZ_C_MAZ-02;PSZ_C_MAZ-02;0;0;0;0;0;0;0;0;0;
19.02.2026;PSZ_C_MAZ-03;PSZ_C_MAZ-03;0;0;0;0;0;0;0;0;0;
19.02.2026;PSZ_C_OPO-01;PSZ_C_OPO-01;0;0;0;0;0;0;0;0;0;
19.02.2026;PSZ_C_OPO-02;PSZ_C_OPO-02;0;0;0;0;0;0;0;0;0;
19.02.2026;PSZ_C_PDK-01;PSZ_C_PDK-01;0;0;0;0;0;0;0;0;0;
19.02.2026;PSZ_C_PDL-01;PSZ_C_PDL-01;0;0;0;0;0;0;0;0;0;
19.02.2026;PSZ_C_POM-01;PSZ_C_POM-01;0;0;0;0;0;0;0;0;0;
19.02.2026;PSZ_C_POM-02;PSZ_C_POM-02;0;0;0;0;0;0;0;0;0;
19.02.2026;PSZ_C_WLK-01;PSZ_C_WLK-01;0;0;0;0;0;0;0;0;0;
19.02.2026;PSZ_C_WLK-02;PSZ_C_WLK-02;0;0;0;0;0;0;0;0;0;
19.02.2026;PSZ_C_WLK-03;PSZ_C_WLK-03;0;0;0;0;0;0;0;0;0;
19.02.2026;PSZ_C_WLK-04;PSZ_C_WLK-04;0;0;0;0;0;0;0;0;0;
19.02.2026;PSZ_C_WMA-01;PSZ_C_WMA-01;0;0;0;0;0;0;0;0;0;
19.02.2026;PSZ_C_WMA-02;PSZ_C_WMA-02;0;0;0;0;0;0;0;0;0;
19.02.2026;PSZ_C_WMA-03;PSZ_C_WMA-03;0;0;0;0;0;0;0;0;0;
19.02.2026;PSZ_C_WMA-04;PSZ_C_WMA-04;0;0;0;0;0;0;0;0;0;
19.02.2026;PSZ_C_WMA-05;PSZ_C_WMA-05;0;0;0;0;0;0;0;0;0;
19.02.2026;PSZ_C_WMA-06;PSZ_C_WMA-06;0;0;0;0;0;0;0;0;0;
19.02.2026;PSZ_C_ZPO-01;PSZ_C_ZPO-01;0;0;0;0;0;0;0;0;0;
19.02.2026;PSZ_C_ZPO-02;PSZ_C_ZPO-02;0;0;0;0;0;0;0;0;0;
19.02.2026;RDN-1;RDN_20-02-26_H01;445;445;445;445;0;155;3382,7;1505301,5;2930,4;
19.02.2026;RDN-1;RDN_20-02-26_H02;435,65;435,65;435,65;435,65;0;145;3239,2;1411157,48;2751,6;
19.02.2026;RDN-1;RDN_20-02-26_H03;430;430;430;430;0;139;3091;1329130;2620,9;
19.02.2026;RDN-1;RDN_20-02-26_H04;430;430;430;430;0;148;3149,8;1354414;2607,5;
19.02.2026;RDN-1;RDN_20-02-26_H05;429;429;429;429;0;143;3201,1;1373271,9;2673,1;
19.02.2026;RDN-1;RDN_20-02-26_H06;450,86;450,86;450,86;450,86;0;156;3435;1548704,1;2994,4;
19.02.2026;RDN-1;RDN_20-02-26_H07;579;579;579;579;0;151;3723,2;2155732,8;3308,6;
19.02.2026;RDN-1;RDN_20-02-26_H08;730;716;716;730;0;166;4225;3084110;3632,1;
19.02.2026;RDN-1;RDN_20-02-26_H09;630,4;630,4;630,4;630,4;0;157;4266;2689286,4;3695,6;
19.02.2026;RDN-1;RDN_20-02-26_H10;500;500;500;500;0;136;3267,8;1633900;2879,8;
19.02.2026;RDN-1;RDN_20-02-26_H11;429,99;429,99;429,99;429,99;0;129;3370,2;1449152,298;2870,9;
19.02.2026;RDN-1;RDN_20-02-26_H12;420;420;420;420;0;137;3393,5;1425270;2872,8;
19.02.2026;RDN-1;RDN_20-02-26_H13;402,3;402,3;402,3;402,3;0;140;3412,7;1372929,21;2889,4;
19.02.2026;RDN-1;RDN_20-02-26_H14;402,9;402,9;402,9;402,9;0;142;3276,8;1320222,72;2791,5;
19.02.2026;RDN-1;RDN_20-02-26_H15;458,74;458,74;458,74;458,74;0;147;3277,8;1503657,972;2941,7;
19.02.2026;RDN-1;RDN_20-02-26_H16;533,15;533,15;533,15;533,15;0;173;3526,5;1880153,475;3012,8;
19.02.2026;RDN-1;RDN_20-02-26_H17;671,79;675;671,79;675;0;180;4351,9;2923627,101;3792,5;
19.02.2026;RDN-1;RDN_20-02-26_H18;818,9;825;818,9;825;0;189;4744,8;3885689,72;4119,8;
19.02.2026;RDN-1;RDN_20-02-26_H19;668,03;668,03;668,03;668,03;0;166;4622,2;3087768,266;4118,6;
19.02.2026;RDN-1;RDN_20-02-26_H20;573,44;573,44;573,44;573,44;0;164;4293,8;2462236,672;3946,8;
19.02.2026;RDN-1;RDN_20-02-26_H21;523,77;523;523;523,77;0;171;4185,2;2192080,818;3563,4;
19.02.2026;RDN-1;RDN_20-02-26_H22;434,02;434,02;434,02;434,02;0;149;3671,3;1593417,626;3269,8;
19.02.2026;RDN-1;RDN_20-02-26_H23;438;438;438;438;0;148;3911;1713018;3574,8;
19.02.2026;RDN-1;RDN_20-02-26_H24;372;372;372;372;0;151;3633;1351476;3209,1;
19.02.2026;RZP_A_LBL-01;RZP_A_LBL-01;0;0;0;0;0;0;0;0;0;
19.02.2026;SGT_BASE;SGT_BASE_20-02-26;0;0;0;0;0;0;0;0;0;
19.02.2026;SGT_RDB;SGT_RDB_19-02-26;0;0;0;0;0;0;0;0;0;
19.02.2026;ZTO_B_KUJ-02;ZTO_B_KUJ-02;0;0;0;0;0;0;0;0;0;
19.02.2026;ZTO_B_LBL-01;ZTO_B_LBL-01;0;0;0;0;0;0;0;0;0;
19.02.2026;ZTO_B_LBU-01;ZTO_B_LBU-01;0;0;0;0;0;0;0;0;0;
19.02.2026;ZTO_B_MAZ-01;ZTO_B_MAZ-01;0;0;0;0;0;0;0;0;0;
19.02.2026;ZTO_B_PDL-01;ZTO_B_PDL-01;0;0;0;0;0;0;0;0;0;
19.02.2026;ZTO_B_WLK-01;ZTO_B_WLK-01;0;0;0;0;0;0;0;0;0;
19.02.2026;ZTO_B_WLK-02;ZTO_B_WLK-02;0;0;0;0;0;0;0;0;0;
19.02.2026;ZTO_B_WMA-01;ZTO_B_WMA-01;0;0;0;0;0;0;0;0;0;
19.02.2026;ZTO_B_WMA-02;ZTO_B_WMA-02;0;0;0;0;0;0;0;0;0;
19.02.2026;ZTO_B_WMA-03;ZTO_B_WMA-03;0;0;0;0;0;0;0;0;0;
19.02.2026;ZTO_C_KUJ-02;ZTO_C_KUJ-02;0;0;0;0;0;0;0;0;0;
19.02.2026;ZTO_C_LBL-01;ZTO_C_LBL-01;0;0;0;0;0;0;0;0;0;
19.02.2026;ZTO_C_LBU-01;ZTO_C_LBU-01;0;0;0;0;0;0;0;0;0;
19.02.2026;ZTO_C_MAZ-01;ZTO_C_MAZ-01;0;0;0;0;0;0;0;0;0;
19.02.2026;ZTO_C_PDL-01;ZTO_C_PDL-01;0;0;0;0;0;0;0;0;0;
19.02.2026;ZTO_C_WLK-01;ZTO_C_WLK-01;0;0;0;0;0;0;0;0;0;
19.02.2026;ZTO_C_WLK-02;ZTO_C_WLK-02;0;0;0;0;0;0;0;0;0;
19.02.2026;ZTO_C_WMA-01;ZTO_C_WMA-01;0;0;0;0;0;0;0;0;0;
19.02.2026;ZTO_C_WMA-02;ZTO_C_WMA-02;0;0;0;0;0;0;0;0;0;
19.02.2026;ZTO_C_WMA-03;ZTO_C_WMA-03;0;0;0;0;0;0;0;0;0;
20.02.2026;BASE;BASE_21-02-26;380;387;375;387;0;35;177;1616328;126;
20.02.2026;BASE;BASE_22-02-26;349;349;349;349;0;1;3;25128;3;
20.02.2026;BASE_M;BASE_M-03-26;415;419;415;419;417,9;37;58;17997651,85;375;
20.02.2026;BASE_M;BASE_M-04-26;400;401;400;401,5;398,06;15;16;4617000;267;
20.02.2026;BASE_M;BASE_M-05-26;406;406;406;406;403,46;3;3;906192;103;
20.02.2026;BASE_M;BASE_M-06-26;410;410;410;410;410,79;6;6;1771200;55;
20.02.2026;BASE_M;BASE_M-07-26;0;0;0;0;438,07;0;0;0;4;
20.02.2026;BASE_M;BASE_M-08-26;0;0;0;0;430,94;0;0;0;0;
20.02.2026;BASE_Q;BASE_Q-1-27;460;462;460;462;454;3;3;2985897;12;
20.02.2026;BASE_Q;BASE_Q-2-26;407;407,5;405;408;404,1;13;13;11561222,4;632;
20.02.2026;BASE_Q;BASE_Q-2-27;392;392;392;392;393;2;3;2568384;9;
20.02.2026;BASE_Q;BASE_Q-3-26;439;439;437;440;435,2;11;11;10654704;428;
20.02.2026;BASE_Q;BASE_Q-3-27;0;0;0;0;412,5;0;0;0;0;
20.02.2026;BASE_Q;BASE_Q-4-26;459;461,1;459;462;454,17;15;16;16283975;689;
20.02.2026;BASE_W;BASE_W-09-26;421;420;418;423;426,75;15;38;2685816;49;
20.02.2026;BASE_W;BASE_W-10-26;0;0;0;0;455;0;0;0;0;
20.02.2026;BASE_W;BASE_W-11-26;0;0;0;0;419,07;0;0;0;0;
20.02.2026;BASE_W;BASE_W-12-26;0;0;0;0;419,07;0;0;0;0;
20.02.2026;BASE_W;BASE_W-13-26;0;0;0;0;419,07;0;0;0;0;
20.02.2026;BASE_WEEKEND;BASE_WEEKEND_08-26;0;0;0;0;0;0;0;0;0;
20.02.2026;BASE_Y;BASE_Y-27;427;426;425,5;427;421;33;34;126888600;916;
20.02.2026;BASE_Y;BASE_Y-28;409;410;408,5;410,5;405,4;13;13;46768212;184;
20.02.2026;BASE_Y;BASE_Y-29;396;397;396;397;395;2;2;6946680;15;
20.02.2026;BASE_Y;BASE_Y-30;0;0;0;0;395;0;0;0;0;
20.02.2026;GAS_BASE;GAS_BASE_21-02-26;177;165;160;178;0;73;3004;12598155,36;2810;
20.02.2026;GAS_BASE_M;GAS_BASE_M-01-27;164;163,75;163,75;164;165,5;7;14;1708038;195;
20.02.2026;GAS_BASE_M;GAS_BASE_M-02-27;162,25;161,5;161,5;162,25;163,5;5;13;1415736;86;
20.02.2026;GAS_BASE_M;GAS_BASE_M-03-26;170;160,5;158;170;171;13;48;5845924;20115;
20.02.2026;GAS_BASE_M;GAS_BASE_M-04-26;161,25;156,5;156,5;161,25;160,8;24;47;5340189,6;3203;
20.02.2026;GAS_BASE_M;GAS_BASE_M-05-26;150;150;150;150;151,7;1;1;111600;356;
20.02.2026;GAS_BASE_M;GAS_BASE_M-06-26;0;0;0;0;152,45;0;0;0;52;
20.02.2026;GAS_BASE_M;GAS_BASE_M-07-26;0;0;0;0;150,04;0;0;0;6;
20.02.2026;GAS_BASE_M;GAS_BASE_M-08-26;0;0;0;0;150,92;0;0;0;10;
20.02.2026;GAS_BASE_M;GAS_BASE_M-09-26;155;154,5;154,5;155;157,75;6;9;1002960;262;
20.02.2026;GAS_BASE_M;GAS_BASE_M-10-26;0;0;0;0;152,52;0;0;0;34;
20.02.2026;GAS_BASE_M;GAS_BASE_M-11-26;161,5;159,5;159,25;161,5;161;12;29;3342427;1421;
20.02.2026;GAS_BASE_M;GAS_BASE_M-12-26;164,75;162,25;162,25;164,75;164;12;27;3282907;1496;
20.02.2026;GAS_BASE_Q;GAS_BASE_Q-1-27;161;158,5;158;161;162,05;12;29;9963569;1315;
20.02.2026;GAS_BASE_Q;GAS_BASE_Q-2-26;154;152,75;152,75;154;154,95;2;2;669942;7562;
20.02.2026;GAS_BASE_Q;GAS_BASE_Q-2-27;0;0;0;0;136;0;0;0;25;
20.02.2026;GAS_BASE_Q;GAS_BASE_Q-3-26;151,7;151,7;151,7;151,7;152,85;1;5;1674768;6273;
20.02.2026;GAS_BASE_Q;GAS_BASE_Q-3-27;0;0;0;0;132,42;0;0;0;28;
20.02.2026;GAS_BASE_Q;GAS_BASE_Q-4-26;160;158;158;160;159,15;8;12;4208476;8273;
20.02.2026;GAS_BASE_S;GAS_BASE_S-S-26;0;0;0;0;153,89;0;0;0;72;
20.02.2026;GAS_BASE_S;GAS_BASE_S-S-27;0;0;0;0;134,2;0;0;0;9;
20.02.2026;GAS_BASE_S;GAS_BASE_S-W-26;0;0;0;0;160,59;0;0;0;687;
20.02.2026;GAS_BASE_S;GAS_BASE_S-W-27;139;139;139;139;140;1;2;1220976;15;
20.02.2026;GAS_BASE_W;GAS_BASE_W-09-26;168;168;168;168;168,25;1;10;282240;555;
20.02.2026;GAS_BASE_W;GAS_BASE_W-10-26;0;0;0;0;165,25;0;0;0;30;
20.02.2026;GAS_BASE_W;GAS_BASE_W-11-26;0;0;0;0;171,02;0;0;0;0;
20.02.2026;GAS_BASE_W;GAS_BASE_W-12-26;0;0;0;0;171,02;0;0;0;0;
20.02.2026;GAS_BASE_Y;GAS_BASE_Y-27;140,5;140,1;140;140,5;140,9;12;28;34399644;4089;
20.02.2026;GAS_BASE_Y;GAS_BASE_Y-28;124,5;124,75;124,5;125,2;125,38;12;24;26313087;433;
20.02.2026;GAS_BASE_Y;GAS_BASE_Y-29;0;0;0;0;114,97;0;0;0;50;
20.02.2026;GAS_BASE_Y;GAS_BASE_Y-30;0;0;0;0;109,38;0;0;0;5;
20.02.2026;GAS_RDB;GAS_RDB_20-02-26;176,05;163,9;162;180;0;97;30847;5414363,53;22973;
20.02.2026;GAS_WEEKEND;GAS_WEEKEND_08-26;177;160;160;177;0;54;1290;10445637,12;1143;
20.02.2026;GLW_BASE;GLW_BASE_21-02-26;0;0;0;0;0;0;0;0;0;
20.02.2026;GLW_RDB;GLW_RDB_20-02-26;0;0;0;0;0;0;0;0;0;
20.02.2026;KUK_A_WMA-03;KUK_A_WMA-03;0;0;0;0;0;0;0;0;0;
20.02.2026;OFFPEAK;OFFPEAK_21-02-26;0;0;0;0;0;0;0;0;0;
20.02.2026;OFFPEAK;OFFPEAK_22-02-26;0;0;0;0;0;0;0;0;0;
20.02.2026;OFFPEAK_M;OFFPEAK_M-03-26;0;0;0;0;386,26;0;0;0;0;
20.02.2026;OFFPEAK_M;OFFPEAK_M-04-26;0;0;0;0;376,58;0;0;0;0;
20.02.2026;OFFPEAK_M;OFFPEAK_M-05-26;0;0;0;0;396,91;0;0;0;0;
20.02.2026;OFFPEAK_M;OFFPEAK_M-06-26;0;0;0;0;400,68;0;0;0;0;
20.02.2026;OFFPEAK_M;OFFPEAK_M-07-26;0;0;0;0;431,06;0;0;0;0;
20.02.2026;OFFPEAK_M;OFFPEAK_M-08-26;0;0;0;0;412,23;0;0;0;0;
20.02.2026;OFFPEAK_Q;OFFPEAK_Q-1-27;0;0;0;0;411,25;0;0;0;0;
20.02.2026;OFFPEAK_Q;OFFPEAK_Q-2-26;0;0;0;0;391,56;0;0;0;0;
20.02.2026;OFFPEAK_Q;OFFPEAK_Q-2-27;0;0;0;0;379,1;0;0;0;0;
20.02.2026;OFFPEAK_Q;OFFPEAK_Q-3-26;0;0;0;0;421,38;0;0;0;0;
20.02.2026;OFFPEAK_Q;OFFPEAK_Q-3-27;0;0;0;0;389,51;0;0;0;0;
20.02.2026;OFFPEAK_Q;OFFPEAK_Q-4-26;0;0;0;0;380,51;0;0;0;0;
20.02.2026;OFFPEAK_W;OFFPEAK_W-09-26;0;0;0;0;403,02;0;0;0;0;
20.02.2026;OFFPEAK_W;OFFPEAK_W-10-26;0;0;0;0;454,05;0;0;0;0;
20.02.2026;OFFPEAK_W;OFFPEAK_W-11-26;0;0;0;0;389,15;0;0;0;0;
20.02.2026;OFFPEAK_W;OFFPEAK_W-12-26;0;0;0;0;389,15;0;0;0;0;
20.02.2026;OFFPEAK_W;OFFPEAK_W-13-26;0;0;0;0;388,82;0;0;0;0;
20.02.2026;OFFPEAK_Y;OFFPEAK_Y-27;0;0;0;0;377,81;0;0;0;0;
20.02.2026;OFFPEAK_Y;OFFPEAK_Y-28;0;0;0;0;362,98;0;0;0;0;
20.02.2026;OFFPEAK_Y;OFFPEAK_Y-29;0;0;0;0;367,61;0;0;0;0;
20.02.2026;OFFPEAK_Y;OFFPEAK_Y-30;0;0;0;0;326,42;0;0;0;0;
20.02.2026;OFFP_WEEKEND;OFFP_WEEKEND_08-26;0;0;0;0;0;0;0;0;0;
20.02.2026;PEAK;PEAK_21-02-26;0;0;0;0;0;0;0;0;0;
20.02.2026;PEAK;PEAK_22-02-26;0;0;0;0;0;0;0;0;0;
20.02.2026;PEAK5_M;PEAK5_M-03-26;0;0;0;0;457,5;0;0;0;37;
20.02.2026;PEAK5_M;PEAK5_M-04-26;0;0;0;0;425,68;0;0;0;0;
20.02.2026;PEAK5_M;PEAK5_M-05-26;0;0;0;0;413,17;0;0;0;0;
20.02.2026;PEAK5_M;PEAK5_M-06-26;0;0;0;0;423,78;0;0;0;0;
20.02.2026;PEAK5_M;PEAK5_M-07-26;0;0;0;0;446,19;0;0;0;0;
20.02.2026;PEAK5_M;PEAK5_M-08-26;0;0;0;0;456,41;0;0;0;0;
20.02.2026;PEAK5_Q;PEAK5_Q-1-27;0;0;0;0;512,12;0;0;0;0;
20.02.2026;PEAK5_Q;PEAK5_Q-2-26;0;0;0;0;421;0;0;0;33;
20.02.2026;PEAK5_Q;PEAK5_Q-2-27;0;0;0;0;411,22;0;0;0;0;
20.02.2026;PEAK5_Q;PEAK5_Q-3-26;454,75;455;454,75;455;452,2;3;5;2251755;39;
20.02.2026;PEAK5_Q;PEAK5_Q-3-27;0;0;0;0;440,78;0;0;0;0;
20.02.2026;PEAK5_Q;PEAK5_Q-4-26;550;550;550;550;550;1;1;528000;69;
20.02.2026;PEAK5_W;PEAK5_W-09-26;0;0;0;0;456,17;0;0;0;0;
20.02.2026;PEAK5_W;PEAK5_W-10-26;0;0;0;0;456,17;0;0;0;0;
20.02.2026;PEAK5_W;PEAK5_W-11-26;0;0;0;0;456,17;0;0;0;0;
20.02.2026;PEAK5_W;PEAK5_W-12-26;0;0;0;0;456,17;0;0;0;0;
20.02.2026;PEAK5_W;PEAK5_W-13-26;0;0;0;0;456,17;0;0;0;0;
20.02.2026;PEAK5_Y;PEAK5_Y-27;480;483,5;480;483,5;477,5;12;12;21986333;165;
20.02.2026;PEAK5_Y;PEAK5_Y-28;0;0;0;0;461,95;0;0;0;1;
20.02.2026;PEAK5_Y;PEAK5_Y-29;0;0;0;0;431,34;0;0;0;0;
20.02.2026;PEAK5_Y;PEAK5_Y-30;0;0;0;0;486,62;0;0;0;0;
20.02.2026;PEAK_WEEKEND;PEAK_WEEKEND_08-26;0;0;0;0;0;0;0;0;0;
20.02.2026;PSZ_B_DLS-01;PSZ_B_DLS-01;0;0;0;0;0;0;0;0;0;
20.02.2026;PSZ_B_KUJ-01;PSZ_B_KUJ-01;0;0;0;0;0;0;0;0;0;
20.02.2026;PSZ_B_KUJ-02;PSZ_B_KUJ-02;0;0;0;0;0;0;0;0;0;
20.02.2026;PSZ_B_LBL-01;PSZ_B_LBL-01;0;0;0;0;0;0;0;0;0;
20.02.2026;PSZ_B_LBL-02;PSZ_B_LBL-02;0;0;0;0;0;0;0;0;0;
20.02.2026;PSZ_B_LBL-03;PSZ_B_LBL-03;0;0;0;0;0;0;0;0;0;
20.02.2026;PSZ_B_LBL-04;PSZ_B_LBL-04;0;0;0;0;0;0;0;0;0;
20.02.2026;PSZ_B_LBL-05;PSZ_B_LBL-05;0;0;0;0;0;0;0;0;0;
20.02.2026;PSZ_B_LBL-06;PSZ_B_LBL-06;0;0;0;0;0;0;0;0;0;
20.02.2026;PSZ_B_LBL-07;PSZ_B_LBL-07;0;0;0;0;0;0;0;0;0;
20.02.2026;PSZ_B_LBU-01;PSZ_B_LBU-01;0;0;0;0;0;0;0;0;0;
20.02.2026;PSZ_B_LBU-02;PSZ_B_LBU-02;0;0;0;0;0;0;0;0;0;
20.02.2026;PSZ_B_MAZ-01;PSZ_B_MAZ-01;0;0;0;0;0;0;0;0;0;
20.02.2026;PSZ_B_MAZ-02;PSZ_B_MAZ-02;0;0;0;0;0;0;0;0;0;
20.02.2026;PSZ_B_MAZ-03;PSZ_B_MAZ-03;0;0;0;0;0;0;0;0;0;
20.02.2026;PSZ_B_OPO-01;PSZ_B_OPO-01;0;0;0;0;0;0;0;0;0;
20.02.2026;PSZ_B_OPO-02;PSZ_B_OPO-02;0;0;0;0;0;0;0;0;0;
20.02.2026;PSZ_B_PDK-01;PSZ_B_PDK-01;0;0;0;0;0;0;0;0;0;
20.02.2026;PSZ_B_PDL-01;PSZ_B_PDL-01;0;0;0;0;0;0;0;0;0;
20.02.2026;PSZ_B_POM-01;PSZ_B_POM-01;0;0;0;0;0;0;0;0;0;
20.02.2026;PSZ_B_POM-02;PSZ_B_POM-02;0;0;0;0;0;0;0;0;0;
20.02.2026;PSZ_B_WLK-01;PSZ_B_WLK-01;0;0;0;0;0;0;0;0;0;
20.02.2026;PSZ_B_WLK-02;PSZ_B_WLK-02;0;0;0;0;0;0;0;0;0;
20.02.2026;PSZ_B_WLK-03;PSZ_B_WLK-03;0;0;0;0;0;0;0;0;0;
20.02.2026;PSZ_B_WLK-04;PSZ_B_WLK-04;0;0;0;0;0;0;0;0;0;
20.02.2026;PSZ_B_WMA-01;PSZ_B_WMA-01;0;0;0;0;0;0;0;0;0;
20.02.2026;PSZ_B_WMA-02;PSZ_B_WMA-02;0;0;0;0;0;0;0;0;0;
20.02.2026;PSZ_B_WMA-03;PSZ_B_WMA-03;0;0;0;0;0;0;0;0;0;
20.02.2026;PSZ_B_WMA-04;PSZ_B_WMA-04;0;0;0;0;0;0;0;0;0;
20.02.2026;PSZ_B_WMA-05;PSZ_B_WMA-05;0;0;0;0;0;0;0;0;0;
20.02.2026;PSZ_B_WMA-06;PSZ_B_WMA-06;0;0;0;0;0;0;0;0;0;
20.02.2026;PSZ_B_ZPO-01;PSZ_B_ZPO-01;0;0;0;0;0;0;0;0;0;
20.02.2026;PSZ_B_ZPO-02;PSZ_B_ZPO-02;0;0;0;0;0;0;0;0;0;
20.02.2026;PSZ_C_DLS-01;PSZ_C_DLS-01;0;0;0;0;0;0;0;0;0;
20.02.2026;PSZ_C_KUJ-01;PSZ_C_KUJ-01;0;0;0;0;0;0;0;0;0;
20.02.2026;PSZ_C_KUJ-02;PSZ_C_KUJ-02;0;0;0;0;0;0;0;0;0;
20.02.2026;PSZ_C_LBL-01;PSZ_C_LBL-01;0;0;0;0;0;0;0;0;0;
20.02.2026;PSZ_C_LBL-02;PSZ_C_LBL-02;0;0;0;0;0;0;0;0;0;
20.02.2026;PSZ_C_LBL-03;PSZ_C_LBL-03;0;0;0;0;0;0;0;0;0;
20.02.2026;PSZ_C_LBL-04;PSZ_C_LBL-04;0;0;0;0;0;0;0;0;0;
20.02.2026;PSZ_C_LBL-05;PSZ_C_LBL-05;0;0;0;0;0;0;0;0;0;
20.02.2026;PSZ_C_LBL-06;PSZ_C_LBL-06;0;0;0;0;0;0;0;0;0;
20.02.2026;PSZ_C_LBL-07;PSZ_C_LBL-07;0;0;0;0;0;0;0;0;0;
20.02.2026;PSZ_C_LBU-01;PSZ_C_LBU-01;0;0;0;0;0;0;0;0;0;
20.02.2026;PSZ_C_LBU-02;PSZ_C_LBU-02;0;0;0;0;0;0;0;0;0;
20.02.2026;PSZ_C_MAZ-01;PSZ_C_MAZ-01;0;0;0;0;0;0;0;0;0;
20.02.2026;PSZ_C_MAZ-02;PSZ_C_MAZ-02;0;0;0;0;0;0;0;0;0;
20.02.2026;PSZ_C_MAZ-03;PSZ_C_MAZ-03;0;0;0;0;0;0;0;0;0;
20.02.2026;PSZ_C_OPO-01;PSZ_C_OPO-01;0;0;0;0;0;0;0;0;0;
20.02.2026;PSZ_C_OPO-02;PSZ_C_OPO-02;0;0;0;0;0;0;0;0;0;
20.02.2026;PSZ_C_PDK-01;PSZ_C_PDK-01;0;0;0;0;0;0;0;0;0;
20.02.2026;PSZ_C_PDL-01;PSZ_C_PDL-01;0;0;0;0;0;0;0;0;0;
20.02.2026;PSZ_C_POM-01;PSZ_C_POM-01;0;0;0;0;0;0;0;0;0;
20.02.2026;PSZ_C_POM-02;PSZ_C_POM-02;0;0;0;0;0;0;0;0;0;
20.02.2026;PSZ_C_WLK-01;PSZ_C_WLK-01;0;0;0;0;0;0;0;0;0;
20.02.2026;PSZ_C_WLK-02;PSZ_C_WLK-02;0;0;0;0;0;0;0;0;0;
20.02.2026;PSZ_C_WLK-03;PSZ_C_WLK-03;0;0;0;0;0;0;0;0;0;
20.02.2026;PSZ_C_WLK-04;PSZ_C_WLK-04;0;0;0;0;0;0;0;0;0;
20.02.2026;PSZ_C_WMA-01;PSZ_C_WMA-01;0;0;0;0;0;0;0;0;0;
20.02.2026;PSZ_C_WMA-02;PSZ_C_WMA-02;0;0;0;0;0;0;0;0;0;
20.02.2026;PSZ_C_WMA-03;PSZ_C_WMA-03;0;0;0;0;0;0;0;0;0;
20.02.2026;PSZ_C_WMA-04;PSZ_C_WMA-04;0;0;0;0;0;0;0;0;0;
20.02.2026;PSZ_C_WMA-05;PSZ_C_WMA-05;0;0;0;0;0;0;0;0;0;
20.02.2026;PSZ_C_WMA-06;PSZ_C_WMA-06;0;0;0;0;0;0;0;0;0;
20.02.2026;PSZ_C_ZPO-01;PSZ_C_ZPO-01;0;0;0;0;0;0;0;0;0;
20.02.2026;PSZ_C_ZPO-02;PSZ_C_ZPO-02;0;0;0;0;0;0;0;0;0;
20.02.2026;RDN-1;RDN_21-02-26_H01;368,9;368,9;368,9;368,9;0;156;3823;1410304,7;3331,8;
20.02.2026;RDN-1;RDN_21-02-26_H02;342,24;342,24;342,24;342,24;0;161;3712,9;1270702,896;3327,5;
20.02.2026;RDN-1;RDN_21-02-26_H03;342,24;342,24;342,24;342,24;0;159;3416,9;1169399,856;2808,7;
20.02.2026;RDN-1;RDN_21-02-26_H04;330;330;330;330;0;158;3341,1;1102563;2752,3;
20.02.2026;RDN-1;RDN_21-02-26_H05;342,24;342,24;342,24;342,24;0;158;3474,7;1189181,328;2933,6;
20.02.2026;RDN-1;RDN_21-02-26_H06;344,6;344,6;344,6;344,6;0;169;3570,4;1230359,84;3187,4;
20.02.2026;RDN-1;RDN_21-02-26_H07;371,88;371,88;371,88;371,88;0;161;3526,6;1311472,008;2946,2;
20.02.2026;RDN-1;RDN_21-02-26_H08;379,99;379,99;379,99;379,99;0;154;3477,1;1321263,229;2982,1;
20.02.2026;RDN-1;RDN_21-02-26_H09;380,19;380,19;380,19;380,19;0;157;3731,2;1418564,928;3384,4;
20.02.2026;RDN-1;RDN_21-02-26_H10;375,67;375,67;375,67;375,67;0;168;3912,9;1469959,143;3519,8;
20.02.2026;RDN-1;RDN_21-02-26_H11;373,23;373,23;373,23;373,23;0;172;4474,9;1670166,927;4036,6;
20.02.2026;RDN-1;RDN_21-02-26_H12;377,99;377,99;377,99;377,99;0;176;4439,4;1678048,806;3995;
20.02.2026;RDN-1;RDN_21-02-26_H13;377;367;367;377;0;174;4589,3;1730146,1;4160,6;
20.02.2026;RDN-1;RDN_21-02-26_H14;398,09;388;388;398,09;0;176;4502,9;1792458,561;3992,2;
20.02.2026;RDN-1;RDN_21-02-26_H15;405,99;395;395;405,99;0;170;4400,7;1786530,293;3953,8;
20.02.2026;RDN-1;RDN_21-02-26_H16;405,99;395;395;405,99;0;157;4020,9;1632335,291;3633,4;
20.02.2026;RDN-1;RDN_21-02-26_H17;433,9;450;433,9;450;0;147;3796;1647153,182;3389,6;
20.02.2026;RDN-1;RDN_21-02-26_H18;470;488;470;488;0;154;4144,8;1948164;3655,4;
20.02.2026;RDN-1;RDN_21-02-26_H19;459,39;470;459,39;470;0;156;4262,1;1958029,779;3875,6;
20.02.2026;RDN-1;RDN_21-02-26_H20;440;460;440;460;0;153;4031,3;1773912;3558,7;
20.02.2026;RDN-1;RDN_21-02-26_H21;415,67;430;415,67;430;0;153;3889,5;1616848,775;3440,4;
20.02.2026;RDN-1;RDN_21-02-26_H22;383,99;400;383,99;400;0;150;3564,2;1368713,218;3089,4;
20.02.2026;RDN-1;RDN_21-02-26_H23;363,99;380;363,99;380;0;145;3884,7;1414088,013;3369,1;
20.02.2026;RDN-1;RDN_21-02-26_H24;313;340;313;340;0;166;3800,7;1189773,792;3368,3;
20.02.2026;RZP_A_LBL-01;RZP_A_LBL-01;0;0;0;0;0;0;0;0;0;
20.02.2026;SGT_BASE;SGT_BASE_21-02-26;0;0;0;0;0;0;0;0;0;
20.02.2026;SGT_RDB;SGT_RDB_20-02-26;0;0;0;0;0;0;0;0;0;
20.02.2026;ZTO_B_KUJ-02;ZTO_B_KUJ-02;0;0;0;0;0;0;0;0;0;
20.02.2026;ZTO_B_LBL-01;ZTO_B_LBL-01;0;0;0;0;0;0;0;0;0;
20.02.2026;ZTO_B_LBU-01;ZTO_B_LBU-01;0;0;0;0;0;0;0;0;0;
20.02.2026;ZTO_B_MAZ-01;ZTO_B_MAZ-01;0;0;0;0;0;0;0;0;0;
20.02.2026;ZTO_B_PDL-01;ZTO_B_PDL-01;0;0;0;0;0;0;0;0;0;
20.02.2026;ZTO_B_WLK-01;ZTO_B_WLK-01;0;0;0;0;0;0;0;0;0;
20.02.2026;ZTO_B_WLK-02;ZTO_B_WLK-02;0;0;0;0;0;0;0;0;0;
20.02.2026;ZTO_B_WMA-01;ZTO_B_WMA-01;0;0;0;0;0;0;0;0;0;
20.02.2026;ZTO_B_WMA-02;ZTO_B_WMA-02;0;0;0;0;0;0;0;0;0;
20.02.2026;ZTO_B_WMA-03;ZTO_B_WMA-03;0;0;0;0;0;0;0;0;0;
20.02.2026;ZTO_C_KUJ-02;ZTO_C_KUJ-02;0;0;0;0;0;0;0;0;0;
20.02.2026;ZTO_C_LBL-01;ZTO_C_LBL-01;0;0;0;0;0;0;0;0;0;
20.02.2026;ZTO_C_LBU-01;ZTO_C_LBU-01;0;0;0;0;0;0;0;0;0;
20.02.2026;ZTO_C_MAZ-01;ZTO_C_MAZ-01;0;0;0;0;0;0;0;0;0;
20.02.2026;ZTO_C_PDL-01;ZTO_C_PDL-01;0;0;0;0;0;0;0;0;0;
20.02.2026;ZTO_C_WLK-01;ZTO_C_WLK-01;0;0;0;0;0;0;0;0;0;
20.02.2026;ZTO_C_WLK-02;ZTO_C_WLK-02;0;0;0;0;0;0;0;0;0;
20.02.2026;ZTO_C_WMA-01;ZTO_C_WMA-01;0;0;0;0;0;0;0;0;0;
20.02.2026;ZTO_C_WMA-02;ZTO_C_WMA-02;0;0;0;0;0;0;0;0;0;
20.02.2026;ZTO_C_WMA-03;ZTO_C_WMA-03;0;0;0;0;0;0;0;0;0;
21.02.2026;BASE;BASE_22-02-26;365;371;364;375;0;44;259;2297928;195;
21.02.2026;BASE;BASE_23-02-26;0;0;0;0;0;0;0;0;0;
21.02.2026;GAS_BASE;GAS_BASE_22-02-26;164,5;155;154,9;164,5;0;37;565;2136734,4;482;
21.02.2026;GAS_RDB;GAS_RDB_21-02-26;163;157;157;163;0;121;31122;4968762;24770;
21.02.2026;GLW_BASE;GLW_BASE_22-02-26;0;0;0;0;0;0;0;0;0;
21.02.2026;GLW_RDB;GLW_RDB_21-02-26;0;0;0;0;0;0;0;0;0;
21.02.2026;OFFPEAK;OFFPEAK_22-02-26;0;0;0;0;0;0;0;0;0;
21.02.2026;OFFPEAK;OFFPEAK_23-02-26;0;0;0;0;0;0;0;0;0;
21.02.2026;PEAK;PEAK_22-02-26;0;0;0;0;0;0;0;0;0;
21.02.2026;PEAK;PEAK_23-02-26;0;0;0;0;0;0;0;0;0;
21.02.2026;RDN-1;RDN_22-02-26_H01;261,5;235;235;261,5;0;172;3881,5;1012694,2;3451,1;
21.02.2026;RDN-1;RDN_22-02-26_H02;248,09;220;220;248,09;0;164;3497,4;866080,104;3046,9;
21.02.2026;RDN-1;RDN_22-02-26_H03;252,7;221;221;252,7;0;165;3444;868621,63;3022,3;
21.02.2026;RDN-1;RDN_22-02-26_H04;263,24;255;250;263,24;0;163;3306,8;869285,792;2827,7;
21.02.2026;RDN-1;RDN_22-02-26_H05;282,5;280;250;282,5;0;167;3467,2;977912,5;2945,8;
21.02.2026;RDN-1;RDN_22-02-26_H06;310,14;310;280;310,14;0;157;3130,5;969049,06;2823,3;
21.02.2026;RDN-1;RDN_22-02-26_H07;354,6;354,6;354,6;354,6;0;151;2642,9;937172,34;2327,4;
21.02.2026;RDN-1;RDN_22-02-26_H08;390;390;390;390;0;150;2501,4;975546;2162,2;
21.02.2026;RDN-1;RDN_22-02-26_H09;384,4;384,4;384,4;384,4;0;161;3037,5;1167615;2623,4;
21.02.2026;RDN-1;RDN_22-02-26_H10;401,8;401,8;401,8;401,8;0;175;3663;1471793,4;3159,5;
21.02.2026;RDN-1;RDN_22-02-26_H11;403,53;403,53;403,53;403,53;0;182;4081,3;1646926,989;3677,7;
21.02.2026;RDN-1;RDN_22-02-26_H12;416;400;400;416;0;192;4182,1;1739403,6;3727,6;
21.02.2026;RDN-1;RDN_22-02-26_H13;420;415;415;420;0;196;4278,5;1796945;3814,2;
21.02.2026;RDN-1;RDN_22-02-26_H14;429,93;429,93;429,93;429,93;0;196;4329,3;1861295,949;3903,8;
21.02.2026;RDN-1;RDN_22-02-26_H15;416;416;416;416;0;191;4385,7;1824451,2;4077,7;
21.02.2026;RDN-1;RDN_22-02-26_H16;430;430;430;430;0;177;3665;1575950;3354,3;
21.02.2026;RDN-1;RDN_22-02-26_H17;439,99;439,99;435;439,99;0;176;3679;1618673,31;3265,2;
21.02.2026;RDN-1;RDN_22-02-26_H18;450,36;450,36;450,36;450,36;0;160;3893,1;1753296,516;3515,8;
21.02.2026;RDN-1;RDN_22-02-26_H19;445,4;445,4;440;445,4;0;161;4159,5;1852479,3;3791,6;
21.02.2026;RDN-1;RDN_22-02-26_H20;449;449;449;449;0;162;4050;1818450;3645,3;
21.02.2026;RDN-1;RDN_22-02-26_H21;429,93;429,93;429,93;429,93;0;173;4047;1739926,71;3657,5;
21.02.2026;RDN-1;RDN_22-02-26_H22;385,99;385,99;385,99;385,99;0;169;3748,1;1446729,119;3415,7;
21.02.2026;RDN-1;RDN_22-02-26_H23;344,94;370;344,94;370;0;159;3884,6;1340029,104;3576,6;
21.02.2026;RDN-1;RDN_22-02-26_H24;265;265;238;265;0;181;3988,5;1056001,5;3625,7;
21.02.2026;SGT_BASE;SGT_BASE_22-02-26;0;0;0;0;0;0;0;0;0;
21.02.2026;SGT_RDB;SGT_RDB_21-02-26;0;0;0;0;0;0;0;0;0;
22.02.2026;BASE;BASE_23-02-26;415;405;405;415;0;14;72;705480;47;
22.02.2026;BASE;BASE_24-02-26;0;0;0;0;0;0;0;0;0;
22.02.2026;GAS_BASE;GAS_BASE_23-02-26;158;153,5;151;158;0;91;3140;11562492;2906;
22.02.2026;GAS_RDB;GAS_RDB_22-02-26;156;151;146;156;0;109;23252;3530061;15530;
22.02.2026;GLW_BASE;GLW_BASE_23-02-26;0;0;0;0;0;0;0;0;0;
22.02.2026;GLW_RDB;GLW_RDB_22-02-26;0;0;0;0;0;0;0;0;0;
22.02.2026;OFFPEAK;OFFPEAK_23-02-26;0;0;0;0;0;0;0;0;0;
22.02.2026;OFFPEAK;OFFPEAK_24-02-26;0;0;0;0;0;0;0;0;0;
22.02.2026;PEAK;PEAK_23-02-26;0;0;0;0;0;0;0;0;0;
22.02.2026;PEAK;PEAK_24-02-26;0;0;0;0;0;0;0;0;0;
22.02.2026;RDN-1;RDN_23-02-26_H01;266,02;247;247;272;0;181;3930,1;1045294,402;3633,2;
22.02.2026;RDN-1;RDN_23-02-26_H02;249;247;239;249;0;176;3891,3;968813,7;3554,1;
22.02.2026;RDN-1;RDN_23-02-26_H03;198,99;205;198,99;205;0;174;3856,4;767465,134;3561,1;
22.02.2026;RDN-1;RDN_23-02-26_H04;198,99;198,99;190;200;0;169;3931,7;782298,677;3652,9;
22.02.2026;RDN-1;RDN_23-02-26_H05;215,43;215,43;215,43;215,43;0;169;4098,8;883004,484;3863,3;
22.02.2026;RDN-1;RDN_23-02-26_H06;258,96;258,96;258,96;261;0;164;4239,5;1097881,32;3921;
22.02.2026;RDN-1;RDN_23-02-26_H07;409;409;409;409;0;165;3773,4;1543320,6;3440,5;
22.02.2026;RDN-1;RDN_23-02-26_H08;465,3;465,3;465,3;465,3;0;161;3511;1633668,3;3207;
22.02.2026;RDN-1;RDN_23-02-26_H09;471,4;471,4;471,4;471,4;0;155;3528,3;1663240,62;3176,5;
22.02.2026;RDN-1;RDN_23-02-26_H10;430,03;430,03;430;430,03;0;169;3809,8;1638327,994;3461,9;
22.02.2026;RDN-1;RDN_23-02-26_H11;400;400;400;400;0;167;3717;1486800;3408,8;
22.02.2026;RDN-1;RDN_23-02-26_H12;405,92;405,92;405,92;405,92;0;177;3835,2;1556784,384;3516;
22.02.2026;RDN-1;RDN_23-02-26_H13;395,99;395,99;395,99;395,99;0;179;3659,4;1449085,806;3353,9;
22.02.2026;RDN-1;RDN_23-02-26_H14;397,07;397,07;397,07;397,07;0;168;3492,7;1386846,389;3140,5;
22.02.2026;RDN-1;RDN_23-02-26_H15;400,41;400,41;400,41;400,41;0;165;3471,8;1390143,438;3093,1;
22.02.2026;RDN-1;RDN_23-02-26_H16;463,88;463,88;460;463,88;0;155;3399,4;1576797,272;2950,9;
22.02.2026;RDN-1;RDN_23-02-26_H17;550,8;540;540;550,8;0;178;3829,4;2108717,28;3343,9;
22.02.2026;RDN-1;RDN_23-02-26_H18;628,29;645;618,29;645;0;172;4207,2;2643780,848;3641,2;
22.02.2026;RDN-1;RDN_23-02-26_H19;604,78;620;594,78;620;0;170;3976,7;2405554,746;3357,1;
22.02.2026;RDN-1;RDN_23-02-26_H20;591;598;581;598;0;170;4340,4;2565152,4;3812,5;
22.02.2026;RDN-1;RDN_23-02-26_H21;535,17;535,17;535,17;535,17;0;159;3816,8;2042636,856;3312,5;
22.02.2026;RDN-1;RDN_23-02-26_H22;440;440;440;440;0;147;2895,3;1273932;2418,6;
22.02.2026;RDN-1;RDN_23-02-26_H23;420,51;420,51;420,51;420,51;0;141;3737,6;1571698,176;3301,6;
22.02.2026;RDN-1;RDN_23-02-26_H24;390;390;390;390;0;149;3012,7;1174953;2641,4;
22.02.2026;SGT_BASE;SGT_BASE_23-02-26;0;0;0;0;0;0;0;0;0;
22.02.2026;SGT_RDB;SGT_RDB_22-02-26;0;0;0;0;0;0;0;0;0;
23.02.2026;BASE;BASE_24-02-26;511;515;511;520;0;17;89;1106184,24;55;
23.02.2026;BASE;BASE_25-02-26;0;0;0;0;0;0;0;0;0;
23.02.2026;BASE_M;BASE_M-03-26;421;420;420;425;418,8;51;66;20710382;397;
23.02.2026;BASE_M;BASE_M-04-26;400;399;399;400;401,78;5;7;2015258,4;274;
23.02.2026;BASE_M;BASE_M-05-26;403;403;403;403;407,6;1;1;299832;103;
23.02.2026;BASE_M;BASE_M-06-26;411;411;411;411;411,6;1;1;295920;56;
23.02.2026;BASE_M;BASE_M-07-26;0;0;0;0;430;0;0;0;4;
23.02.2026;BASE_M;BASE_M-08-26;0;0;0;0;435,29;0;0;0;0;
23.02.2026;BASE_Q;BASE_Q-1-27;0;0;0;0;462;0;0;0;12;
23.02.2026;BASE_Q;BASE_Q-2-26;404,1;405;404,1;406,5;407;9;11;9748546,08;636;
23.02.2026;BASE_Q;BASE_Q-2-27;392;391;391;392;392;2;2;1710072;11;
23.02.2026;BASE_Q;BASE_Q-3-26;440;440;440;440;439,6;7;8;7772160;436;
23.02.2026;BASE_Q;BASE_Q-3-27;416,5;416;416;416,5;421,88;2;2;1838160;2;
23.02.2026;BASE_Q;BASE_Q-4-26;462;461;461;462;461,62;12;12;12241063;698;
23.02.2026;BASE_W;BASE_W-10-26;0;0;0;0;425,5;0;0;0;0;
23.02.2026;BASE_W;BASE_W-11-26;0;0;0;0;419,97;0;0;0;0;
23.02.2026;BASE_W;BASE_W-12-26;0;0;0;0;419,97;0;0;0;0;
23.02.2026;BASE_W;BASE_W-13-26;0;0;0;0;419,97;0;0;0;0;
23.02.2026;BASE_W;BASE_W-14-26;0;0;0;0;0;0;0;0;0;
23.02.2026;BASE_Y;BASE_Y-27;424;423,1;422;424;425,8;22;24;88875456;931;
23.02.2026;BASE_Y;BASE_Y-28;407;405;405;407;410,1;11;11;39185160;195;
23.02.2026;BASE_Y;BASE_Y-29;0;0;0;0;396,5;0;0;0;15;
23.02.2026;BASE_Y;BASE_Y-30;0;0;0;0;407,18;0;0;0;0;
23.02.2026;GAS_BASE;GAS_BASE_24-02-26;160,9;163,5;159;164;0;107;3824;14786030,88;3631;
23.02.2026;GAS_BASE_M;GAS_BASE_M-01-27;161,5;161,5;161,5;162,5;163,75;11;43;5176752;238;
23.02.2026;GAS_BASE_M;GAS_BASE_M-02-27;159;160,5;159;160,5;161,5;8;40;4285680;126;
23.02.2026;GAS_BASE_M;GAS_BASE_M-03-26;156,5;159,5;156,5;160;161,46;16;63;7418097,14;20115;
23.02.2026;GAS_BASE_M;GAS_BASE_M-04-26;153,2;155;153;155;156,75;24;96;10625040;3288;
23.02.2026;GAS_BASE_M;GAS_BASE_M-05-26;149,8;151;149;151,75;150;15;51;5697738;402;
23.02.2026;GAS_BASE_M;GAS_BASE_M-06-26;0;0;0;0;147,34;0;0;0;52;
23.02.2026;GAS_BASE_M;GAS_BASE_M-07-26;0;0;0;0;147,27;0;0;0;6;
23.02.2026;GAS_BASE_M;GAS_BASE_M-08-26;0;0;0;0;148,13;0;0;0;10;
23.02.2026;GAS_BASE_M;GAS_BASE_M-09-26;151,5;152,5;151,5;152,5;154,75;8;30;3277800;292;
23.02.2026;GAS_BASE_M;GAS_BASE_M-10-26;0;0;0;0;152,31;0;0;0;34;
23.02.2026;GAS_BASE_M;GAS_BASE_M-11-26;157;158;156,5;158,5;159,5;14;57;6453360;1478;
23.02.2026;GAS_BASE_M;GAS_BASE_M-12-26;159,5;160,5;159,25;161;162,25;13;61;7246374;1557;
23.02.2026;GAS_BASE_Q;GAS_BASE_Q-1-27;158,4;157,6;157,6;158,4;158,73;5;19;6481318;1334;
23.02.2026;GAS_BASE_Q;GAS_BASE_Q-2-26;0;0;0;0;151,35;0;0;0;7562;
23.02.2026;GAS_BASE_Q;GAS_BASE_Q-2-27;134;134,1;133,9;134,1;133,47;3;15;4389840;40;
23.02.2026;GAS_BASE_Q;GAS_BASE_Q-3-26;0;0;0;0;150;0;0;0;6273;
23.02.2026;GAS_BASE_Q;GAS_BASE_Q-3-27;0;0;0;0;131,65;0;0;0;28;
23.02.2026;GAS_BASE_Q;GAS_BASE_Q-4-26;156;157;156;157;158;2;6;2078669;8278;
23.02.2026;GAS_BASE_S;GAS_BASE_S-S-26;0;0;0;0;150,67;0;0;0;72;
23.02.2026;GAS_BASE_S;GAS_BASE_S-S-27;0;0;0;0;132,56;0;0;0;9;
23.02.2026;GAS_BASE_S;GAS_BASE_S-W-26;156,5;157,5;156,25;157,5;158,36;9;41;28060032;713;
23.02.2026;GAS_BASE_S;GAS_BASE_S-W-27;0;0;0;0;139;0;0;0;15;
23.02.2026;GAS_BASE_W;GAS_BASE_W-10-26;160,35;160,35;160,35;160,35;163;1;5;134694;35;
23.02.2026;GAS_BASE_W;GAS_BASE_W-11-26;0;0;0;0;161,48;0;0;0;0;
23.02.2026;GAS_BASE_W;GAS_BASE_W-12-26;0;0;0;0;161,48;0;0;0;0;
23.02.2026;GAS_BASE_W;GAS_BASE_W-13-26;0;0;0;0;0;0;0;0;0;
23.02.2026;GAS_BASE_Y;GAS_BASE_Y-27;138,75;139,5;138,75;139,75;140,18;13;29;35289660;4118;
23.02.2026;GAS_BASE_Y;GAS_BASE_Y-28;123,9;124;123,9;124;124,68;12;27;29391264;460;
23.02.2026;GAS_BASE_Y;GAS_BASE_Y-29;115,5;115,5;115,5;115,5;113,97;2;4;4047120;53;
23.02.2026;GAS_BASE_Y;GAS_BASE_Y-30;0;0;0;0;109,38;0;0;0;5;
23.02.2026;GAS_RDB;GAS_RDB_23-02-26;160,5;161,5;160;162,5;0;129;42255;6828364,16;36556;
23.02.2026;GLW_BASE;GLW_BASE_24-02-26;0;0;0;0;0;0;0;0;0;
23.02.2026;GLW_RDB;GLW_RDB_23-02-26;0;0;0;0;0;0;0;0;0;
23.02.2026;KUK_A_WMA-03;KUK_A_WMA-03;0;0;0;0;0;0;0;0;0;
23.02.2026;OFFPEAK;OFFPEAK_24-02-26;0;0;0;0;0;0;0;0;0;
23.02.2026;OFFPEAK;OFFPEAK_25-02-26;0;0;0;0;0;0;0;0;0;
23.02.2026;OFFPEAK_M;OFFPEAK_M-03-26;0;0;0;0;386,28;0;0;0;0;
23.02.2026;OFFPEAK_M;OFFPEAK_M-04-26;0;0;0;0;383,06;0;0;0;0;
23.02.2026;OFFPEAK_M;OFFPEAK_M-05-26;0;0;0;0;403,02;0;0;0;0;
23.02.2026;OFFPEAK_M;OFFPEAK_M-06-26;0;0;0;0;402;0;0;0;0;
23.02.2026;OFFPEAK_M;OFFPEAK_M-07-26;0;0;0;0;413,69;0;0;0;0;
23.02.2026;OFFPEAK_M;OFFPEAK_M-08-26;0;0;0;0;417,78;0;0;0;0;
23.02.2026;OFFPEAK_Q;OFFPEAK_Q-1-27;0;0;0;0;411,98;0;0;0;0;
23.02.2026;OFFPEAK_Q;OFFPEAK_Q-2-26;0;0;0;0;396,25;0;0;0;0;
23.02.2026;OFFPEAK_Q;OFFPEAK_Q-2-27;0;0;0;0;373,4;0;0;0;0;
23.02.2026;OFFPEAK_Q;OFFPEAK_Q-3-26;0;0;0;0;427,15;0;0;0;0;
23.02.2026;OFFPEAK_Q;OFFPEAK_Q-3-27;0;0;0;0;402,02;0;0;0;0;
23.02.2026;OFFPEAK_Q;OFFPEAK_Q-4-26;0;0;0;0;390,62;0;0;0;0;
23.02.2026;OFFPEAK_W;OFFPEAK_W-10-26;0;0;0;0;399,16;0;0;0;0;
23.02.2026;OFFPEAK_W;OFFPEAK_W-11-26;0;0;0;0;389,17;0;0;0;0;
23.02.2026;OFFPEAK_W;OFFPEAK_W-12-26;0;0;0;0;389,17;0;0;0;0;
23.02.2026;OFFPEAK_W;OFFPEAK_W-13-26;0;0;0;0;388,84;0;0;0;0;
23.02.2026;OFFPEAK_W;OFFPEAK_W-14-26;0;0;0;0;0;0;0;0;0;
23.02.2026;OFFPEAK_Y;OFFPEAK_Y-27;0;0;0;0;381,7;0;0;0;0;
23.02.2026;OFFPEAK_Y;OFFPEAK_Y-28;0;0;0;0;371,17;0;0;0;0;
23.02.2026;OFFPEAK_Y;OFFPEAK_Y-29;0;0;0;0;369;0;0;0;0;
23.02.2026;OFFPEAK_Y;OFFPEAK_Y-30;0;0;0;0;350,93;0;0;0;0;
23.02.2026;PEAK;PEAK_24-02-26;0;0;0;0;0;0;0;0;0;
23.02.2026;PEAK;PEAK_25-02-26;0;0;0;0;0;0;0;0;0;
23.02.2026;PEAK5_M;PEAK5_M-03-26;458;462;458;462;459,5;18;30;4550040;62;
23.02.2026;PEAK5_M;PEAK5_M-04-26;0;0;0;0;425,84;0;0;0;0;
23.02.2026;PEAK5_M;PEAK5_M-05-26;0;0;0;0;414,38;0;0;0;0;
23.02.2026;PEAK5_M;PEAK5_M-06-26;0;0;0;0;423,94;0;0;0;0;
23.02.2026;PEAK5_M;PEAK5_M-07-26;0;0;0;0;448,87;0;0;0;0;
23.02.2026;PEAK5_M;PEAK5_M-08-26;0;0;0;0;459,15;0;0;0;0;
23.02.2026;PEAK5_Q;PEAK5_Q-1-27;0;0;0;0;530;0;0;0;0;
23.02.2026;PEAK5_Q;PEAK5_Q-2-26;420;420;420;420;421,5;2;4;1562400;36;
23.02.2026;PEAK5_Q;PEAK5_Q-2-27;0;0;0;0;416,39;0;0;0;0;
23.02.2026;PEAK5_Q;PEAK5_Q-3-26;455;455;455;455;454,92;1;2;900900;41;
23.02.2026;PEAK5_Q;PEAK5_Q-3-27;0;0;0;0;446,32;0;0;0;0;
23.02.2026;PEAK5_Q;PEAK5_Q-4-26;552;554;552;554;554;2;4;2123520;73;
23.02.2026;PEAK5_W;PEAK5_W-10-26;0;0;0;0;458,17;0;0;0;0;
23.02.2026;PEAK5_W;PEAK5_W-11-26;0;0;0;0;458,17;0;0;0;0;
23.02.2026;PEAK5_W;PEAK5_W-12-26;0;0;0;0;458,17;0;0;0;0;
23.02.2026;PEAK5_W;PEAK5_W-13-26;0;0;0;0;458,17;0;0;0;0;
23.02.2026;PEAK5_W;PEAK5_W-14-26;0;0;0;0;0;0;0;0;0;
23.02.2026;PEAK5_Y;PEAK5_Y-27;0;0;0;0;483,5;0;0;0;165;
23.02.2026;PEAK5_Y;PEAK5_Y-28;0;0;0;0;462;0;0;0;1;
23.02.2026;PEAK5_Y;PEAK5_Y-29;0;0;0;0;432,98;0;0;0;0;
23.02.2026;PEAK5_Y;PEAK5_Y-30;0;0;0;0;482,33;0;0;0;0;
23.02.2026;PMBG;PMBG;0;0;0;0;0;0;0;0;0;
23.02.2026;PMEF-2025;PMEF-2025;0;0;0;0;0;0;0;0;0;
23.02.2026;PMEF-2026;PMEF-2026;0;0;0;0;0;0;0;0;0;
23.02.2026;PMEF_F;PMEF_F;0;0;0;0;0;0;0;0;91565769;
23.02.2026;PMOZE;PMOZE;0;0;0;0;0;0;0;0;0;
23.02.2026;PMOZE_A;PMOZE_A;0;0;0;0;0;5;10992895;0;9607808964;
23.02.2026;PMOZE-BIO;PMOZE-BIO;0;0;0;0;0;0;0;0;552938672;
23.02.2026;PSZ_B_DLS-01;PSZ_B_DLS-01;0;0;0;0;0;0;0;0;0;
23.02.2026;PSZ_B_KUJ-01;PSZ_B_KUJ-01;0;0;0;0;0;0;0;0;0;
23.02.2026;PSZ_B_KUJ-02;PSZ_B_KUJ-02;0;0;0;0;0;0;0;0;0;
23.02.2026;PSZ_B_LBL-01;PSZ_B_LBL-01;0;0;0;0;0;0;0;0;0;
23.02.2026;PSZ_B_LBL-02;PSZ_B_LBL-02;0;0;0;0;0;0;0;0;0;
23.02.2026;PSZ_B_LBL-03;PSZ_B_LBL-03;0;0;0;0;0;0;0;0;0;
23.02.2026;PSZ_B_LBL-04;PSZ_B_LBL-04;0;0;0;0;0;0;0;0;0;
23.02.2026;PSZ_B_LBL-05;PSZ_B_LBL-05;0;0;0;0;0;0;0;0;0;
23.02.2026;PSZ_B_LBL-06;PSZ_B_LBL-06;0;0;0;0;0;0;0;0;0;
23.02.2026;PSZ_B_LBL-07;PSZ_B_LBL-07;0;0;0;0;0;0;0;0;0;
23.02.2026;PSZ_B_LBU-01;PSZ_B_LBU-01;0;0;0;0;0;0;0;0;0;
23.02.2026;PSZ_B_LBU-02;PSZ_B_LBU-02;0;0;0;0;0;0;0;0;0;
23.02.2026;PSZ_B_MAZ-01;PSZ_B_MAZ-01;0;0;0;0;0;0;0;0;0;
23.02.2026;PSZ_B_MAZ-02;PSZ_B_MAZ-02;0;0;0;0;0;0;0;0;0;
23.02.2026;PSZ_B_MAZ-03;PSZ_B_MAZ-03;0;0;0;0;0;0;0;0;0;
23.02.2026;PSZ_B_OPO-01;PSZ_B_OPO-01;0;0;0;0;0;0;0;0;0;
23.02.2026;PSZ_B_OPO-02;PSZ_B_OPO-02;0;0;0;0;0;0;0;0;0;
23.02.2026;PSZ_B_PDK-01;PSZ_B_PDK-01;0;0;0;0;0;0;0;0;0;
23.02.2026;PSZ_B_PDL-01;PSZ_B_PDL-01;0;0;0;0;0;0;0;0;0;
23.02.2026;PSZ_B_POM-01;PSZ_B_POM-01;0;0;0;0;0;0;0;0;0;
23.02.2026;PSZ_B_POM-02;PSZ_B_POM-02;0;0;0;0;0;0;0;0;0;
23.02.2026;PSZ_B_WLK-01;PSZ_B_WLK-01;0;0;0;0;0;0;0;0;0;
23.02.2026;PSZ_B_WLK-02;PSZ_B_WLK-02;0;0;0;0;0;0;0;0;0;
23.02.2026;PSZ_B_WLK-03;PSZ_B_WLK-03;0;0;0;0;0;0;0;0;0;
23.02.2026;PSZ_B_WLK-04;PSZ_B_WLK-04;0;0;0;0;0;0;0;0;0;
23.02.2026;PSZ_B_WMA-01;PSZ_B_WMA-01;0;0;0;0;0;0;0;0;0;
23.02.2026;PSZ_B_WMA-02;PSZ_B_WMA-02;0;0;0;0;0;0;0;0;0;
23.02.2026;PSZ_B_WMA-03;PSZ_B_WMA-03;0;0;0;0;0;0;0;0;0;
23.02.2026;PSZ_B_WMA-04;PSZ_B_WMA-04;0;0;0;0;0;0;0;0;0;
23.02.2026;PSZ_B_WMA-05;PSZ_B_WMA-05;0;0;0;0;0;0;0;0;0;
23.02.2026;PSZ_B_WMA-06;PSZ_B_WMA-06;0;0;0;0;0;0;0;0;0;
23.02.2026;PSZ_B_ZPO-01;PSZ_B_ZPO-01;0;0;0;0;0;0;0;0;0;
23.02.2026;PSZ_B_ZPO-02;PSZ_B_ZPO-02;0;0;0;0;0;0;0;0;0;
23.02.2026;PSZ_C_DLS-01;PSZ_C_DLS-01;0;0;0;0;0;0;0;0;0;
23.02.2026;PSZ_C_KUJ-01;PSZ_C_KUJ-01;0;0;0;0;0;0;0;0;0;
23.02.2026;PSZ_C_KUJ-02;PSZ_C_KUJ-02;0;0;0;0;0;0;0;0;0;
23.02.2026;PSZ_C_LBL-01;PSZ_C_LBL-01;0;0;0;0;0;0;0;0;0;
23.02.2026;PSZ_C_LBL-02;PSZ_C_LBL-02;0;0;0;0;0;0;0;0;0;
23.02.2026;PSZ_C_LBL-03;PSZ_C_LBL-03;0;0;0;0;0;0;0;0;0;
23.02.2026;PSZ_C_LBL-04;PSZ_C_LBL-04;0;0;0;0;0;0;0;0;0;
23.02.2026;PSZ_C_LBL-05;PSZ_C_LBL-05;0;0;0;0;0;0;0;0;0;
23.02.2026;PSZ_C_LBL-06;PSZ_C_LBL-06;0;0;0;0;0;0;0;0;0;
23.02.2026;PSZ_C_LBL-07;PSZ_C_LBL-07;0;0;0;0;0;0;0;0;0;
23.02.2026;PSZ_C_LBU-01;PSZ_C_LBU-01;0;0;0;0;0;0;0;0;0;
23.02.2026;PSZ_C_LBU-02;PSZ_C_LBU-02;0;0;0;0;0;0;0;0;0;
23.02.2026;PSZ_C_MAZ-01;PSZ_C_MAZ-01;0;0;0;0;0;0;0;0;0;
23.02.2026;PSZ_C_MAZ-02;PSZ_C_MAZ-02;0;0;0;0;0;0;0;0;0;
23.02.2026;PSZ_C_MAZ-03;PSZ_C_MAZ-03;0;0;0;0;0;0;0;0;0;
23.02.2026;PSZ_C_OPO-01;PSZ_C_OPO-01;0;0;0;0;0;0;0;0;0;
23.02.2026;PSZ_C_OPO-02;PSZ_C_OPO-02;0;0;0;0;0;0;0;0;0;
23.02.2026;PSZ_C_PDK-01;PSZ_C_PDK-01;0;0;0;0;0;0;0;0;0;
23.02.2026;PSZ_C_PDL-01;PSZ_C_PDL-01;0;0;0;0;0;0;0;0;0;
23.02.2026;PSZ_C_POM-01;PSZ_C_POM-01;0;0;0;0;0;0;0;0;0;
23.02.2026;PSZ_C_POM-02;PSZ_C_POM-02;0;0;0;0;0;0;0;0;0;
23.02.2026;PSZ_C_WLK-01;PSZ_C_WLK-01;0;0;0;0;0;0;0;0;0;
23.02.2026;PSZ_C_WLK-02;PSZ_C_WLK-02;0;0;0;0;0;0;0;0;0;
23.02.2026;PSZ_C_WLK-03;PSZ_C_WLK-03;0;0;0;0;0;0;0;0;0;
23.02.2026;PSZ_C_WLK-04;PSZ_C_WLK-04;0;0;0;0;0;0;0;0;0;
23.02.2026;PSZ_C_WMA-01;PSZ_C_WMA-01;0;0;0;0;0;0;0;0;0;
23.02.2026;PSZ_C_WMA-02;PSZ_C_WMA-02;0;0;0;0;0;0;0;0;0;
23.02.2026;PSZ_C_WMA-03;PSZ_C_WMA-03;0;0;0;0;0;0;0;0;0;
23.02.2026;PSZ_C_WMA-04;PSZ_C_WMA-04;0;0;0;0;0;0;0;0;0;
23.02.2026;PSZ_C_WMA-05;PSZ_C_WMA-05;0;0;0;0;0;0;0;0;0;
23.02.2026;PSZ_C_WMA-06;PSZ_C_WMA-06;0;0;0;0;0;0;0;0;0;
23.02.2026;PSZ_C_ZPO-01;PSZ_C_ZPO-01;0;0;0;0;0;0;0;0;0;
23.02.2026;PSZ_C_ZPO-02;PSZ_C_ZPO-02;0;0;0;0;0;0;0;0;0;
23.02.2026;RDN-1;RDN_24-02-26_H01;396,02;386,02;386,02;396,02;0;136;2489,3;985632,286;2126,9;
23.02.2026;RDN-1;RDN_24-02-26_H02;390;380;380;390;0;136;2234,5;871334,9;1803,4;
23.02.2026;RDN-1;RDN_24-02-26_H03;397,94;387,94;387,94;397,94;0;144;2486,9;989437,486;1879,3;
23.02.2026;RDN-1;RDN_24-02-26_H04;393,77;383,77;383,77;393,77;0;141;2592,2;1020630,594;1945,3;
23.02.2026;RDN-1;RDN_24-02-26_H05;391;381;381;391;0;137;2581,5;1009266,5;1906,9;
23.02.2026;RDN-1;RDN_24-02-26_H06;420;410;410;420;0;135;2644,9;1110820;1956,3;
23.02.2026;RDN-1;RDN_24-02-26_H07;490;490;485;490;0;167;3560,3;1744528;3163,7;
23.02.2026;RDN-1;RDN_24-02-26_H08;599,9;580;580;599,9;0;155;3644,2;2185920,26;3096,1;
23.02.2026;RDN-1;RDN_24-02-26_H09;712,1;690;690;712,1;0;181;3882,1;2764058,32;3332,7;
23.02.2026;RDN-1;RDN_24-02-26_H10;619,89;616;615;619,89;0;171;4100,6;2541643,084;3560,5;
23.02.2026;RDN-1;RDN_24-02-26_H11;525;515;515;525;0;149;3444,8;1808482;2975,2;
23.02.2026;RDN-1;RDN_24-02-26_H12;498,44;488,44;488,44;498,44;0;150;3553,2;1771019,008;3137,7;
23.02.2026;RDN-1;RDN_24-02-26_H13;460,79;460,79;460,79;460,79;0;149;3611,3;1664050,927;3236,2;
23.02.2026;RDN-1;RDN_24-02-26_H14;458,96;450;450;458,96;0;159;3994,7;1833238,712;3405,2;
23.02.2026;RDN-1;RDN_24-02-26_H15;463,7;463,7;463,7;463,7;0;155;3550,1;1646181,37;3032,7;
23.02.2026;RDN-1;RDN_24-02-26_H16;505,3;500;500;505,3;0;149;3395;1715440,5;2972,4;
23.02.2026;RDN-1;RDN_24-02-26_H17;616;610;610;616;0;162;4073,1;2508969,6;3432,6;
23.02.2026;RDN-1;RDN_24-02-26_H18;743,51;743,51;738;743,51;0;157;4289,4;3189156,694;3786,5;
23.02.2026;RDN-1;RDN_24-02-26_H19;794,5;794,5;794,5;794,5;0;181;4729,4;3757508,3;4107,7;
23.02.2026;RDN-1;RDN_24-02-26_H20;737;737;730;737;0;175;5020,3;3699611,1;4342,4;
23.02.2026;RDN-1;RDN_24-02-26_H21;618;608;608;618;0;168;4779,2;2953445,6;4158;
23.02.2026;RDN-1;RDN_24-02-26_H22;521,01;511,01;511,01;521,01;0;153;3402;1772403,02;2970,1;
23.02.2026;RDN-1;RDN_24-02-26_H23;464;464;464;464;0;169;4430,7;2055844,8;3906,3;
23.02.2026;RDN-1;RDN_24-02-26_H24;428,23;428,23;428,23;428,23;0;159;3801,9;1628087,637;3278,4;
23.02.2026;RZP_A_LBL-01;RZP_A_LBL-01;0;0;0;0;0;0;0;0;0;
23.02.2026;SGT_BASE;SGT_BASE_24-02-26;0;0;0;0;0;0;0;0;0;
23.02.2026;SGT_RDB;SGT_RDB_23-02-26;0;0;0;0;0;0;0;0;0;
23.02.2026;ZTO_B_KUJ-02;ZTO_B_KUJ-02;0;0;0;0;0;0;0;0;0;
23.02.2026;ZTO_B_LBL-01;ZTO_B_LBL-01;0;0;0;0;0;0;0;0;0;
23.02.2026;ZTO_B_LBU-01;ZTO_B_LBU-01;0;0;0;0;0;0;0;0;0;
23.02.2026;ZTO_B_MAZ-01;ZTO_B_MAZ-01;0;0;0;0;0;0;0;0;0;
23.02.2026;ZTO_B_PDL-01;ZTO_B_PDL-01;0;0;0;0;0;0;0;0;0;
23.02.2026;ZTO_B_WLK-01;ZTO_B_WLK-01;0;0;0;0;0;0;0;0;0;
23.02.2026;ZTO_B_WLK-02;ZTO_B_WLK-02;0;0;0;0;0;0;0;0;0;
23.02.2026;ZTO_B_WMA-01;ZTO_B_WMA-01;0;0;0;0;0;0;0;0;0;
23.02.2026;ZTO_B_WMA-02;ZTO_B_WMA-02;0;0;0;0;0;0;0;0;0;
23.02.2026;ZTO_B_WMA-03;ZTO_B_WMA-03;0;0;0;0;0;0;0;0;0;
23.02.2026;ZTO_C_KUJ-02;ZTO_C_KUJ-02;0;0;0;0;0;0;0;0;0;
23.02.2026;ZTO_C_LBL-01;ZTO_C_LBL-01;0;0;0;0;0;0;0;0;0;
23.02.2026;ZTO_C_LBU-01;ZTO_C_LBU-01;0;0;0;0;0;0;0;0;0;
23.02.2026;ZTO_C_MAZ-01;ZTO_C_MAZ-01;0;0;0;0;0;0;0;0;0;
23.02.2026;ZTO_C_PDL-01;ZTO_C_PDL-01;0;0;0;0;0;0;0;0;0;
23.02.2026;ZTO_C_WLK-01;ZTO_C_WLK-01;0;0;0;0;0;0;0;0;0;
23.02.2026;ZTO_C_WLK-02;ZTO_C_WLK-02;0;0;0;0;0;0;0;0;0;
23.02.2026;ZTO_C_WMA-01;ZTO_C_WMA-01;0;0;0;0;0;0;0;0;0;
23.02.2026;ZTO_C_WMA-02;ZTO_C_WMA-02;0;0;0;0;0;0;0;0;0;
23.02.2026;ZTO_C_WMA-03;ZTO_C_WMA-03;0;0;0;0;0;0;0;0;0;
24.02.2026;BASE;BASE_25-02-26;510;493;490;510;0;31;168;2010912;123;
24.02.2026;BASE;BASE_26-02-26;0;0;0;0;0;0;0;0;0;
24.02.2026;BASE_M;BASE_M-03-26;418;411;411;418;421,4;63;105;32334037,46;468;
24.02.2026;BASE_M;BASE_M-04-26;395;391;391;395;399,5;17;20;5669280;292;
24.02.2026;BASE_M;BASE_M-05-26;399;395;395;399;404,81;7;7;2066832;109;
24.02.2026;BASE_M;BASE_M-06-26;402;402;401,5;402;411,91;6;6;1736280;61;
24.02.2026;BASE_M;BASE_M-07-26;0;0;0;0;433,5;0;0;0;4;
24.02.2026;BASE_M;BASE_M-08-26;0;0;0;0;435;0;0;0;0;
24.02.2026;BASE_Q;BASE_Q-1-27;0;0;0;0;461;0;0;0;12;
24.02.2026;BASE_Q;BASE_Q-2-26;400;396;395,5;400;405,4;23;26;22519005,6;656;
24.02.2026;BASE_Q;BASE_Q-2-27;389;389;389;389;391,5;3;3;2548728;14;
24.02.2026;BASE_Q;BASE_Q-3-26;432;432;432;432,01;440;10;10;9538582;447;
24.02.2026;BASE_Q;BASE_Q-3-27;0;0;0;0;416,25;0;0;0;2;
24.02.2026;BASE_Q;BASE_Q-4-26;458;455;455;458;461,5;23;27;27167431;722;
24.02.2026;BASE_W;BASE_W-10-26;0;0;0;0;427;0;0;0;0;
24.02.2026;BASE_W;BASE_W-11-26;0;0;0;0;435;0;0;0;0;
24.02.2026;BASE_W;BASE_W-12-26;0;0;0;0;422,58;0;0;0;0;
24.02.2026;BASE_W;BASE_W-13-26;0;0;0;0;422,58;0;0;0;0;
24.02.2026;BASE_W;BASE_W-14-26;405;405;405;405;401,74;1;5;340200;5;
24.02.2026;BASE_Y;BASE_Y-27;423,05;418,75;418,75;423,05;423,02;14;15;55116168;941;
24.02.2026;BASE_Y;BASE_Y-28;402;400;399,99;402;405;8;9;31648664;203;
24.02.2026;BASE_Y;BASE_Y-29;0;0;0;0;396,55;0;0;0;15;
24.02.2026;BASE_Y;BASE_Y-30;0;0;0;0;399;0;0;0;0;
24.02.2026;F-OZE;F-OZE_05-26;0;0;0;0;25,09;0;0;0;0;
24.02.2026;F-OZE;F-OZE_05-27;0;0;0;0;25,09;0;0;0;0;
24.02.2026;F-OZE;F-OZE_11-26;0;0;0;0;25,09;0;0;0;0;
24.02.2026;F-OZE;F-OZE_11-27;0;0;0;0;25,09;0;0;0;0;
24.02.2026;GAS_BASE;GAS_BASE_25-02-26;162,01;164,5;162;164,9;0;129;4989;19534589,52;4815;
24.02.2026;GAS_BASE_M;GAS_BASE_M-01-27;161;159;159;161;162,1;9;40;4760484;278;
24.02.2026;GAS_BASE_M;GAS_BASE_M-02-27;158,5;156,5;156,5;158,5;159,7;9;40;4231248;166;
24.02.2026;GAS_BASE_M;GAS_BASE_M-03-26;157,5;157;156,6;157,5;159,6;24;58;6762942,03;20125;
24.02.2026;GAS_BASE_M;GAS_BASE_M-04-26;152;151,3;151;153,25;153,41;16;34;3712716;3318;
24.02.2026;GAS_BASE_M;GAS_BASE_M-05-26;149,5;148,25;148,25;149,5;149,59;6;9;995658;411;
24.02.2026;GAS_BASE_M;GAS_BASE_M-06-26;0;0;0;0;143,5;0;0;0;52;
24.02.2026;GAS_BASE_M;GAS_BASE_M-07-26;0;0;0;0;135,43;0;0;0;6;
24.02.2026;GAS_BASE_M;GAS_BASE_M-08-26;0;0;0;0;136,23;0;0;0;10;
24.02.2026;GAS_BASE_M;GAS_BASE_M-09-26;151,5;149,5;149,5;151,5;152,1;6;20;2173680;312;
24.02.2026;GAS_BASE_M;GAS_BASE_M-10-26;0;0;0;0;151,64;0;0;0;34;
24.02.2026;GAS_BASE_M;GAS_BASE_M-11-26;157;155;155;157;157,8;12;51;5727960;1529;
24.02.2026;GAS_BASE_M;GAS_BASE_M-12-26;159,25;157,5;157,5;159,5;160,15;17;64;7545090;1621;
24.02.2026;GAS_BASE_Q;GAS_BASE_Q-1-27;156,75;155,5;154,45;157,25;157,3;21;57;19190466;1384;
24.02.2026;GAS_BASE_Q;GAS_BASE_Q-2-26;0;0;0;0;148,84;0;0;0;7562;
24.02.2026;GAS_BASE_Q;GAS_BASE_Q-2-27;133;133;132,5;133,25;134;6;11;3194100;51;
24.02.2026;GAS_BASE_Q;GAS_BASE_Q-3-26;0;0;0;0;141,14;0;0;0;6273;
24.02.2026;GAS_BASE_Q;GAS_BASE_Q-3-27;0;0;0;0;131,3;0;0;0;28;
24.02.2026;GAS_BASE_Q;GAS_BASE_Q-4-26;156;154,5;154,5;156;156,51;6;22;7555885;8300;
24.02.2026;GAS_BASE_S;GAS_BASE_S-S-26;0;0;0;0;144,97;0;0;0;72;
24.02.2026;GAS_BASE_S;GAS_BASE_S-S-27;0;0;0;0;132,64;0;0;0;9;
24.02.2026;GAS_BASE_S;GAS_BASE_S-W-26;156;154,75;154,75;156;156,9;2;10;6786780;723;
24.02.2026;GAS_BASE_S;GAS_BASE_S-W-27;0;0;0;0;135,25;0;0;0;15;
24.02.2026;GAS_BASE_W;GAS_BASE_W-10-26;158,75;158,65;158,65;158,75;160,35;2;10;266616;45;
24.02.2026;GAS_BASE_W;GAS_BASE_W-11-26;0;0;0;0;158,68;0;0;0;0;
24.02.2026;GAS_BASE_W;GAS_BASE_W-12-26;0;0;0;0;159,62;0;0;0;0;
24.02.2026;GAS_BASE_W;GAS_BASE_W-13-26;0;0;0;0;159,62;0;0;0;0;
24.02.2026;GAS_BASE_Y;GAS_BASE_Y-27;139,25;138,25;138;139,25;139,4;9;13;15802602;4131;
24.02.2026;GAS_BASE_Y;GAS_BASE_Y-28;123,9;123,25;123;123,9;123,98;15;19;20596020;476;
24.02.2026;GAS_BASE_Y;GAS_BASE_Y-29;0;0;0;0;115,5;0;0;0;53;
24.02.2026;GAS_BASE_Y;GAS_BASE_Y-30;0;0;0;0;108,75;0;0;0;5;
24.02.2026;GAS_RDB;GAS_RDB_24-02-26;160;165;160;165;0;115;39081;6403343,25;35218;
24.02.2026;GLW_BASE;GLW_BASE_25-02-26;0;0;0;0;0;0;0;0;0;
24.02.2026;GLW_RDB;GLW_RDB_24-02-26;0;0;0;0;0;0;0;0;0;
24.02.2026;KUK_A_WMA-03;KUK_A_WMA-03;0;0;0;0;0;0;0;0;0;
24.02.2026;OFFPEAK;OFFPEAK_25-02-26;0;0;0;0;0;0;0;0;0;
24.02.2026;OFFPEAK;OFFPEAK_26-02-26;0;0;0;0;0;0;0;0;0;
24.02.2026;OFFPEAK_M;OFFPEAK_M-03-26;0;0;0;0;389,2;0;0;0;0;
24.02.2026;OFFPEAK_M;OFFPEAK_M-04-26;0;0;0;0;383,72;0;0;0;0;
24.02.2026;OFFPEAK_M;OFFPEAK_M-05-26;0;0;0;0;400,64;0;0;0;0;
24.02.2026;OFFPEAK_M;OFFPEAK_M-06-26;0;0;0;0;398,77;0;0;0;0;
24.02.2026;OFFPEAK_M;OFFPEAK_M-07-26;0;0;0;0;420,14;0;0;0;0;
24.02.2026;OFFPEAK_M;OFFPEAK_M-08-26;0;0;0;0;417,21;0;0;0;0;
24.02.2026;OFFPEAK_Q;OFFPEAK_Q-1-27;0;0;0;0;421,03;0;0;0;0;
24.02.2026;OFFPEAK_Q;OFFPEAK_Q-2-26;0;0;0;0;394,57;0;0;0;0;
24.02.2026;OFFPEAK_Q;OFFPEAK_Q-2-27;0;0;0;0;374,49;0;0;0;0;
24.02.2026;OFFPEAK_Q;OFFPEAK_Q-3-26;0;0;0;0;427,81;0;0;0;0;
24.02.2026;OFFPEAK_Q;OFFPEAK_Q-3-27;0;0;0;0;394,06;0;0;0;0;
24.02.2026;OFFPEAK_Q;OFFPEAK_Q-4-26;0;0;0;0;391,17;0;0;0;0;
24.02.2026;OFFPEAK_W;OFFPEAK_W-10-26;0;0;0;0;397,3;0;0;0;0;
24.02.2026;OFFPEAK_W;OFFPEAK_W-11-26;0;0;0;0;411,75;0;0;0;0;
24.02.2026;OFFPEAK_W;OFFPEAK_W-12-26;0;0;0;0;389,31;0;0;0;0;
24.02.2026;OFFPEAK_W;OFFPEAK_W-13-26;0;0;0;0;388,95;0;0;0;0;
24.02.2026;OFFPEAK_W;OFFPEAK_W-14-26;0;0;0;0;381,59;0;0;0;0;
24.02.2026;OFFPEAK_Y;OFFPEAK_Y-27;0;0;0;0;379,09;0;0;0;0;
24.02.2026;OFFPEAK_Y;OFFPEAK_Y-28;0;0;0;0;362,62;0;0;0;0;
24.02.2026;OFFPEAK_Y;OFFPEAK_Y-29;0;0;0;0;346,84;0;0;0;0;
24.02.2026;OFFPEAK_Y;OFFPEAK_Y-30;0;0;0;0;341,3;0;0;0;0;
24.02.2026;PEAK;PEAK_25-02-26;0;0;0;0;0;0;0;0;0;
24.02.2026;PEAK;PEAK_26-02-26;0;0;0;0;0;0;0;0;0;
24.02.2026;PEAK5_M;PEAK5_M-03-26;457;455;453;457;461,7;16;25;3754410;82;
24.02.2026;PEAK5_M;PEAK5_M-04-26;0;0;0;0;419,79;0;0;0;0;
24.02.2026;PEAK5_M;PEAK5_M-05-26;0;0;0;0;410,99;0;0;0;0;
24.02.2026;PEAK5_M;PEAK5_M-06-26;0;0;0;0;428,79;0;0;0;0;
24.02.2026;PEAK5_M;PEAK5_M-07-26;0;0;0;0;448,95;0;0;0;0;
24.02.2026;PEAK5_M;PEAK5_M-08-26;0;0;0;0;459,23;0;0;0;0;
24.02.2026;PEAK5_Q;PEAK5_Q-1-27;0;0;0;0;515,34;0;0;0;0;
24.02.2026;PEAK5_Q;PEAK5_Q-2-26;414;414;414;414;420;2;3;1155060;39;
24.02.2026;PEAK5_Q;PEAK5_Q-2-27;0;0;0;0;413,81;0;0;0;0;
24.02.2026;PEAK5_Q;PEAK5_Q-3-26;455;455;455;455;455;1;1;450450;41;
24.02.2026;PEAK5_Q;PEAK5_Q-3-27;0;0;0;0;443,55;0;0;0;0;
24.02.2026;PEAK5_Q;PEAK5_Q-4-26;550;552;550;552;553;13;19;10038720;88;
24.02.2026;PEAK5_W;PEAK5_W-10-26;0;0;0;0;463,83;0;0;0;0;
24.02.2026;PEAK5_W;PEAK5_W-11-26;0;0;0;0;463,83;0;0;0;0;
24.02.2026;PEAK5_W;PEAK5_W-12-26;0;0;0;0;463,83;0;0;0;0;
24.02.2026;PEAK5_W;PEAK5_W-13-26;0;0;0;0;463,83;0;0;0;0;
24.02.2026;PEAK5_W;PEAK5_W-14-26;0;0;0;0;426,73;0;0;0;0;
24.02.2026;PEAK5_Y;PEAK5_Y-27;0;0;0;0;480,5;0;0;0;165;
24.02.2026;PEAK5_Y;PEAK5_Y-28;0;0;0;0;461,5;0;0;0;1;
24.02.2026;PEAK5_Y;PEAK5_Y-29;0;0;0;0;462,5;0;0;0;0;
24.02.2026;PEAK5_Y;PEAK5_Y-30;0;0;0;0;476,09;0;0;0;0;
24.02.2026;PMBG;PMBG;0;0;0;0;0;0;0;0;0;
24.02.2026;PMEF-2025;PMEF-2025;0;0;0;0;0;0;0;0;0;
24.02.2026;PMEF-2026;PMEF-2026;0;0;0;0;0;0;0;0;0;
24.02.2026;PMEF_F;PMEF_F;2327,05;2327,05;2327,02;2327,2;0;25;1388518;3231165320;91565769;
24.02.2026;PMOZE;PMOZE;0;0;0;0;0;0;0;0;0;
24.02.2026;PMOZE_A;PMOZE_A;25;25,6;25;25,6;0;67;46285991;1169533625;9618801859;
24.02.2026;PMOZE-BIO;PMOZE-BIO;300;300,03;300;300,5;0;28;8116620;2435176027;552938672;
24.02.2026;PSZ_B_DLS-01;PSZ_B_DLS-01;0;0;0;0;0;0;0;0;0;
24.02.2026;PSZ_B_KUJ-01;PSZ_B_KUJ-01;0;0;0;0;0;0;0;0;0;
24.02.2026;PSZ_B_KUJ-02;PSZ_B_KUJ-02;0;0;0;0;0;0;0;0;0;
24.02.2026;PSZ_B_LBL-01;PSZ_B_LBL-01;0;0;0;0;0;0;0;0;0;
24.02.2026;PSZ_B_LBL-02;PSZ_B_LBL-02;0;0;0;0;0;0;0;0;0;
24.02.2026;PSZ_B_LBL-03;PSZ_B_LBL-03;0;0;0;0;0;0;0;0;0;
24.02.2026;PSZ_B_LBL-04;PSZ_B_LBL-04;0;0;0;0;0;0;0;0;0;
24.02.2026;PSZ_B_LBL-05;PSZ_B_LBL-05;0;0;0;0;0;0;0;0;0;
24.02.2026;PSZ_B_LBL-06;PSZ_B_LBL-06;0;0;0;0;0;0;0;0;0;
24.02.2026;PSZ_B_LBL-07;PSZ_B_LBL-07;0;0;0;0;0;0;0;0;0;
24.02.2026;PSZ_B_LBU-01;PSZ_B_LBU-01;0;0;0;0;0;0;0;0;0;
24.02.2026;PSZ_B_LBU-02;PSZ_B_LBU-02;0;0;0;0;0;0;0;0;0;
24.02.2026;PSZ_B_MAZ-01;PSZ_B_MAZ-01;0;0;0;0;0;0;0;0;0;
24.02.2026;PSZ_B_MAZ-02;PSZ_B_MAZ-02;0;0;0;0;0;0;0;0;0;
24.02.2026;PSZ_B_MAZ-03;PSZ_B_MAZ-03;0;0;0;0;0;0;0;0;0;
24.02.2026;PSZ_B_OPO-01;PSZ_B_OPO-01;0;0;0;0;0;0;0;0;0;
24.02.2026;PSZ_B_OPO-02;PSZ_B_OPO-02;0;0;0;0;0;0;0;0;0;
24.02.2026;PSZ_B_PDK-01;PSZ_B_PDK-01;0;0;0;0;0;0;0;0;0;
24.02.2026;PSZ_B_PDL-01;PSZ_B_PDL-01;0;0;0;0;0;0;0;0;0;
24.02.2026;PSZ_B_POM-01;PSZ_B_POM-01;0;0;0;0;0;0;0;0;0;
24.02.2026;PSZ_B_POM-02;PSZ_B_POM-02;0;0;0;0;0;0;0;0;0;
24.02.2026;PSZ_B_WLK-01;PSZ_B_WLK-01;0;0;0;0;0;0;0;0;0;
24.02.2026;PSZ_B_WLK-02;PSZ_B_WLK-02;0;0;0;0;0;0;0;0;0;
24.02.2026;PSZ_B_WLK-03;PSZ_B_WLK-03;0;0;0;0;0;0;0;0;0;
24.02.2026;PSZ_B_WLK-04;PSZ_B_WLK-04;0;0;0;0;0;0;0;0;0;
24.02.2026;PSZ_B_WMA-01;PSZ_B_WMA-01;0;0;0;0;0;0;0;0;0;
24.02.2026;PSZ_B_WMA-02;PSZ_B_WMA-02;0;0;0;0;0;0;0;0;0;
24.02.2026;PSZ_B_WMA-03;PSZ_B_WMA-03;0;0;0;0;0;0;0;0;0;
24.02.2026;PSZ_B_WMA-04;PSZ_B_WMA-04;0;0;0;0;0;0;0;0;0;
24.02.2026;PSZ_B_WMA-05;PSZ_B_WMA-05;0;0;0;0;0;0;0;0;0;
24.02.2026;PSZ_B_WMA-06;PSZ_B_WMA-06;0;0;0;0;0;0;0;0;0;
24.02.2026;PSZ_B_ZPO-01;PSZ_B_ZPO-01;0;0;0;0;0;0;0;0;0;
24.02.2026;PSZ_B_ZPO-02;PSZ_B_ZPO-02;0;0;0;0;0;0;0;0;0;
24.02.2026;PSZ_C_DLS-01;PSZ_C_DLS-01;0;0;0;0;0;0;0;0;0;
24.02.2026;PSZ_C_KUJ-01;PSZ_C_KUJ-01;0;0;0;0;0;0;0;0;0;
24.02.2026;PSZ_C_KUJ-02;PSZ_C_KUJ-02;0;0;0;0;0;0;0;0;0;
24.02.2026;PSZ_C_LBL-01;PSZ_C_LBL-01;0;0;0;0;0;0;0;0;0;
24.02.2026;PSZ_C_LBL-02;PSZ_C_LBL-02;0;0;0;0;0;0;0;0;0;
24.02.2026;PSZ_C_LBL-03;PSZ_C_LBL-03;0;0;0;0;0;0;0;0;0;
24.02.2026;PSZ_C_LBL-04;PSZ_C_LBL-04;0;0;0;0;0;0;0;0;0;
24.02.2026;PSZ_C_LBL-05;PSZ_C_LBL-05;0;0;0;0;0;0;0;0;0;
24.02.2026;PSZ_C_LBL-06;PSZ_C_LBL-06;0;0;0;0;0;0;0;0;0;
24.02.2026;PSZ_C_LBL-07;PSZ_C_LBL-07;0;0;0;0;0;0;0;0;0;
24.02.2026;PSZ_C_LBU-01;PSZ_C_LBU-01;0;0;0;0;0;0;0;0;0;
24.02.2026;PSZ_C_LBU-02;PSZ_C_LBU-02;0;0;0;0;0;0;0;0;0;
24.02.2026;PSZ_C_MAZ-01;PSZ_C_MAZ-01;0;0;0;0;0;0;0;0;0;
24.02.2026;PSZ_C_MAZ-02;PSZ_C_MAZ-02;0;0;0;0;0;0;0;0;0;
24.02.2026;PSZ_C_MAZ-03;PSZ_C_MAZ-03;0;0;0;0;0;0;0;0;0;
24.02.2026;PSZ_C_OPO-01;PSZ_C_OPO-01;0;0;0;0;0;0;0;0;0;
24.02.2026;PSZ_C_OPO-02;PSZ_C_OPO-02;0;0;0;0;0;0;0;0;0;
24.02.2026;PSZ_C_PDK-01;PSZ_C_PDK-01;0;0;0;0;0;0;0;0;0;
24.02.2026;PSZ_C_PDL-01;PSZ_C_PDL-01;0;0;0;0;0;0;0;0;0;
24.02.2026;PSZ_C_POM-01;PSZ_C_POM-01;0;0;0;0;0;0;0;0;0;
24.02.2026;PSZ_C_POM-02;PSZ_C_POM-02;0;0;0;0;0;0;0;0;0;
24.02.2026;PSZ_C_WLK-01;PSZ_C_WLK-01;0;0;0;0;0;0;0;0;0;
24.02.2026;PSZ_C_WLK-02;PSZ_C_WLK-02;0;0;0;0;0;0;0;0;0;
24.02.2026;PSZ_C_WLK-03;PSZ_C_WLK-03;0;0;0;0;0;0;0;0;0;
24.02.2026;PSZ_C_WLK-04;PSZ_C_WLK-04;0;0;0;0;0;0;0;0;0;
24.02.2026;PSZ_C_WMA-01;PSZ_C_WMA-01;0;0;0;0;0;0;0;0;0;
24.02.2026;PSZ_C_WMA-02;PSZ_C_WMA-02;0;0;0;0;0;0;0;0;0;
24.02.2026;PSZ_C_WMA-03;PSZ_C_WMA-03;0;0;0;0;0;0;0;0;0;
24.02.2026;PSZ_C_WMA-04;PSZ_C_WMA-04;0;0;0;0;0;0;0;0;0;
24.02.2026;PSZ_C_WMA-05;PSZ_C_WMA-05;0;0;0;0;0;0;0;0;0;
24.02.2026;PSZ_C_WMA-06;PSZ_C_WMA-06;0;0;0;0;0;0;0;0;0;
24.02.2026;PSZ_C_ZPO-01;PSZ_C_ZPO-01;0;0;0;0;0;0;0;0;0;
24.02.2026;PSZ_C_ZPO-02;PSZ_C_ZPO-02;0;0;0;0;0;0;0;0;0;
24.02.2026;RDN-1;RDN_25-02-26_H01;420;420;410;420;0;148;2673,7;1122854;2204,8;
24.02.2026;RDN-1;RDN_25-02-26_H02;418,55;418,6;408;418,6;0;140;2382,6;997131,98;1869,8;
24.02.2026;RDN-1;RDN_25-02-26_H03;411,24;401,24;401,24;411,24;0;142;2265,7;931646,268;1664,2;
24.02.2026;RDN-1;RDN_25-02-26_H04;396;396;396;396;0;125;2268,5;898326;1712,3;
24.02.2026;RDN-1;RDN_25-02-26_H05;395;395;395;395;0;125;2402,7;949066,5;1829;
24.02.2026;RDN-1;RDN_25-02-26_H06;428,6;428,6;428,6;428,6;0;142;3049,5;1307015,7;2424,2;
24.02.2026;RDN-1;RDN_25-02-26_H07;510,29;510,29;510,29;510,29;0;150;3710,1;1893226,929;3121,8;
24.02.2026;RDN-1;RDN_25-02-26_H08;594;594;594;594;0;165;3604,6;2141132,4;3179,1;
24.02.2026;RDN-1;RDN_25-02-26_H09;542,3;542,3;542,3;542,3;0;150;3761,3;2039752,99;3233,4;
24.02.2026;RDN-1;RDN_25-02-26_H10;459,19;459,19;459,19;459,19;0;148;3692,8;1695696,832;3140,1;
24.02.2026;RDN-1;RDN_25-02-26_H11;401,44;390;390;401,44;0;155;3688,5;1480482,64;3049,6;
24.02.2026;RDN-1;RDN_25-02-26_H12;390;370;370;390;0;166;3606,4;1406296;2921,1;
24.02.2026;RDN-1;RDN_25-02-26_H13;383,99;363;363;383,99;0;170;3875,1;1487789,749;3292;
24.02.2026;RDN-1;RDN_25-02-26_H14;391,34;373;373;391,34;0;173;4195,7;1641303,338;3601,6;
24.02.2026;RDN-1;RDN_25-02-26_H15;410;390;390;410;0;176;4203,5;1723235;3802;
24.02.2026;RDN-1;RDN_25-02-26_H16;444,37;444,37;444,37;444,37;0;159;3905,2;1735353,724;3458,5;
24.02.2026;RDN-1;RDN_25-02-26_H17;594;594;594;594;0;159;3979,6;2363882,4;3528,4;
24.02.2026;RDN-1;RDN_25-02-26_H18;823,65;813,65;813,65;823,65;0;190;4579,4;3771722,81;4049;
24.02.2026;RDN-1;RDN_25-02-26_H19;779;769;769;779;0;187;4634,9;3610364,865;4194,4;
24.02.2026;RDN-1;RDN_25-02-26_H20;752,1;742,1;742,1;752,1;0;207;4761,2;3580798,52;4326,3;
24.02.2026;RDN-1;RDN_25-02-26_H21;630,5;630,5;630,5;630,5;0;190;4169,3;2628743,65;3720;
24.02.2026;RDN-1;RDN_25-02-26_H22;485,41;485,41;485,41;485,41;0;164;3129,2;1518944,972;2713,3;
24.02.2026;RDN-1;RDN_25-02-26_H23;436;436;436;436;0;155;3581,8;1561664,8;3058;
24.02.2026;RDN-1;RDN_25-02-26_H24;404,15;404,15;404,15;404,15;0;153;2673,4;1080454,61;2156,9;
24.02.2026;RZP_A_LBL-01;RZP_A_LBL-01;0;0;0;0;0;0;0;0;0;
24.02.2026;SGT_BASE;SGT_BASE_25-02-26;0;0;0;0;0;0;0;0;0;
24.02.2026;SGT_RDB;SGT_RDB_24-02-26;0;0;0;0;0;0;0;0;0;
24.02.2026;ZTO_B_KUJ-02;ZTO_B_KUJ-02;0;0;0;0;0;0;0;0;0;
24.02.2026;ZTO_B_LBL-01;ZTO_B_LBL-01;0;0;0;0;0;0;0;0;0;
24.02.2026;ZTO_B_LBU-01;ZTO_B_LBU-01;0;0;0;0;0;0;0;0;0;
24.02.2026;ZTO_B_MAZ-01;ZTO_B_MAZ-01;0;0;0;0;0;0;0;0;0;
24.02.2026;ZTO_B_PDL-01;ZTO_B_PDL-01;0;0;0;0;0;0;0;0;0;
24.02.2026;ZTO_B_WLK-01;ZTO_B_WLK-01;0;0;0;0;0;0;0;0;0;
24.02.2026;ZTO_B_WLK-02;ZTO_B_WLK-02;0;0;0;0;0;0;0;0;0;
24.02.2026;ZTO_B_WMA-01;ZTO_B_WMA-01;0;0;0;0;0;0;0;0;0;
24.02.2026;ZTO_B_WMA-02;ZTO_B_WMA-02;0;0;0;0;0;0;0;0;0;
24.02.2026;ZTO_B_WMA-03;ZTO_B_WMA-03;0;0;0;0;0;0;0;0;0;
24.02.2026;ZTO_C_KUJ-02;ZTO_C_KUJ-02;0;0;0;0;0;0;0;0;0;
24.02.2026;ZTO_C_LBL-01;ZTO_C_LBL-01;0;0;0;0;0;0;0;0;0;
24.02.2026;ZTO_C_LBU-01;ZTO_C_LBU-01;0;0;0;0;0;0;0;0;0;
24.02.2026;ZTO_C_MAZ-01;ZTO_C_MAZ-01;0;0;0;0;0;0;0;0;0;
24.02.2026;ZTO_C_PDL-01;ZTO_C_PDL-01;0;0;0;0;0;0;0;0;0;
24.02.2026;ZTO_C_WLK-01;ZTO_C_WLK-01;0;0;0;0;0;0;0;0;0;
24.02.2026;ZTO_C_WLK-02;ZTO_C_WLK-02;0;0;0;0;0;0;0;0;0;
24.02.2026;ZTO_C_WMA-01;ZTO_C_WMA-01;0;0;0;0;0;0;0;0;0;
24.02.2026;ZTO_C_WMA-02;ZTO_C_WMA-02;0;0;0;0;0;0;0;0;0;
24.02.2026;ZTO_C_WMA-03;ZTO_C_WMA-03;0;0;0;0;0;0;0;0;0;
25.02.2026;BASE;BASE_26-02-26;370;340;340;370;0;31;135;1161336;84;
25.02.2026;BASE;BASE_27-02-26;0;0;0;0;0;0;0;0;0;
25.02.2026;BASE_M;BASE_M-03-26;415;413,5;413,5;416;411,62;85;198;60989155;618;
25.02.2026;BASE_M;BASE_M-04-26;395;395;395;395,5;390,67;12;16;4551480;303;
25.02.2026;BASE_M;BASE_M-05-26;399;400;399;400;395,7;9;12;3566736;120;
25.02.2026;BASE_M;BASE_M-06-26;406;406;406;406;401,63;3;5;1461600;66;
25.02.2026;BASE_M;BASE_M-07-26;0;0;0;0;434,85;0;0;0;4;
25.02.2026;BASE_M;BASE_M-08-26;0;0;0;0;427,77;0;0;0;0;
25.02.2026;BASE_Q;BASE_Q-1-27;0;0;0;0;453,5;0;0;0;12;
25.02.2026;BASE_Q;BASE_Q-2-26;400;399,99;399;400;396;15;15;13090874,16;666;
25.02.2026;BASE_Q;BASE_Q-2-27;0;0;0;0;389;0;0;0;14;
25.02.2026;BASE_Q;BASE_Q-3-26;438;438;438;438;432;4;4;3868416;451;
25.02.2026;BASE_Q;BASE_Q-3-27;0;0;0;0;416;0;0;0;2;
25.02.2026;BASE_Q;BASE_Q-4-26;460;463;460;464;455,1;13;14;14303275;728;
25.02.2026;BASE_W;BASE_W-10-26;417;417;417;417;418,5;1;2;140112;2;
25.02.2026;BASE_W;BASE_W-11-26;0;0;0;0;422,5;0;0;0;0;
25.02.2026;BASE_W;BASE_W-12-26;0;0;0;0;417,5;0;0;0;0;
25.02.2026;BASE_W;BASE_W-13-26;0;0;0;0;417,5;0;0;0;0;
25.02.2026;BASE_W;BASE_W-14-26;0;0;0;0;395,98;0;0;0;5;
25.02.2026;BASE_Y;BASE_Y-27;423;425;423;425;418,9;25;25;92777160;965;
25.02.2026;BASE_Y;BASE_Y-28;405;405;404;405,05;400;7;10;35549726;212;
25.02.2026;BASE_Y;BASE_Y-29;398;399;398;399;396,75;2;2;6981720;16;
25.02.2026;BASE_Y;BASE_Y-30;0;0;0;0;391,5;0;0;0;0;
25.02.2026;GAS_BASE;GAS_BASE_26-02-26;158,5;162,5;158,5;163;0;127;3969;15291887,76;3639;
25.02.2026;GAS_BASE_M;GAS_BASE_M-01-27;159;160,5;159;160,5;159,25;16;54;6424068;332;
25.02.2026;GAS_BASE_M;GAS_BASE_M-02-27;156,5;158,5;156,5;158,5;156,75;18;55;5828760;221;
25.02.2026;GAS_BASE_M;GAS_BASE_M-03-26;155,75;157,75;155,5;157,75;157,01;35;167;19376511,25;20227;
25.02.2026;GAS_BASE_M;GAS_BASE_M-04-26;147;153;147;153;145,76;12;58;6347700;3368;
25.02.2026;GAS_BASE_M;GAS_BASE_M-05-26;150,3;150,3;150,3;150,3;144,43;1;2;223646,4;413;
25.02.2026;GAS_BASE_M;GAS_BASE_M-06-26;145;145;145;145;141;1;5;522000;57;
25.02.2026;GAS_BASE_M;GAS_BASE_M-07-26;0;0;0;0;137,23;0;0;0;6;
25.02.2026;GAS_BASE_M;GAS_BASE_M-08-26;0;0;0;0;138,04;0;0;0;10;
25.02.2026;GAS_BASE_M;GAS_BASE_M-09-26;151;152;151;152;149,5;6;17;1855080;329;
25.02.2026;GAS_BASE_M;GAS_BASE_M-10-26;0;0;0;0;151,02;0;0;0;34;
25.02.2026;GAS_BASE_M;GAS_BASE_M-11-26;155;157;155;157;155;17;56;6292440;1585;
25.02.2026;GAS_BASE_M;GAS_BASE_M-12-26;157,5;159;157,5;159;157,5;19;56;6578076;1677;
25.02.2026;GAS_BASE_Q;GAS_BASE_Q-1-27;154,5;156,24;154;156,25;155,49;14;39;13037640;1419;
25.02.2026;GAS_BASE_Q;GAS_BASE_Q-2-26;150,4;150,4;150,4;150,4;143,74;2;4;1313894,4;7564;
25.02.2026;GAS_BASE_Q;GAS_BASE_Q-2-27;132;132;132;132;132,83;4;4;1153152;55;
25.02.2026;GAS_BASE_Q;GAS_BASE_Q-3-26;149,75;149,75;149,75;149,75;141,5;3;4;1322592;6277;
25.02.2026;GAS_BASE_Q;GAS_BASE_Q-3-27;0;0;0;0;130,5;0;0;0;28;
25.02.2026;GAS_BASE_Q;GAS_BASE_Q-4-26;154,5;156,44;154;156,44;154,5;19;56;19188302;8343;
25.02.2026;GAS_BASE_S;GAS_BASE_S-S-26;0;0;0;0;142,61;0;0;0;72;
25.02.2026;GAS_BASE_S;GAS_BASE_S-S-27;0;0;0;0;131,66;0;0;0;9;
25.02.2026;GAS_BASE_S;GAS_BASE_S-W-26;154,75;156,25;154,75;156,25;154,99;4;12;8135400;735;
25.02.2026;GAS_BASE_S;GAS_BASE_S-W-27;137;137;137;137;135;3;5;3008520;20;
25.02.2026;GAS_BASE_W;GAS_BASE_W-10-26;0;0;0;0;158,65;0;0;0;45;
25.02.2026;GAS_BASE_W;GAS_BASE_W-11-26;0;0;0;0;152,63;0;0;0;0;
25.02.2026;GAS_BASE_W;GAS_BASE_W-12-26;0;0;0;0;157,03;0;0;0;0;
25.02.2026;GAS_BASE_W;GAS_BASE_W-13-26;0;0;0;0;157,03;0;0;0;0;
25.02.2026;GAS_BASE_Y;GAS_BASE_Y-27;137;138,25;136,5;138,45;138,17;22;41;49570475;4161;
25.02.2026;GAS_BASE_Y;GAS_BASE_Y-28;122,5;123;122;123;123,19;13;19;20468477;495;
25.02.2026;GAS_BASE_Y;GAS_BASE_Y-29;0;0;0;0;114,62;0;0;0;53;
25.02.2026;GAS_BASE_Y;GAS_BASE_Y-30;0;0;0;0;108,88;0;0;0;5;
25.02.2026;GAS_RDB;GAS_RDB_25-02-26;161;160;159,9;163;0;104;26254;4231472,1;20579;
25.02.2026;GLW_BASE;GLW_BASE_26-02-26;0;0;0;0;0;0;0;0;0;
25.02.2026;GLW_RDB;GLW_RDB_25-02-26;0;0;0;0;0;0;0;0;0;
25.02.2026;KUK_A_WMA-03;KUK_A_WMA-03;0;0;0;0;0;0;0;0;0;
25.02.2026;OFFPEAK;OFFPEAK_26-02-26;0;0;0;0;0;0;0;0;0;
25.02.2026;OFFPEAK;OFFPEAK_27-02-26;0;0;0;0;0;0;0;0;0;
25.02.2026;OFFPEAK_M;OFFPEAK_M-03-26;0;0;0;0;376,96;0;0;0;0;
25.02.2026;OFFPEAK_M;OFFPEAK_M-04-26;0;0;0;0;373,39;0;0;0;0;
25.02.2026;OFFPEAK_M;OFFPEAK_M-05-26;0;0;0;0;389,04;0;0;0;0;
25.02.2026;OFFPEAK_M;OFFPEAK_M-06-26;0;0;0;0;384,91;0;0;0;0;
25.02.2026;OFFPEAK_M;OFFPEAK_M-07-26;0;0;0;0;425,23;0;0;0;0;
25.02.2026;OFFPEAK_M;OFFPEAK_M-08-26;0;0;0;0;406,89;0;0;0;0;
25.02.2026;OFFPEAK_Q;OFFPEAK_Q-1-27;0;0;0;0;413,54;0;0;0;0;
25.02.2026;OFFPEAK_Q;OFFPEAK_Q-2-26;0;0;0;0;382,65;0;0;0;0;
25.02.2026;OFFPEAK_Q;OFFPEAK_Q-2-27;0;0;0;0;374,68;0;0;0;0;
25.02.2026;OFFPEAK_Q;OFFPEAK_Q-3-26;0;0;0;0;415,75;0;0;0;0;
25.02.2026;OFFPEAK_Q;OFFPEAK_Q-3-27;0;0;0;0;398,86;0;0;0;0;
25.02.2026;OFFPEAK_Q;OFFPEAK_Q-4-26;0;0;0;0;381,54;0;0;0;0;
25.02.2026;OFFPEAK_W;OFFPEAK_W-10-26;0;0;0;0;387,27;0;0;0;0;
25.02.2026;OFFPEAK_W;OFFPEAK_W-11-26;0;0;0;0;394,5;0;0;0;0;
25.02.2026;OFFPEAK_W;OFFPEAK_W-12-26;0;0;0;0;385,47;0;0;0;0;
25.02.2026;OFFPEAK_W;OFFPEAK_W-13-26;0;0;0;0;385,12;0;0;0;0;
25.02.2026;OFFPEAK_W;OFFPEAK_W-14-26;0;0;0;0;377,12;0;0;0;0;
25.02.2026;OFFPEAK_Y;OFFPEAK_Y-27;0;0;0;0;377,17;0;0;0;0;
25.02.2026;OFFPEAK_Y;OFFPEAK_Y-28;0;0;0;0;358,14;0;0;0;0;
25.02.2026;OFFPEAK_Y;OFFPEAK_Y-29;0;0;0;0;367,23;0;0;0;0;
25.02.2026;OFFPEAK_Y;OFFPEAK_Y-30;0;0;0;0;323,35;0;0;0;0;
25.02.2026;PEAK;PEAK_26-02-26;0;0;0;0;0;0;0;0;0;
25.02.2026;PEAK;PEAK_27-02-26;0;0;0;0;0;0;0;0;0;
25.02.2026;PEAK5_M;PEAK5_M-03-26;450,1;452;450;453;455;25;31;4618779;106;
25.02.2026;PEAK5_M;PEAK5_M-04-26;413;413;413;413;412,89;1;2;260190;2;
25.02.2026;PEAK5_M;PEAK5_M-05-26;0;0;0;0;405,57;0;0;0;0;
25.02.2026;PEAK5_M;PEAK5_M-06-26;0;0;0;0;423,14;0;0;0;0;
25.02.2026;PEAK5_M;PEAK5_M-07-26;0;0;0;0;445,99;0;0;0;0;
25.02.2026;PEAK5_M;PEAK5_M-08-26;0;0;0;0;456,2;0;0;0;0;
25.02.2026;PEAK5_Q;PEAK5_Q-1-27;0;0;0;0;507,83;0;0;0;0;
25.02.2026;PEAK5_Q;PEAK5_Q-2-26;410;410;410;410;414;2;2;762600;41;
25.02.2026;PEAK5_Q;PEAK5_Q-2-27;0;0;0;0;407,78;0;0;0;0;
25.02.2026;PEAK5_Q;PEAK5_Q-3-26;0;0;0;0;452;0;0;0;41;
25.02.2026;PEAK5_Q;PEAK5_Q-3-27;0;0;0;0;437,09;0;0;0;0;
25.02.2026;PEAK5_Q;PEAK5_Q-4-26;0;0;0;0;550,8;0;0;0;88;
25.02.2026;PEAK5_W;PEAK5_W-10-26;0;0;0;0;457,22;0;0;0;0;
25.02.2026;PEAK5_W;PEAK5_W-11-26;0;0;0;0;457,22;0;0;0;0;
25.02.2026;PEAK5_W;PEAK5_W-12-26;0;0;0;0;457,22;0;0;0;0;
25.02.2026;PEAK5_W;PEAK5_W-13-26;0;0;0;0;457,22;0;0;0;0;
25.02.2026;PEAK5_W;PEAK5_W-14-26;0;0;0;0;419,36;0;0;0;0;
25.02.2026;PEAK5_Y;PEAK5_Y-27;0;0;0;0;473,5;0;0;0;165;
25.02.2026;PEAK5_Y;PEAK5_Y-28;0;0;0;0;455,8;0;0;0;1;
25.02.2026;PEAK5_Y;PEAK5_Y-29;0;0;0;0;435,9;0;0;0;0;
25.02.2026;PEAK5_Y;PEAK5_Y-30;0;0;0;0;482,54;0;0;0;0;
25.02.2026;PMBG;PMBG;0;0;0;0;0;0;0;0;0;
25.02.2026;PMEF-2025;PMEF-2025;0;0;0;0;0;0;0;0;0;
25.02.2026;PMEF-2026;PMEF-2026;0;0;0;0;0;0;0;0;0;
25.02.2026;PMEF_F;PMEF_F;0;0;0;0;0;0;0;0;92696166;
25.02.2026;PMOZE;PMOZE;0;0;0;0;0;0;0;0;0;
25.02.2026;PMOZE_A;PMOZE_A;0;0;0;0;0;2;11952180;0;9653894976;
25.02.2026;PMOZE-BIO;PMOZE-BIO;0;0;0;0;0;0;0;0;560134222;
25.02.2026;PSZ_B_DLS-01;PSZ_B_DLS-01;0;0;0;0;0;0;0;0;0;
25.02.2026;PSZ_B_KUJ-01;PSZ_B_KUJ-01;0;0;0;0;0;0;0;0;0;
25.02.2026;PSZ_B_KUJ-02;PSZ_B_KUJ-02;0;0;0;0;0;0;0;0;0;
25.02.2026;PSZ_B_LBL-01;PSZ_B_LBL-01;0;0;0;0;0;0;0;0;0;
25.02.2026;PSZ_B_LBL-02;PSZ_B_LBL-02;0;0;0;0;0;0;0;0;0;
25.02.2026;PSZ_B_LBL-03;PSZ_B_LBL-03;0;0;0;0;0;0;0;0;0;
25.02.2026;PSZ_B_LBL-04;PSZ_B_LBL-04;0;0;0;0;0;0;0;0;0;
25.02.2026;PSZ_B_LBL-05;PSZ_B_LBL-05;0;0;0;0;0;0;0;0;0;
25.02.2026;PSZ_B_LBL-06;PSZ_B_LBL-06;0;0;0;0;0;0;0;0;0;
25.02.2026;PSZ_B_LBL-07;PSZ_B_LBL-07;0;0;0;0;0;0;0;0;0;
25.02.2026;PSZ_B_LBU-01;PSZ_B_LBU-01;0;0;0;0;0;0;0;0;0;
25.02.2026;PSZ_B_LBU-02;PSZ_B_LBU-02;0;0;0;0;0;0;0;0;0;
25.02.2026;PSZ_B_MAZ-01;PSZ_B_MAZ-01;0;0;0;0;0;0;0;0;0;
25.02.2026;PSZ_B_MAZ-02;PSZ_B_MAZ-02;0;0;0;0;0;0;0;0;0;
25.02.2026;PSZ_B_MAZ-03;PSZ_B_MAZ-03;0;0;0;0;0;0;0;0;0;
25.02.2026;PSZ_B_OPO-01;PSZ_B_OPO-01;0;0;0;0;0;0;0;0;0;
25.02.2026;PSZ_B_OPO-02;PSZ_B_OPO-02;0;0;0;0;0;0;0;0;0;
25.02.2026;PSZ_B_PDK-01;PSZ_B_PDK-01;0;0;0;0;0;0;0;0;0;
25.02.2026;PSZ_B_PDL-01;PSZ_B_PDL-01;0;0;0;0;0;0;0;0;0;
25.02.2026;PSZ_B_POM-01;PSZ_B_POM-01;0;0;0;0;0;0;0;0;0;
25.02.2026;PSZ_B_POM-02;PSZ_B_POM-02;0;0;0;0;0;0;0;0;0;
25.02.2026;PSZ_B_WLK-01;PSZ_B_WLK-01;0;0;0;0;0;0;0;0;0;
25.02.2026;PSZ_B_WLK-02;PSZ_B_WLK-02;0;0;0;0;0;0;0;0;0;
25.02.2026;PSZ_B_WLK-03;PSZ_B_WLK-03;0;0;0;0;0;0;0;0;0;
25.02.2026;PSZ_B_WLK-04;PSZ_B_WLK-04;0;0;0;0;0;0;0;0;0;
25.02.2026;PSZ_B_WMA-01;PSZ_B_WMA-01;0;0;0;0;0;0;0;0;0;
25.02.2026;PSZ_B_WMA-02;PSZ_B_WMA-02;0;0;0;0;0;0;0;0;0;
25.02.2026;PSZ_B_WMA-03;PSZ_B_WMA-03;0;0;0;0;0;0;0;0;0;
25.02.2026;PSZ_B_WMA-04;PSZ_B_WMA-04;0;0;0;0;0;0;0;0;0;
25.02.2026;PSZ_B_WMA-05;PSZ_B_WMA-05;0;0;0;0;0;0;0;0;0;
25.02.2026;PSZ_B_WMA-06;PSZ_B_WMA-06;0;0;0;0;0;0;0;0;0;
25.02.2026;PSZ_B_ZPO-01;PSZ_B_ZPO-01;0;0;0;0;0;0;0;0;0;
25.02.2026;PSZ_B_ZPO-02;PSZ_B_ZPO-02;0;0;0;0;0;0;0;0;0;
25.02.2026;PSZ_C_DLS-01;PSZ_C_DLS-01;0;0;0;0;0;0;0;0;0;
25.02.2026;PSZ_C_KUJ-01;PSZ_C_KUJ-01;0;0;0;0;0;0;0;0;0;
25.02.2026;PSZ_C_KUJ-02;PSZ_C_KUJ-02;0;0;0;0;0;0;0;0;0;
25.02.2026;PSZ_C_LBL-01;PSZ_C_LBL-01;0;0;0;0;0;0;0;0;0;
25.02.2026;PSZ_C_LBL-02;PSZ_C_LBL-02;0;0;0;0;0;0;0;0;0;
25.02.2026;PSZ_C_LBL-03;PSZ_C_LBL-03;0;0;0;0;0;0;0;0;0;
25.02.2026;PSZ_C_LBL-04;PSZ_C_LBL-04;0;0;0;0;0;0;0;0;0;
25.02.2026;PSZ_C_LBL-05;PSZ_C_LBL-05;0;0;0;0;0;0;0;0;0;
25.02.2026;PSZ_C_LBL-06;PSZ_C_LBL-06;0;0;0;0;0;0;0;0;0;
25.02.2026;PSZ_C_LBL-07;PSZ_C_LBL-07;0;0;0;0;0;0;0;0;0;
25.02.2026;PSZ_C_LBU-01;PSZ_C_LBU-01;0;0;0;0;0;0;0;0;0;
25.02.2026;PSZ_C_LBU-02;PSZ_C_LBU-02;0;0;0;0;0;0;0;0;0;
25.02.2026;PSZ_C_MAZ-01;PSZ_C_MAZ-01;0;0;0;0;0;0;0;0;0;
25.02.2026;PSZ_C_MAZ-02;PSZ_C_MAZ-02;0;0;0;0;0;0;0;0;0;
25.02.2026;PSZ_C_MAZ-03;PSZ_C_MAZ-03;0;0;0;0;0;0;0;0;0;
25.02.2026;PSZ_C_OPO-01;PSZ_C_OPO-01;0;0;0;0;0;0;0;0;0;
25.02.2026;PSZ_C_OPO-02;PSZ_C_OPO-02;0;0;0;0;0;0;0;0;0;
25.02.2026;PSZ_C_PDK-01;PSZ_C_PDK-01;0;0;0;0;0;0;0;0;0;
25.02.2026;PSZ_C_PDL-01;PSZ_C_PDL-01;0;0;0;0;0;0;0;0;0;
25.02.2026;PSZ_C_POM-01;PSZ_C_POM-01;0;0;0;0;0;0;0;0;0;
25.02.2026;PSZ_C_POM-02;PSZ_C_POM-02;0;0;0;0;0;0;0;0;0;
25.02.2026;PSZ_C_WLK-01;PSZ_C_WLK-01;0;0;0;0;0;0;0;0;0;
25.02.2026;PSZ_C_WLK-02;PSZ_C_WLK-02;0;0;0;0;0;0;0;0;0;
25.02.2026;PSZ_C_WLK-03;PSZ_C_WLK-03;0;0;0;0;0;0;0;0;0;
25.02.2026;PSZ_C_WLK-04;PSZ_C_WLK-04;0;0;0;0;0;0;0;0;0;
25.02.2026;PSZ_C_WMA-01;PSZ_C_WMA-01;0;0;0;0;0;0;0;0;0;
25.02.2026;PSZ_C_WMA-02;PSZ_C_WMA-02;0;0;0;0;0;0;0;0;0;
25.02.2026;PSZ_C_WMA-03;PSZ_C_WMA-03;0;0;0;0;0;0;0;0;0;
25.02.2026;PSZ_C_WMA-04;PSZ_C_WMA-04;0;0;0;0;0;0;0;0;0;
25.02.2026;PSZ_C_WMA-05;PSZ_C_WMA-05;0;0;0;0;0;0;0;0;0;
25.02.2026;PSZ_C_WMA-06;PSZ_C_WMA-06;0;0;0;0;0;0;0;0;0;
25.02.2026;PSZ_C_ZPO-01;PSZ_C_ZPO-01;0;0;0;0;0;0;0;0;0;
25.02.2026;PSZ_C_ZPO-02;PSZ_C_ZPO-02;0;0;0;0;0;0;0;0;0;
25.02.2026;RDN-1;RDN_26-02-26_H01;400;375;375;400;0;139;2366,4;946507,5;2060,9;
25.02.2026;RDN-1;RDN_26-02-26_H02;381,99;380;380;381,99;0;141;2031,6;776021,034;1728,5;
25.02.2026;RDN-1;RDN_26-02-26_H03;379,26;380;379,26;380;0;135;1945;737671,8;1650,3;
25.02.2026;RDN-1;RDN_26-02-26_H04;370,5;360;360;370,5;0;128;2079,2;770043,1;1765,7;
25.02.2026;RDN-1;RDN_26-02-26_H05;375;375;375;375;0;128;2146,6;804975;1780,3;
25.02.2026;RDN-1;RDN_26-02-26_H06;380,47;370,5;370,5;380,47;0;144;2497,1;950021,787;2061,3;
25.02.2026;RDN-1;RDN_26-02-26_H07;438,38;438,38;438,38;438,38;0;150;3151,9;1381729,922;2757,4;
25.02.2026;RDN-1;RDN_26-02-26_H08;464,02;502;464,02;502;0;149;2973,8;1380092,576;2378,9;
25.02.2026;RDN-1;RDN_26-02-26_H09;380;380;380;380;0;160;3731,2;1417856;3081,5;
25.02.2026;RDN-1;RDN_26-02-26_H10;317,93;317,93;317,93;324;0;173;4218,9;1341348,219;3443,4;
25.02.2026;RDN-1;RDN_26-02-26_H11;224,93;250;224,93;256;0;168;4769,5;1073773,225;3993,5;
25.02.2026;RDN-1;RDN_26-02-26_H12;152,32;204;152,32;204;0;173;4939,1;752633,792;4193,3;
25.02.2026;RDN-1;RDN_26-02-26_H13;66;66;66;100;0;187;5150;341043;4326;
25.02.2026;RDN-1;RDN_26-02-26_H14;99,12;89,1;89,1;100;0;178;4752,5;470850,7;3890,8;
25.02.2026;RDN-1;RDN_26-02-26_H15;195,61;200;195,61;220;0;167;4433,5;867369,615;3899,5;
25.02.2026;RDN-1;RDN_26-02-26_H16;344,67;412;344,67;412;0;167;3719,9;1282339,923;3232,6;
25.02.2026;RDN-1;RDN_26-02-26_H17;410,27;410;410;450;0;161;3334,3;1368077,051;2803,4;
25.02.2026;RDN-1;RDN_26-02-26_H18;480;480;480;500;0;152;3423,4;1643312;3028,1;
25.02.2026;RDN-1;RDN_26-02-26_H19;480;480;480;480;0;152;3876,4;1860672;3412,4;
25.02.2026;RDN-1;RDN_26-02-26_H20;450;480;450;480;0;167;4234,7;1905735;3415,4;
25.02.2026;RDN-1;RDN_26-02-26_H21;432,82;450;432,82;450;0;168;3937,2;1704150,444;3275,8;
25.02.2026;RDN-1;RDN_26-02-26_H22;416,9;416,9;416,9;416,9;0;164;3332,3;1389235,87;2667,7;
25.02.2026;RDN-1;RDN_26-02-26_H23;410;410;410;410;0;155;3553,3;1456853;3224,5;
25.02.2026;RDN-1;RDN_26-02-26_H24;371,99;371,99;371,99;371,99;0;145;3009,1;1119355,109;2657,6;
25.02.2026;RZP_A_LBL-01;RZP_A_LBL-01;0;0;0;0;0;0;0;0;0;
25.02.2026;SGT_BASE;SGT_BASE_26-02-26;0;0;0;0;0;0;0;0;0;
25.02.2026;SGT_RDB;SGT_RDB_25-02-26;0;0;0;0;0;0;0;0;0;
25.02.2026;ZTO_B_KUJ-02;ZTO_B_KUJ-02;0;0;0;0;0;0;0;0;0;
25.02.2026;ZTO_B_LBL-01;ZTO_B_LBL-01;0;0;0;0;0;0;0;0;0;
25.02.2026;ZTO_B_LBU-01;ZTO_B_LBU-01;0;0;0;0;0;0;0;0;0;
25.02.2026;ZTO_B_MAZ-01;ZTO_B_MAZ-01;0;0;0;0;0;0;0;0;0;
25.02.2026;ZTO_B_PDL-01;ZTO_B_PDL-01;0;0;0;0;0;0;0;0;0;
25.02.2026;ZTO_B_WLK-01;ZTO_B_WLK-01;0;0;0;0;0;0;0;0;0;
25.02.2026;ZTO_B_WLK-02;ZTO_B_WLK-02;0;0;0;0;0;0;0;0;0;
25.02.2026;ZTO_B_WMA-01;ZTO_B_WMA-01;0;0;0;0;0;0;0;0;0;
25.02.2026;ZTO_B_WMA-02;ZTO_B_WMA-02;0;0;0;0;0;0;0;0;0;
25.02.2026;ZTO_B_WMA-03;ZTO_B_WMA-03;0;0;0;0;0;0;0;0;0;
25.02.2026;ZTO_C_KUJ-02;ZTO_C_KUJ-02;0;0;0;0;0;0;0;0;0;
25.02.2026;ZTO_C_LBL-01;ZTO_C_LBL-01;0;0;0;0;0;0;0;0;0;
25.02.2026;ZTO_C_LBU-01;ZTO_C_LBU-01;0;0;0;0;0;0;0;0;0;
25.02.2026;ZTO_C_MAZ-01;ZTO_C_MAZ-01;0;0;0;0;0;0;0;0;0;
25.02.2026;ZTO_C_PDL-01;ZTO_C_PDL-01;0;0;0;0;0;0;0;0;0;
25.02.2026;ZTO_C_WLK-01;ZTO_C_WLK-01;0;0;0;0;0;0;0;0;0;
25.02.2026;ZTO_C_WLK-02;ZTO_C_WLK-02;0;0;0;0;0;0;0;0;0;
25.02.2026;ZTO_C_WMA-01;ZTO_C_WMA-01;0;0;0;0;0;0;0;0;0;
25.02.2026;ZTO_C_WMA-02;ZTO_C_WMA-02;0;0;0;0;0;0;0;0;0;
25.02.2026;ZTO_C_WMA-03;ZTO_C_WMA-03;0;0;0;0;0;0;0;0;0;
26.02.2026;BASE;BASE_27-02-26;347;349;338;352;0;57;518;4295256;164;
26.02.2026;BASE;BASE_28-02-26;355;355;355;355;0;1;5;42600;5;
26.02.2026;BASE_M;BASE_M-03-26;413;407;403;413;414,7;68;87;26298856,5;642;
26.02.2026;BASE_M;BASE_M-04-26;383;383;383;388;394,54;23;26;7220880;321;
26.02.2026;BASE_M;BASE_M-05-26;399;392;388;399;399,73;19;20;5820498;137;
26.02.2026;BASE_M;BASE_M-06-26;396;400;396;400;405,73;8;8;2289600;74;
26.02.2026;BASE_M;BASE_M-07-26;0;0;0;0;440,93;0;0;0;4;
26.02.2026;BASE_M;BASE_M-08-26;0;0;0;0;433,71;0;0;0;0;
26.02.2026;BASE_Q;BASE_Q-1-27;454;454;454;454;458;1;1;980186;13;
26.02.2026;BASE_Q;BASE_Q-2-26;394,5;391;389;394,5;400;28;30;25620504;687;
26.02.2026;BASE_Q;BASE_Q-2-27;387;387;387;387;384,75;2;2;1690416;16;
26.02.2026;BASE_Q;BASE_Q-3-26;430;431;428;431;438;21;25;23726064;461;
26.02.2026;BASE_Q;BASE_Q-3-27;414;414;414;414;412,5;1;1;914112;3;
26.02.2026;BASE_Q;BASE_Q-4-26;451;454;450,5;455;463;16;20;20007576;741;
26.02.2026;BASE_W;BASE_W-10-26;0;0;0;0;417;0;0;0;2;
26.02.2026;BASE_W;BASE_W-11-26;0;0;0;0;429,5;0;0;0;0;
26.02.2026;BASE_W;BASE_W-12-26;0;0;0;0;415,86;0;0;0;0;
26.02.2026;BASE_W;BASE_W-13-26;0;0;0;0;415,86;0;0;0;0;
26.02.2026;BASE_W;BASE_W-14-26;0;0;0;0;397,31;0;0;0;5;
26.02.2026;BASE_WEEKEND;BASE_WEEKEND_09-26;0;0;0;0;0;0;0;0;0;
26.02.2026;BASE_Y;BASE_Y-27;415;419;411;419;424,6;19;19;69306492;975;
26.02.2026;BASE_Y;BASE_Y-28;404,7;399;395;404,7;404,61;18;19;66561551;224;
26.02.2026;BASE_Y;BASE_Y-29;394,99;394,99;394,99;394,99;398,5;2;2;6920225;18;
26.02.2026;BASE_Y;BASE_Y-30;0;0;0;0;402;0;0;0;0;
26.02.2026;F-OZE;F-OZE_05-26;0;0;0;0;25,23;0;0;0;0;
26.02.2026;F-OZE;F-OZE_05-27;0;0;0;0;25,23;0;0;0;0;
26.02.2026;F-OZE;F-OZE_11-26;0;0;0;0;25,23;0;0;0;0;
26.02.2026;F-OZE;F-OZE_11-27;0;0;0;0;25,23;0;0;0;0;
26.02.2026;GAS_BASE;GAS_BASE_27-02-26;158,5;139;139;159;0;107;2587;9300359,28;2309;
26.02.2026;GAS_BASE_M;GAS_BASE_M-01-27;160;156,75;156,75;160;160,45;5;16;1894782;348;
26.02.2026;GAS_BASE_M;GAS_BASE_M-02-27;157,5;154,5;154,5;157,5;158,45;6;30;3143280;251;
26.02.2026;GAS_BASE_M;GAS_BASE_M-03-26;156;152;152;156,5;157,65;62;214;24448779,07;20314;
26.02.2026;GAS_BASE_M;GAS_BASE_M-04-26;150;148,5;148;150;154,12;23;39;4173840;3402;
26.02.2026;GAS_BASE_M;GAS_BASE_M-05-26;147;146;146;147;150,3;4;6;653232;418;
26.02.2026;GAS_BASE_M;GAS_BASE_M-06-26;145;144,5;144,5;145;146,78;3;15;1564200;72;
26.02.2026;GAS_BASE_M;GAS_BASE_M-07-26;145;144,5;144,5;145;148;3;15;1616340;21;
26.02.2026;GAS_BASE_M;GAS_BASE_M-08-26;0;0;0;0;149,5;0;0;0;10;
26.02.2026;GAS_BASE_M;GAS_BASE_M-09-26;151;148;148;151;151,82;9;16;1725840;343;
26.02.2026;GAS_BASE_M;GAS_BASE_M-10-26;0;0;0;0;152,59;0;0;0;34;
26.02.2026;GAS_BASE_M;GAS_BASE_M-11-26;156,5;153;153;156,5;156,9;14;40;4466880;1620;
26.02.2026;GAS_BASE_M;GAS_BASE_M-12-26;158,5;155;155;158,5;158,6;12;38;4436844;1711;
26.02.2026;GAS_BASE_Q;GAS_BASE_Q-1-27;156;152,25;152;156;155,91;22;42;13921189;1453;
26.02.2026;GAS_BASE_Q;GAS_BASE_Q-2-26;148;146;146;148;150,4;4;7;2249520;7571;
26.02.2026;GAS_BASE_Q;GAS_BASE_Q-2-27;130,5;130,5;130,5;130,5;132,74;1;1;285012;56;
26.02.2026;GAS_BASE_Q;GAS_BASE_Q-3-26;0;0;0;0;149,75;0;0;0;6277;
26.02.2026;GAS_BASE_Q;GAS_BASE_Q-3-27;0;0;0;0;130,5;0;0;0;28;
26.02.2026;GAS_BASE_Q;GAS_BASE_Q-4-26;155;152,5;151,5;155;156,02;20;28;9501395;8367;
26.02.2026;GAS_BASE_S;GAS_BASE_S-S-26;0;0;0;0;150,07;0;0;0;72;
26.02.2026;GAS_BASE_S;GAS_BASE_S-S-27;0;0;0;0;131,61;0;0;0;9;
26.02.2026;GAS_BASE_S;GAS_BASE_S-W-26;0;0;0;0;155,97;0;0;0;735;
26.02.2026;GAS_BASE_S;GAS_BASE_S-W-27;135;135;135;135;137;4;6;3557520;26;
26.02.2026;GAS_BASE_W;GAS_BASE_W-10-26;156,25;152;152;156,25;157,13;2;20;517860;65;
26.02.2026;GAS_BASE_W;GAS_BASE_W-11-26;156,25;156,25;156,25;156,25;153,5;1;5;131250;5;
26.02.2026;GAS_BASE_W;GAS_BASE_W-12-26;0;0;0;0;157,67;0;0;0;0;
26.02.2026;GAS_BASE_W;GAS_BASE_W-13-26;0;0;0;0;157,67;0;0;0;0;
26.02.2026;GAS_BASE_Y;GAS_BASE_Y-27;138,25;135,5;135,5;138,25;138,25;14;24;28626278;4184;
26.02.2026;GAS_BASE_Y;GAS_BASE_Y-28;122,75;121,5;121,5;122,75;122,95;12;25;26745084;520;
26.02.2026;GAS_BASE_Y;GAS_BASE_Y-29;114;114,5;114;114,5;114,55;3;4;4003320;57;
26.02.2026;GAS_BASE_Y;GAS_BASE_Y-30;0;0;0;0;108,75;0;0;0;5;
26.02.2026;GAS_RDB;GAS_RDB_26-02-26;159,5;145;145;159,5;0;72;14443;2183025,04;13674;
26.02.2026;GAS_WEEKEND;GAS_WEEKEND_09-26;0;0;0;0;0;0;0;0;0;
26.02.2026;GLW_BASE;GLW_BASE_27-02-26;0;0;0;0;0;0;0;0;0;
26.02.2026;GLW_RDB;GLW_RDB_26-02-26;0;0;0;0;0;0;0;0;0;
26.02.2026;KUK_A_WMA-03;KUK_A_WMA-03;0;0;0;0;0;0;0;0;0;
26.02.2026;OFFPEAK;OFFPEAK_27-02-26;0;0;0;0;0;0;0;0;0;
26.02.2026;OFFPEAK;OFFPEAK_28-02-26;0;0;0;0;0;0;0;0;0;
26.02.2026;OFFPEAK_M;OFFPEAK_M-03-26;0;0;0;0;384,58;0;0;0;0;
26.02.2026;OFFPEAK_M;OFFPEAK_M-04-26;0;0;0;0;378,81;0;0;0;0;
26.02.2026;OFFPEAK_M;OFFPEAK_M-05-26;0;0;0;0;400,42;0;0;0;0;
26.02.2026;OFFPEAK_M;OFFPEAK_M-06-26;0;0;0;0;397,76;0;0;0;0;
26.02.2026;OFFPEAK_M;OFFPEAK_M-07-26;0;0;0;0;434,86;0;0;0;0;
26.02.2026;OFFPEAK_M;OFFPEAK_M-08-26;0;0;0;0;415,71;0;0;0;0;
26.02.2026;OFFPEAK_Q;OFFPEAK_Q-1-27;0;0;0;0;418,19;0;0;0;0;
26.02.2026;OFFPEAK_Q;OFFPEAK_Q-2-26;0;0;0;0;392,58;0;0;0;0;
26.02.2026;OFFPEAK_Q;OFFPEAK_Q-2-27;0;0;0;0;364,56;0;0;0;0;
26.02.2026;OFFPEAK_Q;OFFPEAK_Q-3-26;0;0;0;0;425;0;0;0;0;
26.02.2026;OFFPEAK_Q;OFFPEAK_Q-3-27;0;0;0;0;389,51;0;0;0;0;
26.02.2026;OFFPEAK_Q;OFFPEAK_Q-4-26;0;0;0;0;389,98;0;0;0;0;
26.02.2026;OFFPEAK_W;OFFPEAK_W-10-26;0;0;0;0;386,8;0;0;0;0;
26.02.2026;OFFPEAK_W;OFFPEAK_W-11-26;0;0;0;0;409,38;0;0;0;0;
26.02.2026;OFFPEAK_W;OFFPEAK_W-12-26;0;0;0;0;384,74;0;0;0;0;
26.02.2026;OFFPEAK_W;OFFPEAK_W-13-26;0;0;0;0;384,4;0;0;0;0;
26.02.2026;OFFPEAK_W;OFFPEAK_W-14-26;0;0;0;0;380,21;0;0;0;0;
26.02.2026;OFFPEAK_Y;OFFPEAK_Y-27;0;0;0;0;384,17;0;0;0;0;
26.02.2026;OFFPEAK_Y;OFFPEAK_Y-28;0;0;0;0;363,06;0;0;0;0;
26.02.2026;OFFPEAK_Y;OFFPEAK_Y-29;0;0;0;0;368,85;0;0;0;0;
26.02.2026;OFFPEAK_Y;OFFPEAK_Y-30;0;0;0;0;344,92;0;0;0;0;
26.02.2026;OFFP_WEEKEND;OFFP_WEEKEND_09-26;0;0;0;0;0;0;0;0;0;
26.02.2026;PEAK;PEAK_27-02-26;0;0;0;0;0;0;0;0;0;
26.02.2026;PEAK;PEAK_28-02-26;0;0;0;0;0;0;0;0;0;
26.02.2026;PEAK5_M;PEAK5_M-03-26;445;446;442;446;452,4;25;30;4398570;123;
26.02.2026;PEAK5_M;PEAK5_M-04-26;410;410;410;410;414,76;1;2;258300;2;
26.02.2026;PEAK5_M;PEAK5_M-05-26;0;0;0;0;398,72;0;0;0;0;
26.02.2026;PEAK5_M;PEAK5_M-06-26;0;0;0;0;415,99;0;0;0;0;
26.02.2026;PEAK5_M;PEAK5_M-07-26;0;0;0;0;447,96;0;0;0;0;
26.02.2026;PEAK5_M;PEAK5_M-08-26;0;0;0;0;458,22;0;0;0;0;
26.02.2026;PEAK5_Q;PEAK5_Q-1-27;0;0;0;0;512,12;0;0;0;0;
26.02.2026;PEAK5_Q;PEAK5_Q-2-26;405;405;405;405;410;1;2;753300;43;
26.02.2026;PEAK5_Q;PEAK5_Q-2-27;0;0;0;0;411,22;0;0;0;0;
26.02.2026;PEAK5_Q;PEAK5_Q-3-26;449,5;449,5;449,5;449,5;454;2;2;890010;43;
26.02.2026;PEAK5_Q;PEAK5_Q-3-27;0;0;0;0;440,78;0;0;0;0;
26.02.2026;PEAK5_Q;PEAK5_Q-4-26;552;552;552;552;558;5;9;4769280;95;
26.02.2026;PEAK5_W;PEAK5_W-10-26;0;0;0;0;454,45;0;0;0;0;
26.02.2026;PEAK5_W;PEAK5_W-11-26;0;0;0;0;454,45;0;0;0;0;
26.02.2026;PEAK5_W;PEAK5_W-12-26;0;0;0;0;454,45;0;0;0;0;
26.02.2026;PEAK5_W;PEAK5_W-13-26;0;0;0;0;454,45;0;0;0;0;
26.02.2026;PEAK5_W;PEAK5_W-14-26;0;0;0;0;418,52;0;0;0;0;
26.02.2026;PEAK5_Y;PEAK5_Y-27;0;0;0;0;477,5;0;0;0;165;
26.02.2026;PEAK5_Y;PEAK5_Y-28;0;0;0;0;460;0;0;0;1;
26.02.2026;PEAK5_Y;PEAK5_Y-29;0;0;0;0;437,83;0;0;0;0;
26.02.2026;PEAK5_Y;PEAK5_Y-30;0;0;0;0;478,25;0;0;0;0;
26.02.2026;PEAK_WEEKEND;PEAK_WEEKEND_09-26;0;0;0;0;0;0;0;0;0;
26.02.2026;PMBG;PMBG;0;0;0;0;0;0;0;0;0;
26.02.2026;PMEF-2025;PMEF-2025;0;0;0;0;0;0;0;0;0;
26.02.2026;PMEF-2026;PMEF-2026;0;0;0;0;0;0;0;0;0;
26.02.2026;PMEF_F;PMEF_F;2327,05;2329,5;2327,05;2330;0;23;963743;2243138567;92696166;
26.02.2026;PMOZE;PMOZE;0;0;0;0;0;0;0;0;0;
26.02.2026;PMOZE_A;PMOZE_A;25,11;27;25,11;27,25;0;93;65815558;1742200515;9653894976;
26.02.2026;PMOZE-BIO;PMOZE-BIO;300,05;300,05;300,03;300,05;0;16;3088057;926539184;560134222;
26.02.2026;PSZ_B_DLS-01;PSZ_B_DLS-01;0;0;0;0;0;0;0;0;0;
26.02.2026;PSZ_B_KUJ-01;PSZ_B_KUJ-01;0;0;0;0;0;0;0;0;0;
26.02.2026;PSZ_B_KUJ-02;PSZ_B_KUJ-02;0;0;0;0;0;0;0;0;0;
26.02.2026;PSZ_B_LBL-01;PSZ_B_LBL-01;0;0;0;0;0;0;0;0;0;
26.02.2026;PSZ_B_LBL-02;PSZ_B_LBL-02;0;0;0;0;0;0;0;0;0;
26.02.2026;PSZ_B_LBL-03;PSZ_B_LBL-03;0;0;0;0;0;0;0;0;0;
26.02.2026;PSZ_B_LBL-04;PSZ_B_LBL-04;0;0;0;0;0;0;0;0;0;
26.02.2026;PSZ_B_LBL-05;PSZ_B_LBL-05;0;0;0;0;0;0;0;0;0;
26.02.2026;PSZ_B_LBL-06;PSZ_B_LBL-06;0;0;0;0;0;0;0;0;0;
26.02.2026;PSZ_B_LBL-07;PSZ_B_LBL-07;0;0;0;0;0;0;0;0;0;
26.02.2026;PSZ_B_LBU-01;PSZ_B_LBU-01;0;0;0;0;0;0;0;0;0;
26.02.2026;PSZ_B_LBU-02;PSZ_B_LBU-02;0;0;0;0;0;0;0;0;0;
26.02.2026;PSZ_B_MAZ-01;PSZ_B_MAZ-01;0;0;0;0;0;0;0;0;0;
26.02.2026;PSZ_B_MAZ-02;PSZ_B_MAZ-02;0;0;0;0;0;0;0;0;0;
26.02.2026;PSZ_B_MAZ-03;PSZ_B_MAZ-03;0;0;0;0;0;0;0;0;0;
26.02.2026;PSZ_B_OPO-01;PSZ_B_OPO-01;0;0;0;0;0;0;0;0;0;
26.02.2026;PSZ_B_OPO-02;PSZ_B_OPO-02;0;0;0;0;0;0;0;0;0;
26.02.2026;PSZ_B_PDK-01;PSZ_B_PDK-01;0;0;0;0;0;0;0;0;0;
26.02.2026;PSZ_B_PDL-01;PSZ_B_PDL-01;0;0;0;0;0;0;0;0;0;
26.02.2026;PSZ_B_POM-01;PSZ_B_POM-01;0;0;0;0;0;0;0;0;0;
26.02.2026;PSZ_B_POM-02;PSZ_B_POM-02;0;0;0;0;0;0;0;0;0;
26.02.2026;PSZ_B_WLK-01;PSZ_B_WLK-01;0;0;0;0;0;0;0;0;0;
26.02.2026;PSZ_B_WLK-02;PSZ_B_WLK-02;0;0;0;0;0;0;0;0;0;
26.02.2026;PSZ_B_WLK-03;PSZ_B_WLK-03;0;0;0;0;0;0;0;0;0;
26.02.2026;PSZ_B_WLK-04;PSZ_B_WLK-04;0;0;0;0;0;0;0;0;0;
26.02.2026;PSZ_B_WMA-01;PSZ_B_WMA-01;0;0;0;0;0;0;0;0;0;
26.02.2026;PSZ_B_WMA-02;PSZ_B_WMA-02;0;0;0;0;0;0;0;0;0;
26.02.2026;PSZ_B_WMA-03;PSZ_B_WMA-03;0;0;0;0;0;0;0;0;0;
26.02.2026;PSZ_B_WMA-04;PSZ_B_WMA-04;0;0;0;0;0;0;0;0;0;
26.02.2026;PSZ_B_WMA-05;PSZ_B_WMA-05;0;0;0;0;0;0;0;0;0;
26.02.2026;PSZ_B_WMA-06;PSZ_B_WMA-06;0;0;0;0;0;0;0;0;0;
26.02.2026;PSZ_B_ZPO-01;PSZ_B_ZPO-01;0;0;0;0;0;0;0;0;0;
26.02.2026;PSZ_B_ZPO-02;PSZ_B_ZPO-02;0;0;0;0;0;0;0;0;0;
26.02.2026;PSZ_C_DLS-01;PSZ_C_DLS-01;0;0;0;0;0;0;0;0;0;
26.02.2026;PSZ_C_KUJ-01;PSZ_C_KUJ-01;0;0;0;0;0;0;0;0;0;
26.02.2026;PSZ_C_KUJ-02;PSZ_C_KUJ-02;0;0;0;0;0;0;0;0;0;
26.02.2026;PSZ_C_LBL-01;PSZ_C_LBL-01;0;0;0;0;0;0;0;0;0;
26.02.2026;PSZ_C_LBL-02;PSZ_C_LBL-02;0;0;0;0;0;0;0;0;0;
26.02.2026;PSZ_C_LBL-03;PSZ_C_LBL-03;0;0;0;0;0;0;0;0;0;
26.02.2026;PSZ_C_LBL-04;PSZ_C_LBL-04;0;0;0;0;0;0;0;0;0;
26.02.2026;PSZ_C_LBL-05;PSZ_C_LBL-05;0;0;0;0;0;0;0;0;0;
26.02.2026;PSZ_C_LBL-06;PSZ_C_LBL-06;0;0;0;0;0;0;0;0;0;
26.02.2026;PSZ_C_LBL-07;PSZ_C_LBL-07;0;0;0;0;0;0;0;0;0;
26.02.2026;PSZ_C_LBU-01;PSZ_C_LBU-01;0;0;0;0;0;0;0;0;0;
26.02.2026;PSZ_C_LBU-02;PSZ_C_LBU-02;0;0;0;0;0;0;0;0;0;
26.02.2026;PSZ_C_MAZ-01;PSZ_C_MAZ-01;0;0;0;0;0;0;0;0;0;
26.02.2026;PSZ_C_MAZ-02;PSZ_C_MAZ-02;0;0;0;0;0;0;0;0;0;
26.02.2026;PSZ_C_MAZ-03;PSZ_C_MAZ-03;0;0;0;0;0;0;0;0;0;
26.02.2026;PSZ_C_OPO-01;PSZ_C_OPO-01;0;0;0;0;0;0;0;0;0;
26.02.2026;PSZ_C_OPO-02;PSZ_C_OPO-02;0;0;0;0;0;0;0;0;0;
26.02.2026;PSZ_C_PDK-01;PSZ_C_PDK-01;0;0;0;0;0;0;0;0;0;
26.02.2026;PSZ_C_PDL-01;PSZ_C_PDL-01;0;0;0;0;0;0;0;0;0;
26.02.2026;PSZ_C_POM-01;PSZ_C_POM-01;0;0;0;0;0;0;0;0;0;
26.02.2026;PSZ_C_POM-02;PSZ_C_POM-02;0;0;0;0;0;0;0;0;0;
26.02.2026;PSZ_C_WLK-01;PSZ_C_WLK-01;0;0;0;0;0;0;0;0;0;
26.02.2026;PSZ_C_WLK-02;PSZ_C_WLK-02;0;0;0;0;0;0;0;0;0;
26.02.2026;PSZ_C_WLK-03;PSZ_C_WLK-03;0;0;0;0;0;0;0;0;0;
26.02.2026;PSZ_C_WLK-04;PSZ_C_WLK-04;0;0;0;0;0;0;0;0;0;
26.02.2026;PSZ_C_WMA-01;PSZ_C_WMA-01;0;0;0;0;0;0;0;0;0;
26.02.2026;PSZ_C_WMA-02;PSZ_C_WMA-02;0;0;0;0;0;0;0;0;0;
26.02.2026;PSZ_C_WMA-03;PSZ_C_WMA-03;0;0;0;0;0;0;0;0;0;
26.02.2026;PSZ_C_WMA-04;PSZ_C_WMA-04;0;0;0;0;0;0;0;0;0;
26.02.2026;PSZ_C_WMA-05;PSZ_C_WMA-05;0;0;0;0;0;0;0;0;0;
26.02.2026;PSZ_C_WMA-06;PSZ_C_WMA-06;0;0;0;0;0;0;0;0;0;
26.02.2026;PSZ_C_ZPO-01;PSZ_C_ZPO-01;0;0;0;0;0;0;0;0;0;
26.02.2026;PSZ_C_ZPO-02;PSZ_C_ZPO-02;0;0;0;0;0;0;0;0;0;
26.02.2026;RDN-1;RDN_27-02-26_H01;356,77;356,77;356,77;356,77;0;161;2951,1;1052863,947;2680,2;
26.02.2026;RDN-1;RDN_27-02-26_H02;350,28;350,28;350,28;350,28;0;157;2770,3;970380,684;2388,8;
26.02.2026;RDN-1;RDN_27-02-26_H03;336;336;336;336;0;159;2732,4;918086,4;2340,1;
26.02.2026;RDN-1;RDN_27-02-26_H04;353,05;353,05;353,05;353,05;0;162;2664,7;940772,335;2263,1;
26.02.2026;RDN-1;RDN_27-02-26_H05;369;360;350;369;0;161;2547,4;939955,6;2124;
26.02.2026;RDN-1;RDN_27-02-26_H06;400,8;400,8;400,8;400,8;0;159;2711,9;1086929,52;2221,9;
26.02.2026;RDN-1;RDN_27-02-26_H07;460;460;460;460;0;167;3264,4;1501624;2621;
26.02.2026;RDN-1;RDN_27-02-26_H08;469,6;469,6;469,6;469,6;0;165;3396,9;1595184,24;2767,7;
26.02.2026;RDN-1;RDN_27-02-26_H09;410,77;410,77;410;410,77;0;177;3415,8;1403088,916;2717,1;
26.02.2026;RDN-1;RDN_27-02-26_H10;343,41;343,41;343,41;343,41;0;179;3890,8;1336139,628;3192,1;
26.02.2026;RDN-1;RDN_27-02-26_H11;250;250;250;250;0;182;4123,2;1030800;3359,7;
26.02.2026;RDN-1;RDN_27-02-26_H12;240;240;240;240;0;176;4271,3;1025112;3525,3;
26.02.2026;RDN-1;RDN_27-02-26_H13;200;200;200;200;0;178;4512,1;902420;3866,7;
26.02.2026;RDN-1;RDN_27-02-26_H14;220;220;220;220;0;186;4256,6;936452;3813,5;
26.02.2026;RDN-1;RDN_27-02-26_H15;285,85;285,85;285,85;285,85;0;204;4189,7;1197625,745;3685,4;
26.02.2026;RDN-1;RDN_27-02-26_H16;384;380;380;384;0;196;3372,7;1295076,8;3026,9;
26.02.2026;RDN-1;RDN_27-02-26_H17;460;460;460;460;0;178;3459,1;1591186;2861,9;
26.02.2026;RDN-1;RDN_27-02-26_H18;556,6;556,6;556,6;556,6;0;184;3918,8;2181204,08;3303,3;
26.02.2026;RDN-1;RDN_27-02-26_H19;546,99;546,99;546,99;546,99;0;175;3932,7;2151147,573;3360;
26.02.2026;RDN-1;RDN_27-02-26_H20;527,96;527,96;521,1;527,96;0;184;3989,8;2106317,608;3411,9;
26.02.2026;RDN-1;RDN_27-02-26_H21;473,2;475;473,2;475;0;183;3706,6;1753981,12;3186,2;
26.02.2026;RDN-1;RDN_27-02-26_H22;388,36;371,1;371,1;388,36;0;168;3204,8;1244270,928;2865,5;
26.02.2026;RDN-1;RDN_27-02-26_H23;400;400;400;400;0;167;3506;1402400;3067,9;
26.02.2026;RDN-1;RDN_27-02-26_H24;367,69;367,69;367,69;367,69;0;153;3104,8;1141603,912;2733,7;
26.02.2026;RZP_A_LBL-01;RZP_A_LBL-01;0;0;0;0;0;0;0;0;0;
26.02.2026;SGT_BASE;SGT_BASE_27-02-26;0;0;0;0;0;0;0;0;0;
26.02.2026;SGT_RDB;SGT_RDB_26-02-26;0;0;0;0;0;0;0;0;0;
26.02.2026;ZTO_B_KUJ-02;ZTO_B_KUJ-02;0;0;0;0;0;0;0;0;0;
26.02.2026;ZTO_B_LBL-01;ZTO_B_LBL-01;0;0;0;0;0;0;0;0;0;
26.02.2026;ZTO_B_LBU-01;ZTO_B_LBU-01;0;0;0;0;0;0;0;0;0;
26.02.2026;ZTO_B_MAZ-01;ZTO_B_MAZ-01;0;0;0;0;0;0;0;0;0;
26.02.2026;ZTO_B_PDL-01;ZTO_B_PDL-01;0;0;0;0;0;0;0;0;0;
26.02.2026;ZTO_B_WLK-01;ZTO_B_WLK-01;0;0;0;0;0;0;0;0;0;
26.02.2026;ZTO_B_WLK-02;ZTO_B_WLK-02;0;0;0;0;0;0;0;0;0;
26.02.2026;ZTO_B_WMA-01;ZTO_B_WMA-01;0;0;0;0;0;0;0;0;0;
26.02.2026;ZTO_B_WMA-02;ZTO_B_WMA-02;0;0;0;0;0;0;0;0;0;
26.02.2026;ZTO_B_WMA-03;ZTO_B_WMA-03;0;0;0;0;0;0;0;0;0;
26.02.2026;ZTO_C_KUJ-02;ZTO_C_KUJ-02;0;0;0;0;0;0;0;0;0;
26.02.2026;ZTO_C_LBL-01;ZTO_C_LBL-01;0;0;0;0;0;0;0;0;0;
26.02.2026;ZTO_C_LBU-01;ZTO_C_LBU-01;0;0;0;0;0;0;0;0;0;
26.02.2026;ZTO_C_MAZ-01;ZTO_C_MAZ-01;0;0;0;0;0;0;0;0;0;
26.02.2026;ZTO_C_PDL-01;ZTO_C_PDL-01;0;0;0;0;0;0;0;0;0;
26.02.2026;ZTO_C_WLK-01;ZTO_C_WLK-01;0;0;0;0;0;0;0;0;0;
26.02.2026;ZTO_C_WLK-02;ZTO_C_WLK-02;0;0;0;0;0;0;0;0;0;
26.02.2026;ZTO_C_WMA-01;ZTO_C_WMA-01;0;0;0;0;0;0;0;0;0;
26.02.2026;ZTO_C_WMA-02;ZTO_C_WMA-02;0;0;0;0;0;0;0;0;0;
26.02.2026;ZTO_C_WMA-03;ZTO_C_WMA-03;0;0;0;0;0;0;0;0;0;
27.02.2026;BASE;BASE_01-03-26;270;266;265;270;0;4;15;96120;15;
27.02.2026;BASE;BASE_28-02-26;299,5;290;290;300;0;56;237;1688760;152;
27.02.2026;BASE_M;BASE_M-04-26;384;385;384;388;382,41;22;31;8604734,4;345;
27.02.2026;BASE_M;BASE_M-05-26;393;392;392;393;391,58;8;11;3212592;149;
27.02.2026;BASE_M;BASE_M-06-26;402;403;402;404;399;6;7;2030400;80;
27.02.2026;BASE_M;BASE_M-07-26;0;0;0;0;433,89;0;0;0;4;
27.02.2026;BASE_M;BASE_M-08-26;0;0;0;0;426,78;0;0;0;0;
27.02.2026;BASE_M;BASE_M-09-26;0;0;0;0;0;0;0;0;0;
27.02.2026;BASE_Q;BASE_Q-1-27;459;459;459;459;454,5;1;1;990981;14;
27.02.2026;BASE_Q;BASE_Q-2-26;393;393,5;393;394;391;20;22;18894330;701;
27.02.2026;BASE_Q;BASE_Q-2-27;0;0;0;0;386,9;0;0;0;16;
27.02.2026;BASE_Q;BASE_Q-3-26;0;0;0;0;431;0;0;0;462;
27.02.2026;BASE_Q;BASE_Q-3-27;0;0;0;0;414;0;0;0;3;
27.02.2026;BASE_Q;BASE_Q-4-26;459;459;459;459;454,3;1;1;1013931;742;
27.02.2026;BASE_W;BASE_W-10-26;416;413;413;416;402,5;23;34;2364180;25;
27.02.2026;BASE_W;BASE_W-11-26;0;0;0;0;408,14;0;0;0;0;
27.02.2026;BASE_W;BASE_W-12-26;0;0;0;0;408,14;0;0;0;0;
27.02.2026;BASE_W;BASE_W-13-26;0;0;0;0;408,14;0;0;0;0;
27.02.2026;BASE_W;BASE_W-14-26;0;0;0;0;386,55;0;0;0;5;
27.02.2026;BASE_WEEKEND;BASE_WEEKEND_09-26;0;0;0;0;0;0;0;0;0;
27.02.2026;BASE_Y;BASE_Y-27;422,5;423,49;422,5;423,49;418,3;5;5;18527312;981;
27.02.2026;BASE_Y;BASE_Y-28;399,5;399,5;399,5;399,5;399,5;2;2;7018416;225;
27.02.2026;BASE_Y;BASE_Y-29;0;0;0;0;394,99;0;0;0;18;
27.02.2026;BASE_Y;BASE_Y-30;0;0;0;0;397;0;0;0;0;
27.02.2026;GAS_BASE;GAS_BASE_28-02-26;142;145;137;145;0;104;4048;13515444,48;3897;
27.02.2026;GAS_BASE_M;GAS_BASE_M-01-27;162,15;164,9;162,15;164,9;156,75;9;21;2552887;369;
27.02.2026;GAS_BASE_M;GAS_BASE_M-02-27;159,5;162;159;162;154,5;9;21;2260608;272;
27.02.2026;GAS_BASE_M;GAS_BASE_M-03-26;156;154;152;156;152;17;36;4079070;20315;
27.02.2026;GAS_BASE_M;GAS_BASE_M-04-26;155,3;157;155;157;148,05;8;13;1458720;3408;
27.02.2026;GAS_BASE_M;GAS_BASE_M-05-26;0;0;0;0;145,73;0;0;0;418;
27.02.2026;GAS_BASE_M;GAS_BASE_M-06-26;0;0;0;0;144,23;0;0;0;72;
27.02.2026;GAS_BASE_M;GAS_BASE_M-07-26;0;0;0;0;144,5;0;0;0;21;
27.02.2026;GAS_BASE_M;GAS_BASE_M-08-26;0;0;0;0;132,82;0;0;0;10;
27.02.2026;GAS_BASE_M;GAS_BASE_M-09-26;153,9;156;153,9;156;148;7;11;1229472;354;
27.02.2026;GAS_BASE_M;GAS_BASE_M-10-26;0;0;0;0;148,78;0;0;0;34;
27.02.2026;GAS_BASE_M;GAS_BASE_M-11-26;158;160,3;158;160,3;153;13;43;4923972;1667;
27.02.2026;GAS_BASE_M;GAS_BASE_M-12-26;161,7;163,6;161;163,6;155;9;40;4819260;1754;
27.02.2026;GAS_BASE_Q;GAS_BASE_Q-1-27;157,75;158;157,5;158;152,4;9;16;5445538;1469;
27.02.2026;GAS_BASE_Q;GAS_BASE_Q-2-26;153;155;153;155,25;146;5;9;3034122;7580;
27.02.2026;GAS_BASE_Q;GAS_BASE_Q-2-27;134,75;134,75;134,75;134,75;130,5;1;3;882882;59;
27.02.2026;GAS_BASE_Q;GAS_BASE_Q-3-26;153,25;153,25;153,25;153,25;141,71;3;6;2030256;6283;
27.02.2026;GAS_BASE_Q;GAS_BASE_Q-3-27;0;0;0;0;127,5;0;0;0;28;
27.02.2026;GAS_BASE_Q;GAS_BASE_Q-4-26;157,5;160;157,5;160;152,25;13;23;8084366;8387;
27.02.2026;GAS_BASE_S;GAS_BASE_S-S-26;0;0;0;0;143,84;0;0;0;72;
27.02.2026;GAS_BASE_S;GAS_BASE_S-S-27;0;0;0;0;128,99;0;0;0;9;
27.02.2026;GAS_BASE_S;GAS_BASE_S-W-26;157,25;158,5;157,25;158,5;152,32;5;6;4140864;741;
27.02.2026;GAS_BASE_S;GAS_BASE_S-W-27;137,5;137,5;137,5;137,5;135;1;3;1811700;29;
27.02.2026;GAS_BASE_W;GAS_BASE_W-10-26;152;152;152;152;150,56;1;10;255360;75;
27.02.2026;GAS_BASE_W;GAS_BASE_W-11-26;0;0;0;0;151,94;0;0;0;5;
27.02.2026;GAS_BASE_W;GAS_BASE_W-12-26;0;0;0;0;152,02;0;0;0;0;
27.02.2026;GAS_BASE_W;GAS_BASE_W-13-26;0;0;0;0;152,02;0;0;0;0;
27.02.2026;GAS_BASE_Y;GAS_BASE_Y-27;138,5;139,25;138,5;139,25;135,5;12;23;28005720;4204;
27.02.2026;GAS_BASE_Y;GAS_BASE_Y-28;123;123,25;122,99;123,25;121,65;8;14;15134568;531;
27.02.2026;GAS_BASE_Y;GAS_BASE_Y-29;0;0;0;0;114,5;0;0;0;57;
27.02.2026;GAS_BASE_Y;GAS_BASE_Y-30;0;0;0;0;108,75;0;0;0;5;
27.02.2026;GAS_RDB;GAS_RDB_27-02-26;151;153,5;137;154;0;85;28595;4061282,97;25062;
27.02.2026;GAS_WEEKEND;GAS_WEEKEND_09-26;140;149,75;138,25;149,75;0;23;540;3624580,8;516;
27.02.2026;GLW_BASE;GLW_BASE_28-02-26;0;0;0;0;0;0;0;0;0;
27.02.2026;GLW_RDB;GLW_RDB_27-02-26;0;0;0;0;0;0;0;0;0;
27.02.2026;KUK_A_WMA-03;KUK_A_WMA-03;0;0;0;0;0;0;0;0;0;
27.02.2026;OFFPEAK;OFFPEAK_01-03-26;0;0;0;0;0;0;0;0;0;
27.02.2026;OFFPEAK;OFFPEAK_28-02-26;0;0;0;0;0;0;0;0;0;
27.02.2026;OFFPEAK_M;OFFPEAK_M-04-26;0;0;0;0;364,69;0;0;0;0;
27.02.2026;OFFPEAK_M;OFFPEAK_M-05-26;0;0;0;0;391,22;0;0;0;0;
27.02.2026;OFFPEAK_M;OFFPEAK_M-06-26;0;0;0;0;388,13;0;0;0;0;
27.02.2026;OFFPEAK_M;OFFPEAK_M-07-26;0;0;0;0;425,56;0;0;0;0;
27.02.2026;OFFPEAK_M;OFFPEAK_M-08-26;0;0;0;0;407,02;0;0;0;0;
27.02.2026;OFFPEAK_M;OFFPEAK_M-09-26;0;0;0;0;0;0;0;0;0;
27.02.2026;OFFPEAK_Q;OFFPEAK_Q-1-27;0;0;0;0;416,02;0;0;0;0;
27.02.2026;OFFPEAK_Q;OFFPEAK_Q-2-26;0;0;0;0;381,65;0;0;0;0;
27.02.2026;OFFPEAK_Q;OFFPEAK_Q-2-27;0;0;0;0;371,6;0;0;0;0;
27.02.2026;OFFPEAK_Q;OFFPEAK_Q-3-26;0;0;0;0;415,96;0;0;0;0;
27.02.2026;OFFPEAK_Q;OFFPEAK_Q-3-27;0;0;0;0;395,95;0;0;0;0;
27.02.2026;OFFPEAK_Q;OFFPEAK_Q-4-26;0;0;0;0;379,21;0;0;0;0;
27.02.2026;OFFPEAK_W;OFFPEAK_W-10-26;0;0;0;0;366,58;0;0;0;0;
27.02.2026;OFFPEAK_W;OFFPEAK_W-11-26;0;0;0;0;376,77;0;0;0;0;
27.02.2026;OFFPEAK_W;OFFPEAK_W-12-26;0;0;0;0;376,77;0;0;0;0;
27.02.2026;OFFPEAK_W;OFFPEAK_W-13-26;0;0;0;0;376,43;0;0;0;0;
27.02.2026;OFFPEAK_W;OFFPEAK_W-14-26;0;0;0;0;364,78;0;0;0;0;
27.02.2026;OFFPEAK_Y;OFFPEAK_Y-27;0;0;0;0;376,83;0;0;0;0;
27.02.2026;OFFPEAK_Y;OFFPEAK_Y-28;0;0;0;0;357,87;0;0;0;0;
27.02.2026;OFFPEAK_Y;OFFPEAK_Y-29;0;0;0;0;365,6;0;0;0;0;
27.02.2026;OFFPEAK_Y;OFFPEAK_Y-30;0;0;0;0;339,98;0;0;0;0;
27.02.2026;OFFP_WEEKEND;OFFP_WEEKEND_09-26;0;0;0;0;0;0;0;0;0;
27.02.2026;PEAK;PEAK_01-03-26;0;0;0;0;0;0;0;0;0;
27.02.2026;PEAK;PEAK_28-02-26;0;0;0;0;0;0;0;0;0;
27.02.2026;PEAK5_M;PEAK5_M-04-26;0;0;0;0;405,19;0;0;0;2;
27.02.2026;PEAK5_M;PEAK5_M-05-26;0;0;0;0;392,11;0;0;0;0;
27.02.2026;PEAK5_M;PEAK5_M-06-26;0;0;0;0;412,98;0;0;0;0;
27.02.2026;PEAK5_M;PEAK5_M-07-26;0;0;0;0;443,52;0;0;0;0;
27.02.2026;PEAK5_M;PEAK5_M-08-26;0;0;0;0;453,68;0;0;0;0;
27.02.2026;PEAK5_M;PEAK5_M-09-26;0;0;0;0;0;0;0;0;0;
27.02.2026;PEAK5_Q;PEAK5_Q-1-27;0;0;0;0;506,81;0;0;0;0;
27.02.2026;PEAK5_Q;PEAK5_Q-2-26;403;403;403;403;403,61;4;6;2248740;49;
27.02.2026;PEAK5_Q;PEAK5_Q-2-27;0;0;0;0;406,96;0;0;0;0;
27.02.2026;PEAK5_Q;PEAK5_Q-3-26;0;0;0;0;449,5;0;0;0;43;
27.02.2026;PEAK5_Q;PEAK5_Q-3-27;0;0;0;0;436,21;0;0;0;0;
27.02.2026;PEAK5_Q;PEAK5_Q-4-26;0;0;0;0;552;0;0;0;95;
27.02.2026;PEAK5_W;PEAK5_W-10-26;0;0;0;0;447,04;0;0;0;0;
27.02.2026;PEAK5_W;PEAK5_W-11-26;0;0;0;0;447,04;0;0;0;0;
27.02.2026;PEAK5_W;PEAK5_W-12-26;0;0;0;0;447,04;0;0;0;0;
27.02.2026;PEAK5_W;PEAK5_W-13-26;0;0;0;0;447,04;0;0;0;0;
27.02.2026;PEAK5_W;PEAK5_W-14-26;0;0;0;0;413,55;0;0;0;0;
27.02.2026;PEAK5_Y;PEAK5_Y-27;0;0;0;0;472,55;0;0;0;165;
27.02.2026;PEAK5_Y;PEAK5_Y-28;456;456;456;456;455;1;1;1716840;1;
27.02.2026;PEAK5_Y;PEAK5_Y-29;0;0;0;0;433,98;0;0;0;0;
27.02.2026;PEAK5_Y;PEAK5_Y-30;0;0;0;0;473,18;0;0;0;0;
27.02.2026;PEAK_WEEKEND;PEAK_WEEKEND_09-26;0;0;0;0;0;0;0;0;0;
27.02.2026;PSZ_B_DLS-01;PSZ_B_DLS-01;0;0;0;0;0;0;0;0;0;
27.02.2026;PSZ_B_KUJ-01;PSZ_B_KUJ-01;0;0;0;0;0;0;0;0;0;
27.02.2026;PSZ_B_KUJ-02;PSZ_B_KUJ-02;0;0;0;0;0;0;0;0;0;
27.02.2026;PSZ_B_LBL-01;PSZ_B_LBL-01;0;0;0;0;0;0;0;0;0;
27.02.2026;PSZ_B_LBL-02;PSZ_B_LBL-02;0;0;0;0;0;0;0;0;0;
27.02.2026;PSZ_B_LBL-03;PSZ_B_LBL-03;0;0;0;0;0;0;0;0;0;
27.02.2026;PSZ_B_LBL-04;PSZ_B_LBL-04;0;0;0;0;0;0;0;0;0;
27.02.2026;PSZ_B_LBL-05;PSZ_B_LBL-05;0;0;0;0;0;0;0;0;0;
27.02.2026;PSZ_B_LBL-06;PSZ_B_LBL-06;0;0;0;0;0;0;0;0;0;
27.02.2026;PSZ_B_LBL-07;PSZ_B_LBL-07;0;0;0;0;0;0;0;0;0;
27.02.2026;PSZ_B_LBU-01;PSZ_B_LBU-01;0;0;0;0;0;0;0;0;0;
27.02.2026;PSZ_B_LBU-02;PSZ_B_LBU-02;0;0;0;0;0;0;0;0;0;
27.02.2026;PSZ_B_MAZ-01;PSZ_B_MAZ-01;0;0;0;0;0;0;0;0;0;
27.02.2026;PSZ_B_MAZ-02;PSZ_B_MAZ-02;0;0;0;0;0;0;0;0;0;
27.02.2026;PSZ_B_MAZ-03;PSZ_B_MAZ-03;0;0;0;0;0;0;0;0;0;
27.02.2026;PSZ_B_OPO-01;PSZ_B_OPO-01;0;0;0;0;0;0;0;0;0;
27.02.2026;PSZ_B_OPO-02;PSZ_B_OPO-02;0;0;0;0;0;0;0;0;0;
27.02.2026;PSZ_B_PDK-01;PSZ_B_PDK-01;0;0;0;0;0;0;0;0;0;
27.02.2026;PSZ_B_PDL-01;PSZ_B_PDL-01;0;0;0;0;0;0;0;0;0;
27.02.2026;PSZ_B_POM-01;PSZ_B_POM-01;0;0;0;0;0;0;0;0;0;
27.02.2026;PSZ_B_POM-02;PSZ_B_POM-02;0;0;0;0;0;0;0;0;0;
27.02.2026;PSZ_B_WLK-01;PSZ_B_WLK-01;0;0;0;0;0;0;0;0;0;
27.02.2026;PSZ_B_WLK-02;PSZ_B_WLK-02;0;0;0;0;0;0;0;0;0;
27.02.2026;PSZ_B_WLK-03;PSZ_B_WLK-03;0;0;0;0;0;0;0;0;0;
27.02.2026;PSZ_B_WLK-04;PSZ_B_WLK-04;0;0;0;0;0;0;0;0;0;
27.02.2026;PSZ_B_WMA-01;PSZ_B_WMA-01;0;0;0;0;0;0;0;0;0;
27.02.2026;PSZ_B_WMA-02;PSZ_B_WMA-02;0;0;0;0;0;0;0;0;0;
27.02.2026;PSZ_B_WMA-03;PSZ_B_WMA-03;0;0;0;0;0;0;0;0;0;
27.02.2026;PSZ_B_WMA-04;PSZ_B_WMA-04;0;0;0;0;0;0;0;0;0;
27.02.2026;PSZ_B_WMA-05;PSZ_B_WMA-05;0;0;0;0;0;0;0;0;0;
27.02.2026;PSZ_B_WMA-06;PSZ_B_WMA-06;0;0;0;0;0;0;0;0;0;
27.02.2026;PSZ_B_ZPO-01;PSZ_B_ZPO-01;0;0;0;0;0;0;0;0;0;
27.02.2026;PSZ_B_ZPO-02;PSZ_B_ZPO-02;0;0;0;0;0;0;0;0;0;
27.02.2026;PSZ_C_DLS-01;PSZ_C_DLS-01;0;0;0;0;0;0;0;0;0;
27.02.2026;PSZ_C_KUJ-01;PSZ_C_KUJ-01;0;0;0;0;0;0;0;0;0;
27.02.2026;PSZ_C_KUJ-02;PSZ_C_KUJ-02;0;0;0;0;0;0;0;0;0;
27.02.2026;PSZ_C_LBL-01;PSZ_C_LBL-01;0;0;0;0;0;0;0;0;0;
27.02.2026;PSZ_C_LBL-02;PSZ_C_LBL-02;0;0;0;0;0;0;0;0;0;
27.02.2026;PSZ_C_LBL-03;PSZ_C_LBL-03;0;0;0;0;0;0;0;0;0;
27.02.2026;PSZ_C_LBL-04;PSZ_C_LBL-04;0;0;0;0;0;0;0;0;0;
27.02.2026;PSZ_C_LBL-05;PSZ_C_LBL-05;0;0;0;0;0;0;0;0;0;
27.02.2026;PSZ_C_LBL-06;PSZ_C_LBL-06;0;0;0;0;0;0;0;0;0;
27.02.2026;PSZ_C_LBL-07;PSZ_C_LBL-07;0;0;0;0;0;0;0;0;0;
27.02.2026;PSZ_C_LBU-01;PSZ_C_LBU-01;0;0;0;0;0;0;0;0;0;
27.02.2026;PSZ_C_LBU-02;PSZ_C_LBU-02;0;0;0;0;0;0;0;0;0;
27.02.2026;PSZ_C_MAZ-01;PSZ_C_MAZ-01;0;0;0;0;0;0;0;0;0;
27.02.2026;PSZ_C_MAZ-02;PSZ_C_MAZ-02;0;0;0;0;0;0;0;0;0;
27.02.2026;PSZ_C_MAZ-03;PSZ_C_MAZ-03;0;0;0;0;0;0;0;0;0;
27.02.2026;PSZ_C_OPO-01;PSZ_C_OPO-01;0;0;0;0;0;0;0;0;0;
27.02.2026;PSZ_C_OPO-02;PSZ_C_OPO-02;0;0;0;0;0;0;0;0;0;
27.02.2026;PSZ_C_PDK-01;PSZ_C_PDK-01;0;0;0;0;0;0;0;0;0;
27.02.2026;PSZ_C_PDL-01;PSZ_C_PDL-01;0;0;0;0;0;0;0;0;0;
27.02.2026;PSZ_C_POM-01;PSZ_C_POM-01;0;0;0;0;0;0;0;0;0;
27.02.2026;PSZ_C_POM-02;PSZ_C_POM-02;0;0;0;0;0;0;0;0;0;
27.02.2026;PSZ_C_WLK-01;PSZ_C_WLK-01;0;0;0;0;0;0;0;0;0;
27.02.2026;PSZ_C_WLK-02;PSZ_C_WLK-02;0;0;0;0;0;0;0;0;0;
27.02.2026;PSZ_C_WLK-03;PSZ_C_WLK-03;0;0;0;0;0;0;0;0;0;
27.02.2026;PSZ_C_WLK-04;PSZ_C_WLK-04;0;0;0;0;0;0;0;0;0;
27.02.2026;PSZ_C_WMA-01;PSZ_C_WMA-01;0;0;0;0;0;0;0;0;0;
27.02.2026;PSZ_C_WMA-02;PSZ_C_WMA-02;0;0;0;0;0;0;0;0;0;
27.02.2026;PSZ_C_WMA-03;PSZ_C_WMA-03;0;0;0;0;0;0;0;0;0;
27.02.2026;PSZ_C_WMA-04;PSZ_C_WMA-04;0;0;0;0;0;0;0;0;0;
27.02.2026;PSZ_C_WMA-05;PSZ_C_WMA-05;0;0;0;0;0;0;0;0;0;
27.02.2026;PSZ_C_WMA-06;PSZ_C_WMA-06;0;0;0;0;0;0;0;0;0;
27.02.2026;PSZ_C_ZPO-01;PSZ_C_ZPO-01;0;0;0;0;0;0;0;0;0;
27.02.2026;PSZ_C_ZPO-02;PSZ_C_ZPO-02;0;0;0;0;0;0;0;0;0;
27.02.2026;RDN-1;RDN_28-02-26_H01;375,21;375,21;375,21;375,21;0;169;3508,2;1316311,722;3206,2;
27.02.2026;RDN-1;RDN_28-02-26_H02;357,99;357,99;357,99;357,99;0;160;3356,9;1201736,631;2979,1;
27.02.2026;RDN-1;RDN_28-02-26_H03;357,65;357,65;357,65;357,65;0;154;3342,5;1195445,125;2948,3;
27.02.2026;RDN-1;RDN_28-02-26_H04;357,99;357,99;357,99;357,99;0;148;3191,1;1142381,889;2820,2;
27.02.2026;RDN-1;RDN_28-02-26_H05;362,92;362,92;362,92;362,92;0;151;3111,7;1129298,164;2757,3;
27.02.2026;RDN-1;RDN_28-02-26_H06;373,89;373,89;373,89;373,89;0;151;3169,4;1185006,966;2840,6;
27.02.2026;RDN-1;RDN_28-02-26_H07;407,9;400;400;407,9;0;173;3563;1453291,61;3148,1;
27.02.2026;RDN-1;RDN_28-02-26_H08;381,99;381,99;381,99;381,99;0;171;3485,8;1331540,742;3063,3;
27.02.2026;RDN-1;RDN_28-02-26_H09;284;284;284;284;0;181;3894,1;1105924,4;3383,8;
27.02.2026;RDN-1;RDN_28-02-26_H10;138,96;128,96;128,96;138,96;0;195;4282,8;594858,688;3732,6;
27.02.2026;RDN-1;RDN_28-02-26_H11;0,01;-5;-5;5;0;188;4641,1;-34,739;4167,7;
27.02.2026;RDN-1;RDN_28-02-26_H12;0;-10;-10;5;0;171;3703,4;-199,2;3156,1;
27.02.2026;RDN-1;RDN_28-02-26_H13;-2,99;0;-12,99;0;0;157;3641,4;-10962,817;3274,4;
27.02.2026;RDN-1;RDN_28-02-26_H14;-0,01;0;-10,01;0;0;156;3635,1;-409,845;3153,2;
27.02.2026;RDN-1;RDN_28-02-26_H15;30,11;30;20;30,11;0;186;4124;123917,59;3416;
27.02.2026;RDN-1;RDN_28-02-26_H16;317;317;317;317;0;216;4057,8;1286322,6;3750,8;
27.02.2026;RDN-1;RDN_28-02-26_H17;415,47;415;410;415,47;0;201;3450,1;1433304,247;3066,9;
27.02.2026;RDN-1;RDN_28-02-26_H18;482,73;470;470;482,73;0;171;3576,6;1726217,438;3167,2;
27.02.2026;RDN-1;RDN_28-02-26_H19;485;475;475;485;0;175;3958,5;1919764,5;3581,7;
27.02.2026;RDN-1;RDN_28-02-26_H20;455,22;470;445,22;470;0;177;3841,9;1748820,498;3400,9;
27.02.2026;RDN-1;RDN_28-02-26_H21;429;440;429;440;0;166;3921,5;1682431,3;3481,6;
27.02.2026;RDN-1;RDN_28-02-26_H22;415,47;440;415,47;440;0;165;3434,6;1427144,972;3132,3;
27.02.2026;RDN-1;RDN_28-02-26_H23;404,99;420;404,99;430;0;168;3269,2;1324093,368;3021;
27.02.2026;RDN-1;RDN_28-02-26_H24;361,99;380;361,99;380;0;165;3067,8;1110693,022;2745,1;
27.02.2026;RZP_A_LBL-01;RZP_A_LBL-01;0;0;0;0;0;0;0;0;0;
27.02.2026;SGT_BASE;SGT_BASE_28-02-26;0;0;0;0;0;0;0;0;0;
27.02.2026;SGT_RDB;SGT_RDB_27-02-26;0;0;0;0;0;0;0;0;0;
27.02.2026;ZTO_B_KUJ-02;ZTO_B_KUJ-02;0;0;0;0;0;0;0;0;0;
27.02.2026;ZTO_B_LBL-01;ZTO_B_LBL-01;0;0;0;0;0;0;0;0;0;
27.02.2026;ZTO_B_LBU-01;ZTO_B_LBU-01;0;0;0;0;0;0;0;0;0;
27.02.2026;ZTO_B_MAZ-01;ZTO_B_MAZ-01;0;0;0;0;0;0;0;0;0;
27.02.2026;ZTO_B_PDL-01;ZTO_B_PDL-01;0;0;0;0;0;0;0;0;0;
27.02.2026;ZTO_B_WLK-01;ZTO_B_WLK-01;0;0;0;0;0;0;0;0;0;
27.02.2026;ZTO_B_WLK-02;ZTO_B_WLK-02;0;0;0;0;0;0;0;0;0;
27.02.2026;ZTO_B_WMA-01;ZTO_B_WMA-01;0;0;0;0;0;0;0;0;0;
27.02.2026;ZTO_B_WMA-02;ZTO_B_WMA-02;0;0;0;0;0;0;0;0;0;
27.02.2026;ZTO_B_WMA-03;ZTO_B_WMA-03;0;0;0;0;0;0;0;0;0;
27.02.2026;ZTO_C_KUJ-02;ZTO_C_KUJ-02;0;0;0;0;0;0;0;0;0;
27.02.2026;ZTO_C_LBL-01;ZTO_C_LBL-01;0;0;0;0;0;0;0;0;0;
27.02.2026;ZTO_C_LBU-01;ZTO_C_LBU-01;0;0;0;0;0;0;0;0;0;
27.02.2026;ZTO_C_MAZ-01;ZTO_C_MAZ-01;0;0;0;0;0;0;0;0;0;
27.02.2026;ZTO_C_PDL-01;ZTO_C_PDL-01;0;0;0;0;0;0;0;0;0;
27.02.2026;ZTO_C_WLK-01;ZTO_C_WLK-01;0;0;0;0;0;0;0;0;0;
27.02.2026;ZTO_C_WLK-02;ZTO_C_WLK-02;0;0;0;0;0;0;0;0;0;
27.02.2026;ZTO_C_WMA-01;ZTO_C_WMA-01;0;0;0;0;0;0;0;0;0;
27.02.2026;ZTO_C_WMA-02;ZTO_C_WMA-02;0;0;0;0;0;0;0;0;0;
27.02.2026;ZTO_C_WMA-03;ZTO_C_WMA-03;0;0;0;0;0;0;0;0;0;
28.02.2026;BASE;BASE_01-03-26;266;272;266;272;0;21;117;759816;111;
28.02.2026;BASE;BASE_02-03-26;0;0;0;0;0;0;0;0;0;
28.02.2026;GAS_BASE;GAS_BASE_01-03-26;163;156;155;163;0;60;880;3376356;607;
28.02.2026;GAS_RDB;GAS_RDB_28-02-26;145;150;144;150,1;0;136;46568;6859124,5;43586;
28.02.2026;GLW_BASE;GLW_BASE_01-03-26;0;0;0;0;0;0;0;0;0;
28.02.2026;GLW_RDB;GLW_RDB_28-02-26;0;0;0;0;0;0;0;0;0;
28.02.2026;OFFPEAK;OFFPEAK_01-03-26;0;0;0;0;0;0;0;0;0;
28.02.2026;OFFPEAK;OFFPEAK_02-03-26;0;0;0;0;0;0;0;0;0;
28.02.2026;PEAK;PEAK_01-03-26;0;0;0;0;0;0;0;0;0;
28.02.2026;PEAK;PEAK_02-03-26;0;0;0;0;0;0;0;0;0;
28.02.2026;RDN-1;RDN_01-03-26_H01;289,18;274,18;274,18;289,18;0;158;3145,8;909510,684;2717,6;
28.02.2026;RDN-1;RDN_01-03-26_H02;261;240;240;265;0;149;2697,2;703744,9;2347,6;
28.02.2026;RDN-1;RDN_01-03-26_H03;250;230;230;250;0;148;2543,4;635518;2147,5;
28.02.2026;RDN-1;RDN_01-03-26_H04;250;230;230;250;0;147;2445,7;611075,5;2012,3;
28.02.2026;RDN-1;RDN_01-03-26_H05;285,5;250;250;285,5;0;148;2803,2;799964,1;2436,8;
28.02.2026;RDN-1;RDN_01-03-26_H06;317,49;305;305;317,49;0;159;3240;1028285,406;2883,8;
28.02.2026;RDN-1;RDN_01-03-26_H07;303,54;280;280;303,54;0;158;2993,2;908109,652;2678,4;
28.02.2026;RDN-1;RDN_01-03-26_H08;272,24;250;250;272,24;0;159;2934,7;798317,408;2547,9;
28.02.2026;RDN-1;RDN_01-03-26_H09;197,5;198,8;197,5;198,8;0;176;3499,5;691173,48;3167;
28.02.2026;RDN-1;RDN_01-03-26_H10;100,9;100,9;100,9;100,9;0;178;3841,1;387566,99;3367,9;
28.02.2026;RDN-1;RDN_01-03-26_H11;5;5;5;5;0;176;4393,6;21968;3987,1;
28.02.2026;RDN-1;RDN_01-03-26_H12;0;0;0;0;0;160;3526,8;0;3335,5;
28.02.2026;RDN-1;RDN_01-03-26_H13;0;0;0;0;0;154;3348,4;0;3106,6;
28.02.2026;RDN-1;RDN_01-03-26_H14;0,01;0,01;0,01;0,01;0;156;3534,1;35,341;3316,3;
28.02.2026;RDN-1;RDN_01-03-26_H15;60;60;60;60;0;160;3528;211680;3101,8;
28.02.2026;RDN-1;RDN_01-03-26_H16;336,62;200;200;336,62;0;189;3137,6;1052079,112;2871,1;
28.02.2026;RDN-1;RDN_01-03-26_H17;404,98;354,98;354,98;404,98;0;192;3372,2;1365048,956;3109,1;
28.02.2026;RDN-1;RDN_01-03-26_H18;482;467;467;482;0;187;3279,6;1580229,2;2853,3;
28.02.2026;RDN-1;RDN_01-03-26_H19;508,76;493,76;493,76;508,76;0;179;3497,7;1779077,652;3066,4;
28.02.2026;RDN-1;RDN_01-03-26_H20;480;466;466;480;0;179;3655,7;1754458,8;3277,4;
28.02.2026;RDN-1;RDN_01-03-26_H21;450;450;450;450;0;175;3510,5;1579725;3127,4;
28.02.2026;RDN-1;RDN_01-03-26_H22;418;418;418;418;0;169;2685,2;1122413,6;2373,8;
28.02.2026;RDN-1;RDN_01-03-26_H23;400,52;400,52;400,52;400,52;0;175;2985;1195552,2;2578,9;
28.02.2026;RDN-1;RDN_01-03-26_H24;370;360;360;370;0;163;2615,5;967635;2190,5;
28.02.2026;SGT_BASE;SGT_BASE_01-03-26;0;0;0;0;0;0;0;0;0;
28.02.2026;SGT_RDB;SGT_RDB_28-02-26;0;0;0;0;0;0;0;0;0;
01.03.2026;BASE;BASE_02-03-26;435;480;435;480;0;26;219;2436720;130;
01.03.2026;BASE;BASE_03-03-26;0;0;0;0;0;0;0;0;0;
01.03.2026;GAS_BASE;GAS_BASE_02-03-26;182,75;193,75;179;193,75;0;98;2480;11108066,4;2366;
01.03.2026;GAS_RDB;GAS_RDB_01-03-26;182,35;174;171;186;0;84;19801;3495569,88;17828;
01.03.2026;GLW_BASE;GLW_BASE_02-03-26;0;0;0;0;0;0;0;0;0;
01.03.2026;GLW_RDB;GLW_RDB_01-03-26;0;0;0;0;0;0;0;0;0;
01.03.2026;OFFPEAK;OFFPEAK_02-03-26;0;0;0;0;0;0;0;0;0;
01.03.2026;OFFPEAK;OFFPEAK_03-03-26;0;0;0;0;0;0;0;0;0;
01.03.2026;PEAK;PEAK_02-03-26;0;0;0;0;0;0;0;0;0;
01.03.2026;PEAK;PEAK_03-03-26;0;0;0;0;0;0;0;0;0;
01.03.2026;RDN-1;RDN_02-03-26_H01;364,6;364;364;364,6;0;158;2059,1;750743,66;1704,9;
01.03.2026;RDN-1;RDN_02-03-26_H02;350;349;349;350;0;151;1738,9;608608,2;1325,2;
01.03.2026;RDN-1;RDN_02-03-26_H03;360,91;360;360;360,91;0;154;1584,1;571708,431;1203,3;
01.03.2026;RDN-1;RDN_02-03-26_H04;360,93;360;360;360,93;0;150;1593,4;575096,562;1210,5;
01.03.2026;RDN-1;RDN_02-03-26_H05;370;370;370;370;0;156;1788,1;661597;1423,6;
01.03.2026;RDN-1;RDN_02-03-26_H06;408,07;410;408,07;410;0;153;2308,1;941991,817;1852,5;
01.03.2026;RDN-1;RDN_02-03-26_H07;545;545;545;545;0;187;3244,7;1768361,5;2811,9;
01.03.2026;RDN-1;RDN_02-03-26_H08;619,08;619,08;619,08;619,08;0;182;3986,4;2467900,512;3588,7;
01.03.2026;RDN-1;RDN_02-03-26_H09;510;510;510;510;0;162;3482,2;1775922;3088,7;
01.03.2026;RDN-1;RDN_02-03-26_H10;383,7;390;383,7;390;0;146;3296,2;1264802,34;2987;
01.03.2026;RDN-1;RDN_02-03-26_H11;337,94;350;337,94;350;0;142;3524,5;1191166,01;3072,6;
01.03.2026;RDN-1;RDN_02-03-26_H12;298,99;360;298,99;360;0;142;3915,7;1171243,223;3416,9;
01.03.2026;RDN-1;RDN_02-03-26_H13;280,1;300;280,1;300;0;172;4320,5;1210311,35;3845,4;
01.03.2026;RDN-1;RDN_02-03-26_H14;316;360;316;360;0;170;4134,5;1306810;3775,3;
01.03.2026;RDN-1;RDN_02-03-26_H15;347,08;350;347,08;350;0;158;3448,6;1196957,608;3132,7;
01.03.2026;RDN-1;RDN_02-03-26_H16;421,39;430;421,39;430;0;164;3173,7;1337399,883;2767,2;
01.03.2026;RDN-1;RDN_02-03-26_H17;580,1;580,1;580,1;580,1;0;173;3770,3;2187151,03;3253,1;
01.03.2026;RDN-1;RDN_02-03-26_H18;852;847;835;852;0;173;4444,7;3785616,4;4045,9;
01.03.2026;RDN-1;RDN_02-03-26_H19;896,01;888;850;896,01;0;164;4635,4;4150920,672;4328,5;
01.03.2026;RDN-1;RDN_02-03-26_H20;908,2;897;890;910;0;179;4893,3;4441358,76;4453,8;
01.03.2026;RDN-1;RDN_02-03-26_H21;798;780;780;798;0;187;4842,3;3861475,4;4389,3;
01.03.2026;RDN-1;RDN_02-03-26_H22;579;574;572;579;0;186;4028;2331563,5;3414,7;
01.03.2026;RDN-1;RDN_02-03-26_H23;489,99;480;480;489,99;0;165;4081,6;1999713,414;3473;
01.03.2026;RDN-1;RDN_02-03-26_H24;443,42;440;440;443,42;0;151;3570,1;1582978,502;3033,3;
01.03.2026;SGT_BASE;SGT_BASE_02-03-26;0;0;0;0;0;0;0;0;0;
01.03.2026;SGT_RDB;SGT_RDB_01-03-26;0;0;0;0;0;0;0;0;0;
02.03.2026;BASE;BASE_03-03-26;488;478;475;489;0;13;88;1021416;55;
02.03.2026;BASE;BASE_04-03-26;0;0;0;0;0;0;0;0;0;
02.03.2026;BASE_M;BASE_M-04-26;406,51;410;406,5;410;386,42;35;34;9988574,4;358;
02.03.2026;BASE_M;BASE_M-05-26;406;409;406;410;392,43;17;20;6088152;140;
02.03.2026;BASE_M;BASE_M-06-26;417,5;415;414;417,5;402,44;15;22;6579216;84;
02.03.2026;BASE_M;BASE_M-07-26;0;0;0;0;414,5;0;0;0;4;
02.03.2026;BASE_M;BASE_M-08-26;0;0;0;0;437,75;0;0;0;0;
02.03.2026;BASE_M;BASE_M-09-26;0;0;0;0;453,19;0;0;0;0;
02.03.2026;BASE_Q;BASE_Q-1-27;0;0;0;0;459;0;0;0;14;
02.03.2026;BASE_Q;BASE_Q-2-26;407;412;407;413;393,75;40;49;44035773,6;713;
02.03.2026;BASE_Q;BASE_Q-2-27;0;0;0;0;379;0;0;0;16;
02.03.2026;BASE_Q;BASE_Q-3-26;447;456;446;456;434,95;19;26;25822560;459;
02.03.2026;BASE_Q;BASE_Q-3-27;0;0;0;0;412,5;0;0;0;3;
02.03.2026;BASE_Q;BASE_Q-4-26;471;478;470;478;459;15;24;25132875;745;
02.03.2026;BASE_W;BASE_W-11-26;0;0;0;0;417;0;0;0;0;
02.03.2026;BASE_W;BASE_W-12-26;0;0;0;0;417;0;0;0;0;
02.03.2026;BASE_W;BASE_W-13-26;0;0;0;0;389;0;0;0;0;
02.03.2026;BASE_W;BASE_W-14-26;0;0;0;0;389;0;0;0;5;
02.03.2026;BASE_W;BASE_W-15-26;0;0;0;0;0;0;0;0;0;
02.03.2026;BASE_Y;BASE_Y-27;433;434;433;436;423;19;19;72291900;992;
02.03.2026;BASE_Y;BASE_Y-28;406,5;405;405;406,5;399,5;3;3;10694520;228;
02.03.2026;BASE_Y;BASE_Y-29;402;402;402;402;397;1;1;3521520;19;
02.03.2026;BASE_Y;BASE_Y-30;0;0;0;0;400;0;0;0;0;
02.03.2026;GAS_BASE;GAS_BASE_03-03-26;187,5;200,25;186,5;219;0;97;2436;11440508,4;1895;
02.03.2026;GAS_BASE_M;GAS_BASE_M-01-27;0;0;0;0;164,41;0;0;0;369;
02.03.2026;GAS_BASE_M;GAS_BASE_M-02-27;0;0;0;0;161,2;0;0;0;272;
02.03.2026;GAS_BASE_M;GAS_BASE_M-03-27;0;0;0;0;0;0;0;0;0;
02.03.2026;GAS_BASE_M;GAS_BASE_M-04-26;183,5;212;183,5;217;156,11;28;68;9699660;3413;
02.03.2026;GAS_BASE_M;GAS_BASE_M-05-26;175;210;174;211,97;155,06;13;24;3256465,68;414;
02.03.2026;GAS_BASE_M;GAS_BASE_M-06-26;197,66;198;197,66;198;152,76;3;10;1424376;77;
02.03.2026;GAS_BASE_M;GAS_BASE_M-07-26;0;0;0;0;152,9;0;0;0;21;
02.03.2026;GAS_BASE_M;GAS_BASE_M-08-26;0;0;0;0;150,94;0;0;0;10;
02.03.2026;GAS_BASE_M;GAS_BASE_M-09-26;0;0;0;0;156;0;0;0;354;
02.03.2026;GAS_BASE_M;GAS_BASE_M-10-26;0;0;0;0;154,69;0;0;0;34;
02.03.2026;GAS_BASE_M;GAS_BASE_M-11-26;178,5;207;177;207;160,3;5;8;1067040;1671;
02.03.2026;GAS_BASE_M;GAS_BASE_M-12-26;207;207;207;207;163,25;2;1;154008;1752;
02.03.2026;GAS_BASE_Q;GAS_BASE_Q-1-27;0;0;0;0;157,41;0;0;0;1469;
02.03.2026;GAS_BASE_Q;GAS_BASE_Q-2-26;178,99;206;178,99;210;154,65;20;30;12932861,76;7582;
02.03.2026;GAS_BASE_Q;GAS_BASE_Q-2-27;0;0;0;0;134,75;0;0;0;59;
02.03.2026;GAS_BASE_Q;GAS_BASE_Q-3-26;173,5;196;173,5;197;153,25;14;28;11712115;6297;
02.03.2026;GAS_BASE_Q;GAS_BASE_Q-3-27;0;0;0;0;131;0;0;0;28;
02.03.2026;GAS_BASE_Q;GAS_BASE_Q-4-26;193,01;195;193,01;198;159,4;7;10;4334124;8387;
02.03.2026;GAS_BASE_S;GAS_BASE_S-S-26;0;0;0;0;153,95;0;0;0;72;
02.03.2026;GAS_BASE_S;GAS_BASE_S-S-27;0;0;0;0;132,86;0;0;0;9;
02.03.2026;GAS_BASE_S;GAS_BASE_S-W-26;0;0;0;0;158,42;0;0;0;741;
02.03.2026;GAS_BASE_S;GAS_BASE_S-W-27;0;0;0;0;137,5;0;0;0;29;
02.03.2026;GAS_BASE_W;GAS_BASE_W-11-26;0;0;0;0;153,03;0;0;0;5;
02.03.2026;GAS_BASE_W;GAS_BASE_W-12-26;0;0;0;0;153,82;0;0;0;0;
02.03.2026;GAS_BASE_W;GAS_BASE_W-13-26;0;0;0;0;153,82;0;0;0;0;
02.03.2026;GAS_BASE_W;GAS_BASE_W-14-26;0;0;0;0;0;0;0;0;0;
02.03.2026;GAS_BASE_Y;GAS_BASE_Y-27;145;152;145;152;139;11;15;19390260;4208;
02.03.2026;GAS_BASE_Y;GAS_BASE_Y-28;126,5;124;124;127;123,1;8;13;14410152;544;
02.03.2026;GAS_BASE_Y;GAS_BASE_Y-29;0;0;0;0;114,5;0;0;0;57;
02.03.2026;GAS_BASE_Y;GAS_BASE_Y-30;0;0;0;0;109,25;0;0;0;5;
02.03.2026;GAS_RDB;GAS_RDB_02-03-26;185,5;195;185,5;210;0;91;19465;3817491,5;12438;
02.03.2026;GLW_BASE;GLW_BASE_03-03-26;0;0;0;0;0;0;0;0;0;
02.03.2026;GLW_RDB;GLW_RDB_02-03-26;0;0;0;0;0;0;0;0;0;
02.03.2026;KUK_A_WMA-03;KUK_A_WMA-03;0;0;0;0;0;0;0;0;0;
02.03.2026;OFFPEAK;OFFPEAK_03-03-26;0;0;0;0;0;0;0;0;0;
02.03.2026;OFFPEAK;OFFPEAK_04-03-26;0;0;0;0;0;0;0;0;0;
02.03.2026;OFFPEAK_M;OFFPEAK_M-04-26;0;0;0;0;375,86;0;0;0;0;
02.03.2026;OFFPEAK_M;OFFPEAK_M-05-26;0;0;0;0;392,09;0;0;0;0;
02.03.2026;OFFPEAK_M;OFFPEAK_M-06-26;0;0;0;0;391,06;0;0;0;0;
02.03.2026;OFFPEAK_M;OFFPEAK_M-07-26;0;0;0;0;389,54;0;0;0;0;
02.03.2026;OFFPEAK_M;OFFPEAK_M-08-26;0;0;0;0;426,02;0;0;0;0;
02.03.2026;OFFPEAK_M;OFFPEAK_M-09-26;0;0;0;0;449,22;0;0;0;0;
02.03.2026;OFFPEAK_Q;OFFPEAK_Q-1-27;0;0;0;0;421,55;0;0;0;0;
02.03.2026;OFFPEAK_Q;OFFPEAK_Q-2-26;0;0;0;0;386,52;0;0;0;0;
02.03.2026;OFFPEAK_Q;OFFPEAK_Q-2-27;0;0;0;0;355,77;0;0;0;0;
02.03.2026;OFFPEAK_Q;OFFPEAK_Q-3-26;0;0;0;0;421,5;0;0;0;0;
02.03.2026;OFFPEAK_Q;OFFPEAK_Q-3-27;0;0;0;0;391,05;0;0;0;0;
02.03.2026;OFFPEAK_Q;OFFPEAK_Q-4-26;0;0;0;0;385,21;0;0;0;0;
02.03.2026;OFFPEAK_W;OFFPEAK_W-11-26;0;0;0;0;397,39;0;0;0;0;
02.03.2026;OFFPEAK_W;OFFPEAK_W-12-26;0;0;0;0;397,39;0;0;0;0;
02.03.2026;OFFPEAK_W;OFFPEAK_W-13-26;0;0;0;0;379,51;0;0;0;0;
02.03.2026;OFFPEAK_W;OFFPEAK_W-14-26;0;0;0;0;379,61;0;0;0;0;
02.03.2026;OFFPEAK_W;OFFPEAK_W-15-26;0;0;0;0;0;0;0;0;0;
02.03.2026;OFFPEAK_Y;OFFPEAK_Y-27;0;0;0;0;382,91;0;0;0;0;
02.03.2026;OFFPEAK_Y;OFFPEAK_Y-28;0;0;0;0;357,12;0;0;0;0;
02.03.2026;OFFPEAK_Y;OFFPEAK_Y-29;0;0;0;0;367,46;0;0;0;0;
02.03.2026;OFFPEAK_Y;OFFPEAK_Y-30;0;0;0;0;343,74;0;0;0;0;
02.03.2026;PEAK;PEAK_03-03-26;0;0;0;0;0;0;0;0;0;
02.03.2026;PEAK;PEAK_04-03-26;0;0;0;0;0;0;0;0;0;
02.03.2026;PEAK5_M;PEAK5_M-04-26;0;0;0;0;400;0;0;0;2;
02.03.2026;PEAK5_M;PEAK5_M-05-26;0;0;0;0;392,93;0;0;0;0;
02.03.2026;PEAK5_M;PEAK5_M-06-26;0;0;0;0;417,07;0;0;0;0;
02.03.2026;PEAK5_M;PEAK5_M-07-26;0;0;0;0;443,37;0;0;0;0;
02.03.2026;PEAK5_M;PEAK5_M-08-26;0;0;0;0;453,71;0;0;0;0;
02.03.2026;PEAK5_M;PEAK5_M-09-26;0;0;0;0;457,89;0;0;0;0;
02.03.2026;PEAK5_Q;PEAK5_Q-1-27;0;0;0;0;509,92;0;0;0;0;
02.03.2026;PEAK5_Q;PEAK5_Q-2-26;420;420;420;420;403,5;7;8;3124800;57;
02.03.2026;PEAK5_Q;PEAK5_Q-2-27;0;0;0;0;409,46;0;0;0;0;
02.03.2026;PEAK5_Q;PEAK5_Q-3-26;461;461;460;461;451,5;5;7;3193740;46;
02.03.2026;PEAK5_Q;PEAK5_Q-3-27;0;0;0;0;438,89;0;0;0;0;
02.03.2026;PEAK5_Q;PEAK5_Q-4-26;559,5;565;559,5;565;555;4;4;2161920;99;
02.03.2026;PEAK5_W;PEAK5_W-11-26;0;0;0;0;441,32;0;0;0;0;
02.03.2026;PEAK5_W;PEAK5_W-12-26;0;0;0;0;441,32;0;0;0;0;
02.03.2026;PEAK5_W;PEAK5_W-13-26;0;0;0;0;400,64;0;0;0;0;
02.03.2026;PEAK5_W;PEAK5_W-14-26;0;0;0;0;400,64;0;0;0;0;
02.03.2026;PEAK5_W;PEAK5_W-15-26;0;0;0;0;0;0;0;0;0;
02.03.2026;PEAK5_Y;PEAK5_Y-27;0;0;0;0;475,45;0;0;0;165;
02.03.2026;PEAK5_Y;PEAK5_Y-28;0;0;0;0;456;0;0;0;1;
02.03.2026;PEAK5_Y;PEAK5_Y-29;0;0;0;0;436,18;0;0;0;0;
02.03.2026;PEAK5_Y;PEAK5_Y-30;0;0;0;0;475,17;0;0;0;0;
02.03.2026;PMBG;PMBG;0;0;0;0;0;0;0;0;0;
02.03.2026;PMEF-2025;PMEF-2025;0;0;0;0;0;0;0;0;0;
02.03.2026;PMEF-2026;PMEF-2026;0;0;0;0;0;0;0;0;0;
02.03.2026;PMEF_F;PMEF_F;0;0;0;0;0;0;0;0;93307676;
02.03.2026;PMOZE;PMOZE;0;0;0;0;0;0;0;0;0;
02.03.2026;PMOZE_A;PMOZE_A;0;0;0;0;0;4;10507980;0;9714828383;
02.03.2026;PMOZE-BIO;PMOZE-BIO;0;0;0;0;0;0;0;0;562700183;
02.03.2026;PSZ_B_DLS-01;PSZ_B_DLS-01;0;0;0;0;0;0;0;0;0;
02.03.2026;PSZ_B_KUJ-01;PSZ_B_KUJ-01;0;0;0;0;0;0;0;0;0;
02.03.2026;PSZ_B_KUJ-02;PSZ_B_KUJ-02;0;0;0;0;0;0;0;0;0;
02.03.2026;PSZ_B_LBL-01;PSZ_B_LBL-01;0;0;0;0;0;0;0;0;0;
02.03.2026;PSZ_B_LBL-02;PSZ_B_LBL-02;0;0;0;0;0;0;0;0;0;
02.03.2026;PSZ_B_LBL-03;PSZ_B_LBL-03;0;0;0;0;0;0;0;0;0;
02.03.2026;PSZ_B_LBL-04;PSZ_B_LBL-04;0;0;0;0;0;0;0;0;0;
02.03.2026;PSZ_B_LBL-05;PSZ_B_LBL-05;0;0;0;0;0;0;0;0;0;
02.03.2026;PSZ_B_LBL-06;PSZ_B_LBL-06;0;0;0;0;0;0;0;0;0;
02.03.2026;PSZ_B_LBL-07;PSZ_B_LBL-07;0;0;0;0;0;0;0;0;0;
02.03.2026;PSZ_B_LBU-01;PSZ_B_LBU-01;0;0;0;0;0;0;0;0;0;
02.03.2026;PSZ_B_LBU-02;PSZ_B_LBU-02;0;0;0;0;0;0;0;0;0;
02.03.2026;PSZ_B_MAZ-01;PSZ_B_MAZ-01;0;0;0;0;0;0;0;0;0;
02.03.2026;PSZ_B_MAZ-02;PSZ_B_MAZ-02;0;0;0;0;0;0;0;0;0;
02.03.2026;PSZ_B_MAZ-03;PSZ_B_MAZ-03;0;0;0;0;0;0;0;0;0;
02.03.2026;PSZ_B_OPO-01;PSZ_B_OPO-01;0;0;0;0;0;0;0;0;0;
02.03.2026;PSZ_B_OPO-02;PSZ_B_OPO-02;0;0;0;0;0;0;0;0;0;
02.03.2026;PSZ_B_PDK-01;PSZ_B_PDK-01;0;0;0;0;0;0;0;0;0;
02.03.2026;PSZ_B_PDL-01;PSZ_B_PDL-01;0;0;0;0;0;0;0;0;0;
02.03.2026;PSZ_B_POM-01;PSZ_B_POM-01;0;0;0;0;0;0;0;0;0;
02.03.2026;PSZ_B_POM-02;PSZ_B_POM-02;0;0;0;0;0;0;0;0;0;
02.03.2026;PSZ_B_WLK-01;PSZ_B_WLK-01;0;0;0;0;0;0;0;0;0;
02.03.2026;PSZ_B_WLK-02;PSZ_B_WLK-02;0;0;0;0;0;0;0;0;0;
02.03.2026;PSZ_B_WLK-03;PSZ_B_WLK-03;0;0;0;0;0;0;0;0;0;
02.03.2026;PSZ_B_WLK-04;PSZ_B_WLK-04;0;0;0;0;0;0;0;0;0;
02.03.2026;PSZ_B_WMA-01;PSZ_B_WMA-01;0;0;0;0;0;0;0;0;0;
02.03.2026;PSZ_B_WMA-02;PSZ_B_WMA-02;0;0;0;0;0;0;0;0;0;
02.03.2026;PSZ_B_WMA-03;PSZ_B_WMA-03;0;0;0;0;0;0;0;0;0;
02.03.2026;PSZ_B_WMA-04;PSZ_B_WMA-04;0;0;0;0;0;0;0;0;0;
02.03.2026;PSZ_B_WMA-05;PSZ_B_WMA-05;0;0;0;0;0;0;0;0;0;
02.03.2026;PSZ_B_WMA-06;PSZ_B_WMA-06;0;0;0;0;0;0;0;0;0;
02.03.2026;PSZ_B_ZPO-01;PSZ_B_ZPO-01;0;0;0;0;0;0;0;0;0;
02.03.2026;PSZ_B_ZPO-02;PSZ_B_ZPO-02;0;0;0;0;0;0;0;0;0;
02.03.2026;PSZ_C_DLS-01;PSZ_C_DLS-01;0;0;0;0;0;0;0;0;0;
02.03.2026;PSZ_C_KUJ-01;PSZ_C_KUJ-01;0;0;0;0;0;0;0;0;0;
02.03.2026;PSZ_C_KUJ-02;PSZ_C_KUJ-02;0;0;0;0;0;0;0;0;0;
02.03.2026;PSZ_C_LBL-01;PSZ_C_LBL-01;0;0;0;0;0;0;0;0;0;
02.03.2026;PSZ_C_LBL-02;PSZ_C_LBL-02;0;0;0;0;0;0;0;0;0;
02.03.2026;PSZ_C_LBL-03;PSZ_C_LBL-03;0;0;0;0;0;0;0;0;0;
02.03.2026;PSZ_C_LBL-04;PSZ_C_LBL-04;0;0;0;0;0;0;0;0;0;
02.03.2026;PSZ_C_LBL-05;PSZ_C_LBL-05;0;0;0;0;0;0;0;0;0;
02.03.2026;PSZ_C_LBL-06;PSZ_C_LBL-06;0;0;0;0;0;0;0;0;0;
02.03.2026;PSZ_C_LBL-07;PSZ_C_LBL-07;0;0;0;0;0;0;0;0;0;
02.03.2026;PSZ_C_LBU-01;PSZ_C_LBU-01;0;0;0;0;0;0;0;0;0;
02.03.2026;PSZ_C_LBU-02;PSZ_C_LBU-02;0;0;0;0;0;0;0;0;0;
02.03.2026;PSZ_C_MAZ-01;PSZ_C_MAZ-01;0;0;0;0;0;0;0;0;0;
02.03.2026;PSZ_C_MAZ-02;PSZ_C_MAZ-02;0;0;0;0;0;0;0;0;0;
02.03.2026;PSZ_C_MAZ-03;PSZ_C_MAZ-03;0;0;0;0;0;0;0;0;0;
02.03.2026;PSZ_C_OPO-01;PSZ_C_OPO-01;0;0;0;0;0;0;0;0;0;
02.03.2026;PSZ_C_OPO-02;PSZ_C_OPO-02;0;0;0;0;0;0;0;0;0;
02.03.2026;PSZ_C_PDK-01;PSZ_C_PDK-01;0;0;0;0;0;0;0;0;0;
02.03.2026;PSZ_C_PDL-01;PSZ_C_PDL-01;0;0;0;0;0;0;0;0;0;
02.03.2026;PSZ_C_POM-01;PSZ_C_POM-01;0;0;0;0;0;0;0;0;0;
02.03.2026;PSZ_C_POM-02;PSZ_C_POM-02;0;0;0;0;0;0;0;0;0;
02.03.2026;PSZ_C_WLK-01;PSZ_C_WLK-01;0;0;0;0;0;0;0;0;0;
02.03.2026;PSZ_C_WLK-02;PSZ_C_WLK-02;0;0;0;0;0;0;0;0;0;
02.03.2026;PSZ_C_WLK-03;PSZ_C_WLK-03;0;0;0;0;0;0;0;0;0;
02.03.2026;PSZ_C_WLK-04;PSZ_C_WLK-04;0;0;0;0;0;0;0;0;0;
02.03.2026;PSZ_C_WMA-01;PSZ_C_WMA-01;0;0;0;0;0;0;0;0;0;
02.03.2026;PSZ_C_WMA-02;PSZ_C_WMA-02;0;0;0;0;0;0;0;0;0;
02.03.2026;PSZ_C_WMA-03;PSZ_C_WMA-03;0;0;0;0;0;0;0;0;0;
02.03.2026;PSZ_C_WMA-04;PSZ_C_WMA-04;0;0;0;0;0;0;0;0;0;
02.03.2026;PSZ_C_WMA-05;PSZ_C_WMA-05;0;0;0;0;0;0;0;0;0;
02.03.2026;PSZ_C_WMA-06;PSZ_C_WMA-06;0;0;0;0;0;0;0;0;0;
02.03.2026;PSZ_C_ZPO-01;PSZ_C_ZPO-01;0;0;0;0;0;0;0;0;0;
02.03.2026;PSZ_C_ZPO-02;PSZ_C_ZPO-02;0;0;0;0;0;0;0;0;0;
02.03.2026;RDN-1;RDN_03-03-26_H01;430;430;430;430;0;166;2900,5;1247215;2476,1;
02.03.2026;RDN-1;RDN_03-03-26_H02;424,15;424,15;424,15;424,15;0;166;2629,3;1115217,595;2284,3;
02.03.2026;RDN-1;RDN_03-03-26_H03;415,61;415,61;415,61;415,61;0;157;2579,8;1072190,678;2199,9;
02.03.2026;RDN-1;RDN_03-03-26_H04;415,18;415,18;415,18;415,18;0;156;2584,1;1072866,638;2237,8;
02.03.2026;RDN-1;RDN_03-03-26_H05;430;425;425;430;0;163;2717;1168285;2322,3;
02.03.2026;RDN-1;RDN_03-03-26_H06;470,29;462;462;470,29;0;173;3212,7;1510859,233;2651;
02.03.2026;RDN-1;RDN_03-03-26_H07;634,71;610;610;635;0;164;4220,1;2677391,971;3542,9;
02.03.2026;RDN-1;RDN_03-03-26_H08;684,27;660;660;684,27;0;180;3830,9;2619628,343;3108,6;
02.03.2026;RDN-1;RDN_03-03-26_H09;501,1;500;500;501,1;0;164;3329,5;1668387,15;2717,2;
02.03.2026;RDN-1;RDN_03-03-26_H10;405,6;385,6;385,6;405,6;0;144;2866,3;1161935,28;2323,7;
02.03.2026;RDN-1;RDN_03-03-26_H11;317,42;297,42;297,42;317,42;0;149;3398,6;1077881,212;2904,1;
02.03.2026;RDN-1;RDN_03-03-26_H12;247;227;227;247;0;144;3746,1;924456,7;3210,9;
02.03.2026;RDN-1;RDN_03-03-26_H13;178,6;158,6;158,6;178,6;0;136;3817;680434,2;3239;
02.03.2026;RDN-1;RDN_03-03-26_H14;202,8;182,8;182,8;202,8;0;146;3930,8;796108,24;3382,8;
02.03.2026;RDN-1;RDN_03-03-26_H15;301,5;281,5;281,5;301,5;0;162;3758,8;1132468,2;3135;
02.03.2026;RDN-1;RDN_03-03-26_H16;404,98;395;384,98;404,98;0;159;3107,3;1257832,414;2706,8;
02.03.2026;RDN-1;RDN_03-03-26_H17;500,8;500,8;500,8;500,8;0;138;2987,5;1496140;2581,1;
02.03.2026;RDN-1;RDN_03-03-26_H18;731,95;731,95;700;731,95;0;164;4060,7;2971590,365;3513,3;
02.03.2026;RDN-1;RDN_03-03-26_H19;777,7;800;777,7;800;0;165;4285,5;3333502,35;3809,1;
02.03.2026;RDN-1;RDN_03-03-26_H20;708,29;693,29;693,29;708,29;0;162;4083,5;2892069,315;3697,4;
02.03.2026;RDN-1;RDN_03-03-26_H21;549,15;549,15;549,15;549,15;0;157;3879,1;2130207,765;3302,8;
02.03.2026;RDN-1;RDN_03-03-26_H22;475,9;475,9;460;475,9;0;164;3422,6;1628497,34;2857,8;
02.03.2026;RDN-1;RDN_03-03-26_H23;440,6;440,6;440,6;440,6;0;158;3500,3;1542232,18;2981,8;
02.03.2026;RDN-1;RDN_03-03-26_H24;422,18;422,18;422,18;422,18;0;148;2682,2;1132371,196;2268;
02.03.2026;RZP_A_LBL-01;RZP_A_LBL-01;0;0;0;0;0;0;0;0;0;
02.03.2026;SGT_BASE;SGT_BASE_03-03-26;0;0;0;0;0;0;0;0;0;
02.03.2026;SGT_RDB;SGT_RDB_02-03-26;0;0;0;0;0;0;0;0;0;
02.03.2026;ZTO_B_KUJ-02;ZTO_B_KUJ-02;0;0;0;0;0;0;0;0;0;
02.03.2026;ZTO_B_LBL-01;ZTO_B_LBL-01;0;0;0;0;0;0;0;0;0;
02.03.2026;ZTO_B_LBU-01;ZTO_B_LBU-01;0;0;0;0;0;0;0;0;0;
02.03.2026;ZTO_B_MAZ-01;ZTO_B_MAZ-01;0;0;0;0;0;0;0;0;0;
02.03.2026;ZTO_B_PDL-01;ZTO_B_PDL-01;0;0;0;0;0;0;0;0;0;
02.03.2026;ZTO_B_WLK-01;ZTO_B_WLK-01;0;0;0;0;0;0;0;0;0;
02.03.2026;ZTO_B_WLK-02;ZTO_B_WLK-02;0;0;0;0;0;0;0;0;0;
02.03.2026;ZTO_B_WMA-01;ZTO_B_WMA-01;0;0;0;0;0;0;0;0;0;
02.03.2026;ZTO_B_WMA-02;ZTO_B_WMA-02;0;0;0;0;0;0;0;0;0;
02.03.2026;ZTO_B_WMA-03;ZTO_B_WMA-03;0;0;0;0;0;0;0;0;0;
02.03.2026;ZTO_C_KUJ-02;ZTO_C_KUJ-02;0;0;0;0;0;0;0;0;0;
02.03.2026;ZTO_C_LBL-01;ZTO_C_LBL-01;0;0;0;0;0;0;0;0;0;
02.03.2026;ZTO_C_LBU-01;ZTO_C_LBU-01;0;0;0;0;0;0;0;0;0;
02.03.2026;ZTO_C_MAZ-01;ZTO_C_MAZ-01;0;0;0;0;0;0;0;0;0;
02.03.2026;ZTO_C_PDL-01;ZTO_C_PDL-01;0;0;0;0;0;0;0;0;0;
02.03.2026;ZTO_C_WLK-01;ZTO_C_WLK-01;0;0;0;0;0;0;0;0;0;
02.03.2026;ZTO_C_WLK-02;ZTO_C_WLK-02;0;0;0;0;0;0;0;0;0;
02.03.2026;ZTO_C_WMA-01;ZTO_C_WMA-01;0;0;0;0;0;0;0;0;0;
02.03.2026;ZTO_C_WMA-02;ZTO_C_WMA-02;0;0;0;0;0;0;0;0;0;
02.03.2026;ZTO_C_WMA-03;ZTO_C_WMA-03;0;0;0;0;0;0;0;0;0;
03.03.2026;BASE;BASE_04-03-26;520;505;505;526;0;55;448;5517936;363;
03.03.2026;BASE;BASE_05-03-26;0;0;0;0;0;0;0;0;0;
03.03.2026;BASE_M;BASE_M-04-26;440;463;439,9;463;409,95;88;106;34707816;365;
03.03.2026;BASE_M;BASE_M-05-26;0;0;0;0;409,91;0;0;0;140;
03.03.2026;BASE_M;BASE_M-06-26;450;456;450;461;418,64;15;16;5273280;94;
03.03.2026;BASE_M;BASE_M-07-26;0;0;0;0;448,96;0;0;0;4;
03.03.2026;BASE_M;BASE_M-08-26;0;0;0;0;458,26;0;0;0;0;
03.03.2026;BASE_M;BASE_M-09-26;0;0;0;0;457,26;0;0;0;0;
03.03.2026;BASE_Q;BASE_Q-1-27;465;465;465;465;461;1;1;1003935;14;
03.03.2026;BASE_Q;BASE_Q-2-26;425;450,5;425;455;412,8;54;73;71040300,24;707;
03.03.2026;BASE_Q;BASE_Q-2-27;0;0;0;0;399;0;0;0;16;
03.03.2026;BASE_Q;BASE_Q-3-26;470;482;470;490;454,8;21;27;28961232;474;
03.03.2026;BASE_Q;BASE_Q-3-27;0;0;0;0;415,5;0;0;0;3;
03.03.2026;BASE_Q;BASE_Q-4-26;490;509;490;521;477,4;42;55;62794978;763;
03.03.2026;BASE_W;BASE_W-11-26;445;484;445;484;415;30;57;4588920;51;
03.03.2026;BASE_W;BASE_W-12-26;451;470;451;475;415;9;12;941136;11;
03.03.2026;BASE_W;BASE_W-13-26;435;460;435;467;413,35;6;7;536738;6;
03.03.2026;BASE_W;BASE_W-14-26;0;0;0;0;411,69;0;0;0;5;
03.03.2026;BASE_W;BASE_W-15-26;0;0;0;0;392,41;0;0;0;0;
03.03.2026;BASE_Y;BASE_Y-27;444;443;442,25;445;434;52;57;221694576;1030;
03.03.2026;BASE_Y;BASE_Y-28;410;408;408;410;405,5;8;8;28741248;234;
03.03.2026;BASE_Y;BASE_Y-29;398;398;398;398;400;1;1;3486480;20;
03.03.2026;BASE_Y;BASE_Y-30;0;0;0;0;403;0;0;0;0;
03.03.2026;F-OZE;F-OZE_05-26;0;0;0;0;26,11;0;0;0;0;
03.03.2026;F-OZE;F-OZE_05-27;0;0;0;0;26,11;0;0;0;0;
03.03.2026;F-OZE;F-OZE_11-26;0;0;0;0;26,11;0;0;0;0;
03.03.2026;F-OZE;F-OZE_11-27;0;0;0;0;26,11;0;0;0;0;
03.03.2026;GAS_BASE;GAS_BASE_04-03-26;250;270;250;280;0;118;2683;17112905,28;2104;
03.03.2026;GAS_BASE_M;GAS_BASE_M-01-27;0;0;0;0;180,67;0;0;0;369;
03.03.2026;GAS_BASE_M;GAS_BASE_M-02-27;0;0;0;0;172,55;0;0;0;272;
03.03.2026;GAS_BASE_M;GAS_BASE_M-03-27;0;0;0;0;210,77;0;0;0;0;
03.03.2026;GAS_BASE_M;GAS_BASE_M-04-26;255,7;262;255,7;286;215,66;39;75;14554152;3460;
03.03.2026;GAS_BASE_M;GAS_BASE_M-05-26;245;254,5;245;275,3;204,12;8;11;2168611,2;415;
03.03.2026;GAS_BASE_M;GAS_BASE_M-06-26;0;0;0;0;203,13;0;0;0;77;
03.03.2026;GAS_BASE_M;GAS_BASE_M-07-26;0;0;0;0;195,27;0;0;0;21;
03.03.2026;GAS_BASE_M;GAS_BASE_M-08-26;0;0;0;0;202,55;0;0;0;10;
03.03.2026;GAS_BASE_M;GAS_BASE_M-09-26;228;222;222;229;190,59;5;12;1964880;354;
03.03.2026;GAS_BASE_M;GAS_BASE_M-10-26;0;0;0;0;193,24;0;0;0;34;
03.03.2026;GAS_BASE_M;GAS_BASE_M-11-26;238;238;238;238;187,5;4;9;1542240;1680;
03.03.2026;GAS_BASE_M;GAS_BASE_M-12-26;236;230;230;236;207;7;10;1749144;1762;
03.03.2026;GAS_BASE_Q;GAS_BASE_Q-1-27;199,8;197;196;213;188,5;11;16;7062197;1476;
03.03.2026;GAS_BASE_Q;GAS_BASE_Q-2-26;265;245;240,5;266;207,6;11;21;11509680;7570;
03.03.2026;GAS_BASE_Q;GAS_BASE_Q-2-27;159,65;159,65;159,65;159,65;141,41;2;1;348676;60;
03.03.2026;GAS_BASE_Q;GAS_BASE_Q-3-26;241;230;230;250;196,2;11;23;12161664;6298;
03.03.2026;GAS_BASE_Q;GAS_BASE_Q-3-27;0;0;0;0;142;0;0;0;28;
03.03.2026;GAS_BASE_Q;GAS_BASE_Q-4-26;233,85;238,7;231;239;196;14;32;16718242;8405;
03.03.2026;GAS_BASE_S;GAS_BASE_S-S-26;0;0;0;0;201,87;0;0;0;72;
03.03.2026;GAS_BASE_S;GAS_BASE_S-S-27;0;0;0;0;141,71;0;0;0;9;
03.03.2026;GAS_BASE_S;GAS_BASE_S-W-26;0;0;0;0;192,29;0;0;0;741;
03.03.2026;GAS_BASE_S;GAS_BASE_S-W-27;150;150;150;150;149,18;1;1;658800;30;
03.03.2026;GAS_BASE_W;GAS_BASE_W-11-26;0;0;0;0;211,14;0;0;0;5;
03.03.2026;GAS_BASE_W;GAS_BASE_W-12-26;0;0;0;0;212,23;0;0;0;0;
03.03.2026;GAS_BASE_W;GAS_BASE_W-13-26;0;0;0;0;215,42;0;0;0;0;
03.03.2026;GAS_BASE_W;GAS_BASE_W-14-26;0;0;0;0;215,42;0;0;0;0;
03.03.2026;GAS_BASE_Y;GAS_BASE_Y-27;161,45;161,5;161,45;162;150,4;8;20;28315386;4226;
03.03.2026;GAS_BASE_Y;GAS_BASE_Y-28;124,75;127,75;124,75;128,74;126;20;52;58177750;583;
03.03.2026;GAS_BASE_Y;GAS_BASE_Y-29;117,75;117,75;117,75;117,75;122,79;1;1;1031490;58;
03.03.2026;GAS_BASE_Y;GAS_BASE_Y-30;0;0;0;0;117,91;0;0;0;5;
03.03.2026;GAS_RDB;GAS_RDB_03-03-26;249,5;260;249,5;275;0;72;13208;3419151,84;9638;
03.03.2026;GLW_BASE;GLW_BASE_04-03-26;0;0;0;0;0;0;0;0;0;
03.03.2026;GLW_RDB;GLW_RDB_03-03-26;0;0;0;0;0;0;0;0;0;
03.03.2026;KUK_A_WMA-03;KUK_A_WMA-03;0;0;0;0;0;0;0;0;0;
03.03.2026;OFFPEAK;OFFPEAK_04-03-26;0;0;0;0;0;0;0;0;0;
03.03.2026;OFFPEAK;OFFPEAK_05-03-26;0;0;0;0;0;0;0;0;0;
03.03.2026;OFFPEAK_M;OFFPEAK_M-04-26;0;0;0;0;405,64;0;0;0;0;
03.03.2026;OFFPEAK_M;OFFPEAK_M-05-26;0;0;0;0;408,26;0;0;0;0;
03.03.2026;OFFPEAK_M;OFFPEAK_M-06-26;0;0;0;0;408,4;0;0;0;0;
03.03.2026;OFFPEAK_M;OFFPEAK_M-07-26;0;0;0;0;448,72;0;0;0;0;
03.03.2026;OFFPEAK_M;OFFPEAK_M-08-26;0;0;0;0;449,06;0;0;0;0;
03.03.2026;OFFPEAK_M;OFFPEAK_M-09-26;0;0;0;0;451,59;0;0;0;0;
03.03.2026;OFFPEAK_Q;OFFPEAK_Q-1-27;0;0;0;0;423,01;0;0;0;0;
03.03.2026;OFFPEAK_Q;OFFPEAK_Q-2-26;0;0;0;0;407,46;0;0;0;0;
03.03.2026;OFFPEAK_Q;OFFPEAK_Q-2-27;0;0;0;0;389,35;0;0;0;0;
03.03.2026;OFFPEAK_Q;OFFPEAK_Q-3-26;0;0;0;0;449,76;0;0;0;0;
03.03.2026;OFFPEAK_Q;OFFPEAK_Q-3-27;0;0;0;0;394,58;0;0;0;0;
03.03.2026;OFFPEAK_Q;OFFPEAK_Q-4-26;0;0;0;0;410,07;0;0;0;0;
03.03.2026;OFFPEAK_W;OFFPEAK_W-11-26;0;0;0;0;376,5;0;0;0;0;
03.03.2026;OFFPEAK_W;OFFPEAK_W-12-26;0;0;0;0;376,5;0;0;0;0;
03.03.2026;OFFPEAK_W;OFFPEAK_W-13-26;0;0;0;0;407,85;0;0;0;0;
03.03.2026;OFFPEAK_W;OFFPEAK_W-14-26;0;0;0;0;404,93;0;0;0;0;
03.03.2026;OFFPEAK_W;OFFPEAK_W-15-26;0;0;0;0;378,32;0;0;0;0;
03.03.2026;OFFPEAK_Y;OFFPEAK_Y-27;0;0;0;0;400,37;0;0;0;0;
03.03.2026;OFFPEAK_Y;OFFPEAK_Y-28;0;0;0;0;362,49;0;0;0;0;
03.03.2026;OFFPEAK_Y;OFFPEAK_Y-29;0;0;0;0;370,24;0;0;0;0;
03.03.2026;OFFPEAK_Y;OFFPEAK_Y-30;0;0;0;0;340,03;0;0;0;0;
03.03.2026;PEAK;PEAK_04-03-26;0;0;0;0;0;0;0;0;0;
03.03.2026;PEAK;PEAK_05-03-26;0;0;0;0;0;0;0;0;0;
03.03.2026;PEAK5_M;PEAK5_M-04-26;437;464;437;464;415,48;15;12;1687770;11;
03.03.2026;PEAK5_M;PEAK5_M-05-26;433,01;440;433;440;412,36;7;6;783303;5;
03.03.2026;PEAK5_M;PEAK5_M-06-26;454;465;454;465;431,79;8;7;1011150;7;
03.03.2026;PEAK5_M;PEAK5_M-07-26;0;0;0;0;449,24;0;0;0;0;
03.03.2026;PEAK5_M;PEAK5_M-08-26;0;0;0;0;470,79;0;0;0;0;
03.03.2026;PEAK5_M;PEAK5_M-09-26;0;0;0;0;463,95;0;0;0;0;
03.03.2026;PEAK5_Q;PEAK5_Q-1-27;0;0;0;0;512,66;0;0;0;0;
03.03.2026;PEAK5_Q;PEAK5_Q-2-26;446,66;460;446,66;460;420;20;28;11863377,6;78;
03.03.2026;PEAK5_Q;PEAK5_Q-2-27;0;0;0;0;411,65;0;0;0;0;
03.03.2026;PEAK5_Q;PEAK5_Q-3-26;485;499;485;499;461;13;14;6809715;59;
03.03.2026;PEAK5_Q;PEAK5_Q-3-27;0;0;0;0;441,24;0;0;0;0;
03.03.2026;PEAK5_Q;PEAK5_Q-4-26;585;598;585;600;565;17;33;18845760;125;
03.03.2026;PEAK5_W;PEAK5_W-11-26;0;0;0;0;462,74;0;0;0;0;
03.03.2026;PEAK5_W;PEAK5_W-12-26;0;0;0;0;462,74;0;0;0;0;
03.03.2026;PEAK5_W;PEAK5_W-13-26;0;0;0;0;420,08;0;0;0;0;
03.03.2026;PEAK5_W;PEAK5_W-14-26;0;0;0;0;420,08;0;0;0;0;
03.03.2026;PEAK5_W;PEAK5_W-15-26;0;0;0;0;417,78;0;0;0;0;
03.03.2026;PEAK5_Y;PEAK5_Y-27;492;492;492;492,8;478;17;16;29879174;177;
03.03.2026;PEAK5_Y;PEAK5_Y-28;0;0;0;0;462,84;0;0;0;1;
03.03.2026;PEAK5_Y;PEAK5_Y-29;0;0;0;0;439,48;0;0;0;0;
03.03.2026;PEAK5_Y;PEAK5_Y-30;0;0;0;0;487,13;0;0;0;0;
03.03.2026;PMBG;PMBG;0;0;0;0;0;0;0;0;0;
03.03.2026;PMEF-2025;PMEF-2025;0;0;0;0;0;0;0;0;0;
03.03.2026;PMEF-2026;PMEF-2026;0;0;0;0;0;0;0;0;0;
03.03.2026;PMEF_F;PMEF_F;2329;2327,05;2327,05;2329;0;25;796357;1853533380;93307676;
03.03.2026;PMOZE;PMOZE;0;0;0;0;0;0;0;0;0;
03.03.2026;PMOZE_A;PMOZE_A;27;27;26,9;27,2;0;95;61674006;1665885468;9714828383;
03.03.2026;PMOZE-BIO;PMOZE-BIO;300,05;303;300,03;303;0;15;2845083;854103853;562700183;
03.03.2026;PSZ_B_DLS-01;PSZ_B_DLS-01;0;0;0;0;0;0;0;0;0;
03.03.2026;PSZ_B_KUJ-01;PSZ_B_KUJ-01;0;0;0;0;0;0;0;0;0;
03.03.2026;PSZ_B_KUJ-02;PSZ_B_KUJ-02;0;0;0;0;0;0;0;0;0;
03.03.2026;PSZ_B_LBL-01;PSZ_B_LBL-01;0;0;0;0;0;0;0;0;0;
03.03.2026;PSZ_B_LBL-02;PSZ_B_LBL-02;0;0;0;0;0;0;0;0;0;
03.03.2026;PSZ_B_LBL-03;PSZ_B_LBL-03;0;0;0;0;0;0;0;0;0;
03.03.2026;PSZ_B_LBL-04;PSZ_B_LBL-04;0;0;0;0;0;0;0;0;0;
03.03.2026;PSZ_B_LBL-05;PSZ_B_LBL-05;0;0;0;0;0;0;0;0;0;
03.03.2026;PSZ_B_LBL-06;PSZ_B_LBL-06;0;0;0;0;0;0;0;0;0;
03.03.2026;PSZ_B_LBL-07;PSZ_B_LBL-07;0;0;0;0;0;0;0;0;0;
03.03.2026;PSZ_B_LBU-01;PSZ_B_LBU-01;0;0;0;0;0;0;0;0;0;
03.03.2026;PSZ_B_LBU-02;PSZ_B_LBU-02;0;0;0;0;0;0;0;0;0;
03.03.2026;PSZ_B_MAZ-01;PSZ_B_MAZ-01;0;0;0;0;0;0;0;0;0;
03.03.2026;PSZ_B_MAZ-02;PSZ_B_MAZ-02;0;0;0;0;0;0;0;0;0;
03.03.2026;PSZ_B_MAZ-03;PSZ_B_MAZ-03;0;0;0;0;0;0;0;0;0;
03.03.2026;PSZ_B_OPO-01;PSZ_B_OPO-01;0;0;0;0;0;0;0;0;0;
03.03.2026;PSZ_B_OPO-02;PSZ_B_OPO-02;0;0;0;0;0;0;0;0;0;
03.03.2026;PSZ_B_PDK-01;PSZ_B_PDK-01;0;0;0;0;0;0;0;0;0;
03.03.2026;PSZ_B_PDL-01;PSZ_B_PDL-01;0;0;0;0;0;0;0;0;0;
03.03.2026;PSZ_B_POM-01;PSZ_B_POM-01;0;0;0;0;0;0;0;0;0;
03.03.2026;PSZ_B_POM-02;PSZ_B_POM-02;0;0;0;0;0;0;0;0;0;
03.03.2026;PSZ_B_WLK-01;PSZ_B_WLK-01;0;0;0;0;0;0;0;0;0;
03.03.2026;PSZ_B_WLK-02;PSZ_B_WLK-02;0;0;0;0;0;0;0;0;0;
03.03.2026;PSZ_B_WLK-03;PSZ_B_WLK-03;0;0;0;0;0;0;0;0;0;
03.03.2026;PSZ_B_WLK-04;PSZ_B_WLK-04;0;0;0;0;0;0;0;0;0;
03.03.2026;PSZ_B_WMA-01;PSZ_B_WMA-01;0;0;0;0;0;0;0;0;0;
03.03.2026;PSZ_B_WMA-02;PSZ_B_WMA-02;0;0;0;0;0;0;0;0;0;
03.03.2026;PSZ_B_WMA-03;PSZ_B_WMA-03;0;0;0;0;0;0;0;0;0;
03.03.2026;PSZ_B_WMA-04;PSZ_B_WMA-04;0;0;0;0;0;0;0;0;0;
03.03.2026;PSZ_B_WMA-05;PSZ_B_WMA-05;0;0;0;0;0;0;0;0;0;
03.03.2026;PSZ_B_WMA-06;PSZ_B_WMA-06;0;0;0;0;0;0;0;0;0;
03.03.2026;PSZ_B_ZPO-01;PSZ_B_ZPO-01;0;0;0;0;0;0;0;0;0;
03.03.2026;PSZ_B_ZPO-02;PSZ_B_ZPO-02;0;0;0;0;0;0;0;0;0;
03.03.2026;PSZ_C_DLS-01;PSZ_C_DLS-01;0;0;0;0;0;0;0;0;0;
03.03.2026;PSZ_C_KUJ-01;PSZ_C_KUJ-01;0;0;0;0;0;0;0;0;0;
03.03.2026;PSZ_C_KUJ-02;PSZ_C_KUJ-02;0;0;0;0;0;0;0;0;0;
03.03.2026;PSZ_C_LBL-01;PSZ_C_LBL-01;0;0;0;0;0;0;0;0;0;
03.03.2026;PSZ_C_LBL-02;PSZ_C_LBL-02;0;0;0;0;0;0;0;0;0;
03.03.2026;PSZ_C_LBL-03;PSZ_C_LBL-03;0;0;0;0;0;0;0;0;0;
03.03.2026;PSZ_C_LBL-04;PSZ_C_LBL-04;0;0;0;0;0;0;0;0;0;
03.03.2026;PSZ_C_LBL-05;PSZ_C_LBL-05;0;0;0;0;0;0;0;0;0;
03.03.2026;PSZ_C_LBL-06;PSZ_C_LBL-06;0;0;0;0;0;0;0;0;0;
03.03.2026;PSZ_C_LBL-07;PSZ_C_LBL-07;0;0;0;0;0;0;0;0;0;
03.03.2026;PSZ_C_LBU-01;PSZ_C_LBU-01;0;0;0;0;0;0;0;0;0;
03.03.2026;PSZ_C_LBU-02;PSZ_C_LBU-02;0;0;0;0;0;0;0;0;0;
03.03.2026;PSZ_C_MAZ-01;PSZ_C_MAZ-01;0;0;0;0;0;0;0;0;0;
03.03.2026;PSZ_C_MAZ-02;PSZ_C_MAZ-02;0;0;0;0;0;0;0;0;0;
03.03.2026;PSZ_C_MAZ-03;PSZ_C_MAZ-03;0;0;0;0;0;0;0;0;0;
03.03.2026;PSZ_C_OPO-01;PSZ_C_OPO-01;0;0;0;0;0;0;0;0;0;
03.03.2026;PSZ_C_OPO-02;PSZ_C_OPO-02;0;0;0;0;0;0;0;0;0;
03.03.2026;PSZ_C_PDK-01;PSZ_C_PDK-01;0;0;0;0;0;0;0;0;0;
03.03.2026;PSZ_C_PDL-01;PSZ_C_PDL-01;0;0;0;0;0;0;0;0;0;
03.03.2026;PSZ_C_POM-01;PSZ_C_POM-01;0;0;0;0;0;0;0;0;0;
03.03.2026;PSZ_C_POM-02;PSZ_C_POM-02;0;0;0;0;0;0;0;0;0;
03.03.2026;PSZ_C_WLK-01;PSZ_C_WLK-01;0;0;0;0;0;0;0;0;0;
03.03.2026;PSZ_C_WLK-02;PSZ_C_WLK-02;0;0;0;0;0;0;0;0;0;
03.03.2026;PSZ_C_WLK-03;PSZ_C_WLK-03;0;0;0;0;0;0;0;0;0;
03.03.2026;PSZ_C_WLK-04;PSZ_C_WLK-04;0;0;0;0;0;0;0;0;0;
03.03.2026;PSZ_C_WMA-01;PSZ_C_WMA-01;0;0;0;0;0;0;0;0;0;
03.03.2026;PSZ_C_WMA-02;PSZ_C_WMA-02;0;0;0;0;0;0;0;0;0;
03.03.2026;PSZ_C_WMA-03;PSZ_C_WMA-03;0;0;0;0;0;0;0;0;0;
03.03.2026;PSZ_C_WMA-04;PSZ_C_WMA-04;0;0;0;0;0;0;0;0;0;
03.03.2026;PSZ_C_WMA-05;PSZ_C_WMA-05;0;0;0;0;0;0;0;0;0;
03.03.2026;PSZ_C_WMA-06;PSZ_C_WMA-06;0;0;0;0;0;0;0;0;0;
03.03.2026;PSZ_C_ZPO-01;PSZ_C_ZPO-01;0;0;0;0;0;0;0;0;0;
03.03.2026;PSZ_C_ZPO-02;PSZ_C_ZPO-02;0;0;0;0;0;0;0;0;0;
03.03.2026;RDN-1;RDN_04-03-26_H01;466,2;466,2;465;466,2;0;153;2668,2;1243902,84;2243,2;
03.03.2026;RDN-1;RDN_04-03-26_H02;461,7;462;461,7;462;0;155;2728,5;1259766,45;2287;
03.03.2026;RDN-1;RDN_04-03-26_H03;450;470;445;470;0;151;2462,3;1108247,6;1877,8;
03.03.2026;RDN-1;RDN_04-03-26_H04;454,9;474,9;439,9;474,9;0;151;2480,6;1128553,84;1981,5;
03.03.2026;RDN-1;RDN_04-03-26_H05;460;480;455;480;0;147;2357,8;1084853,5;1927;
03.03.2026;RDN-1;RDN_04-03-26_H06;494;514;479;514;0;144;2922,2;1443871,58;2505,6;
03.03.2026;RDN-1;RDN_04-03-26_H07;668,2;668,2;668,2;668,2;0;166;4176;2790403,2;3689;
03.03.2026;RDN-1;RDN_04-03-26_H08;760,7;760,7;760,7;760,7;0;173;4061,2;3089354,84;3610,2;
03.03.2026;RDN-1;RDN_04-03-26_H09;591,8;611,8;591,8;611,8;0;167;3822,6;2262814,68;3306,3;
03.03.2026;RDN-1;RDN_04-03-26_H10;438;438;438;438;0;166;3485,6;1526692,8;2674,2;
03.03.2026;RDN-1;RDN_04-03-26_H11;321,5;321,5;321,5;321,5;0;166;3900,5;1254010,75;2892,2;
03.03.2026;RDN-1;RDN_04-03-26_H12;202,11;202,11;202,11;202,11;0;175;4005,7;809592,027;3184,8;
03.03.2026;RDN-1;RDN_04-03-26_H13;101;101;101;101;0;179;4187,5;422937,5;3263,3;
03.03.2026;RDN-1;RDN_04-03-26_H14;100;100;100;100;0;178;3564,7;356470;2772,5;
03.03.2026;RDN-1;RDN_04-03-26_H15;270;270;270;270;0;163;3216,9;868563;2666,3;
03.03.2026;RDN-1;RDN_04-03-26_H16;413,21;410;410;413,21;0;157;2642,3;1091773,323;2021,5;
03.03.2026;RDN-1;RDN_04-03-26_H17;560,28;588,8;555,28;588,8;0;160;3612,3;2024212,464;3137,8;
03.03.2026;RDN-1;RDN_04-03-26_H18;776,16;796,16;776,16;796,16;0;167;4163;3231521,88;3648,4;
03.03.2026;RDN-1;RDN_04-03-26_H19;872;872;872;872;0;179;4825,6;4207923,2;4225,8;
03.03.2026;RDN-1;RDN_04-03-26_H20;771;988,8;771;988,8;0;163;4691,4;3618600,8;4040,7;
03.03.2026;RDN-1;RDN_04-03-26_H21;665;665;665;665;0;167;4155,7;2763540,5;3600,9;
03.03.2026;RDN-1;RDN_04-03-26_H22;563,22;563,2;563,2;563,22;0;169;3588,9;2021340,058;2912,2;
03.03.2026;RDN-1;RDN_04-03-26_H23;498,9;493,9;493,9;518,9;0;168;4126,1;2058475,79;3475,6;
03.03.2026;RDN-1;RDN_04-03-26_H24;490,05;485,05;485,05;490,05;0;169;3280,9;1607625,045;2709,8;
03.03.2026;RZP_A_LBL-01;RZP_A_LBL-01;0;0;0;0;0;0;0;0;0;
03.03.2026;SGT_BASE;SGT_BASE_04-03-26;0;0;0;0;0;0;0;0;0;
03.03.2026;SGT_RDB;SGT_RDB_03-03-26;0;0;0;0;0;0;0;0;0;
03.03.2026;ZTO_B_KUJ-02;ZTO_B_KUJ-02;0;0;0;0;0;0;0;0;0;
03.03.2026;ZTO_B_LBL-01;ZTO_B_LBL-01;0;0;0;0;0;0;0;0;0;
03.03.2026;ZTO_B_LBU-01;ZTO_B_LBU-01;0;0;0;0;0;0;0;0;0;
03.03.2026;ZTO_B_MAZ-01;ZTO_B_MAZ-01;0;0;0;0;0;0;0;0;0;
03.03.2026;ZTO_B_PDL-01;ZTO_B_PDL-01;0;0;0;0;0;0;0;0;0;
03.03.2026;ZTO_B_WLK-01;ZTO_B_WLK-01;0;0;0;0;0;0;0;0;0;
03.03.2026;ZTO_B_WLK-02;ZTO_B_WLK-02;0;0;0;0;0;0;0;0;0;
03.03.2026;ZTO_B_WMA-01;ZTO_B_WMA-01;0;0;0;0;0;0;0;0;0;
03.03.2026;ZTO_B_WMA-02;ZTO_B_WMA-02;0;0;0;0;0;0;0;0;0;
03.03.2026;ZTO_B_WMA-03;ZTO_B_WMA-03;0;0;0;0;0;0;0;0;0;
03.03.2026;ZTO_C_KUJ-02;ZTO_C_KUJ-02;0;0;0;0;0;0;0;0;0;
03.03.2026;ZTO_C_LBL-01;ZTO_C_LBL-01;0;0;0;0;0;0;0;0;0;
03.03.2026;ZTO_C_LBU-01;ZTO_C_LBU-01;0;0;0;0;0;0;0;0;0;
03.03.2026;ZTO_C_MAZ-01;ZTO_C_MAZ-01;0;0;0;0;0;0;0;0;0;
03.03.2026;ZTO_C_PDL-01;ZTO_C_PDL-01;0;0;0;0;0;0;0;0;0;
03.03.2026;ZTO_C_WLK-01;ZTO_C_WLK-01;0;0;0;0;0;0;0;0;0;
03.03.2026;ZTO_C_WLK-02;ZTO_C_WLK-02;0;0;0;0;0;0;0;0;0;
03.03.2026;ZTO_C_WMA-01;ZTO_C_WMA-01;0;0;0;0;0;0;0;0;0;
03.03.2026;ZTO_C_WMA-02;ZTO_C_WMA-02;0;0;0;0;0;0;0;0;0;
03.03.2026;ZTO_C_WMA-03;ZTO_C_WMA-03;0;0;0;0;0;0;0;0;0;
04.03.2026;BASE;BASE_05-03-26;505;530;500;530;0;62;524;6422136,24;360;
04.03.2026;BASE;BASE_06-03-26;0;0;0;0;0;0;0;0;0;
04.03.2026;BASE_M;BASE_M-04-26;450;421;421;450;457,84;18;23;7108560;375;
04.03.2026;BASE_M;BASE_M-05-26;442;420;419;442;441,1;20;22;6977976;141;
04.03.2026;BASE_M;BASE_M-06-26;452,87;428;428;452,87;452,87;5;5;1563026;94;
04.03.2026;BASE_M;BASE_M-07-26;0;0;0;0;481,81;0;0;0;4;
04.03.2026;BASE_M;BASE_M-08-26;0;0;0;0;474,68;0;0;0;0;
04.03.2026;BASE_M;BASE_M-09-26;0;0;0;0;491,29;0;0;0;0;
04.03.2026;BASE_Q;BASE_Q-1-27;0;0;0;0;465;0;0;0;14;
04.03.2026;BASE_Q;BASE_Q-2-26;455;424;424;455;450,5;60;80;75405876;714;
04.03.2026;BASE_Q;BASE_Q-2-27;0;0;0;0;410,79;0;0;0;16;
04.03.2026;BASE_Q;BASE_Q-3-26;470;453;449;470;482,5;36;43;43232640;479;
04.03.2026;BASE_Q;BASE_Q-3-27;0;0;0;0;427,5;0;0;0;3;
04.03.2026;BASE_Q;BASE_Q-4-26;480;467;465;480;510,2;34;35;36238601;781;
04.03.2026;BASE_W;BASE_W-11-26;483;451;450;485;484;29;62;4759851,6;85;
04.03.2026;BASE_W;BASE_W-12-26;450;450;450;450;470;1;1;75600;12;
04.03.2026;BASE_W;BASE_W-13-26;465;465;465;465;464,75;1;1;77655;7;
04.03.2026;BASE_W;BASE_W-14-26;0;0;0;0;463,58;0;0;0;5;
04.03.2026;BASE_W;BASE_W-15-26;0;0;0;0;441,87;0;0;0;0;
04.03.2026;BASE_Y;BASE_Y-27;436;428;424,8;436;444;12;12;45116628;1013;
04.03.2026;BASE_Y;BASE_Y-28;400;400;400;400;408;3;3;10540800;236;
04.03.2026;BASE_Y;BASE_Y-29;0;0;0;0;398;0;0;0;20;
04.03.2026;BASE_Y;BASE_Y-30;0;0;0;0;392;0;0;0;0;
04.03.2026;GAS_BASE;GAS_BASE_05-03-26;256,3;230;215;256,5;0;115;2380;13606040,16;2009;
04.03.2026;GAS_BASE_M;GAS_BASE_M-01-27;0;0;0;0;196,5;0;0;0;369;
04.03.2026;GAS_BASE_M;GAS_BASE_M-02-27;0;0;0;0;200,26;0;0;0;272;
04.03.2026;GAS_BASE_M;GAS_BASE_M-03-27;0;0;0;0;194,55;0;0;0;0;
04.03.2026;GAS_BASE_M;GAS_BASE_M-04-26;256;217,5;214,5;256;259,08;45;146;23185764;3492;
04.03.2026;GAS_BASE_M;GAS_BASE_M-05-26;227;209;207;227;250,08;15;37;5751938,4;422;
04.03.2026;GAS_BASE_M;GAS_BASE_M-06-26;0;0;0;0;240,08;0;0;0;77;
04.03.2026;GAS_BASE_M;GAS_BASE_M-07-26;0;0;0;0;243,67;0;0;0;21;
04.03.2026;GAS_BASE_M;GAS_BASE_M-08-26;0;0;0;0;235,65;0;0;0;10;
04.03.2026;GAS_BASE_M;GAS_BASE_M-09-26;0;0;0;0;220,61;0;0;0;354;
04.03.2026;GAS_BASE_M;GAS_BASE_M-10-26;0;0;0;0;221,8;0;0;0;34;
04.03.2026;GAS_BASE_M;GAS_BASE_M-11-26;206;208;206;208;234;3;5;743040;1685;
04.03.2026;GAS_BASE_M;GAS_BASE_M-12-26;204;202;202;206;229;6;7;1060944;1769;
04.03.2026;GAS_BASE_Q;GAS_BASE_Q-1-27;192;192;192;192;197;1;1;414528;1477;
04.03.2026;GAS_BASE_Q;GAS_BASE_Q-2-26;200,01;210;200;217;249,75;14;30;13606429,2;7566;
04.03.2026;GAS_BASE_Q;GAS_BASE_Q-2-27;0;0;0;0;159,65;0;0;0;60;
04.03.2026;GAS_BASE_Q;GAS_BASE_Q-3-26;206,99;195;195;206,99;233,45;9;18;7924490;6299;
04.03.2026;GAS_BASE_Q;GAS_BASE_Q-3-27;0;0;0;0;149,5;0;0;0;28;
04.03.2026;GAS_BASE_Q;GAS_BASE_Q-4-26;227;190;190;227;228,2;12;22;9469873;8404;
04.03.2026;GAS_BASE_S;GAS_BASE_S-S-26;0;0;0;0;241,56;0;0;0;72;
04.03.2026;GAS_BASE_S;GAS_BASE_S-S-27;0;0;0;0;154,55;0;0;0;9;
04.03.2026;GAS_BASE_S;GAS_BASE_S-W-26;0;0;0;0;212,78;0;0;0;741;
04.03.2026;GAS_BASE_S;GAS_BASE_S-W-27;0;0;0;0;150;0;0;0;30;
04.03.2026;GAS_BASE_W;GAS_BASE_W-11-26;0;0;0;0;253,56;0;0;0;5;
04.03.2026;GAS_BASE_W;GAS_BASE_W-12-26;0;0;0;0;254,88;0;0;0;0;
04.03.2026;GAS_BASE_W;GAS_BASE_W-13-26;0;0;0;0;259,03;0;0;0;0;
04.03.2026;GAS_BASE_W;GAS_BASE_W-14-26;0;0;0;0;259,03;0;0;0;0;
04.03.2026;GAS_BASE_Y;GAS_BASE_Y-27;164,25;156,5;156,5;164,25;161,5;4;8;11355150;4232;
04.03.2026;GAS_BASE_Y;GAS_BASE_Y-28;129,25;129,25;129,25;129,25;127,75;2;10;11353320;593;
04.03.2026;GAS_BASE_Y;GAS_BASE_Y-29;120;120;120;120;117,75;1;3;3153600;61;
04.03.2026;GAS_BASE_Y;GAS_BASE_Y-30;0;0;0;0;117,5;0;0;0;5;
04.03.2026;GAS_RDB;GAS_RDB_04-03-26;260;239,49;200;260;0;70;11244;2588203,6;8096;
04.03.2026;GLW_BASE;GLW_BASE_05-03-26;0;0;0;0;0;0;0;0;0;
04.03.2026;GLW_RDB;GLW_RDB_04-03-26;0;0;0;0;0;0;0;0;0;
04.03.2026;KUK_A_WMA-03;KUK_A_WMA-03;0;0;0;0;0;0;0;0;0;
04.03.2026;OFFPEAK;OFFPEAK_05-03-26;0;0;0;0;0;0;0;0;0;
04.03.2026;OFFPEAK;OFFPEAK_06-03-26;0;0;0;0;0;0;0;0;0;
04.03.2026;OFFPEAK_M;OFFPEAK_M-04-26;0;0;0;0;454,61;0;0;0;0;
04.03.2026;OFFPEAK_M;OFFPEAK_M-05-26;0;0;0;0;435,1;0;0;0;0;
04.03.2026;OFFPEAK_M;OFFPEAK_M-06-26;0;0;0;0;444,21;0;0;0;0;
04.03.2026;OFFPEAK_M;OFFPEAK_M-07-26;0;0;0;0;476,79;0;0;0;0;
04.03.2026;OFFPEAK_M;OFFPEAK_M-08-26;0;0;0;0;454,43;0;0;0;0;
04.03.2026;OFFPEAK_M;OFFPEAK_M-09-26;0;0;0;0;480,89;0;0;0;0;
04.03.2026;OFFPEAK_Q;OFFPEAK_Q-1-27;0;0;0;0;418,9;0;0;0;0;
04.03.2026;OFFPEAK_Q;OFFPEAK_Q-2-26;0;0;0;0;444,34;0;0;0;0;
04.03.2026;OFFPEAK_Q;OFFPEAK_Q-2-27;0;0;0;0;400,93;0;0;0;0;
04.03.2026;OFFPEAK_Q;OFFPEAK_Q-3-26;0;0;0;0;470,23;0;0;0;0;
04.03.2026;OFFPEAK_Q;OFFPEAK_Q-3-27;0;0;0;0;405,83;0;0;0;0;
04.03.2026;OFFPEAK_Q;OFFPEAK_Q-4-26;0;0;0;0;442,25;0;0;0;0;
04.03.2026;OFFPEAK_W;OFFPEAK_W-11-26;0;0;0;0;459,38;0;0;0;0;
04.03.2026;OFFPEAK_W;OFFPEAK_W-12-26;0;0;0;0;434,09;0;0;0;0;
04.03.2026;OFFPEAK_W;OFFPEAK_W-13-26;0;0;0;0;466,39;0;0;0;0;
04.03.2026;OFFPEAK_W;OFFPEAK_W-14-26;0;0;0;0;464,26;0;0;0;0;
04.03.2026;OFFPEAK_W;OFFPEAK_W-15-26;0;0;0;0;431,69;0;0;0;0;
04.03.2026;OFFPEAK_Y;OFFPEAK_Y-27;0;0;0;0;407,31;0;0;0;0;
04.03.2026;OFFPEAK_Y;OFFPEAK_Y-28;0;0;0;0;364,72;0;0;0;0;
04.03.2026;OFFPEAK_Y;OFFPEAK_Y-29;0;0;0;0;366,34;0;0;0;0;
04.03.2026;OFFPEAK_Y;OFFPEAK_Y-30;0;0;0;0;333,09;0;0;0;0;
04.03.2026;PEAK;PEAK_05-03-26;0;0;0;0;0;0;0;0;0;
04.03.2026;PEAK;PEAK_06-03-26;0;0;0;0;0;0;0;0;0;
04.03.2026;PEAK5_M;PEAK5_M-04-26;0;0;0;0;462;0;0;0;11;
04.03.2026;PEAK5_M;PEAK5_M-05-26;0;0;0;0;449,98;0;0;0;5;
04.03.2026;PEAK5_M;PEAK5_M-06-26;0;0;0;0;464;0;0;0;7;
04.03.2026;PEAK5_M;PEAK5_M-07-26;0;0;0;0;487,62;0;0;0;0;
04.03.2026;PEAK5_M;PEAK5_M-08-26;0;0;0;0;502,26;0;0;0;0;
04.03.2026;PEAK5_M;PEAK5_M-09-26;0;0;0;0;503,58;0;0;0;0;
04.03.2026;PEAK5_Q;PEAK5_Q-1-27;0;0;0;0;527,67;0;0;0;0;
04.03.2026;PEAK5_Q;PEAK5_Q-2-26;452;440;440;452;458,8;3;5;2085060;84;
04.03.2026;PEAK5_Q;PEAK5_Q-2-27;0;0;0;0;423,71;0;0;0;0;
04.03.2026;PEAK5_Q;PEAK5_Q-3-26;482,5;482;482;482,5;497,6;2;4;1909710;60;
04.03.2026;PEAK5_Q;PEAK5_Q-3-27;0;0;0;0;454,17;0;0;0;0;
04.03.2026;PEAK5_Q;PEAK5_Q-4-26;575;569;569;575;598,6;8;14;7659840;125;
04.03.2026;PEAK5_W;PEAK5_W-11-26;0;0;0;0;514,53;0;0;0;0;
04.03.2026;PEAK5_W;PEAK5_W-12-26;0;0;0;0;514,53;0;0;0;0;
04.03.2026;PEAK5_W;PEAK5_W-13-26;0;0;0;0;462,74;0;0;0;0;
04.03.2026;PEAK5_W;PEAK5_W-14-26;0;0;0;0;462,74;0;0;0;0;
04.03.2026;PEAK5_W;PEAK5_W-15-26;0;0;0;0;460,2;0;0;0;0;
04.03.2026;PEAK5_Y;PEAK5_Y-27;481;481;481;481;492;1;1;1825395;178;
04.03.2026;PEAK5_Y;PEAK5_Y-28;0;0;0;0;465,69;0;0;0;1;
04.03.2026;PEAK5_Y;PEAK5_Y-29;0;0;0;0;440;0;0;0;0;
04.03.2026;PEAK5_Y;PEAK5_Y-30;0;0;0;0;470,7;0;0;0;0;
04.03.2026;PMBG;PMBG;0;0;0;0;0;0;0;0;0;
04.03.2026;PMEF-2025;PMEF-2025;0;0;0;0;0;0;0;0;0;
04.03.2026;PMEF-2026;PMEF-2026;0;0;0;0;0;0;0;0;0;
04.03.2026;PMEF_F;PMEF_F;0;0;0;0;0;0;0;0;93827676;
04.03.2026;PMOZE;PMOZE;0;0;0;0;0;0;0;0;0;
04.03.2026;PMOZE_A;PMOZE_A;0;0;0;0;0;0;0;0;9769482690;
04.03.2026;PMOZE-BIO;PMOZE-BIO;0;0;0;0;0;0;0;0;565240226;
04.03.2026;PSZ_B_DLS-01;PSZ_B_DLS-01;0;0;0;0;0;0;0;0;0;
04.03.2026;PSZ_B_KUJ-01;PSZ_B_KUJ-01;0;0;0;0;0;0;0;0;0;
04.03.2026;PSZ_B_KUJ-02;PSZ_B_KUJ-02;0;0;0;0;0;0;0;0;0;
04.03.2026;PSZ_B_LBL-01;PSZ_B_LBL-01;0;0;0;0;0;0;0;0;0;
04.03.2026;PSZ_B_LBL-02;PSZ_B_LBL-02;0;0;0;0;0;0;0;0;0;
04.03.2026;PSZ_B_LBL-03;PSZ_B_LBL-03;0;0;0;0;0;0;0;0;0;
04.03.2026;PSZ_B_LBL-04;PSZ_B_LBL-04;0;0;0;0;0;0;0;0;0;
04.03.2026;PSZ_B_LBL-05;PSZ_B_LBL-05;0;0;0;0;0;0;0;0;0;
04.03.2026;PSZ_B_LBL-06;PSZ_B_LBL-06;0;0;0;0;0;0;0;0;0;
04.03.2026;PSZ_B_LBL-07;PSZ_B_LBL-07;0;0;0;0;0;0;0;0;0;
04.03.2026;PSZ_B_LBU-01;PSZ_B_LBU-01;0;0;0;0;0;0;0;0;0;
04.03.2026;PSZ_B_LBU-02;PSZ_B_LBU-02;0;0;0;0;0;0;0;0;0;
04.03.2026;PSZ_B_MAZ-01;PSZ_B_MAZ-01;0;0;0;0;0;0;0;0;0;
04.03.2026;PSZ_B_MAZ-02;PSZ_B_MAZ-02;0;0;0;0;0;0;0;0;0;
04.03.2026;PSZ_B_MAZ-03;PSZ_B_MAZ-03;0;0;0;0;0;0;0;0;0;
04.03.2026;PSZ_B_OPO-01;PSZ_B_OPO-01;0;0;0;0;0;0;0;0;0;
04.03.2026;PSZ_B_OPO-02;PSZ_B_OPO-02;0;0;0;0;0;0;0;0;0;
04.03.2026;PSZ_B_PDK-01;PSZ_B_PDK-01;0;0;0;0;0;0;0;0;0;
04.03.2026;PSZ_B_PDL-01;PSZ_B_PDL-01;0;0;0;0;0;0;0;0;0;
04.03.2026;PSZ_B_POM-01;PSZ_B_POM-01;0;0;0;0;0;0;0;0;0;
04.03.2026;PSZ_B_POM-02;PSZ_B_POM-02;0;0;0;0;0;0;0;0;0;
04.03.2026;PSZ_B_WLK-01;PSZ_B_WLK-01;0;0;0;0;0;0;0;0;0;
04.03.2026;PSZ_B_WLK-02;PSZ_B_WLK-02;0;0;0;0;0;0;0;0;0;
04.03.2026;PSZ_B_WLK-03;PSZ_B_WLK-03;0;0;0;0;0;0;0;0;0;
04.03.2026;PSZ_B_WLK-04;PSZ_B_WLK-04;0;0;0;0;0;0;0;0;0;
04.03.2026;PSZ_B_WMA-01;PSZ_B_WMA-01;0;0;0;0;0;0;0;0;0;
04.03.2026;PSZ_B_WMA-02;PSZ_B_WMA-02;0;0;0;0;0;0;0;0;0;
04.03.2026;PSZ_B_WMA-03;PSZ_B_WMA-03;0;0;0;0;0;0;0;0;0;
04.03.2026;PSZ_B_WMA-04;PSZ_B_WMA-04;0;0;0;0;0;0;0;0;0;
04.03.2026;PSZ_B_WMA-05;PSZ_B_WMA-05;0;0;0;0;0;0;0;0;0;
04.03.2026;PSZ_B_WMA-06;PSZ_B_WMA-06;0;0;0;0;0;0;0;0;0;
04.03.2026;PSZ_B_ZPO-01;PSZ_B_ZPO-01;0;0;0;0;0;0;0;0;0;
04.03.2026;PSZ_B_ZPO-02;PSZ_B_ZPO-02;0;0;0;0;0;0;0;0;0;
04.03.2026;PSZ_C_DLS-01;PSZ_C_DLS-01;0;0;0;0;0;0;0;0;0;
04.03.2026;PSZ_C_KUJ-01;PSZ_C_KUJ-01;0;0;0;0;0;0;0;0;0;
04.03.2026;PSZ_C_KUJ-02;PSZ_C_KUJ-02;0;0;0;0;0;0;0;0;0;
04.03.2026;PSZ_C_LBL-01;PSZ_C_LBL-01;0;0;0;0;0;0;0;0;0;
04.03.2026;PSZ_C_LBL-02;PSZ_C_LBL-02;0;0;0;0;0;0;0;0;0;
04.03.2026;PSZ_C_LBL-03;PSZ_C_LBL-03;0;0;0;0;0;0;0;0;0;
04.03.2026;PSZ_C_LBL-04;PSZ_C_LBL-04;0;0;0;0;0;0;0;0;0;
04.03.2026;PSZ_C_LBL-05;PSZ_C_LBL-05;0;0;0;0;0;0;0;0;0;
04.03.2026;PSZ_C_LBL-06;PSZ_C_LBL-06;0;0;0;0;0;0;0;0;0;
04.03.2026;PSZ_C_LBL-07;PSZ_C_LBL-07;0;0;0;0;0;0;0;0;0;
04.03.2026;PSZ_C_LBU-01;PSZ_C_LBU-01;0;0;0;0;0;0;0;0;0;
04.03.2026;PSZ_C_LBU-02;PSZ_C_LBU-02;0;0;0;0;0;0;0;0;0;
04.03.2026;PSZ_C_MAZ-01;PSZ_C_MAZ-01;0;0;0;0;0;0;0;0;0;
04.03.2026;PSZ_C_MAZ-02;PSZ_C_MAZ-02;0;0;0;0;0;0;0;0;0;
04.03.2026;PSZ_C_MAZ-03;PSZ_C_MAZ-03;0;0;0;0;0;0;0;0;0;
04.03.2026;PSZ_C_OPO-01;PSZ_C_OPO-01;0;0;0;0;0;0;0;0;0;
04.03.2026;PSZ_C_OPO-02;PSZ_C_OPO-02;0;0;0;0;0;0;0;0;0;
04.03.2026;PSZ_C_PDK-01;PSZ_C_PDK-01;0;0;0;0;0;0;0;0;0;
04.03.2026;PSZ_C_PDL-01;PSZ_C_PDL-01;0;0;0;0;0;0;0;0;0;
04.03.2026;PSZ_C_POM-01;PSZ_C_POM-01;0;0;0;0;0;0;0;0;0;
04.03.2026;PSZ_C_POM-02;PSZ_C_POM-02;0;0;0;0;0;0;0;0;0;
04.03.2026;PSZ_C_WLK-01;PSZ_C_WLK-01;0;0;0;0;0;0;0;0;0;
04.03.2026;PSZ_C_WLK-02;PSZ_C_WLK-02;0;0;0;0;0;0;0;0;0;
04.03.2026;PSZ_C_WLK-03;PSZ_C_WLK-03;0;0;0;0;0;0;0;0;0;
04.03.2026;PSZ_C_WLK-04;PSZ_C_WLK-04;0;0;0;0;0;0;0;0;0;
04.03.2026;PSZ_C_WMA-01;PSZ_C_WMA-01;0;0;0;0;0;0;0;0;0;
04.03.2026;PSZ_C_WMA-02;PSZ_C_WMA-02;0;0;0;0;0;0;0;0;0;
04.03.2026;PSZ_C_WMA-03;PSZ_C_WMA-03;0;0;0;0;0;0;0;0;0;
04.03.2026;PSZ_C_WMA-04;PSZ_C_WMA-04;0;0;0;0;0;0;0;0;0;
04.03.2026;PSZ_C_WMA-05;PSZ_C_WMA-05;0;0;0;0;0;0;0;0;0;
04.03.2026;PSZ_C_WMA-06;PSZ_C_WMA-06;0;0;0;0;0;0;0;0;0;
04.03.2026;PSZ_C_ZPO-01;PSZ_C_ZPO-01;0;0;0;0;0;0;0;0;0;
04.03.2026;PSZ_C_ZPO-02;PSZ_C_ZPO-02;0;0;0;0;0;0;0;0;0;
04.03.2026;RDN-1;RDN_05-03-26_H01;505,14;505,14;505,14;505,14;0;170;3042,7;1536989,478;2563,9;
04.03.2026;RDN-1;RDN_05-03-26_H02;490;490;490;490;0;170;3008,5;1474165;2548,6;
04.03.2026;RDN-1;RDN_05-03-26_H03;476,36;476,36;474,2;476,36;0;158;2642,9;1258915,924;2170,6;
04.03.2026;RDN-1;RDN_05-03-26_H04;475;475;475;475;0;165;2819,2;1339120;2342,8;
04.03.2026;RDN-1;RDN_05-03-26_H05;490;480;480;490;0;165;2812,8;1378217;2333,8;
04.03.2026;RDN-1;RDN_05-03-26_H06;539,93;539,93;535;539,93;0;166;3277,4;1769443,332;2674,7;
04.03.2026;RDN-1;RDN_05-03-26_H07;723,8;700;700;723,8;0;181;4247,3;3074076,74;3626,7;
04.03.2026;RDN-1;RDN_05-03-26_H08;825,62;800;800;825,62;0;185;3736,5;3083720,03;3195,9;
04.03.2026;RDN-1;RDN_05-03-26_H09;553,05;553,05;553,05;553,05;0;160;3321,6;1837010,88;2878;
04.03.2026;RDN-1;RDN_05-03-26_H10;429,99;410;410;429,99;0;146;3178,8;1366836,22;2616;
04.03.2026;RDN-1;RDN_05-03-26_H11;246,72;246,72;246,72;246,72;0;151;3764,9;928876,128;3144,6;
04.03.2026;RDN-1;RDN_05-03-26_H12;103,59;103,59;103,59;103,59;0;159;4443,7;460322,883;3721,5;
04.03.2026;RDN-1;RDN_05-03-26_H13;25,02;10;10;25,02;0;159;4544,5;113252,79;3713,6;
04.03.2026;RDN-1;RDN_05-03-26_H14;50,01;50,01;50,01;50,01;0;156;4388,3;219458,883;3449;
04.03.2026;RDN-1;RDN_05-03-26_H15;280,6;280;280;280,6;0;173;4236,8;1188844,88;3413,6;
04.03.2026;RDN-1;RDN_05-03-26_H16;450,1;450,1;450,1;450,1;0;160;3442,9;1549649,29;2824,7;
04.03.2026;RDN-1;RDN_05-03-26_H17;640;640;640;640;0;175;3532,1;2260544;2935,3;
04.03.2026;RDN-1;RDN_05-03-26_H18;947;947;947;947;0;184;4227,2;4003158,4;3710,7;
04.03.2026;RDN-1;RDN_05-03-26_H19;1183,6;1170;1170;1183,6;0;175;4601,8;5446619,76;4105,4;
04.03.2026;RDN-1;RDN_05-03-26_H20;1047;1000;1000;1047;0;169;4703,9;4924767,1;4192,4;
04.03.2026;RDN-1;RDN_05-03-26_H21;845,65;845,65;845,65;845,65;0;179;4432,6;3748428,19;3938,1;
04.03.2026;RDN-1;RDN_05-03-26_H22;646,4;646,4;646,4;646,4;0;171;4041,3;2612296,32;3476,4;
04.03.2026;RDN-1;RDN_05-03-26_H23;623,34;623,34;623,34;623,34;0;168;4223,2;2632489,488;3677,4;
04.03.2026;RDN-1;RDN_05-03-26_H24;535;525;525;535;0;170;3799,1;2031978,5;3132,8;
04.03.2026;RZP_A_LBL-01;RZP_A_LBL-01;0;0;0;0;0;0;0;0;0;
04.03.2026;SGT_BASE;SGT_BASE_05-03-26;0;0;0;0;0;0;0;0;0;
04.03.2026;SGT_RDB;SGT_RDB_04-03-26;0;0;0;0;0;0;0;0;0;
04.03.2026;ZTO_B_KUJ-02;ZTO_B_KUJ-02;0;0;0;0;0;0;0;0;0;
04.03.2026;ZTO_B_LBL-01;ZTO_B_LBL-01;0;0;0;0;0;0;0;0;0;
04.03.2026;ZTO_B_LBU-01;ZTO_B_LBU-01;0;0;0;0;0;0;0;0;0;
04.03.2026;ZTO_B_MAZ-01;ZTO_B_MAZ-01;0;0;0;0;0;0;0;0;0;
04.03.2026;ZTO_B_PDL-01;ZTO_B_PDL-01;0;0;0;0;0;0;0;0;0;
04.03.2026;ZTO_B_WLK-01;ZTO_B_WLK-01;0;0;0;0;0;0;0;0;0;
04.03.2026;ZTO_B_WLK-02;ZTO_B_WLK-02;0;0;0;0;0;0;0;0;0;
04.03.2026;ZTO_B_WMA-01;ZTO_B_WMA-01;0;0;0;0;0;0;0;0;0;
04.03.2026;ZTO_B_WMA-02;ZTO_B_WMA-02;0;0;0;0;0;0;0;0;0;
04.03.2026;ZTO_B_WMA-03;ZTO_B_WMA-03;0;0;0;0;0;0;0;0;0;
04.03.2026;ZTO_C_KUJ-02;ZTO_C_KUJ-02;0;0;0;0;0;0;0;0;0;
04.03.2026;ZTO_C_LBL-01;ZTO_C_LBL-01;0;0;0;0;0;0;0;0;0;
04.03.2026;ZTO_C_LBU-01;ZTO_C_LBU-01;0;0;0;0;0;0;0;0;0;
04.03.2026;ZTO_C_MAZ-01;ZTO_C_MAZ-01;0;0;0;0;0;0;0;0;0;
04.03.2026;ZTO_C_PDL-01;ZTO_C_PDL-01;0;0;0;0;0;0;0;0;0;
04.03.2026;ZTO_C_WLK-01;ZTO_C_WLK-01;0;0;0;0;0;0;0;0;0;
04.03.2026;ZTO_C_WLK-02;ZTO_C_WLK-02;0;0;0;0;0;0;0;0;0;
04.03.2026;ZTO_C_WMA-01;ZTO_C_WMA-01;0;0;0;0;0;0;0;0;0;
04.03.2026;ZTO_C_WMA-02;ZTO_C_WMA-02;0;0;0;0;0;0;0;0;0;
04.03.2026;ZTO_C_WMA-03;ZTO_C_WMA-03;0;0;0;0;0;0;0;0;0;
05.03.2026;BASE;BASE_06-03-26;510;499;495;510;0;46;264;3183768;213;
05.03.2026;BASE;BASE_07-03-26;0;0;0;0;0;0;0;0;0;
05.03.2026;BASE_M;BASE_M-04-26;429;422;422;429;421,8;41;45;13756680;384;
05.03.2026;BASE_M;BASE_M-05-26;420,54;417;417;420,9;420,54;27;32;9981756,96;135;
05.03.2026;BASE_M;BASE_M-06-26;433;429;428;433;429,78;22;26;8035560;104;
05.03.2026;BASE_M;BASE_M-07-26;0;0;0;0;452,35;0;0;0;4;
05.03.2026;BASE_M;BASE_M-08-26;0;0;0;0;445,66;0;0;0;0;
05.03.2026;BASE_M;BASE_M-09-26;0;0;0;0;461,25;0;0;0;0;
05.03.2026;BASE_Q;BASE_Q-1-27;0;0;0;0;459,5;0;0;0;14;
05.03.2026;BASE_Q;BASE_Q-2-26;432;424;424;434;424;52;76;70689746,4;723;
05.03.2026;BASE_Q;BASE_Q-2-27;0;0;0;0;394,41;0;0;0;16;
05.03.2026;BASE_Q;BASE_Q-3-26;452;447;446;452;453;47;72;71163752;498;
05.03.2026;BASE_Q;BASE_Q-3-27;414;415;414;415;415;2;2;1830432;4;
05.03.2026;BASE_Q;BASE_Q-4-26;467;466;466;473;467;36;48;49659425;810;
05.03.2026;BASE_W;BASE_W-11-26;445;442;432;445;450,29;33;57;4187400;113;
05.03.2026;BASE_W;BASE_W-12-26;0;0;0;0;442,05;0;0;0;12;
05.03.2026;BASE_W;BASE_W-13-26;0;0;0;0;453,49;0;0;0;7;
05.03.2026;BASE_W;BASE_W-14-26;0;0;0;0;410,5;0;0;0;5;
05.03.2026;BASE_W;BASE_W-15-26;0;0;0;0;403,91;0;0;0;0;
05.03.2026;BASE_WEEKEND;BASE_WEEKEND_10-26;0;0;0;0;0;0;0;0;0;
05.03.2026;BASE_Y;BASE_Y-27;0;0;0;0;426,3;0;0;0;1014;
05.03.2026;BASE_Y;BASE_Y-28;402;402;402;402;400;3;3;10593504;237;
05.03.2026;BASE_Y;BASE_Y-29;0;0;0;0;386,17;0;0;0;20;
05.03.2026;BASE_Y;BASE_Y-30;0;0;0;0;415,82;0;0;0;0;
05.03.2026;F-OZE;F-OZE_05-26;0;0;0;0;26,85;0;0;0;0;
05.03.2026;F-OZE;F-OZE_05-27;0;0;0;0;26,85;0;0;0;0;
05.03.2026;F-OZE;F-OZE_11-26;0;0;0;0;26,85;0;0;0;0;
05.03.2026;F-OZE;F-OZE_11-27;0;0;0;0;26,85;0;0;0;0;
05.03.2026;GAS_BASE;GAS_BASE_06-03-26;225,01;229;225;237;0;93;2628;14569780,8;2372;
05.03.2026;GAS_BASE_M;GAS_BASE_M-01-27;0;0;0;0;194,05;0;0;0;369;
05.03.2026;GAS_BASE_M;GAS_BASE_M-02-27;0;0;0;0;189,16;0;0;0;272;
05.03.2026;GAS_BASE_M;GAS_BASE_M-03-27;0;0;0;0;183,77;0;0;0;0;
05.03.2026;GAS_BASE_M;GAS_BASE_M-04-26;227,25;225;222;229;217,7;40;148;24071832;3524;
05.03.2026;GAS_BASE_M;GAS_BASE_M-05-26;217;215;215;218;209,6;4;26;4205460;419;
05.03.2026;GAS_BASE_M;GAS_BASE_M-06-26;0;0;0;0;200,29;0;0;0;77;
05.03.2026;GAS_BASE_M;GAS_BASE_M-07-26;0;0;0;0;202,73;0;0;0;21;
05.03.2026;GAS_BASE_M;GAS_BASE_M-08-26;0;0;0;0;201,01;0;0;0;10;
05.03.2026;GAS_BASE_M;GAS_BASE_M-09-26;204;204;204;204;190;2;2;293760;354;
05.03.2026;GAS_BASE_M;GAS_BASE_M-10-26;0;0;0;0;164,18;0;0;0;34;
05.03.2026;GAS_BASE_M;GAS_BASE_M-11-26;0;0;0;0;204;0;0;0;1685;
05.03.2026;GAS_BASE_M;GAS_BASE_M-12-26;0;0;0;0;202,9;0;0;0;1769;
05.03.2026;GAS_BASE_Q;GAS_BASE_Q-1-27;195;195;195;195;188,99;1;1;421005;1477;
05.03.2026;GAS_BASE_Q;GAS_BASE_Q-2-26;206;213,5;206;213,5;209,2;10;28;12679212;7561;
05.03.2026;GAS_BASE_Q;GAS_BASE_Q-2-27;0;0;0;0;149,52;0;0;0;60;
05.03.2026;GAS_BASE_Q;GAS_BASE_Q-3-26;206;196;196;206;198;4;35;15301440;6299;
05.03.2026;GAS_BASE_Q;GAS_BASE_Q-3-27;0;0;0;0;146;0;0;0;28;
05.03.2026;GAS_BASE_Q;GAS_BASE_Q-4-26;205;210,9;205;210,9;190,2;4;9;4153782;8409;
05.03.2026;GAS_BASE_S;GAS_BASE_S-S-26;0;0;0;0;203,57;0;0;0;72;
05.03.2026;GAS_BASE_S;GAS_BASE_S-S-27;0;0;0;0;147,75;0;0;0;9;
05.03.2026;GAS_BASE_S;GAS_BASE_S-W-26;0;0;0;0;189,6;0;0;0;741;
05.03.2026;GAS_BASE_S;GAS_BASE_S-W-27;0;0;0;0;164,61;0;0;0;30;
05.03.2026;GAS_BASE_W;GAS_BASE_W-11-26;237;237;237;237;213,75;3;15;597240;20;
05.03.2026;GAS_BASE_W;GAS_BASE_W-12-26;237;237;237;237;214;2;15;597240;15;
05.03.2026;GAS_BASE_W;GAS_BASE_W-13-26;0;0;0;0;214;0;0;0;0;
05.03.2026;GAS_BASE_W;GAS_BASE_W-14-26;0;0;0;0;217,72;0;0;0;0;
05.03.2026;GAS_BASE_Y;GAS_BASE_Y-27;0;0;0;0;157,5;0;0;0;4232;
05.03.2026;GAS_BASE_Y;GAS_BASE_Y-28;0;0;0;0;129,25;0;0;0;593;
05.03.2026;GAS_BASE_Y;GAS_BASE_Y-29;120;120;120;120;120;1;1;1051200;62;
05.03.2026;GAS_BASE_Y;GAS_BASE_Y-30;0;0;0;0;117;0;0;0;5;
05.03.2026;GAS_RDB;GAS_RDB_05-03-26;229;220;220;238;0;95;22045;5136517,08;17554;
05.03.2026;GAS_WEEKEND;GAS_WEEKEND_10-26;232;232;232;232;0;3;31;345216;31;
05.03.2026;GLW_BASE;GLW_BASE_06-03-26;0;0;0;0;0;0;0;0;0;
05.03.2026;GLW_RDB;GLW_RDB_05-03-26;0;0;0;0;0;0;0;0;0;
05.03.2026;KUK_A_WMA-03;KUK_A_WMA-03;0;0;0;0;0;0;0;0;0;
05.03.2026;OFFPEAK;OFFPEAK_06-03-26;0;0;0;0;0;0;0;0;0;
05.03.2026;OFFPEAK;OFFPEAK_07-03-26;0;0;0;0;0;0;0;0;0;
05.03.2026;OFFPEAK_M;OFFPEAK_M-04-26;0;0;0;0;406,16;0;0;0;0;
05.03.2026;OFFPEAK_M;OFFPEAK_M-05-26;0;0;0;0;411,43;0;0;0;0;
05.03.2026;OFFPEAK_M;OFFPEAK_M-06-26;0;0;0;0;418,88;0;0;0;0;
05.03.2026;OFFPEAK_M;OFFPEAK_M-07-26;0;0;0;0;446,62;0;0;0;0;
05.03.2026;OFFPEAK_M;OFFPEAK_M-08-26;0;0;0;0;426,43;0;0;0;0;
05.03.2026;OFFPEAK_M;OFFPEAK_M-09-26;0;0;0;0;450,45;0;0;0;0;
05.03.2026;OFFPEAK_Q;OFFPEAK_Q-1-27;0;0;0;0;418,04;0;0;0;0;
05.03.2026;OFFPEAK_Q;OFFPEAK_Q-2-26;0;0;0;0;412,13;0;0;0;0;
05.03.2026;OFFPEAK_Q;OFFPEAK_Q-2-27;0;0;0;0;379,29;0;0;0;0;
05.03.2026;OFFPEAK_Q;OFFPEAK_Q-3-26;0;0;0;0;440,73;0;0;0;0;
05.03.2026;OFFPEAK_Q;OFFPEAK_Q-3-27;0;0;0;0;391,42;0;0;0;0;
05.03.2026;OFFPEAK_Q;OFFPEAK_Q-4-26;0;0;0;0;388,29;0;0;0;0;
05.03.2026;OFFPEAK_W;OFFPEAK_W-11-26;0;0;0;0;415,48;0;0;0;0;
05.03.2026;OFFPEAK_W;OFFPEAK_W-12-26;0;0;0;0;400,58;0;0;0;0;
05.03.2026;OFFPEAK_W;OFFPEAK_W-13-26;0;0;0;0;461,4;0;0;0;0;
05.03.2026;OFFPEAK_W;OFFPEAK_W-14-26;0;0;0;0;383,65;0;0;0;0;
05.03.2026;OFFPEAK_W;OFFPEAK_W-15-26;0;0;0;0;383,11;0;0;0;0;
05.03.2026;OFFPEAK_Y;OFFPEAK_Y-27;0;0;0;0;384,49;0;0;0;0;
05.03.2026;OFFPEAK_Y;OFFPEAK_Y-28;0;0;0;0;357,57;0;0;0;0;
05.03.2026;OFFPEAK_Y;OFFPEAK_Y-29;0;0;0;0;357,26;0;0;0;0;
05.03.2026;OFFPEAK_Y;OFFPEAK_Y-30;0;0;0;0;360,15;0;0;0;0;
05.03.2026;OFFP_WEEKEND;OFFP_WEEKEND_10-26;0;0;0;0;0;0;0;0;0;
05.03.2026;PEAK;PEAK_06-03-26;0;0;0;0;0;0;0;0;0;
05.03.2026;PEAK;PEAK_07-03-26;0;0;0;0;0;0;0;0;0;
05.03.2026;PEAK5_M;PEAK5_M-04-26;0;0;0;0;441,91;0;0;0;11;
05.03.2026;PEAK5_M;PEAK5_M-05-26;0;0;0;0;434,01;0;0;0;5;
05.03.2026;PEAK5_M;PEAK5_M-06-26;0;0;0;0;443,8;0;0;0;7;
05.03.2026;PEAK5_M;PEAK5_M-07-26;0;0;0;0;458,99;0;0;0;0;
05.03.2026;PEAK5_M;PEAK5_M-08-26;0;0;0;0;471,85;0;0;0;0;
05.03.2026;PEAK5_M;PEAK5_M-09-26;0;0;0;0;474,02;0;0;0;0;
05.03.2026;PEAK5_Q;PEAK5_Q-1-27;0;0;0;0;515,87;0;0;0;0;
05.03.2026;PEAK5_Q;PEAK5_Q-2-26;439;435;434;439;440;12;20;8097510;92;
05.03.2026;PEAK5_Q;PEAK5_Q-2-27;0;0;0;0;414,24;0;0;0;0;
05.03.2026;PEAK5_Q;PEAK5_Q-3-26;460;460;460;460;468,09;3;6;2732400;66;
05.03.2026;PEAK5_Q;PEAK5_Q-3-27;0;0;0;0;444,01;0;0;0;0;
05.03.2026;PEAK5_Q;PEAK5_Q-4-26;0;0;0;0;569,4;0;0;0;125;
05.03.2026;PEAK5_W;PEAK5_W-11-26;0;0;0;0;493,46;0;0;0;0;
05.03.2026;PEAK5_W;PEAK5_W-12-26;0;0;0;0;493,46;0;0;0;0;
05.03.2026;PEAK5_W;PEAK5_W-13-26;0;0;0;0;443,79;0;0;0;0;
05.03.2026;PEAK5_W;PEAK5_W-14-26;0;0;0;0;443,79;0;0;0;0;
05.03.2026;PEAK5_W;PEAK5_W-15-26;0;0;0;0;441,35;0;0;0;0;
05.03.2026;PEAK5_Y;PEAK5_Y-27;481;481;481;481;481;1;1;1825395;179;
05.03.2026;PEAK5_Y;PEAK5_Y-28;0;0;0;0;456,56;0;0;0;1;
05.03.2026;PEAK5_Y;PEAK5_Y-29;0;0;0;0;424,51;0;0;0;0;
05.03.2026;PEAK5_Y;PEAK5_Y-30;0;0;0;0;490,19;0;0;0;0;
05.03.2026;PEAK_WEEKEND;PEAK_WEEKEND_10-26;0;0;0;0;0;0;0;0;0;
05.03.2026;PMBG;PMBG;0;0;0;0;0;0;0;0;0;
05.03.2026;PMEF-2025;PMEF-2025;0;0;0;0;0;0;0;0;0;
05.03.2026;PMEF-2026;PMEF-2026;0;0;0;0;0;0;0;0;0;
05.03.2026;PMEF_F;PMEF_F;2327,05;2345;2327,05;2345;0;24;1033976;2407282677;93827676;
05.03.2026;PMOZE;PMOZE;0;0;0;0;0;0;0;0;0;
05.03.2026;PMOZE_A;PMOZE_A;27;27,1;26,9;27,1;0;86;51187809;1382677265;9769482690;
05.03.2026;PMOZE-BIO;PMOZE-BIO;302;304;300,03;305;0;7;2317571;699091577;565240226;
05.03.2026;PSZ_B_DLS-01;PSZ_B_DLS-01;0;0;0;0;0;0;0;0;0;
05.03.2026;PSZ_B_KUJ-01;PSZ_B_KUJ-01;0;0;0;0;0;0;0;0;0;
05.03.2026;PSZ_B_KUJ-02;PSZ_B_KUJ-02;0;0;0;0;0;0;0;0;0;
05.03.2026;PSZ_B_LBL-01;PSZ_B_LBL-01;0;0;0;0;0;0;0;0;0;
05.03.2026;PSZ_B_LBL-02;PSZ_B_LBL-02;0;0;0;0;0;0;0;0;0;
05.03.2026;PSZ_B_LBL-03;PSZ_B_LBL-03;0;0;0;0;0;0;0;0;0;
05.03.2026;PSZ_B_LBL-04;PSZ_B_LBL-04;0;0;0;0;0;0;0;0;0;
05.03.2026;PSZ_B_LBL-05;PSZ_B_LBL-05;0;0;0;0;0;0;0;0;0;
05.03.2026;PSZ_B_LBL-06;PSZ_B_LBL-06;0;0;0;0;0;0;0;0;0;
05.03.2026;PSZ_B_LBL-07;PSZ_B_LBL-07;0;0;0;0;0;0;0;0;0;
05.03.2026;PSZ_B_LBU-01;PSZ_B_LBU-01;0;0;0;0;0;0;0;0;0;
05.03.2026;PSZ_B_LBU-02;PSZ_B_LBU-02;0;0;0;0;0;0;0;0;0;
05.03.2026;PSZ_B_MAZ-01;PSZ_B_MAZ-01;0;0;0;0;0;0;0;0;0;
05.03.2026;PSZ_B_MAZ-02;PSZ_B_MAZ-02;0;0;0;0;0;0;0;0;0;
05.03.2026;PSZ_B_MAZ-03;PSZ_B_MAZ-03;0;0;0;0;0;0;0;0;0;
05.03.2026;PSZ_B_OPO-01;PSZ_B_OPO-01;0;0;0;0;0;0;0;0;0;
05.03.2026;PSZ_B_OPO-02;PSZ_B_OPO-02;0;0;0;0;0;0;0;0;0;
05.03.2026;PSZ_B_PDK-01;PSZ_B_PDK-01;0;0;0;0;0;0;0;0;0;
05.03.2026;PSZ_B_PDL-01;PSZ_B_PDL-01;0;0;0;0;0;0;0;0;0;
05.03.2026;PSZ_B_POM-01;PSZ_B_POM-01;0;0;0;0;0;0;0;0;0;
05.03.2026;PSZ_B_POM-02;PSZ_B_POM-02;0;0;0;0;0;0;0;0;0;
05.03.2026;PSZ_B_WLK-01;PSZ_B_WLK-01;0;0;0;0;0;0;0;0;0;
05.03.2026;PSZ_B_WLK-02;PSZ_B_WLK-02;0;0;0;0;0;0;0;0;0;
05.03.2026;PSZ_B_WLK-03;PSZ_B_WLK-03;0;0;0;0;0;0;0;0;0;
05.03.2026;PSZ_B_WLK-04;PSZ_B_WLK-04;0;0;0;0;0;0;0;0;0;
05.03.2026;PSZ_B_WMA-01;PSZ_B_WMA-01;0;0;0;0;0;0;0;0;0;
05.03.2026;PSZ_B_WMA-02;PSZ_B_WMA-02;0;0;0;0;0;0;0;0;0;
05.03.2026;PSZ_B_WMA-03;PSZ_B_WMA-03;0;0;0;0;0;0;0;0;0;
05.03.2026;PSZ_B_WMA-04;PSZ_B_WMA-04;0;0;0;0;0;0;0;0;0;
05.03.2026;PSZ_B_WMA-05;PSZ_B_WMA-05;0;0;0;0;0;0;0;0;0;
05.03.2026;PSZ_B_WMA-06;PSZ_B_WMA-06;0;0;0;0;0;0;0;0;0;
05.03.2026;PSZ_B_ZPO-01;PSZ_B_ZPO-01;0;0;0;0;0;0;0;0;0;
05.03.2026;PSZ_B_ZPO-02;PSZ_B_ZPO-02;0;0;0;0;0;0;0;0;0;
05.03.2026;PSZ_C_DLS-01;PSZ_C_DLS-01;0;0;0;0;0;0;0;0;0;
05.03.2026;PSZ_C_KUJ-01;PSZ_C_KUJ-01;0;0;0;0;0;0;0;0;0;
05.03.2026;PSZ_C_KUJ-02;PSZ_C_KUJ-02;0;0;0;0;0;0;0;0;0;
05.03.2026;PSZ_C_LBL-01;PSZ_C_LBL-01;0;0;0;0;0;0;0;0;0;
05.03.2026;PSZ_C_LBL-02;PSZ_C_LBL-02;0;0;0;0;0;0;0;0;0;
05.03.2026;PSZ_C_LBL-03;PSZ_C_LBL-03;0;0;0;0;0;0;0;0;0;
05.03.2026;PSZ_C_LBL-04;PSZ_C_LBL-04;0;0;0;0;0;0;0;0;0;
05.03.2026;PSZ_C_LBL-05;PSZ_C_LBL-05;0;0;0;0;0;0;0;0;0;
05.03.2026;PSZ_C_LBL-06;PSZ_C_LBL-06;0;0;0;0;0;0;0;0;0;
05.03.2026;PSZ_C_LBL-07;PSZ_C_LBL-07;0;0;0;0;0;0;0;0;0;
05.03.2026;PSZ_C_LBU-01;PSZ_C_LBU-01;0;0;0;0;0;0;0;0;0;
05.03.2026;PSZ_C_LBU-02;PSZ_C_LBU-02;0;0;0;0;0;0;0;0;0;
05.03.2026;PSZ_C_MAZ-01;PSZ_C_MAZ-01;0;0;0;0;0;0;0;0;0;
05.03.2026;PSZ_C_MAZ-02;PSZ_C_MAZ-02;0;0;0;0;0;0;0;0;0;
05.03.2026;PSZ_C_MAZ-03;PSZ_C_MAZ-03;0;0;0;0;0;0;0;0;0;
05.03.2026;PSZ_C_OPO-01;PSZ_C_OPO-01;0;0;0;0;0;0;0;0;0;
05.03.2026;PSZ_C_OPO-02;PSZ_C_OPO-02;0;0;0;0;0;0;0;0;0;
05.03.2026;PSZ_C_PDK-01;PSZ_C_PDK-01;0;0;0;0;0;0;0;0;0;
05.03.2026;PSZ_C_PDL-01;PSZ_C_PDL-01;0;0;0;0;0;0;0;0;0;
05.03.2026;PSZ_C_POM-01;PSZ_C_POM-01;0;0;0;0;0;0;0;0;0;
05.03.2026;PSZ_C_POM-02;PSZ_C_POM-02;0;0;0;0;0;0;0;0;0;
05.03.2026;PSZ_C_WLK-01;PSZ_C_WLK-01;0;0;0;0;0;0;0;0;0;
05.03.2026;PSZ_C_WLK-02;PSZ_C_WLK-02;0;0;0;0;0;0;0;0;0;
05.03.2026;PSZ_C_WLK-03;PSZ_C_WLK-03;0;0;0;0;0;0;0;0;0;
05.03.2026;PSZ_C_WLK-04;PSZ_C_WLK-04;0;0;0;0;0;0;0;0;0;
05.03.2026;PSZ_C_WMA-01;PSZ_C_WMA-01;0;0;0;0;0;0;0;0;0;
05.03.2026;PSZ_C_WMA-02;PSZ_C_WMA-02;0;0;0;0;0;0;0;0;0;
05.03.2026;PSZ_C_WMA-03;PSZ_C_WMA-03;0;0;0;0;0;0;0;0;0;
05.03.2026;PSZ_C_WMA-04;PSZ_C_WMA-04;0;0;0;0;0;0;0;0;0;
05.03.2026;PSZ_C_WMA-05;PSZ_C_WMA-05;0;0;0;0;0;0;0;0;0;
05.03.2026;PSZ_C_WMA-06;PSZ_C_WMA-06;0;0;0;0;0;0;0;0;0;
05.03.2026;PSZ_C_ZPO-01;PSZ_C_ZPO-01;0;0;0;0;0;0;0;0;0;
05.03.2026;PSZ_C_ZPO-02;PSZ_C_ZPO-02;0;0;0;0;0;0;0;0;0;
05.03.2026;RDN-1;RDN_06-03-26_H01;480,74;480,74;480,74;480,74;0;166;2909,9;1398905,326;2450,3;
05.03.2026;RDN-1;RDN_06-03-26_H02;474,2;474,2;474,2;474,2;0;163;2725,8;1292574,36;2245,5;
05.03.2026;RDN-1;RDN_06-03-26_H03;476;476;476;476;0;162;2679,6;1275489,6;2231,5;
05.03.2026;RDN-1;RDN_06-03-26_H04;481,6;475;475;481,6;0;162;2678,1;1289640,96;2198,2;
05.03.2026;RDN-1;RDN_06-03-26_H05;485,8;485,8;485,8;485,8;0;157;2925,3;1421110,74;2404,8;
05.03.2026;RDN-1;RDN_06-03-26_H06;534,5;534,5;534;534,5;0;153;3323,7;1776512,65;2691,1;
05.03.2026;RDN-1;RDN_06-03-26_H07;735;735;730;735;0;185;3951;2903885;3392,4;
05.03.2026;RDN-1;RDN_06-03-26_H08;724,46;724,46;724,46;724,46;0;168;3655;2647901,3;3105,6;
05.03.2026;RDN-1;RDN_06-03-26_H09;500,11;503,5;500,11;503,5;0;157;3143,6;1572179,696;2554;
05.03.2026;RDN-1;RDN_06-03-26_H10;314,29;328;314;328;0;156;3793,6;1192422,714;3026,4;
05.03.2026;RDN-1;RDN_06-03-26_H11;25,02;10;10;25,02;0;174;4558;113890,96;3782,3;
05.03.2026;RDN-1;RDN_06-03-26_H12;0,01;0,01;0,01;0,01;0;154;3648,1;36,481;3021,3;
05.03.2026;RDN-1;RDN_06-03-26_H13;-0,1;-0,1;-0,1;-0,1;0;136;3225;-322,5;2696,8;
05.03.2026;RDN-1;RDN_06-03-26_H14;0;0;0;0;0;154;3423,9;0;2780,6;
05.03.2026;RDN-1;RDN_06-03-26_H15;147;147;147;147;0;171;3985,4;585853,8;3118,6;
05.03.2026;RDN-1;RDN_06-03-26_H16;415,4;400;400;415,4;0;158;3186,7;1323631,98;2663,2;
05.03.2026;RDN-1;RDN_06-03-26_H17;571,69;571,69;571,69;571,69;0;143;2698,9;1542934,141;2228,8;
05.03.2026;RDN-1;RDN_06-03-26_H18;788,2;788,2;788,2;788,2;0;153;3598,3;2836180,06;2967,9;
05.03.2026;RDN-1;RDN_06-03-26_H19;1016;1016;1000;1016;0;167;4192,5;4259140;3666,3;
05.03.2026;RDN-1;RDN_06-03-26_H20;738,4;738,4;738,4;738,4;0;165;4127,3;3047598,32;3448,7;
05.03.2026;RDN-1;RDN_06-03-26_H21;646,26;646,26;646,26;646,26;0;164;3840,8;2482155,408;3260,3;
05.03.2026;RDN-1;RDN_06-03-26_H22;556,27;557;556;557;0;166;3485,4;1938846,638;2831,4;
05.03.2026;RDN-1;RDN_06-03-26_H23;552,9;552;552;552,9;0;171;3401,4;1880616,06;2908,9;
05.03.2026;RDN-1;RDN_06-03-26_H24;500;500;500;500;0;167;2976,8;1488400;2419,8;
05.03.2026;RZP_A_LBL-01;RZP_A_LBL-01;0;0;0;0;0;0;0;0;0;
05.03.2026;SGT_BASE;SGT_BASE_06-03-26;0;0;0;0;0;0;0;0;0;
05.03.2026;SGT_RDB;SGT_RDB_05-03-26;0;0;0;0;0;0;0;0;0;
05.03.2026;ZTO_B_KUJ-02;ZTO_B_KUJ-02;0;0;0;0;0;0;0;0;0;
05.03.2026;ZTO_B_LBL-01;ZTO_B_LBL-01;0;0;0;0;0;0;0;0;0;
05.03.2026;ZTO_B_LBU-01;ZTO_B_LBU-01;0;0;0;0;0;0;0;0;0;
05.03.2026;ZTO_B_MAZ-01;ZTO_B_MAZ-01;0;0;0;0;0;0;0;0;0;
05.03.2026;ZTO_B_PDL-01;ZTO_B_PDL-01;0;0;0;0;0;0;0;0;0;
05.03.2026;ZTO_B_WLK-01;ZTO_B_WLK-01;0;0;0;0;0;0;0;0;0;
05.03.2026;ZTO_B_WLK-02;ZTO_B_WLK-02;0;0;0;0;0;0;0;0;0;
05.03.2026;ZTO_B_WMA-01;ZTO_B_WMA-01;0;0;0;0;0;0;0;0;0;
05.03.2026;ZTO_B_WMA-02;ZTO_B_WMA-02;0;0;0;0;0;0;0;0;0;
05.03.2026;ZTO_B_WMA-03;ZTO_B_WMA-03;0;0;0;0;0;0;0;0;0;
05.03.2026;ZTO_C_KUJ-02;ZTO_C_KUJ-02;0;0;0;0;0;0;0;0;0;
05.03.2026;ZTO_C_LBL-01;ZTO_C_LBL-01;0;0;0;0;0;0;0;0;0;
05.03.2026;ZTO_C_LBU-01;ZTO_C_LBU-01;0;0;0;0;0;0;0;0;0;
05.03.2026;ZTO_C_MAZ-01;ZTO_C_MAZ-01;0;0;0;0;0;0;0;0;0;
05.03.2026;ZTO_C_PDL-01;ZTO_C_PDL-01;0;0;0;0;0;0;0;0;0;
05.03.2026;ZTO_C_WLK-01;ZTO_C_WLK-01;0;0;0;0;0;0;0;0;0;
05.03.2026;ZTO_C_WLK-02;ZTO_C_WLK-02;0;0;0;0;0;0;0;0;0;
05.03.2026;ZTO_C_WMA-01;ZTO_C_WMA-01;0;0;0;0;0;0;0;0;0;
05.03.2026;ZTO_C_WMA-02;ZTO_C_WMA-02;0;0;0;0;0;0;0;0;0;
05.03.2026;ZTO_C_WMA-03;ZTO_C_WMA-03;0;0;0;0;0;0;0;0;0;
06.03.2026;BASE;BASE_07-03-26;390;450;390;450;0;47;277;2653536;132;
06.03.2026;BASE;BASE_08-03-26;399;349;348;399;0;8;34;289584;21;
06.03.2026;BASE_M;BASE_M-04-26;425;422;422;425;422,85;46;46;14010120;413;
06.03.2026;BASE_M;BASE_M-05-26;419;419;419;419;419,55;1;1;311736;134;
06.03.2026;BASE_M;BASE_M-06-26;432;430,5;430;432;429,81;11;15;4646534;113;
06.03.2026;BASE_M;BASE_M-07-26;0;0;0;0;452,5;0;0;0;4;
06.03.2026;BASE_M;BASE_M-08-26;0;0;0;0;437,28;0;0;0;0;
06.03.2026;BASE_M;BASE_M-09-26;0;0;0;0;452,58;0;0;0;0;
06.03.2026;BASE_Q;BASE_Q-1-27;466;467;466;467;460,5;5;6;6045200;20;
06.03.2026;BASE_Q;BASE_Q-2-26;425;424;423,75;425;424,02;17;20;18531786;736;
06.03.2026;BASE_Q;BASE_Q-2-27;0;0;0;0;388;0;0;0;16;
06.03.2026;BASE_Q;BASE_Q-3-26;450,99;452;448,45;452,5;447,4;23;29;28790289;507;
06.03.2026;BASE_Q;BASE_Q-3-27;0;0;0;0;414,5;0;0;0;4;
06.03.2026;BASE_Q;BASE_Q-4-26;470,99;473;468,4;473;466,4;49;69;71549024;856;
06.03.2026;BASE_W;BASE_W-11-26;435;420;417;435;436,4;29;64;4577664;150;
06.03.2026;BASE_W;BASE_W-12-26;0;0;0;0;417,5;0;0;0;12;
06.03.2026;BASE_W;BASE_W-13-26;0;0;0;0;412,82;0;0;0;7;
06.03.2026;BASE_W;BASE_W-14-26;0;0;0;0;424,36;0;0;0;5;
06.03.2026;BASE_W;BASE_W-15-26;0;0;0;0;404,49;0;0;0;0;
06.03.2026;BASE_WEEKEND;BASE_WEEKEND_10-26;0;0;0;0;0;0;0;0;0;
06.03.2026;BASE_Y;BASE_Y-27;431;431;430;431;426,75;12;12;45297960;1016;
06.03.2026;BASE_Y;BASE_Y-28;406;406;406;406;402;3;3;10698912;238;
06.03.2026;BASE_Y;BASE_Y-29;0;0;0;0;393,5;0;0;0;20;
06.03.2026;BASE_Y;BASE_Y-30;0;0;0;0;403,25;0;0;0;0;
06.03.2026;GAS_BASE;GAS_BASE_07-03-26;231;228,75;217;232,5;0;69;1506;8043282,96;1211;
06.03.2026;GAS_BASE_M;GAS_BASE_M-01-27;0;0;0;0;199,5;0;0;0;369;
06.03.2026;GAS_BASE_M;GAS_BASE_M-02-27;0;0;0;0;195,56;0;0;0;272;
06.03.2026;GAS_BASE_M;GAS_BASE_M-03-27;0;0;0;0;189,99;0;0;0;0;
06.03.2026;GAS_BASE_M;GAS_BASE_M-04-26;228;225;225;234,84;223,56;41;132;21652243,2;3537;
06.03.2026;GAS_BASE_M;GAS_BASE_M-05-26;215;215;215;215;215;2;7;1119720;419;
06.03.2026;GAS_BASE_M;GAS_BASE_M-06-26;219,99;215;215;219,99;197,34;3;10;1565964;82;
06.03.2026;GAS_BASE_M;GAS_BASE_M-07-26;0;0;0;0;202,59;0;0;0;21;
06.03.2026;GAS_BASE_M;GAS_BASE_M-08-26;0;0;0;0;190,57;0;0;0;10;
06.03.2026;GAS_BASE_M;GAS_BASE_M-09-26;213;212;212;213,5;204;4;6;917640;354;
06.03.2026;GAS_BASE_M;GAS_BASE_M-10-26;0;0;0;0;195,61;0;0;0;34;
06.03.2026;GAS_BASE_M;GAS_BASE_M-11-26;0;0;0;0;218,17;0;0;0;1685;
06.03.2026;GAS_BASE_M;GAS_BASE_M-12-26;215;215;215;215;215,02;1;5;799800;1769;
06.03.2026;GAS_BASE_Q;GAS_BASE_Q-1-27;211;215;211;215;195;3;2;919734;1480;
06.03.2026;GAS_BASE_Q;GAS_BASE_Q-2-26;215;220;215;220;212;9;28;13344240;7554;
06.03.2026;GAS_BASE_Q;GAS_BASE_Q-2-27;0;0;0;0;141,4;0;0;0;60;
06.03.2026;GAS_BASE_Q;GAS_BASE_Q-3-26;210,5;212;210;212;199;13;32;14871984;6302;
06.03.2026;GAS_BASE_Q;GAS_BASE_Q-3-27;0;0;0;0;152,26;0;0;0;28;
06.03.2026;GAS_BASE_Q;GAS_BASE_Q-4-26;218,5;218;218;218,5;209,5;2;3;1446895;8410;
06.03.2026;GAS_BASE_S;GAS_BASE_S-S-26;0;0;0;0;205,46;0;0;0;72;
06.03.2026;GAS_BASE_S;GAS_BASE_S-S-27;0;0;0;0;146,86;0;0;0;9;
06.03.2026;GAS_BASE_S;GAS_BASE_S-W-26;0;0;0;0;202,33;0;0;0;741;
06.03.2026;GAS_BASE_S;GAS_BASE_S-W-27;0;0;0;0;175,67;0;0;0;30;
06.03.2026;GAS_BASE_W;GAS_BASE_W-11-26;232;232;232;232;237;2;15;584640;35;
06.03.2026;GAS_BASE_W;GAS_BASE_W-12-26;0;0;0;0;237;0;0;0;15;
06.03.2026;GAS_BASE_W;GAS_BASE_W-13-26;230;230;230;230;237;1;4;153640;4;
06.03.2026;GAS_BASE_W;GAS_BASE_W-14-26;0;0;0;0;223,58;0;0;0;0;
06.03.2026;GAS_BASE_Y;GAS_BASE_Y-27;0;0;0;0;152,13;0;0;0;4232;
06.03.2026;GAS_BASE_Y;GAS_BASE_Y-28;134,75;134,75;134,75;134,75;128,88;2;3;3550932;596;
06.03.2026;GAS_BASE_Y;GAS_BASE_Y-29;0;0;0;0;120;0;0;0;62;
06.03.2026;GAS_BASE_Y;GAS_BASE_Y-30;0;0;0;0;111;0;0;0;5;
06.03.2026;GAS_RDB;GAS_RDB_06-03-26;233;230;223;233;0;60;10634;2445245,88;4610;
06.03.2026;GAS_WEEKEND;GAS_WEEKEND_10-26;232;217;217;232;0;14;449;4728144;437;
06.03.2026;GLW_BASE;GLW_BASE_07-03-26;0;0;0;0;0;0;0;0;0;
06.03.2026;GLW_RDB;GLW_RDB_06-03-26;0;0;0;0;0;0;0;0;0;
06.03.2026;KUK_A_WMA-03;KUK_A_WMA-03;0;0;0;0;0;0;0;0;0;
06.03.2026;OFFPEAK;OFFPEAK_07-03-26;0;0;0;0;0;0;0;0;0;
06.03.2026;OFFPEAK;OFFPEAK_08-03-26;0;0;0;0;0;0;0;0;0;
06.03.2026;OFFPEAK_M;OFFPEAK_M-04-26;0;0;0;0;412,09;0;0;0;0;
06.03.2026;OFFPEAK_M;OFFPEAK_M-05-26;0;0;0;0;413,25;0;0;0;0;
06.03.2026;OFFPEAK_M;OFFPEAK_M-06-26;0;0;0;0;423;0;0;0;0;
06.03.2026;OFFPEAK_M;OFFPEAK_M-07-26;0;0;0;0;454,37;0;0;0;0;
06.03.2026;OFFPEAK_M;OFFPEAK_M-08-26;0;0;0;0;416,74;0;0;0;0;
06.03.2026;OFFPEAK_M;OFFPEAK_M-09-26;0;0;0;0;442,01;0;0;0;0;
06.03.2026;OFFPEAK_Q;OFFPEAK_Q-1-27;0;0;0;0;419,77;0;0;0;0;
06.03.2026;OFFPEAK_Q;OFFPEAK_Q-2-26;0;0;0;0;416,03;0;0;0;0;
06.03.2026;OFFPEAK_Q;OFFPEAK_Q-2-27;0;0;0;0;367,99;0;0;0;0;
06.03.2026;OFFPEAK_Q;OFFPEAK_Q-3-26;0;0;0;0;437,16;0;0;0;0;
06.03.2026;OFFPEAK_Q;OFFPEAK_Q-3-27;0;0;0;0;390,51;0;0;0;0;
06.03.2026;OFFPEAK_Q;OFFPEAK_Q-4-26;0;0;0;0;387,92;0;0;0;0;
06.03.2026;OFFPEAK_W;OFFPEAK_W-11-26;0;0;0;0;394,03;0;0;0;0;
06.03.2026;OFFPEAK_W;OFFPEAK_W-12-26;0;0;0;0;359,89;0;0;0;0;
06.03.2026;OFFPEAK_W;OFFPEAK_W-13-26;0;0;0;0;391,86;0;0;0;0;
06.03.2026;OFFPEAK_W;OFFPEAK_W-14-26;0;0;0;0;412,93;0;0;0;0;
06.03.2026;OFFPEAK_W;OFFPEAK_W-15-26;0;0;0;0;386,9;0;0;0;0;
06.03.2026;OFFPEAK_Y;OFFPEAK_Y-27;0;0;0;0;385,28;0;0;0;0;
06.03.2026;OFFPEAK_Y;OFFPEAK_Y-28;0;0;0;0;359,36;0;0;0;0;
06.03.2026;OFFPEAK_Y;OFFPEAK_Y-29;0;0;0;0;364,05;0;0;0;0;
06.03.2026;OFFPEAK_Y;OFFPEAK_Y-30;0;0;0;0;338,18;0;0;0;0;
06.03.2026;OFFP_WEEKEND;OFFP_WEEKEND_10-26;0;0;0;0;0;0;0;0;0;
06.03.2026;PEAK;PEAK_07-03-26;0;0;0;0;0;0;0;0;0;
06.03.2026;PEAK;PEAK_08-03-26;0;0;0;0;0;0;0;0;0;
06.03.2026;PEAK5_M;PEAK5_M-04-26;0;0;0;0;436,69;0;0;0;11;
06.03.2026;PEAK5_M;PEAK5_M-05-26;0;0;0;0;428,88;0;0;0;5;
06.03.2026;PEAK5_M;PEAK5_M-06-26;0;0;0;0;438,55;0;0;0;7;
06.03.2026;PEAK5_M;PEAK5_M-07-26;0;0;0;0;450,33;0;0;0;0;
06.03.2026;PEAK5_M;PEAK5_M-08-26;0;0;0;0;465,27;0;0;0;0;
06.03.2026;PEAK5_M;PEAK5_M-09-26;0;0;0;0;465,08;0;0;0;0;
06.03.2026;PEAK5_Q;PEAK5_Q-1-27;0;0;0;0;515,87;0;0;0;0;
06.03.2026;PEAK5_Q;PEAK5_Q-2-26;435;434;433;435;434,8;5;7;2824410;94;
06.03.2026;PEAK5_Q;PEAK5_Q-2-27;0;0;0;0;414,24;0;0;0;0;
06.03.2026;PEAK5_Q;PEAK5_Q-3-26;463;463;463;463;460;1;2;916740;68;
06.03.2026;PEAK5_Q;PEAK5_Q-3-27;0;0;0;0;444,01;0;0;0;0;
06.03.2026;PEAK5_Q;PEAK5_Q-4-26;570;570;570;570;568,5;1;1;547200;126;
06.03.2026;PEAK5_W;PEAK5_W-11-26;0;0;0;0;488,94;0;0;0;0;
06.03.2026;PEAK5_W;PEAK5_W-12-26;0;0;0;0;488,94;0;0;0;0;
06.03.2026;PEAK5_W;PEAK5_W-13-26;0;0;0;0;438,54;0;0;0;0;
06.03.2026;PEAK5_W;PEAK5_W-14-26;0;0;0;0;438,54;0;0;0;0;
06.03.2026;PEAK5_W;PEAK5_W-15-26;0;0;0;0;436,14;0;0;0;0;
06.03.2026;PEAK5_Y;PEAK5_Y-27;481;481;481;481;481;1;1;1825395;180;
06.03.2026;PEAK5_Y;PEAK5_Y-28;0;0;0;0;458,84;0;0;0;1;
06.03.2026;PEAK5_Y;PEAK5_Y-29;0;0;0;0;432,57;0;0;0;0;
06.03.2026;PEAK5_Y;PEAK5_Y-30;0;0;0;0;490,19;0;0;0;0;
06.03.2026;PEAK_WEEKEND;PEAK_WEEKEND_10-26;0;0;0;0;0;0;0;0;0;
06.03.2026;PSZ_B_DLS-01;PSZ_B_DLS-01;0;0;0;0;0;0;0;0;0;
06.03.2026;PSZ_B_KUJ-01;PSZ_B_KUJ-01;0;0;0;0;0;0;0;0;0;
06.03.2026;PSZ_B_KUJ-02;PSZ_B_KUJ-02;0;0;0;0;0;0;0;0;0;
06.03.2026;PSZ_B_LBL-01;PSZ_B_LBL-01;0;0;0;0;0;0;0;0;0;
06.03.2026;PSZ_B_LBL-02;PSZ_B_LBL-02;0;0;0;0;0;0;0;0;0;
06.03.2026;PSZ_B_LBL-03;PSZ_B_LBL-03;0;0;0;0;0;0;0;0;0;
06.03.2026;PSZ_B_LBL-04;PSZ_B_LBL-04;0;0;0;0;0;0;0;0;0;
06.03.2026;PSZ_B_LBL-05;PSZ_B_LBL-05;0;0;0;0;0;0;0;0;0;
06.03.2026;PSZ_B_LBL-06;PSZ_B_LBL-06;0;0;0;0;0;0;0;0;0;
06.03.2026;PSZ_B_LBL-07;PSZ_B_LBL-07;0;0;0;0;0;0;0;0;0;
06.03.2026;PSZ_B_LBU-01;PSZ_B_LBU-01;0;0;0;0;0;0;0;0;0;
06.03.2026;PSZ_B_LBU-02;PSZ_B_LBU-02;0;0;0;0;0;0;0;0;0;
06.03.2026;PSZ_B_MAZ-01;PSZ_B_MAZ-01;0;0;0;0;0;0;0;0;0;
06.03.2026;PSZ_B_MAZ-02;PSZ_B_MAZ-02;0;0;0;0;0;0;0;0;0;
06.03.2026;PSZ_B_MAZ-03;PSZ_B_MAZ-03;0;0;0;0;0;0;0;0;0;
06.03.2026;PSZ_B_OPO-01;PSZ_B_OPO-01;0;0;0;0;0;0;0;0;0;
06.03.2026;PSZ_B_OPO-02;PSZ_B_OPO-02;0;0;0;0;0;0;0;0;0;
06.03.2026;PSZ_B_PDK-01;PSZ_B_PDK-01;0;0;0;0;0;0;0;0;0;
06.03.2026;PSZ_B_PDL-01;PSZ_B_PDL-01;0;0;0;0;0;0;0;0;0;
06.03.2026;PSZ_B_POM-01;PSZ_B_POM-01;0;0;0;0;0;0;0;0;0;
06.03.2026;PSZ_B_POM-02;PSZ_B_POM-02;0;0;0;0;0;0;0;0;0;
06.03.2026;PSZ_B_WLK-01;PSZ_B_WLK-01;0;0;0;0;0;0;0;0;0;
06.03.2026;PSZ_B_WLK-02;PSZ_B_WLK-02;0;0;0;0;0;0;0;0;0;
06.03.2026;PSZ_B_WLK-03;PSZ_B_WLK-03;0;0;0;0;0;0;0;0;0;
06.03.2026;PSZ_B_WLK-04;PSZ_B_WLK-04;0;0;0;0;0;0;0;0;0;
06.03.2026;PSZ_B_WMA-01;PSZ_B_WMA-01;0;0;0;0;0;0;0;0;0;
06.03.2026;PSZ_B_WMA-02;PSZ_B_WMA-02;0;0;0;0;0;0;0;0;0;
06.03.2026;PSZ_B_WMA-03;PSZ_B_WMA-03;0;0;0;0;0;0;0;0;0;
06.03.2026;PSZ_B_WMA-04;PSZ_B_WMA-04;0;0;0;0;0;0;0;0;0;
06.03.2026;PSZ_B_WMA-05;PSZ_B_WMA-05;0;0;0;0;0;0;0;0;0;
06.03.2026;PSZ_B_WMA-06;PSZ_B_WMA-06;0;0;0;0;0;0;0;0;0;
06.03.2026;PSZ_B_ZPO-01;PSZ_B_ZPO-01;0;0;0;0;0;0;0;0;0;
06.03.2026;PSZ_B_ZPO-02;PSZ_B_ZPO-02;0;0;0;0;0;0;0;0;0;
06.03.2026;PSZ_C_DLS-01;PSZ_C_DLS-01;0;0;0;0;0;0;0;0;0;
06.03.2026;PSZ_C_KUJ-01;PSZ_C_KUJ-01;0;0;0;0;0;0;0;0;0;
06.03.2026;PSZ_C_KUJ-02;PSZ_C_KUJ-02;0;0;0;0;0;0;0;0;0;
06.03.2026;PSZ_C_LBL-01;PSZ_C_LBL-01;0;0;0;0;0;0;0;0;0;
06.03.2026;PSZ_C_LBL-02;PSZ_C_LBL-02;0;0;0;0;0;0;0;0;0;
06.03.2026;PSZ_C_LBL-03;PSZ_C_LBL-03;0;0;0;0;0;0;0;0;0;
06.03.2026;PSZ_C_LBL-04;PSZ_C_LBL-04;0;0;0;0;0;0;0;0;0;
06.03.2026;PSZ_C_LBL-05;PSZ_C_LBL-05;0;0;0;0;0;0;0;0;0;
06.03.2026;PSZ_C_LBL-06;PSZ_C_LBL-06;0;0;0;0;0;0;0;0;0;
06.03.2026;PSZ_C_LBL-07;PSZ_C_LBL-07;0;0;0;0;0;0;0;0;0;
06.03.2026;PSZ_C_LBU-01;PSZ_C_LBU-01;0;0;0;0;0;0;0;0;0;
06.03.2026;PSZ_C_LBU-02;PSZ_C_LBU-02;0;0;0;0;0;0;0;0;0;
06.03.2026;PSZ_C_MAZ-01;PSZ_C_MAZ-01;0;0;0;0;0;0;0;0;0;
06.03.2026;PSZ_C_MAZ-02;PSZ_C_MAZ-02;0;0;0;0;0;0;0;0;0;
06.03.2026;PSZ_C_MAZ-03;PSZ_C_MAZ-03;0;0;0;0;0;0;0;0;0;
06.03.2026;PSZ_C_OPO-01;PSZ_C_OPO-01;0;0;0;0;0;0;0;0;0;
06.03.2026;PSZ_C_OPO-02;PSZ_C_OPO-02;0;0;0;0;0;0;0;0;0;
06.03.2026;PSZ_C_PDK-01;PSZ_C_PDK-01;0;0;0;0;0;0;0;0;0;
06.03.2026;PSZ_C_PDL-01;PSZ_C_PDL-01;0;0;0;0;0;0;0;0;0;
06.03.2026;PSZ_C_POM-01;PSZ_C_POM-01;0;0;0;0;0;0;0;0;0;
06.03.2026;PSZ_C_POM-02;PSZ_C_POM-02;0;0;0;0;0;0;0;0;0;
06.03.2026;PSZ_C_WLK-01;PSZ_C_WLK-01;0;0;0;0;0;0;0;0;0;
06.03.2026;PSZ_C_WLK-02;PSZ_C_WLK-02;0;0;0;0;0;0;0;0;0;
06.03.2026;PSZ_C_WLK-03;PSZ_C_WLK-03;0;0;0;0;0;0;0;0;0;
06.03.2026;PSZ_C_WLK-04;PSZ_C_WLK-04;0;0;0;0;0;0;0;0;0;
06.03.2026;PSZ_C_WMA-01;PSZ_C_WMA-01;0;0;0;0;0;0;0;0;0;
06.03.2026;PSZ_C_WMA-02;PSZ_C_WMA-02;0;0;0;0;0;0;0;0;0;
06.03.2026;PSZ_C_WMA-03;PSZ_C_WMA-03;0;0;0;0;0;0;0;0;0;
06.03.2026;PSZ_C_WMA-04;PSZ_C_WMA-04;0;0;0;0;0;0;0;0;0;
06.03.2026;PSZ_C_WMA-05;PSZ_C_WMA-05;0;0;0;0;0;0;0;0;0;
06.03.2026;PSZ_C_WMA-06;PSZ_C_WMA-06;0;0;0;0;0;0;0;0;0;
06.03.2026;PSZ_C_ZPO-01;PSZ_C_ZPO-01;0;0;0;0;0;0;0;0;0;
06.03.2026;PSZ_C_ZPO-02;PSZ_C_ZPO-02;0;0;0;0;0;0;0;0;0;
06.03.2026;RDN-1;RDN_07-03-26_H01;579;564;564;593,09;0;173;3107,9;1799371,722;2748,7;
06.03.2026;RDN-1;RDN_07-03-26_H02;533,58;518;518;533,58;0;161;2506,3;1336978,486;2131,7;
06.03.2026;RDN-1;RDN_07-03-26_H03;526,09;511,09;511,09;526,09;0;156;2422,9;1274477,561;1994,3;
06.03.2026;RDN-1;RDN_07-03-26_H04;528,08;513,08;513,08;528,08;0;154;2405,9;1270331,872;2027,8;
06.03.2026;RDN-1;RDN_07-03-26_H05;544;529;529;544;0;167;2747,6;1494369,4;2299,4;
06.03.2026;RDN-1;RDN_07-03-26_H06;600,59;580,59;580,59;600,59;0;161;3006,7;1805610,103;2574;
06.03.2026;RDN-1;RDN_07-03-26_H07;704;684;681,14;704;0;173;3260,9;2295114,58;2909,4;
06.03.2026;RDN-1;RDN_07-03-26_H08;598;583;583;598;0;158;2925,5;1749374;2579,7;
06.03.2026;RDN-1;RDN_07-03-26_H09;447,99;447,99;447,99;447,99;0;143;2267,2;1015682,928;1801,8;
06.03.2026;RDN-1;RDN_07-03-26_H10;229,99;229,99;229,99;229,99;0;158;3589,9;825641,101;3023,5;
06.03.2026;RDN-1;RDN_07-03-26_H11;9;9;9;9;0;186;4267,4;38406,6;3620,9;
06.03.2026;RDN-1;RDN_07-03-26_H12;-0,1;0;-0,1;0;0;143;3084,3;-302,13;2517,4;
06.03.2026;RDN-1;RDN_07-03-26_H13;-1;0;-1;0;0;137;2836,4;-2773,4;2299,2;
06.03.2026;RDN-1;RDN_07-03-26_H14;0;0;0;0;0;155;3292,4;0;2796,3;
06.03.2026;RDN-1;RDN_07-03-26_H15;51,01;51,01;51,01;51,01;0;155;3467,1;176856,771;2872,4;
06.03.2026;RDN-1;RDN_07-03-26_H16;379,99;379,99;379,99;379,99;0;172;3333,6;1266734,664;2899,1;
06.03.2026;RDN-1;RDN_07-03-26_H17;547,86;547,86;547,86;547,86;0;185;3371,4;1847055,204;3064,7;
06.03.2026;RDN-1;RDN_07-03-26_H18;675;670;669;675;0;152;4112,6;2775881,5;3680;
06.03.2026;RDN-1;RDN_07-03-26_H19;819;819;804;819;0;177;4937,9;4044055,1;4514,5;
06.03.2026;RDN-1;RDN_07-03-26_H20;741,04;741,04;741;749;0;168;4694,1;3478714,464;4192,4;
06.03.2026;RDN-1;RDN_07-03-26_H21;637;630;629;637;0;176;4479,1;2853016,4;4089,4;
06.03.2026;RDN-1;RDN_07-03-26_H22;585;570;570;585;0;162;3677,2;2151087;3322,1;
06.03.2026;RDN-1;RDN_07-03-26_H23;570;550;550;570;0;167;3236,4;1844468;2917,9;
06.03.2026;RDN-1;RDN_07-03-26_H24;550;535;535;550;0;155;2664,4;1465169,9;2339,2;
06.03.2026;RZP_A_LBL-01;RZP_A_LBL-01;0;0;0;0;0;0;0;0;0;
06.03.2026;SGT_BASE;SGT_BASE_07-03-26;0;0;0;0;0;0;0;0;0;
06.03.2026;SGT_RDB;SGT_RDB_06-03-26;0;0;0;0;0;0;0;0;0;
06.03.2026;ZTO_B_KUJ-02;ZTO_B_KUJ-02;0;0;0;0;0;0;0;0;0;
06.03.2026;ZTO_B_LBL-01;ZTO_B_LBL-01;0;0;0;0;0;0;0;0;0;
06.03.2026;ZTO_B_LBU-01;ZTO_B_LBU-01;0;0;0;0;0;0;0;0;0;
06.03.2026;ZTO_B_MAZ-01;ZTO_B_MAZ-01;0;0;0;0;0;0;0;0;0;
06.03.2026;ZTO_B_PDL-01;ZTO_B_PDL-01;0;0;0;0;0;0;0;0;0;
06.03.2026;ZTO_B_WLK-01;ZTO_B_WLK-01;0;0;0;0;0;0;0;0;0;
06.03.2026;ZTO_B_WLK-02;ZTO_B_WLK-02;0;0;0;0;0;0;0;0;0;
06.03.2026;ZTO_B_WMA-01;ZTO_B_WMA-01;0;0;0;0;0;0;0;0;0;
06.03.2026;ZTO_B_WMA-02;ZTO_B_WMA-02;0;0;0;0;0;0;0;0;0;
06.03.2026;ZTO_B_WMA-03;ZTO_B_WMA-03;0;0;0;0;0;0;0;0;0;
06.03.2026;ZTO_C_KUJ-02;ZTO_C_KUJ-02;0;0;0;0;0;0;0;0;0;
06.03.2026;ZTO_C_LBL-01;ZTO_C_LBL-01;0;0;0;0;0;0;0;0;0;
06.03.2026;ZTO_C_LBU-01;ZTO_C_LBU-01;0;0;0;0;0;0;0;0;0;
06.03.2026;ZTO_C_MAZ-01;ZTO_C_MAZ-01;0;0;0;0;0;0;0;0;0;
06.03.2026;ZTO_C_PDL-01;ZTO_C_PDL-01;0;0;0;0;0;0;0;0;0;
06.03.2026;ZTO_C_WLK-01;ZTO_C_WLK-01;0;0;0;0;0;0;0;0;0;
06.03.2026;ZTO_C_WLK-02;ZTO_C_WLK-02;0;0;0;0;0;0;0;0;0;
06.03.2026;ZTO_C_WMA-01;ZTO_C_WMA-01;0;0;0;0;0;0;0;0;0;
06.03.2026;ZTO_C_WMA-02;ZTO_C_WMA-02;0;0;0;0;0;0;0;0;0;
06.03.2026;ZTO_C_WMA-03;ZTO_C_WMA-03;0;0;0;0;0;0;0;0;0;
07.03.2026;BASE;BASE_08-03-26;398;375;375;399;0;17;78;720600;93;
07.03.2026;BASE;BASE_09-03-26;0;0;0;0;0;0;0;0;0;
07.03.2026;GAS_BASE;GAS_BASE_08-03-26;233;221;221;235;0;48;1243;6842217,6;1095;
07.03.2026;GAS_RDB;GAS_RDB_07-03-26;245;230;230;249;0;75;14339;3392184,25;10552;
07.03.2026;GLW_BASE;GLW_BASE_08-03-26;0;0;0;0;0;0;0;0;0;
07.03.2026;GLW_RDB;GLW_RDB_07-03-26;0;0;0;0;0;0;0;0;0;
07.03.2026;OFFPEAK;OFFPEAK_08-03-26;0;0;0;0;0;0;0;0;0;
07.03.2026;OFFPEAK;OFFPEAK_09-03-26;0;0;0;0;0;0;0;0;0;
07.03.2026;PEAK;PEAK_08-03-26;0;0;0;0;0;0;0;0;0;
07.03.2026;PEAK;PEAK_09-03-26;0;0;0;0;0;0;0;0;0;
07.03.2026;RDN-1;RDN_08-03-26_H01;550;550;550;550;0;147;2899,8;1594890;2481,6;
07.03.2026;RDN-1;RDN_08-03-26_H02;524,96;524,96;524,96;524,96;0;130;2275,5;1194546,48;1919;
07.03.2026;RDN-1;RDN_08-03-26_H03;508,13;508,13;508,13;508,13;0;129;2107;1070629,91;1709,1;
07.03.2026;RDN-1;RDN_08-03-26_H04;509,98;509,98;509,98;509,98;0;136;2197,3;1120579,054;1731,4;
07.03.2026;RDN-1;RDN_08-03-26_H05;538;538;538;538;0;147;2307,3;1241327,4;1859,9;
07.03.2026;RDN-1;RDN_08-03-26_H06;530;530;530;530;0;144;2300,1;1219053;1910,9;
07.03.2026;RDN-1;RDN_08-03-26_H07;506,38;506,38;506,38;506,38;0;136;2014;1019849,32;1616,4;
07.03.2026;RDN-1;RDN_08-03-26_H08;472,08;472,08;472,08;472,08;0;151;2102,8;992689,824;1869,2;
07.03.2026;RDN-1;RDN_08-03-26_H09;369;369;369;369;0;168;2492;919548;2177,4;
07.03.2026;RDN-1;RDN_08-03-26_H10;111;111;111;111;0;189;3614,9;401253,9;3164,6;
07.03.2026;RDN-1;RDN_08-03-26_H11;0,01;0,01;0,01;0,01;0;172;3547,3;35,473;3190,3;
07.03.2026;RDN-1;RDN_08-03-26_H12;0;0;0;0;0;161;3257,3;0;2913,7;
07.03.2026;RDN-1;RDN_08-03-26_H13;-0,1;0;-0,1;0;0;144;2825,6;-276,26;2499,9;
07.03.2026;RDN-1;RDN_08-03-26_H14;0;0;0;0;0;164;2835,5;0;2487;
07.03.2026;RDN-1;RDN_08-03-26_H15;52,64;52,64;52,64;52,64;0;170;3179,3;167358,352;2728,3;
07.03.2026;RDN-1;RDN_08-03-26_H16;319,99;330;319,99;330;0;176;2621,8;838974,807;2101,3;
07.03.2026;RDN-1;RDN_08-03-26_H17;480;480;480;480;0;160;2507,1;1203408;2115,3;
07.03.2026;RDN-1;RDN_08-03-26_H18;570,78;570,78;570,78;570,78;0;169;3163,9;1805890,842;2767,8;
07.03.2026;RDN-1;RDN_08-03-26_H19;659;659;659;659;0;154;3244,8;2138323,2;2946,6;
07.03.2026;RDN-1;RDN_08-03-26_H20;600;600;600;600;0;153;3773,7;2264220;3294,4;
07.03.2026;RDN-1;RDN_08-03-26_H21;555,5;555,5;555,5;555,5;0;150;3568,9;1982523,95;3176,8;
07.03.2026;RDN-1;RDN_08-03-26_H22;509,87;509,87;509,87;509,87;0;143;2944,9;1501516,163;2589,2;
07.03.2026;RDN-1;RDN_08-03-26_H23;484;484;484;484;0;142;2879,3;1393581,2;2386,3;
07.03.2026;RDN-1;RDN_08-03-26_H24;446;446;446;446;0;146;2699,3;1203887,8;2151,3;
07.03.2026;SGT_BASE;SGT_BASE_08-03-26;0;0;0;0;0;0;0;0;0;
07.03.2026;SGT_RDB;SGT_RDB_07-03-26;0;0;0;0;0;0;0;0;0;
08.03.2026;BASE;BASE_09-03-26;470,5;441;441;499,5;0;31;210;2407008;148;
08.03.2026;BASE;BASE_10-03-26;0;0;0;0;0;0;0;0;0;
08.03.2026;GAS_BASE;GAS_BASE_09-03-26;241,05;252;241,05;252;0;57;1448;8568966,72;1305;
08.03.2026;GAS_RDB;GAS_RDB_08-03-26;237;267,5;237;267,7;0;65;13182;3372221,6;11840;
08.03.2026;GLW_BASE;GLW_BASE_09-03-26;0;0;0;0;0;0;0;0;0;
08.03.2026;GLW_RDB;GLW_RDB_08-03-26;0;0;0;0;0;0;0;0;0;
08.03.2026;OFFPEAK;OFFPEAK_09-03-26;0;0;0;0;0;0;0;0;0;
08.03.2026;OFFPEAK;OFFPEAK_10-03-26;0;0;0;0;0;0;0;0;0;
08.03.2026;PEAK;PEAK_09-03-26;0;0;0;0;0;0;0;0;0;
08.03.2026;PEAK;PEAK_10-03-26;0;0;0;0;0;0;0;0;0;
08.03.2026;RDN-1;RDN_09-03-26_H01;387,75;402,8;387,75;402,8;0;178;2783,6;1079371;2197,5;
08.03.2026;RDN-1;RDN_09-03-26_H02;378,5;378,5;378,5;378,5;0;166;2529,8;957529,3;1987,1;
08.03.2026;RDN-1;RDN_09-03-26_H03;387,75;387,75;387,75;387,75;0;177;2604,9;1010049,975;2059,7;
08.03.2026;RDN-1;RDN_09-03-26_H04;405,64;405,64;405,64;405,64;0;171;2573,1;1043752,284;1982,5;
08.03.2026;RDN-1;RDN_09-03-26_H05;456;456;456;456;0;156;2203,6;1004841,6;1696,9;
08.03.2026;RDN-1;RDN_09-03-26_H06;519,99;519,99;519,99;519,99;0;144;2284,6;1187969,154;1772,2;
08.03.2026;RDN-1;RDN_09-03-26_H07;689;674;674;689;0;163;2976,8;2050815,2;2625,3;
08.03.2026;RDN-1;RDN_09-03-26_H08;772,8;772,8;762,8;772,8;0;157;2884,3;2228737,04;2258,1;
08.03.2026;RDN-1;RDN_09-03-26_H09;451,45;451,45;451,45;451,45;0;159;3018,8;1362837,26;2523,9;
08.03.2026;RDN-1;RDN_09-03-26_H10;216,2;196,2;196,2;216,2;0;176;4010,8;866434,96;3466;
08.03.2026;RDN-1;RDN_09-03-26_H11;0,01;0,01;0,01;0,01;0;163;4155,7;41,557;3803,5;
08.03.2026;RDN-1;RDN_09-03-26_H12;0;0,01;0;0,01;0;154;3659,9;0,042;3278,3;
08.03.2026;RDN-1;RDN_09-03-26_H13;0;0,01;0;0,01;0;156;3684,6;0,042;3207,3;
08.03.2026;RDN-1;RDN_09-03-26_H14;0,01;1;0;3;0;162;3952;47,95;3622,5;
08.03.2026;RDN-1;RDN_09-03-26_H15;100;100;100;100;0;184;4023,7;402370;3548,4;
08.03.2026;RDN-1;RDN_09-03-26_H16;380,8;380,8;380,8;380,8;0;158;2743,8;1044839,04;2245,5;
08.03.2026;RDN-1;RDN_09-03-26_H17;576,73;576,73;576,73;576,73;0;139;2408,5;1389054,205;1935,7;
08.03.2026;RDN-1;RDN_09-03-26_H18;793,35;843,35;778,35;843,35;0;165;3289,2;2609566,82;2722;
08.03.2026;RDN-1;RDN_09-03-26_H19;898,9;883,9;883,9;898,9;0;181;4212,3;3786236,47;3737,6;
08.03.2026;RDN-1;RDN_09-03-26_H20;878,7;878;863,7;878,7;0;175;4121,7;3621523,79;3593;
08.03.2026;RDN-1;RDN_09-03-26_H21;693,28;693;693;693,28;0;167;3784,2;2623504,576;3182,4;
08.03.2026;RDN-1;RDN_09-03-26_H22;596,97;581,97;581,97;596,97;0;156;3159,7;1886121,109;2676,4;
08.03.2026;RDN-1;RDN_09-03-26_H23;501,4;501,4;501,4;501,4;0;182;3806,8;1908729,52;3206,7;
08.03.2026;RDN-1;RDN_09-03-26_H24;461,28;460;460;461,28;0;187;3390,5;1563944,24;2819;
08.03.2026;SGT_BASE;SGT_BASE_09-03-26;0;0;0;0;0;0;0;0;0;
08.03.2026;SGT_RDB;SGT_RDB_08-03-26;0;0;0;0;0;0;0;0;0;
09.03.2026;BASE;BASE_10-03-26;490;505;490;528;0;38;211;2638992;125;
09.03.2026;BASE;BASE_11-03-26;0;0;0;0;0;0;0;0;0;
09.03.2026;BASE_M;BASE_M-04-26;430;425;418;430;422,05;82;91;27770529,6;470;
09.03.2026;BASE_M;BASE_M-05-26;420;423;419;425;419,05;20;21;6591840;133;
09.03.2026;BASE_M;BASE_M-06-26;435;440;435;440;431,06;12;13;4100400;118;
09.03.2026;BASE_M;BASE_M-07-26;0;0;0;0;451,52;0;0;0;4;
09.03.2026;BASE_M;BASE_M-08-26;0;0;0;0;444,83;0;0;0;0;
09.03.2026;BASE_M;BASE_M-09-26;0;0;0;0;460,4;0;0;0;0;
09.03.2026;BASE_Q;BASE_Q-1-27;475;475;475;475;466,6;1;1;1025525;21;
09.03.2026;BASE_Q;BASE_Q-2-26;430;434;426;434;424;36;46;43128452,64;720;
09.03.2026;BASE_Q;BASE_Q-2-27;0;0;0;0;384,5;0;0;0;16;
09.03.2026;BASE_Q;BASE_Q-3-26;457;461;457;461;452,16;22;28;28428044;502;
09.03.2026;BASE_Q;BASE_Q-3-27;0;0;0;0;419,5;0;0;0;4;
09.03.2026;BASE_Q;BASE_Q-4-26;484;484;480;487;471,76;30;42;44898168;875;
09.03.2026;BASE_W;BASE_W-12-26;432;434;425;434;410;6;8;576408;19;
09.03.2026;BASE_W;BASE_W-13-26;0;0;0;0;430;0;0;0;7;
09.03.2026;BASE_W;BASE_W-14-26;0;0;0;0;424,36;0;0;0;5;
09.03.2026;BASE_W;BASE_W-15-26;0;0;0;0;404,49;0;0;0;0;
09.03.2026;BASE_W;BASE_W-16-26;0;0;0;0;0;0;0;0;0;
09.03.2026;BASE_Y;BASE_Y-27;440;438,99;438,99;440;431;5;5;19263152;1020;
09.03.2026;BASE_Y;BASE_Y-28;410;410;410;410;406;4;4;14405760;239;
09.03.2026;BASE_Y;BASE_Y-29;0;0;0;0;392;0;0;0;20;
09.03.2026;BASE_Y;BASE_Y-30;0;0;0;0;405,54;0;0;0;0;
09.03.2026;GAS_BASE;GAS_BASE_10-03-26;275,9;248,5;245;275,9;0;93;2648;16185162;2369;
09.03.2026;GAS_BASE_M;GAS_BASE_M-01-27;0;0;0;0;217,92;0;0;0;369;
09.03.2026;GAS_BASE_M;GAS_BASE_M-02-27;0;0;0;0;213,61;0;0;0;272;
09.03.2026;GAS_BASE_M;GAS_BASE_M-03-27;0;0;0;0;207,52;0;0;0;0;
09.03.2026;GAS_BASE_M;GAS_BASE_M-04-26;268;270;260;270;226,85;33;113;21797568;3590;
09.03.2026;GAS_BASE_M;GAS_BASE_M-05-26;260;259;251,5;260;216;8;12;2302680;419;
09.03.2026;GAS_BASE_M;GAS_BASE_M-06-26;0;0;0;0;217,28;0;0;0;82;
09.03.2026;GAS_BASE_M;GAS_BASE_M-07-26;0;0;0;0;212,27;0;0;0;21;
09.03.2026;GAS_BASE_M;GAS_BASE_M-08-26;0;0;0;0;209,64;0;0;0;10;
09.03.2026;GAS_BASE_M;GAS_BASE_M-09-26;253;253;253;253;212,63;2;2;364320;354;
09.03.2026;GAS_BASE_M;GAS_BASE_M-10-26;0;0;0;0;209,95;0;0;0;34;
09.03.2026;GAS_BASE_M;GAS_BASE_M-11-26;0;0;0;0;224;0;0;0;1685;
09.03.2026;GAS_BASE_M;GAS_BASE_M-12-26;0;0;0;0;221;0;0;0;1769;
09.03.2026;GAS_BASE_Q;GAS_BASE_Q-1-27;0;0;0;0;213;0;0;0;1479;
09.03.2026;GAS_BASE_Q;GAS_BASE_Q-2-26;263;260;258;263;220;10;31;17642810,64;7549;
09.03.2026;GAS_BASE_Q;GAS_BASE_Q-2-27;0;0;0;0;152,26;0;0;0;60;
09.03.2026;GAS_BASE_Q;GAS_BASE_Q-3-26;248;248;247;248;211,5;12;40;21885696;6300;
09.03.2026;GAS_BASE_Q;GAS_BASE_Q-3-27;0;0;0;0;160;0;0;0;28;
09.03.2026;GAS_BASE_Q;GAS_BASE_Q-4-26;0;0;0;0;218,25;0;0;0;8409;
09.03.2026;GAS_BASE_S;GAS_BASE_S-S-26;0;0;0;0;215,73;0;0;0;72;
09.03.2026;GAS_BASE_S;GAS_BASE_S-S-27;0;0;0;0;156,15;0;0;0;9;
09.03.2026;GAS_BASE_S;GAS_BASE_S-W-26;0;0;0;0;215,66;0;0;0;741;
09.03.2026;GAS_BASE_S;GAS_BASE_S-W-27;0;0;0;0;181,24;0;0;0;30;
09.03.2026;GAS_BASE_W;GAS_BASE_W-12-26;0;0;0;0;232;0;0;0;15;
09.03.2026;GAS_BASE_W;GAS_BASE_W-13-26;260;262;260;262;230;3;15;654306;19;
09.03.2026;GAS_BASE_W;GAS_BASE_W-14-26;0;0;0;0;226,92;0;0;0;0;
09.03.2026;GAS_BASE_W;GAS_BASE_W-15-26;0;0;0;0;0;0;0;0;0;
09.03.2026;GAS_BASE_Y;GAS_BASE_Y-27;0;0;0;0;164,38;0;0;0;4232;
09.03.2026;GAS_BASE_Y;GAS_BASE_Y-28;145;145;145;145;134,75;2;2;2547360;598;
09.03.2026;GAS_BASE_Y;GAS_BASE_Y-29;0;0;0;0;118,38;0;0;0;62;
09.03.2026;GAS_BASE_Y;GAS_BASE_Y-30;0;0;0;0;122,52;0;0;0;5;
09.03.2026;GAS_RDB;GAS_RDB_09-03-26;261;248;245;265;0;93;16804;4304335,83;12820;
09.03.2026;GLW_BASE;GLW_BASE_10-03-26;0;0;0;0;0;0;0;0;0;
09.03.2026;GLW_RDB;GLW_RDB_09-03-26;0;0;0;0;0;0;0;0;0;
09.03.2026;KUK_A_WMA-03;KUK_A_WMA-03;0;0;0;0;0;0;0;0;0;
09.03.2026;OFFPEAK;OFFPEAK_10-03-26;0;0;0;0;0;0;0;0;0;
09.03.2026;OFFPEAK;OFFPEAK_11-03-26;0;0;0;0;0;0;0;0;0;
09.03.2026;OFFPEAK_M;OFFPEAK_M-04-26;0;0;0;0;411,21;0;0;0;0;
09.03.2026;OFFPEAK_M;OFFPEAK_M-05-26;0;0;0;0;418,76;0;0;0;0;
09.03.2026;OFFPEAK_M;OFFPEAK_M-06-26;0;0;0;0;420,49;0;0;0;0;
09.03.2026;OFFPEAK_M;OFFPEAK_M-07-26;0;0;0;0;450,51;0;0;0;0;
09.03.2026;OFFPEAK_M;OFFPEAK_M-08-26;0;0;0;0;426,65;0;0;0;0;
09.03.2026;OFFPEAK_M;OFFPEAK_M-09-26;0;0;0;0;454,39;0;0;0;0;
09.03.2026;OFFPEAK_Q;OFFPEAK_Q-1-27;0;0;0;0;430,36;0;0;0;0;
09.03.2026;OFFPEAK_Q;OFFPEAK_Q-2-26;0;0;0;0;416,88;0;0;0;0;
09.03.2026;OFFPEAK_Q;OFFPEAK_Q-2-27;0;0;0;0;361,82;0;0;0;0;
09.03.2026;OFFPEAK_Q;OFFPEAK_Q-3-26;0;0;0;0;443,35;0;0;0;0;
09.03.2026;OFFPEAK_Q;OFFPEAK_Q-3-27;0;0;0;0;399,58;0;0;0;0;
09.03.2026;OFFPEAK_Q;OFFPEAK_Q-4-26;0;0;0;0;396,25;0;0;0;0;
09.03.2026;OFFPEAK_W;OFFPEAK_W-12-26;0;0;0;0;340,62;0;0;0;0;
09.03.2026;OFFPEAK_W;OFFPEAK_W-13-26;0;0;0;0;418,82;0;0;0;0;
09.03.2026;OFFPEAK_W;OFFPEAK_W-14-26;0;0;0;0;408,76;0;0;0;0;
09.03.2026;OFFPEAK_W;OFFPEAK_W-15-26;0;0;0;0;384,05;0;0;0;0;
09.03.2026;OFFPEAK_W;OFFPEAK_W-16-26;0;0;0;0;0;0;0;0;0;
09.03.2026;OFFPEAK_Y;OFFPEAK_Y-27;0;0;0;0;392,78;0;0;0;0;
09.03.2026;OFFPEAK_Y;OFFPEAK_Y-28;0;0;0;0;363,99;0;0;0;0;
09.03.2026;OFFPEAK_Y;OFFPEAK_Y-29;0;0;0;0;362,66;0;0;0;0;
09.03.2026;OFFPEAK_Y;OFFPEAK_Y-30;0;0;0;0;342,18;0;0;0;0;
09.03.2026;PEAK;PEAK_10-03-26;0;0;0;0;0;0;0;0;0;
09.03.2026;PEAK;PEAK_11-03-26;0;0;0;0;0;0;0;0;0;
09.03.2026;PEAK5_M;PEAK5_M-04-26;0;0;0;0;436;0;0;0;11;
09.03.2026;PEAK5_M;PEAK5_M-05-26;0;0;0;0;419,49;0;0;0;5;
09.03.2026;PEAK5_M;PEAK5_M-06-26;0;0;0;0;444,64;0;0;0;7;
09.03.2026;PEAK5_M;PEAK5_M-07-26;0;0;0;0;452,67;0;0;0;0;
09.03.2026;PEAK5_M;PEAK5_M-08-26;0;0;0;0;469,6;0;0;0;0;
09.03.2026;PEAK5_M;PEAK5_M-09-26;0;0;0;0;467,49;0;0;0;0;
09.03.2026;PEAK5_Q;PEAK5_Q-1-27;0;0;0;0;515,87;0;0;0;0;
09.03.2026;PEAK5_Q;PEAK5_Q-2-26;0;0;0;0;433,6;0;0;0;94;
09.03.2026;PEAK5_Q;PEAK5_Q-2-27;0;0;0;0;414,24;0;0;0;0;
09.03.2026;PEAK5_Q;PEAK5_Q-3-26;470;472;470;472;463;10;15;6990390;78;
09.03.2026;PEAK5_Q;PEAK5_Q-3-27;0;0;0;0;444,01;0;0;0;0;
09.03.2026;PEAK5_Q;PEAK5_Q-4-26;0;0;0;0;570;0;0;0;126;
09.03.2026;PEAK5_W;PEAK5_W-12-26;0;0;0;0;496,03;0;0;0;0;
09.03.2026;PEAK5_W;PEAK5_W-13-26;0;0;0;0;443,71;0;0;0;0;
09.03.2026;PEAK5_W;PEAK5_W-14-26;0;0;0;0;443,71;0;0;0;0;
09.03.2026;PEAK5_W;PEAK5_W-15-26;0;0;0;0;441,27;0;0;0;0;
09.03.2026;PEAK5_W;PEAK5_W-16-26;0;0;0;0;0;0;0;0;0;
09.03.2026;PEAK5_Y;PEAK5_Y-27;492;492;492;492;481;2;2;3734280;182;
09.03.2026;PEAK5_Y;PEAK5_Y-28;0;0;0;0;462;0;0;0;1;
09.03.2026;PEAK5_Y;PEAK5_Y-29;0;0;0;0;430,93;0;0;0;0;
09.03.2026;PEAK5_Y;PEAK5_Y-30;0;0;0;0;490,19;0;0;0;0;
09.03.2026;PMBG;PMBG;0;0;0;0;0;0;0;0;0;
09.03.2026;PMEF-2025;PMEF-2025;0;0;0;0;0;0;0;0;0;
09.03.2026;PMEF-2026;PMEF-2026;0;0;0;0;0;0;0;0;0;
09.03.2026;PMEF_F;PMEF_F;0;0;0;0;0;0;0;0;94139416;
09.03.2026;PMOZE;PMOZE;0;0;0;0;0;0;0;0;0;
09.03.2026;PMOZE_A;PMOZE_A;0;0;0;0;0;0;0;0;9802276243;
09.03.2026;PMOZE-BIO;PMOZE-BIO;0;0;0;0;0;1;1052482;0;566582797;
09.03.2026;PSZ_B_DLS-01;PSZ_B_DLS-01;0;0;0;0;0;0;0;0;0;
09.03.2026;PSZ_B_KUJ-01;PSZ_B_KUJ-01;0;0;0;0;0;0;0;0;0;
09.03.2026;PSZ_B_KUJ-02;PSZ_B_KUJ-02;0;0;0;0;0;0;0;0;0;
09.03.2026;PSZ_B_LBL-01;PSZ_B_LBL-01;0;0;0;0;0;0;0;0;0;
09.03.2026;PSZ_B_LBL-02;PSZ_B_LBL-02;0;0;0;0;0;0;0;0;0;
09.03.2026;PSZ_B_LBL-03;PSZ_B_LBL-03;0;0;0;0;0;0;0;0;0;
09.03.2026;PSZ_B_LBL-04;PSZ_B_LBL-04;0;0;0;0;0;0;0;0;0;
09.03.2026;PSZ_B_LBL-05;PSZ_B_LBL-05;0;0;0;0;0;0;0;0;0;
09.03.2026;PSZ_B_LBL-06;PSZ_B_LBL-06;0;0;0;0;0;0;0;0;0;
09.03.2026;PSZ_B_LBL-07;PSZ_B_LBL-07;0;0;0;0;0;0;0;0;0;
09.03.2026;PSZ_B_LBU-01;PSZ_B_LBU-01;0;0;0;0;0;0;0;0;0;
09.03.2026;PSZ_B_LBU-02;PSZ_B_LBU-02;0;0;0;0;0;0;0;0;0;
09.03.2026;PSZ_B_MAZ-01;PSZ_B_MAZ-01;0;0;0;0;0;0;0;0;0;
09.03.2026;PSZ_B_MAZ-02;PSZ_B_MAZ-02;0;0;0;0;0;0;0;0;0;
09.03.2026;PSZ_B_MAZ-03;PSZ_B_MAZ-03;0;0;0;0;0;0;0;0;0;
09.03.2026;PSZ_B_OPO-01;PSZ_B_OPO-01;0;0;0;0;0;0;0;0;0;
09.03.2026;PSZ_B_OPO-02;PSZ_B_OPO-02;0;0;0;0;0;0;0;0;0;
09.03.2026;PSZ_B_PDK-01;PSZ_B_PDK-01;0;0;0;0;0;0;0;0;0;
09.03.2026;PSZ_B_PDL-01;PSZ_B_PDL-01;0;0;0;0;0;0;0;0;0;
09.03.2026;PSZ_B_POM-01;PSZ_B_POM-01;0;0;0;0;0;0;0;0;0;
09.03.2026;PSZ_B_POM-02;PSZ_B_POM-02;0;0;0;0;0;0;0;0;0;
09.03.2026;PSZ_B_WLK-01;PSZ_B_WLK-01;0;0;0;0;0;0;0;0;0;
09.03.2026;PSZ_B_WLK-02;PSZ_B_WLK-02;0;0;0;0;0;0;0;0;0;
09.03.2026;PSZ_B_WLK-03;PSZ_B_WLK-03;0;0;0;0;0;0;0;0;0;
09.03.2026;PSZ_B_WLK-04;PSZ_B_WLK-04;0;0;0;0;0;0;0;0;0;
09.03.2026;PSZ_B_WMA-01;PSZ_B_WMA-01;0;0;0;0;0;0;0;0;0;
09.03.2026;PSZ_B_WMA-02;PSZ_B_WMA-02;0;0;0;0;0;0;0;0;0;
09.03.2026;PSZ_B_WMA-03;PSZ_B_WMA-03;0;0;0;0;0;0;0;0;0;
09.03.2026;PSZ_B_WMA-04;PSZ_B_WMA-04;0;0;0;0;0;0;0;0;0;
09.03.2026;PSZ_B_WMA-05;PSZ_B_WMA-05;0;0;0;0;0;0;0;0;0;
09.03.2026;PSZ_B_WMA-06;PSZ_B_WMA-06;0;0;0;0;0;0;0;0;0;
09.03.2026;PSZ_B_ZPO-01;PSZ_B_ZPO-01;0;0;0;0;0;0;0;0;0;
09.03.2026;PSZ_B_ZPO-02;PSZ_B_ZPO-02;0;0;0;0;0;0;0;0;0;
09.03.2026;PSZ_C_DLS-01;PSZ_C_DLS-01;0;0;0;0;0;0;0;0;0;
09.03.2026;PSZ_C_KUJ-01;PSZ_C_KUJ-01;0;0;0;0;0;0;0;0;0;
09.03.2026;PSZ_C_KUJ-02;PSZ_C_KUJ-02;0;0;0;0;0;0;0;0;0;
09.03.2026;PSZ_C_LBL-01;PSZ_C_LBL-01;0;0;0;0;0;0;0;0;0;
09.03.2026;PSZ_C_LBL-02;PSZ_C_LBL-02;0;0;0;0;0;0;0;0;0;
09.03.2026;PSZ_C_LBL-03;PSZ_C_LBL-03;0;0;0;0;0;0;0;0;0;
09.03.2026;PSZ_C_LBL-04;PSZ_C_LBL-04;0;0;0;0;0;0;0;0;0;
09.03.2026;PSZ_C_LBL-05;PSZ_C_LBL-05;0;0;0;0;0;0;0;0;0;
09.03.2026;PSZ_C_LBL-06;PSZ_C_LBL-06;0;0;0;0;0;0;0;0;0;
09.03.2026;PSZ_C_LBL-07;PSZ_C_LBL-07;0;0;0;0;0;0;0;0;0;
09.03.2026;PSZ_C_LBU-01;PSZ_C_LBU-01;0;0;0;0;0;0;0;0;0;
09.03.2026;PSZ_C_LBU-02;PSZ_C_LBU-02;0;0;0;0;0;0;0;0;0;
09.03.2026;PSZ_C_MAZ-01;PSZ_C_MAZ-01;0;0;0;0;0;0;0;0;0;
09.03.2026;PSZ_C_MAZ-02;PSZ_C_MAZ-02;0;0;0;0;0;0;0;0;0;
09.03.2026;PSZ_C_MAZ-03;PSZ_C_MAZ-03;0;0;0;0;0;0;0;0;0;
09.03.2026;PSZ_C_OPO-01;PSZ_C_OPO-01;0;0;0;0;0;0;0;0;0;
09.03.2026;PSZ_C_OPO-02;PSZ_C_OPO-02;0;0;0;0;0;0;0;0;0;
09.03.2026;PSZ_C_PDK-01;PSZ_C_PDK-01;0;0;0;0;0;0;0;0;0;
09.03.2026;PSZ_C_PDL-01;PSZ_C_PDL-01;0;0;0;0;0;0;0;0;0;
09.03.2026;PSZ_C_POM-01;PSZ_C_POM-01;0;0;0;0;0;0;0;0;0;
09.03.2026;PSZ_C_POM-02;PSZ_C_POM-02;0;0;0;0;0;0;0;0;0;
09.03.2026;PSZ_C_WLK-01;PSZ_C_WLK-01;0;0;0;0;0;0;0;0;0;
09.03.2026;PSZ_C_WLK-02;PSZ_C_WLK-02;0;0;0;0;0;0;0;0;0;
09.03.2026;PSZ_C_WLK-03;PSZ_C_WLK-03;0;0;0;0;0;0;0;0;0;
09.03.2026;PSZ_C_WLK-04;PSZ_C_WLK-04;0;0;0;0;0;0;0;0;0;
09.03.2026;PSZ_C_WMA-01;PSZ_C_WMA-01;0;0;0;0;0;0;0;0;0;
09.03.2026;PSZ_C_WMA-02;PSZ_C_WMA-02;0;0;0;0;0;0;0;0;0;
09.03.2026;PSZ_C_WMA-03;PSZ_C_WMA-03;0;0;0;0;0;0;0;0;0;
09.03.2026;PSZ_C_WMA-04;PSZ_C_WMA-04;0;0;0;0;0;0;0;0;0;
09.03.2026;PSZ_C_WMA-05;PSZ_C_WMA-05;0;0;0;0;0;0;0;0;0;
09.03.2026;PSZ_C_WMA-06;PSZ_C_WMA-06;0;0;0;0;0;0;0;0;0;
09.03.2026;PSZ_C_ZPO-01;PSZ_C_ZPO-01;0;0;0;0;0;0;0;0;0;
09.03.2026;PSZ_C_ZPO-02;PSZ_C_ZPO-02;0;0;0;0;0;0;0;0;0;
09.03.2026;RDN-1;RDN_10-03-26_H01;504,9;504,9;504,9;504,9;0;165;2771,7;1399431,33;2295,4;
09.03.2026;RDN-1;RDN_10-03-26_H02;486,5;486,5;486,5;486,5;0;169;3091,9;1504209,35;2614,3;
09.03.2026;RDN-1;RDN_10-03-26_H03;485,76;485,76;485,76;485,76;0;167;2974,9;1445087,424;2504,4;
09.03.2026;RDN-1;RDN_10-03-26_H04;505,27;505,27;505,27;505,27;0;161;2912,8;1471750,456;2394;
09.03.2026;RDN-1;RDN_10-03-26_H05;519,88;510;510;551,55;0;153;2895,5;1505277,08;2310,9;
09.03.2026;RDN-1;RDN_10-03-26_H06;581,98;581;581;588,8;0;139;2632,9;1532289,182;2145,2;
09.03.2026;RDN-1;RDN_10-03-26_H07;773,63;770;770;788,8;0;150;2909,6;2250972,268;2338;
09.03.2026;RDN-1;RDN_10-03-26_H08;817,04;832,04;817,04;879,65;0;140;2894,3;2365065,265;2297,7;
09.03.2026;RDN-1;RDN_10-03-26_H09;504,25;520;504,25;520;0;154;2933,7;1479762,725;2486,3;
09.03.2026;RDN-1;RDN_10-03-26_H10;302,5;317,5;302,5;410,89;0;159;3619;1095989,62;2922,9;
09.03.2026;RDN-1;RDN_10-03-26_H11;107;122;107;161,13;0;166;4446,8;476886,29;3638,9;
09.03.2026;RDN-1;RDN_10-03-26_H12;22;37;22;202,11;0;185;4470,3;101373,69;3716,8;
09.03.2026;RDN-1;RDN_10-03-26_H13;4,28;19,28;4,28;49,94;0;174;4284,7;19424,036;3585,3;
09.03.2026;RDN-1;RDN_10-03-26_H14;33,8;33,8;33,8;33,8;0;172;4343,7;146817,06;3511,3;
09.03.2026;RDN-1;RDN_10-03-26_H15;320;320;320;320;0;151;3125;1000000;2183,1;
09.03.2026;RDN-1;RDN_10-03-26_H16;451;466;449,52;466;0;140;2209,4;996959,072;1628,6;
09.03.2026;RDN-1;RDN_10-03-26_H17;597,4;597,4;597,4;597,4;0;152;2490,5;1487824,7;1956,9;
09.03.2026;RDN-1;RDN_10-03-26_H18;800;800;800;800;0;163;3154;2523200;2760,1;
09.03.2026;RDN-1;RDN_10-03-26_H19;967,3;957,3;957,3;967,3;0;152;3978,6;3848449,78;3488,4;
09.03.2026;RDN-1;RDN_10-03-26_H20;815;815;815;815;0;152;4231,8;3448917;3629,9;
09.03.2026;RDN-1;RDN_10-03-26_H21;688,48;688,48;688,48;688,48;0;140;3879;2670613,92;3381,1;
09.03.2026;RDN-1;RDN_10-03-26_H22;534,9;534,9;534,9;534,9;0;169;3527;1886592,3;2921,3;
09.03.2026;RDN-1;RDN_10-03-26_H23;506;506;506;506;0;163;3573,1;1807988,6;2973,5;
09.03.2026;RDN-1;RDN_10-03-26_H24;466,1;466,1;466,1;466,1;0;154;3108,3;1448778,63;2533,8;
09.03.2026;RZP_A_LBL-01;RZP_A_LBL-01;0;0;0;0;0;0;0;0;0;
09.03.2026;SGT_BASE;SGT_BASE_10-03-26;0;0;0;0;0;0;0;0;0;
09.03.2026;SGT_RDB;SGT_RDB_09-03-26;0;0;0;0;0;0;0;0;0;
09.03.2026;ZTO_B_KUJ-02;ZTO_B_KUJ-02;0;0;0;0;0;0;0;0;0;
09.03.2026;ZTO_B_LBL-01;ZTO_B_LBL-01;0;0;0;0;0;0;0;0;0;
09.03.2026;ZTO_B_LBU-01;ZTO_B_LBU-01;0;0;0;0;0;0;0;0;0;
09.03.2026;ZTO_B_MAZ-01;ZTO_B_MAZ-01;0;0;0;0;0;0;0;0;0;
09.03.2026;ZTO_B_PDL-01;ZTO_B_PDL-01;0;0;0;0;0;0;0;0;0;
09.03.2026;ZTO_B_WLK-01;ZTO_B_WLK-01;0;0;0;0;0;0;0;0;0;
09.03.2026;ZTO_B_WLK-02;ZTO_B_WLK-02;0;0;0;0;0;0;0;0;0;
09.03.2026;ZTO_B_WMA-01;ZTO_B_WMA-01;0;0;0;0;0;0;0;0;0;
09.03.2026;ZTO_B_WMA-02;ZTO_B_WMA-02;0;0;0;0;0;0;0;0;0;
09.03.2026;ZTO_B_WMA-03;ZTO_B_WMA-03;0;0;0;0;0;0;0;0;0;
09.03.2026;ZTO_C_KUJ-02;ZTO_C_KUJ-02;0;0;0;0;0;0;0;0;0;
09.03.2026;ZTO_C_LBL-01;ZTO_C_LBL-01;0;0;0;0;0;0;0;0;0;
09.03.2026;ZTO_C_LBU-01;ZTO_C_LBU-01;0;0;0;0;0;0;0;0;0;
09.03.2026;ZTO_C_MAZ-01;ZTO_C_MAZ-01;0;0;0;0;0;0;0;0;0;
09.03.2026;ZTO_C_PDL-01;ZTO_C_PDL-01;0;0;0;0;0;0;0;0;0;
09.03.2026;ZTO_C_WLK-01;ZTO_C_WLK-01;0;0;0;0;0;0;0;0;0;
09.03.2026;ZTO_C_WLK-02;ZTO_C_WLK-02;0;0;0;0;0;0;0;0;0;
09.03.2026;ZTO_C_WMA-01;ZTO_C_WMA-01;0;0;0;0;0;0;0;0;0;
09.03.2026;ZTO_C_WMA-02;ZTO_C_WMA-02;0;0;0;0;0;0;0;0;0;
09.03.2026;ZTO_C_WMA-03;ZTO_C_WMA-03;0;0;0;0;0;0;0;0;0;
10.03.2026;BASE;BASE_11-03-26;410;374;360;410;0;8;44;404640;39;
10.03.2026;BASE;BASE_12-03-26;0;0;0;0;0;0;0;0;0;
10.03.2026;BASE_M;BASE_M-04-26;416;416;416;416;427,94;15;18;5391360;485;
10.03.2026;BASE_M;BASE_M-05-26;409;408;408;409;423,68;3;3;911400;136;
10.03.2026;BASE_M;BASE_M-06-26;430;430;430;430;447,08;1;2;619200;120;
10.03.2026;BASE_M;BASE_M-07-26;0;0;0;0;447,5;0;0;0;4;
10.03.2026;BASE_M;BASE_M-08-26;0;0;0;0;459,95;0;0;0;0;
10.03.2026;BASE_M;BASE_M-09-26;0;0;0;0;476,04;0;0;0;0;
10.03.2026;BASE_Q;BASE_Q-1-27;0;0;0;0;475;0;0;0;21;
10.03.2026;BASE_Q;BASE_Q-2-26;419;419;412;420;432,8;28;39;35541324;724;
10.03.2026;BASE_Q;BASE_Q-2-27;0;0;0;0;394,5;0;0;0;16;
10.03.2026;BASE_Q;BASE_Q-3-26;446;447;440;449;461;32;41;40242787;523;
10.03.2026;BASE_Q;BASE_Q-3-27;425;425;425;425;422,5;1;1;938400;5;
10.03.2026;BASE_Q;BASE_Q-4-26;470;470;465;470,81;484,2;27;32;33074076;890;
10.03.2026;BASE_W;BASE_W-12-26;423;429;422;429;432;8;8;571032;25;
10.03.2026;BASE_W;BASE_W-13-26;449;449;449;449;448;1;2;149966;9;
10.03.2026;BASE_W;BASE_W-14-26;0;0;0;0;427,38;0;0;0;5;
10.03.2026;BASE_W;BASE_W-15-26;0;0;0;0;407,36;0;0;0;0;
10.03.2026;BASE_W;BASE_W-16-26;0;0;0;0;427,38;0;0;0;0;
10.03.2026;BASE_Y;BASE_Y-27;433;435;433;436;438,99;9;9;34225320;1021;
10.03.2026;BASE_Y;BASE_Y-28;409;409;409;409;410;2;2;7185312;241;
10.03.2026;BASE_Y;BASE_Y-29;0;0;0;0;399;0;0;0;20;
10.03.2026;BASE_Y;BASE_Y-30;0;0;0;0;411,81;0;0;0;0;
10.03.2026;F-OZE;F-OZE_05-26;0;0;0;0;27,01;0;0;0;0;
10.03.2026;F-OZE;F-OZE_05-27;0;0;0;0;27,01;0;0;0;0;
10.03.2026;F-OZE;F-OZE_11-26;0;0;0;0;27,01;0;0;0;0;
10.03.2026;F-OZE;F-OZE_11-27;0;0;0;0;27,01;0;0;0;0;
10.03.2026;GAS_BASE;GAS_BASE_11-03-26;208;210;205;214,9;0;112;3639;18134586,72;3246;
10.03.2026;GAS_BASE_M;GAS_BASE_M-01-27;0;0;0;0;253,57;0;0;0;369;
10.03.2026;GAS_BASE_M;GAS_BASE_M-02-27;0;0;0;0;250,19;0;0;0;272;
10.03.2026;GAS_BASE_M;GAS_BASE_M-03-27;0;0;0;0;244,79;0;0;0;0;
10.03.2026;GAS_BASE_M;GAS_BASE_M-04-26;213;216;213;216;266,2;14;29;4491367,2;3605;
10.03.2026;GAS_BASE_M;GAS_BASE_M-05-26;210;205;205;210;259;3;5;766320;419;
10.03.2026;GAS_BASE_M;GAS_BASE_M-06-26;0;0;0;0;254,83;0;0;0;82;
10.03.2026;GAS_BASE_M;GAS_BASE_M-07-26;0;0;0;0;246,18;0;0;0;21;
10.03.2026;GAS_BASE_M;GAS_BASE_M-08-26;0;0;0;0;252,92;0;0;0;10;
10.03.2026;GAS_BASE_M;GAS_BASE_M-09-26;0;0;0;0;254;0;0;0;354;
10.03.2026;GAS_BASE_M;GAS_BASE_M-10-26;0;0;0;0;261,48;0;0;0;34;
10.03.2026;GAS_BASE_M;GAS_BASE_M-11-26;218;218;218;218;271;7;8;1255680;1693;
10.03.2026;GAS_BASE_M;GAS_BASE_M-12-26;221;221;221;221;255,3;3;5;822120;1774;
10.03.2026;GAS_BASE_Q;GAS_BASE_Q-1-27;0;0;0;0;249,5;0;0;0;1479;
10.03.2026;GAS_BASE_Q;GAS_BASE_Q-2-26;214;210;210;214;260;7;20;9310392;7553;
10.03.2026;GAS_BASE_Q;GAS_BASE_Q-2-27;0;0;0;0;175,65;0;0;0;60;
10.03.2026;GAS_BASE_Q;GAS_BASE_Q-3-26;212;202,51;202;212;251;14;41;18393678;6295;
10.03.2026;GAS_BASE_Q;GAS_BASE_Q-3-27;0;0;0;0;219,86;0;0;0;28;
10.03.2026;GAS_BASE_Q;GAS_BASE_Q-4-26;218,5;218;218;222;262,5;7;9;4366089;8416;
10.03.2026;GAS_BASE_S;GAS_BASE_S-S-26;0;0;0;0;255,48;0;0;0;72;
10.03.2026;GAS_BASE_S;GAS_BASE_S-S-27;0;0;0;0;197,88;0;0;0;9;
10.03.2026;GAS_BASE_S;GAS_BASE_S-W-26;0;0;0;0;256,07;0;0;0;741;
10.03.2026;GAS_BASE_S;GAS_BASE_S-W-27;0;0;0;0;225,01;0;0;0;30;
10.03.2026;GAS_BASE_W;GAS_BASE_W-12-26;209;209;209;209;254,45;7;43;1509816;49;
10.03.2026;GAS_BASE_W;GAS_BASE_W-13-26;0;0;0;0;261;0;0;0;19;
10.03.2026;GAS_BASE_W;GAS_BASE_W-14-26;0;0;0;0;266,23;0;0;0;0;
10.03.2026;GAS_BASE_W;GAS_BASE_W-15-26;0;0;0;0;265,83;0;0;0;0;
10.03.2026;GAS_BASE_Y;GAS_BASE_Y-27;173,9;173,9;173,9;173,9;202,75;2;1;1523364;4232;
10.03.2026;GAS_BASE_Y;GAS_BASE_Y-28;0;0;0;0;145;0;0;0;598;
10.03.2026;GAS_BASE_Y;GAS_BASE_Y-29;122,5;122,5;122,5;122,5;124,75;1;1;1073100;63;
10.03.2026;GAS_BASE_Y;GAS_BASE_Y-30;0;0;0;0;138;0;0;0;5;
10.03.2026;GAS_RDB;GAS_RDB_10-03-26;206;223;205;223;0;91;15039;3214554,23;10742;
10.03.2026;GLW_BASE;GLW_BASE_11-03-26;0;0;0;0;0;0;0;0;0;
10.03.2026;GLW_RDB;GLW_RDB_10-03-26;0;0;0;0;0;0;0;0;0;
10.03.2026;KUK_A_WMA-03;KUK_A_WMA-03;0;0;0;0;0;0;0;0;0;
10.03.2026;OFFPEAK;OFFPEAK_11-03-26;0;0;0;0;0;0;0;0;0;
10.03.2026;OFFPEAK;OFFPEAK_12-03-26;0;0;0;0;0;0;0;0;0;
10.03.2026;OFFPEAK_M;OFFPEAK_M-04-26;0;0;0;0;420,12;0;0;0;0;
10.03.2026;OFFPEAK_M;OFFPEAK_M-05-26;0;0;0;0;419,47;0;0;0;0;
10.03.2026;OFFPEAK_M;OFFPEAK_M-06-26;0;0;0;0;452,75;0;0;0;0;
10.03.2026;OFFPEAK_M;OFFPEAK_M-07-26;0;0;0;0;436,33;0;0;0;0;
10.03.2026;OFFPEAK_M;OFFPEAK_M-08-26;0;0;0;0;446,32;0;0;0;0;
10.03.2026;OFFPEAK_M;OFFPEAK_M-09-26;0;0;0;0;476,5;0;0;0;0;
10.03.2026;OFFPEAK_Q;OFFPEAK_Q-1-27;0;0;0;0;434,55;0;0;0;0;
10.03.2026;OFFPEAK_Q;OFFPEAK_Q-2-26;0;0;0;0;430,43;0;0;0;0;
10.03.2026;OFFPEAK_Q;OFFPEAK_Q-2-27;0;0;0;0;372,22;0;0;0;0;
10.03.2026;OFFPEAK_Q;OFFPEAK_Q-3-26;0;0;0;0;452,71;0;0;0;0;
10.03.2026;OFFPEAK_Q;OFFPEAK_Q-3-27;0;0;0;0;396,76;0;0;0;0;
10.03.2026;OFFPEAK_Q;OFFPEAK_Q-4-26;0;0;0;0;410,18;0;0;0;0;
10.03.2026;OFFPEAK_W;OFFPEAK_W-12-26;0;0;0;0;375,31;0;0;0;0;
10.03.2026;OFFPEAK_W;OFFPEAK_W-13-26;0;0;0;0;452,72;0;0;0;0;
10.03.2026;OFFPEAK_W;OFFPEAK_W-14-26;0;0;0;0;415,42;0;0;0;0;
10.03.2026;OFFPEAK_W;OFFPEAK_W-15-26;0;0;0;0;389,35;0;0;0;0;
10.03.2026;OFFPEAK_W;OFFPEAK_W-16-26;0;0;0;0;415,42;0;0;0;0;
10.03.2026;OFFPEAK_Y;OFFPEAK_Y-27;0;0;0;0;398,47;0;0;0;0;
10.03.2026;OFFPEAK_Y;OFFPEAK_Y-28;0;0;0;0;366,51;0;0;0;0;
10.03.2026;OFFPEAK_Y;OFFPEAK_Y-29;0;0;0;0;369,14;0;0;0;0;
10.03.2026;OFFPEAK_Y;OFFPEAK_Y-30;0;0;0;0;344,75;0;0;0;0;
10.03.2026;PEAK;PEAK_11-03-26;0;0;0;0;0;0;0;0;0;
10.03.2026;PEAK;PEAK_12-03-26;0;0;0;0;0;0;0;0;0;
10.03.2026;PEAK5_M;PEAK5_M-04-26;435;435;435;435;437,99;1;2;274050;13;
10.03.2026;PEAK5_M;PEAK5_M-05-26;0;0;0;0;429,92;0;0;0;5;
10.03.2026;PEAK5_M;PEAK5_M-06-26;0;0;0;0;439,8;0;0;0;7;
10.03.2026;PEAK5_M;PEAK5_M-07-26;0;0;0;0;460,42;0;0;0;0;
10.03.2026;PEAK5_M;PEAK5_M-08-26;0;0;0;0;478,5;0;0;0;0;
10.03.2026;PEAK5_M;PEAK5_M-09-26;0;0;0;0;475,5;0;0;0;0;
10.03.2026;PEAK5_Q;PEAK5_Q-1-27;0;0;0;0;530;0;0;0;0;
10.03.2026;PEAK5_Q;PEAK5_Q-2-26;426,5;426,5;426,5;426,5;436;1;2;793290;94;
10.03.2026;PEAK5_Q;PEAK5_Q-2-27;0;0;0;0;423,71;0;0;0;0;
10.03.2026;PEAK5_Q;PEAK5_Q-3-26;0;0;0;0;471,2;0;0;0;83;
10.03.2026;PEAK5_Q;PEAK5_Q-3-27;0;0;0;0;454,17;0;0;0;0;
10.03.2026;PEAK5_Q;PEAK5_Q-4-26;0;0;0;0;580,5;0;0;0;126;
10.03.2026;PEAK5_W;PEAK5_W-12-26;0;0;0;0;502,29;0;0;0;0;
10.03.2026;PEAK5_W;PEAK5_W-13-26;0;0;0;0;442,21;0;0;0;0;
10.03.2026;PEAK5_W;PEAK5_W-14-26;0;0;0;0;442,21;0;0;0;0;
10.03.2026;PEAK5_W;PEAK5_W-15-26;0;0;0;0;439,78;0;0;0;0;
10.03.2026;PEAK5_W;PEAK5_W-16-26;0;0;0;0;442,21;0;0;0;0;
10.03.2026;PEAK5_Y;PEAK5_Y-27;0;0;0;0;492;0;0;0;182;
10.03.2026;PEAK5_Y;PEAK5_Y-28;0;0;0;0;467,97;0;0;0;1;
10.03.2026;PEAK5_Y;PEAK5_Y-29;0;0;0;0;438,62;0;0;0;0;
10.03.2026;PEAK5_Y;PEAK5_Y-30;0;0;0;0;501,4;0;0;0;0;
10.03.2026;PMBG;PMBG;0;0;0;0;0;0;0;0;0;
10.03.2026;PMEF-2025;PMEF-2025;0;0;0;0;0;0;0;0;0;
10.03.2026;PMEF-2026;PMEF-2026;0;0;0;0;0;0;0;0;0;
10.03.2026;PMEF_F;PMEF_F;2328;2328,5;2328;2335;0;33;1259599;2934142161;94139416;
10.03.2026;PMOZE;PMOZE;0;0;0;0;0;0;0;0;0;
10.03.2026;PMOZE_A;PMOZE_A;27;27,03;27;27,3;0;79;38578508;1042170533;9802276243;
10.03.2026;PMOZE-BIO;PMOZE-BIO;310;305;300,41;310;0;14;1454890;437499903;567635279;
10.03.2026;PSZ_B_DLS-01;PSZ_B_DLS-01;0;0;0;0;0;0;0;0;0;
10.03.2026;PSZ_B_KUJ-01;PSZ_B_KUJ-01;0;0;0;0;0;0;0;0;0;
10.03.2026;PSZ_B_KUJ-02;PSZ_B_KUJ-02;0;0;0;0;0;0;0;0;0;
10.03.2026;PSZ_B_LBL-01;PSZ_B_LBL-01;0;0;0;0;0;0;0;0;0;
10.03.2026;PSZ_B_LBL-02;PSZ_B_LBL-02;0;0;0;0;0;0;0;0;0;
10.03.2026;PSZ_B_LBL-03;PSZ_B_LBL-03;0;0;0;0;0;0;0;0;0;
10.03.2026;PSZ_B_LBL-04;PSZ_B_LBL-04;0;0;0;0;0;0;0;0;0;
10.03.2026;PSZ_B_LBL-05;PSZ_B_LBL-05;0;0;0;0;0;0;0;0;0;
10.03.2026;PSZ_B_LBL-06;PSZ_B_LBL-06;0;0;0;0;0;0;0;0;0;
10.03.2026;PSZ_B_LBL-07;PSZ_B_LBL-07;0;0;0;0;0;0;0;0;0;
10.03.2026;PSZ_B_LBU-01;PSZ_B_LBU-01;0;0;0;0;0;0;0;0;0;
10.03.2026;PSZ_B_LBU-02;PSZ_B_LBU-02;0;0;0;0;0;0;0;0;0;
10.03.2026;PSZ_B_MAZ-01;PSZ_B_MAZ-01;0;0;0;0;0;0;0;0;0;
10.03.2026;PSZ_B_MAZ-02;PSZ_B_MAZ-02;0;0;0;0;0;0;0;0;0;
10.03.2026;PSZ_B_MAZ-03;PSZ_B_MAZ-03;0;0;0;0;0;0;0;0;0;
10.03.2026;PSZ_B_OPO-01;PSZ_B_OPO-01;0;0;0;0;0;0;0;0;0;
10.03.2026;PSZ_B_OPO-02;PSZ_B_OPO-02;0;0;0;0;0;0;0;0;0;
10.03.2026;PSZ_B_PDK-01;PSZ_B_PDK-01;0;0;0;0;0;0;0;0;0;
10.03.2026;PSZ_B_PDL-01;PSZ_B_PDL-01;0;0;0;0;0;0;0;0;0;
10.03.2026;PSZ_B_POM-01;PSZ_B_POM-01;0;0;0;0;0;0;0;0;0;
10.03.2026;PSZ_B_POM-02;PSZ_B_POM-02;0;0;0;0;0;0;0;0;0;
10.03.2026;PSZ_B_WLK-01;PSZ_B_WLK-01;0;0;0;0;0;0;0;0;0;
10.03.2026;PSZ_B_WLK-02;PSZ_B_WLK-02;0;0;0;0;0;0;0;0;0;
10.03.2026;PSZ_B_WLK-03;PSZ_B_WLK-03;0;0;0;0;0;0;0;0;0;
10.03.2026;PSZ_B_WLK-04;PSZ_B_WLK-04;0;0;0;0;0;0;0;0;0;
10.03.2026;PSZ_B_WMA-01;PSZ_B_WMA-01;0;0;0;0;0;0;0;0;0;
10.03.2026;PSZ_B_WMA-02;PSZ_B_WMA-02;0;0;0;0;0;0;0;0;0;
10.03.2026;PSZ_B_WMA-03;PSZ_B_WMA-03;0;0;0;0;0;0;0;0;0;
10.03.2026;PSZ_B_WMA-04;PSZ_B_WMA-04;0;0;0;0;0;0;0;0;0;
10.03.2026;PSZ_B_WMA-05;PSZ_B_WMA-05;0;0;0;0;0;0;0;0;0;
10.03.2026;PSZ_B_WMA-06;PSZ_B_WMA-06;0;0;0;0;0;0;0;0;0;
10.03.2026;PSZ_B_ZPO-01;PSZ_B_ZPO-01;0;0;0;0;0;0;0;0;0;
10.03.2026;PSZ_B_ZPO-02;PSZ_B_ZPO-02;0;0;0;0;0;0;0;0;0;
10.03.2026;PSZ_C_DLS-01;PSZ_C_DLS-01;0;0;0;0;0;0;0;0;0;
10.03.2026;PSZ_C_KUJ-01;PSZ_C_KUJ-01;0;0;0;0;0;0;0;0;0;
10.03.2026;PSZ_C_KUJ-02;PSZ_C_KUJ-02;0;0;0;0;0;0;0;0;0;
10.03.2026;PSZ_C_LBL-01;PSZ_C_LBL-01;0;0;0;0;0;0;0;0;0;
10.03.2026;PSZ_C_LBL-02;PSZ_C_LBL-02;0;0;0;0;0;0;0;0;0;
10.03.2026;PSZ_C_LBL-03;PSZ_C_LBL-03;0;0;0;0;0;0;0;0;0;
10.03.2026;PSZ_C_LBL-04;PSZ_C_LBL-04;0;0;0;0;0;0;0;0;0;
10.03.2026;PSZ_C_LBL-05;PSZ_C_LBL-05;0;0;0;0;0;0;0;0;0;
10.03.2026;PSZ_C_LBL-06;PSZ_C_LBL-06;0;0;0;0;0;0;0;0;0;
10.03.2026;PSZ_C_LBL-07;PSZ_C_LBL-07;0;0;0;0;0;0;0;0;0;
10.03.2026;PSZ_C_LBU-01;PSZ_C_LBU-01;0;0;0;0;0;0;0;0;0;
10.03.2026;PSZ_C_LBU-02;PSZ_C_LBU-02;0;0;0;0;0;0;0;0;0;
10.03.2026;PSZ_C_MAZ-01;PSZ_C_MAZ-01;0;0;0;0;0;0;0;0;0;
10.03.2026;PSZ_C_MAZ-02;PSZ_C_MAZ-02;0;0;0;0;0;0;0;0;0;
10.03.2026;PSZ_C_MAZ-03;PSZ_C_MAZ-03;0;0;0;0;0;0;0;0;0;
10.03.2026;PSZ_C_OPO-01;PSZ_C_OPO-01;0;0;0;0;0;0;0;0;0;
10.03.2026;PSZ_C_OPO-02;PSZ_C_OPO-02;0;0;0;0;0;0;0;0;0;
10.03.2026;PSZ_C_PDK-01;PSZ_C_PDK-01;0;0;0;0;0;0;0;0;0;
10.03.2026;PSZ_C_PDL-01;PSZ_C_PDL-01;0;0;0;0;0;0;0;0;0;
10.03.2026;PSZ_C_POM-01;PSZ_C_POM-01;0;0;0;0;0;0;0;0;0;
10.03.2026;PSZ_C_POM-02;PSZ_C_POM-02;0;0;0;0;0;0;0;0;0;
10.03.2026;PSZ_C_WLK-01;PSZ_C_WLK-01;0;0;0;0;0;0;0;0;0;
10.03.2026;PSZ_C_WLK-02;PSZ_C_WLK-02;0;0;0;0;0;0;0;0;0;
10.03.2026;PSZ_C_WLK-03;PSZ_C_WLK-03;0;0;0;0;0;0;0;0;0;
10.03.2026;PSZ_C_WLK-04;PSZ_C_WLK-04;0;0;0;0;0;0;0;0;0;
10.03.2026;PSZ_C_WMA-01;PSZ_C_WMA-01;0;0;0;0;0;0;0;0;0;
10.03.2026;PSZ_C_WMA-02;PSZ_C_WMA-02;0;0;0;0;0;0;0;0;0;
10.03.2026;PSZ_C_WMA-03;PSZ_C_WMA-03;0;0;0;0;0;0;0;0;0;
10.03.2026;PSZ_C_WMA-04;PSZ_C_WMA-04;0;0;0;0;0;0;0;0;0;
10.03.2026;PSZ_C_WMA-05;PSZ_C_WMA-05;0;0;0;0;0;0;0;0;0;
10.03.2026;PSZ_C_WMA-06;PSZ_C_WMA-06;0;0;0;0;0;0;0;0;0;
10.03.2026;PSZ_C_ZPO-01;PSZ_C_ZPO-01;0;0;0;0;0;0;0;0;0;
10.03.2026;PSZ_C_ZPO-02;PSZ_C_ZPO-02;0;0;0;0;0;0;0;0;0;
10.03.2026;RDN-1;RDN_11-03-26_H01;428,14;418,14;418,14;428,14;0;158;2478,9;1060996,246;2088,7;
10.03.2026;RDN-1;RDN_11-03-26_H02;397;387;387;397;0;128;1956,7;776609,9;1584,1;
10.03.2026;RDN-1;RDN_11-03-26_H03;397;377;377;397;0;123;1912,2;758743,4;1578,1;
10.03.2026;RDN-1;RDN_11-03-26_H04;397;377;377;397;0;129;1949,1;773392,7;1599,4;
10.03.2026;RDN-1;RDN_11-03-26_H05;421,38;421,38;421,38;421,38;0;142;1990;838546,2;1660,1;
10.03.2026;RDN-1;RDN_11-03-26_H06;452,34;452,34;452,34;452,34;0;146;2354,2;1064898,828;2059,4;
10.03.2026;RDN-1;RDN_11-03-26_H07;544;544;544;544;0;158;3342,2;1818156,8;2968,2;
10.03.2026;RDN-1;RDN_11-03-26_H08;470;470;470;470;0;141;2811,1;1321217;2372,7;
10.03.2026;RDN-1;RDN_11-03-26_H09;365;365;365;365;0;160;3054,3;1114819,5;2587,6;
10.03.2026;RDN-1;RDN_11-03-26_H10;152,3;155;152,3;155;0;155;3425;521678,8;3032,7;
10.03.2026;RDN-1;RDN_11-03-26_H11;0,01;0,01;0,01;0,01;0;159;3944,7;39,447;3696,2;
10.03.2026;RDN-1;RDN_11-03-26_H12;-0,01;0;-1;0;0;135;3247,8;-34,125;2876;
10.03.2026;RDN-1;RDN_11-03-26_H13;-0,1;0;-1;0;0;128;3037,8;-299,91;2677,2;
10.03.2026;RDN-1;RDN_11-03-26_H14;0,01;0;0;0,01;0;158;3598,3;35,883;3096,5;
10.03.2026;RDN-1;RDN_11-03-26_H15;91,73;91,73;91,73;91,73;0;156;3560,2;326577,146;2836,1;
10.03.2026;RDN-1;RDN_11-03-26_H16;395;395;395;395;0;150;2860,3;1129818,5;2328;
10.03.2026;RDN-1;RDN_11-03-26_H17;489,24;489,24;489,24;489,24;0;143;2722,9;1332151,596;2256,3;
10.03.2026;RDN-1;RDN_11-03-26_H18;584,55;584,55;584,55;584,55;0;148;3290,8;1923637,14;2766;
10.03.2026;RDN-1;RDN_11-03-26_H19;670;670;670;670;0;151;3742,5;2507475;3283,7;
10.03.2026;RDN-1;RDN_11-03-26_H20;648;648;648;648;0;155;4268,3;2765858,4;3746,7;
10.03.2026;RDN-1;RDN_11-03-26_H21;521,1;521,1;521,1;521,1;0;167;4265;2222491,5;3578;
10.03.2026;RDN-1;RDN_11-03-26_H22;456,45;468;456,45;468;0;162;3796,3;1732890,435;3290;
10.03.2026;RDN-1;RDN_11-03-26_H23;450,86;450,86;450,86;450,86;0;144;3706,6;1671157,676;3207,2;
10.03.2026;RDN-1;RDN_11-03-26_H24;395,81;410;395,81;410;0;148;3440,1;1361841,681;2832,9;
10.03.2026;RZP_A_LBL-01;RZP_A_LBL-01;0;0;0;0;0;0;0;0;0;
10.03.2026;SGT_BASE;SGT_BASE_11-03-26;0;0;0;0;0;0;0;0;0;
10.03.2026;SGT_RDB;SGT_RDB_10-03-26;0;0;0;0;0;0;0;0;0;
10.03.2026;ZTO_B_KUJ-02;ZTO_B_KUJ-02;0;0;0;0;0;0;0;0;0;
10.03.2026;ZTO_B_LBL-01;ZTO_B_LBL-01;0;0;0;0;0;0;0;0;0;
10.03.2026;ZTO_B_LBU-01;ZTO_B_LBU-01;0;0;0;0;0;0;0;0;0;
10.03.2026;ZTO_B_MAZ-01;ZTO_B_MAZ-01;0;0;0;0;0;0;0;0;0;
10.03.2026;ZTO_B_PDL-01;ZTO_B_PDL-01;0;0;0;0;0;0;0;0;0;
10.03.2026;ZTO_B_WLK-01;ZTO_B_WLK-01;0;0;0;0;0;0;0;0;0;
10.03.2026;ZTO_B_WLK-02;ZTO_B_WLK-02;0;0;0;0;0;0;0;0;0;
10.03.2026;ZTO_B_WMA-01;ZTO_B_WMA-01;0;0;0;0;0;0;0;0;0;
10.03.2026;ZTO_B_WMA-02;ZTO_B_WMA-02;0;0;0;0;0;0;0;0;0;
10.03.2026;ZTO_B_WMA-03;ZTO_B_WMA-03;0;0;0;0;0;0;0;0;0;
10.03.2026;ZTO_C_KUJ-02;ZTO_C_KUJ-02;0;0;0;0;0;0;0;0;0;
10.03.2026;ZTO_C_LBL-01;ZTO_C_LBL-01;0;0;0;0;0;0;0;0;0;
10.03.2026;ZTO_C_LBU-01;ZTO_C_LBU-01;0;0;0;0;0;0;0;0;0;
10.03.2026;ZTO_C_MAZ-01;ZTO_C_MAZ-01;0;0;0;0;0;0;0;0;0;
10.03.2026;ZTO_C_PDL-01;ZTO_C_PDL-01;0;0;0;0;0;0;0;0;0;
10.03.2026;ZTO_C_WLK-01;ZTO_C_WLK-01;0;0;0;0;0;0;0;0;0;
10.03.2026;ZTO_C_WLK-02;ZTO_C_WLK-02;0;0;0;0;0;0;0;0;0;
10.03.2026;ZTO_C_WMA-01;ZTO_C_WMA-01;0;0;0;0;0;0;0;0;0;
10.03.2026;ZTO_C_WMA-02;ZTO_C_WMA-02;0;0;0;0;0;0;0;0;0;
10.03.2026;ZTO_C_WMA-03;ZTO_C_WMA-03;0;0;0;0;0;0;0;0;0;
11.03.2026;BASE;BASE_12-03-26;430;490;425;500;0;36;240;2577312;155;
11.03.2026;BASE;BASE_13-03-26;0;0;0;0;0;0;0;0;0;
11.03.2026;BASE_M;BASE_M-04-26;418;416;415;418;415,62;23;40;11983320;503;
11.03.2026;BASE_M;BASE_M-05-26;415;417;415;417;412;5;7;2164296;137;
11.03.2026;BASE_M;BASE_M-06-26;432;432;432;432;429,62;4;4;1244160;123;
11.03.2026;BASE_M;BASE_M-07-26;0;0;0;0;446,12;0;0;0;4;
11.03.2026;BASE_M;BASE_M-08-26;0;0;0;0;439,51;0;0;0;0;
11.03.2026;BASE_M;BASE_M-09-26;0;0;0;0;457,18;0;0;0;0;
11.03.2026;BASE_Q;BASE_Q-1-27;471;471;471;471;466,43;7;8;8135112;28;
11.03.2026;BASE_Q;BASE_Q-2-26;420;421;420;425;419;41;59;54317608,8;729;
11.03.2026;BASE_Q;BASE_Q-2-27;0;0;0;0;389;0;0;0;16;
11.03.2026;BASE_Q;BASE_Q-3-26;450;448;447,5;450,02;447,5;15;23;22803076;537;
11.03.2026;BASE_Q;BASE_Q-3-27;0;0;0;0;425;0;0;0;5;
11.03.2026;BASE_Q;BASE_Q-4-26;472;470;469;473;469,2;23;28;29141415;907;
11.03.2026;BASE_W;BASE_W-12-26;440;441;440;441;427,5;3;5;370104;27;
11.03.2026;BASE_W;BASE_W-13-26;440;444;440;444;449;5;6;442049;14;
11.03.2026;BASE_W;BASE_W-14-26;0;0;0;0;417,5;0;0;0;5;
11.03.2026;BASE_W;BASE_W-15-26;0;0;0;0;398,74;0;0;0;0;
11.03.2026;BASE_W;BASE_W-16-26;0;0;0;0;418,33;0;0;0;0;
11.03.2026;BASE_Y;BASE_Y-27;437;435,75;435,75;437;435;10;10;38204550;1027;
11.03.2026;BASE_Y;BASE_Y-28;410;410;410;410;409;6;6;21608640;245;
11.03.2026;BASE_Y;BASE_Y-29;401;401;401;401;400;1;1;3512760;20;
11.03.2026;BASE_Y;BASE_Y-30;0;0;0;0;410,73;0;0;0;0;
11.03.2026;GAS_BASE;GAS_BASE_12-03-26;215;226;204;226;0;114;4006;19992387,84;3328;
11.03.2026;GAS_BASE_M;GAS_BASE_M-01-27;227,5;227,5;227,5;227,5;209,62;3;10;1692600;379;
11.03.2026;GAS_BASE_M;GAS_BASE_M-02-27;223;221;221;223;206,82;3;10;1491840;282;
11.03.2026;GAS_BASE_M;GAS_BASE_M-03-27;0;0;0;0;202,36;0;0;0;0;
11.03.2026;GAS_BASE_M;GAS_BASE_M-04-26;213;215;213;216;215,6;13;22;3417112,8;3626;
11.03.2026;GAS_BASE_M;GAS_BASE_M-05-26;210;210;209;210;207,5;6;13;2027400;418;
11.03.2026;GAS_BASE_M;GAS_BASE_M-06-26;210;210;210;210;214,87;1;1;151200;82;
11.03.2026;GAS_BASE_M;GAS_BASE_M-07-26;0;0;0;0;200,45;0;0;0;21;
11.03.2026;GAS_BASE_M;GAS_BASE_M-08-26;0;0;0;0;194,98;0;0;0;10;
11.03.2026;GAS_BASE_M;GAS_BASE_M-09-26;0;0;0;0;214,24;0;0;0;354;
11.03.2026;GAS_BASE_M;GAS_BASE_M-10-26;0;0;0;0;215;0;0;0;34;
11.03.2026;GAS_BASE_M;GAS_BASE_M-11-26;221;228;221;228,5;218;7;10;1633680;1703;
11.03.2026;GAS_BASE_M;GAS_BASE_M-12-26;224;225;224;225;221;10;20;3333864;1790;
11.03.2026;GAS_BASE_Q;GAS_BASE_Q-1-27;210;218;210;218;206,25;9;10;4654804;1486;
11.03.2026;GAS_BASE_Q;GAS_BASE_Q-2-26;208;211;208;211;212,6;9;28;12804901,2;7542;
11.03.2026;GAS_BASE_Q;GAS_BASE_Q-2-27;0;0;0;0;147,4;0;0;0;60;
11.03.2026;GAS_BASE_Q;GAS_BASE_Q-3-26;208;210;208;210;203,1;5;22;10192128;6295;
11.03.2026;GAS_BASE_Q;GAS_BASE_Q-3-27;0;0;0;0;184,84;0;0;0;28;
11.03.2026;GAS_BASE_Q;GAS_BASE_Q-4-26;224;223;218;224;218;7;13;6298964;8418;
11.03.2026;GAS_BASE_S;GAS_BASE_S-S-26;0;0;0;0;207,83;0;0;0;72;
11.03.2026;GAS_BASE_S;GAS_BASE_S-S-27;0;0;0;0;166,22;0;0;0;9;
11.03.2026;GAS_BASE_S;GAS_BASE_S-W-26;0;0;0;0;212,19;0;0;0;741;
11.03.2026;GAS_BASE_S;GAS_BASE_S-W-27;0;0;0;0;186,45;0;0;0;30;
11.03.2026;GAS_BASE_W;GAS_BASE_W-12-26;210;210;210;210;209;1;2;70560;51;
11.03.2026;GAS_BASE_W;GAS_BASE_W-13-26;210;210;210;210;212,5;1;10;350700;29;
11.03.2026;GAS_BASE_W;GAS_BASE_W-14-26;0;0;0;0;215,62;0;0;0;0;
11.03.2026;GAS_BASE_W;GAS_BASE_W-15-26;0;0;0;0;215,3;0;0;0;0;
11.03.2026;GAS_BASE_Y;GAS_BASE_Y-27;178,25;178,5;178,25;178,5;174;2;3;4686600;4235;
11.03.2026;GAS_BASE_Y;GAS_BASE_Y-28;137;137;137;137;131,38;4;11;13237488;609;
11.03.2026;GAS_BASE_Y;GAS_BASE_Y-29;0;0;0;0;122,5;0;0;0;63;
11.03.2026;GAS_BASE_Y;GAS_BASE_Y-30;0;0;0;0;125,44;0;0;0;5;
11.03.2026;GAS_RDB;GAS_RDB_11-03-26;205;228,5;205;228,5;0;97;24203;5054078,75;19512;
11.03.2026;GLW_BASE;GLW_BASE_12-03-26;0;0;0;0;0;0;0;0;0;
11.03.2026;GLW_RDB;GLW_RDB_11-03-26;0;0;0;0;0;0;0;0;0;
11.03.2026;KUK_A_WMA-03;KUK_A_WMA-03;0;0;0;0;0;0;0;0;0;
11.03.2026;OFFPEAK;OFFPEAK_12-03-26;0;0;0;0;0;0;0;0;0;
11.03.2026;OFFPEAK;OFFPEAK_13-03-26;0;0;0;0;0;0;0;0;0;
11.03.2026;OFFPEAK_M;OFFPEAK_M-04-26;0;0;0;0;400,54;0;0;0;0;
11.03.2026;OFFPEAK_M;OFFPEAK_M-05-26;0;0;0;0;409,53;0;0;0;0;
11.03.2026;OFFPEAK_M;OFFPEAK_M-06-26;0;0;0;0;430,62;0;0;0;0;
11.03.2026;OFFPEAK_M;OFFPEAK_M-07-26;0;0;0;0;444,09;0;0;0;0;
11.03.2026;OFFPEAK_M;OFFPEAK_M-08-26;0;0;0;0;420,89;0;0;0;0;
11.03.2026;OFFPEAK_M;OFFPEAK_M-09-26;0;0;0;0;452,14;0;0;0;0;
11.03.2026;OFFPEAK_Q;OFFPEAK_Q-1-27;0;0;0;0;423,34;0;0;0;0;
11.03.2026;OFFPEAK_Q;OFFPEAK_Q-2-26;0;0;0;0;413,44;0;0;0;0;
11.03.2026;OFFPEAK_Q;OFFPEAK_Q-2-27;0;0;0;0;365,15;0;0;0;0;
11.03.2026;OFFPEAK_Q;OFFPEAK_Q-3-26;0;0;0;0;438,5;0;0;0;0;
11.03.2026;OFFPEAK_Q;OFFPEAK_Q-3-27;0;0;0;0;404,3;0;0;0;0;
11.03.2026;OFFPEAK_Q;OFFPEAK_Q-4-26;0;0;0;0;391,53;0;0;0;0;
11.03.2026;OFFPEAK_W;OFFPEAK_W-12-26;0;0;0;0;369,95;0;0;0;0;
11.03.2026;OFFPEAK_W;OFFPEAK_W-13-26;0;0;0;0;459,85;0;0;0;0;
11.03.2026;OFFPEAK_W;OFFPEAK_W-14-26;0;0;0;0;402,83;0;0;0;0;
11.03.2026;OFFPEAK_W;OFFPEAK_W-15-26;0;0;0;0;379,53;0;0;0;0;
11.03.2026;OFFPEAK_W;OFFPEAK_W-16-26;0;0;0;0;404,32;0;0;0;0;
11.03.2026;OFFPEAK_Y;OFFPEAK_Y-27;0;0;0;0;394,49;0;0;0;0;
11.03.2026;OFFPEAK_Y;OFFPEAK_Y-28;0;0;0;0;365,62;0;0;0;0;
11.03.2026;OFFPEAK_Y;OFFPEAK_Y-29;0;0;0;0;370,06;0;0;0;0;
11.03.2026;OFFPEAK_Y;OFFPEAK_Y-30;0;0;0;0;345,92;0;0;0;0;
11.03.2026;PEAK;PEAK_12-03-26;0;0;0;0;0;0;0;0;0;
11.03.2026;PEAK;PEAK_13-03-26;0;0;0;0;0;0;0;0;0;
11.03.2026;PEAK5_M;PEAK5_M-04-26;444;444;444;444;435;2;3;419580;13;
11.03.2026;PEAK5_M;PEAK5_M-05-26;0;0;0;0;415,66;0;0;0;5;
11.03.2026;PEAK5_M;PEAK5_M-06-26;0;0;0;0;428,32;0;0;0;7;
11.03.2026;PEAK5_M;PEAK5_M-07-26;0;0;0;0;448,46;0;0;0;0;
11.03.2026;PEAK5_M;PEAK5_M-08-26;0;0;0;0;464,87;0;0;0;0;
11.03.2026;PEAK5_M;PEAK5_M-09-26;0;0;0;0;463,14;0;0;0;0;
11.03.2026;PEAK5_Q;PEAK5_Q-1-27;0;0;0;0;525;0;0;0;0;
11.03.2026;PEAK5_Q;PEAK5_Q-2-26;0;0;0;0;426,5;0;0;0;94;
11.03.2026;PEAK5_Q;PEAK5_Q-2-27;0;0;0;0;420,27;0;0;0;0;
11.03.2026;PEAK5_Q;PEAK5_Q-3-26;460;460;460;460;458,58;2;2;910800;85;
11.03.2026;PEAK5_Q;PEAK5_Q-3-27;0;0;0;0;450,47;0;0;0;0;
11.03.2026;PEAK5_Q;PEAK5_Q-4-26;575;575;575;575;570,25;1;1;552000;127;
11.03.2026;PEAK5_W;PEAK5_W-12-26;0;0;0;0;498,86;0;0;0;0;
11.03.2026;PEAK5_W;PEAK5_W-13-26;0;0;0;0;435,7;0;0;0;0;
11.03.2026;PEAK5_W;PEAK5_W-14-26;0;0;0;0;435,7;0;0;0;0;
11.03.2026;PEAK5_W;PEAK5_W-15-26;0;0;0;0;433,3;0;0;0;0;
11.03.2026;PEAK5_W;PEAK5_W-16-26;0;0;0;0;435,7;0;0;0;0;
11.03.2026;PEAK5_Y;PEAK5_Y-27;0;0;0;0;488;0;0;0;182;
11.03.2026;PEAK5_Y;PEAK5_Y-28;0;0;0;0;466,83;0;0;0;1;
11.03.2026;PEAK5_Y;PEAK5_Y-29;0;0;0;0;439,72;0;0;0;0;
11.03.2026;PEAK5_Y;PEAK5_Y-30;0;0;0;0;497,32;0;0;0;0;
11.03.2026;PMBG;PMBG;0;0;0;0;0;0;0;0;0;
11.03.2026;PMEF-2025;PMEF-2025;0;0;0;0;0;0;0;0;0;
11.03.2026;PMEF-2026;PMEF-2026;0;0;0;0;0;0;0;0;0;
11.03.2026;PMEF_F;PMEF_F;0;0;0;0;0;0;0;0;94459416;
11.03.2026;PMOZE;PMOZE;0;0;0;0;0;0;0;0;0;
11.03.2026;PMOZE_A;PMOZE_A;0;0;0;0;0;4;1399464;0;9830476550;
11.03.2026;PMOZE-BIO;PMOZE-BIO;0;0;0;0;0;0;0;0;569000194;
11.03.2026;PSZ_B_DLS-01;PSZ_B_DLS-01;0;0;0;0;0;0;0;0;0;
11.03.2026;PSZ_B_KUJ-01;PSZ_B_KUJ-01;0;0;0;0;0;0;0;0;0;
11.03.2026;PSZ_B_KUJ-02;PSZ_B_KUJ-02;0;0;0;0;0;0;0;0;0;
11.03.2026;PSZ_B_LBL-01;PSZ_B_LBL-01;0;0;0;0;0;0;0;0;0;
11.03.2026;PSZ_B_LBL-02;PSZ_B_LBL-02;0;0;0;0;0;0;0;0;0;
11.03.2026;PSZ_B_LBL-03;PSZ_B_LBL-03;0;0;0;0;0;0;0;0;0;
11.03.2026;PSZ_B_LBL-04;PSZ_B_LBL-04;0;0;0;0;0;0;0;0;0;
11.03.2026;PSZ_B_LBL-05;PSZ_B_LBL-05;0;0;0;0;0;0;0;0;0;
11.03.2026;PSZ_B_LBL-06;PSZ_B_LBL-06;0;0;0;0;0;0;0;0;0;
11.03.2026;PSZ_B_LBL-07;PSZ_B_LBL-07;0;0;0;0;0;0;0;0;0;
11.03.2026;PSZ_B_LBU-01;PSZ_B_LBU-01;0;0;0;0;0;0;0;0;0;
11.03.2026;PSZ_B_LBU-02;PSZ_B_LBU-02;0;0;0;0;0;0;0;0;0;
11.03.2026;PSZ_B_MAZ-01;PSZ_B_MAZ-01;0;0;0;0;0;0;0;0;0;
11.03.2026;PSZ_B_MAZ-02;PSZ_B_MAZ-02;0;0;0;0;0;0;0;0;0;
11.03.2026;PSZ_B_MAZ-03;PSZ_B_MAZ-03;0;0;0;0;0;0;0;0;0;
11.03.2026;PSZ_B_OPO-01;PSZ_B_OPO-01;0;0;0;0;0;0;0;0;0;
11.03.2026;PSZ_B_OPO-02;PSZ_B_OPO-02;0;0;0;0;0;0;0;0;0;
11.03.2026;PSZ_B_PDK-01;PSZ_B_PDK-01;0;0;0;0;0;0;0;0;0;
11.03.2026;PSZ_B_PDL-01;PSZ_B_PDL-01;0;0;0;0;0;0;0;0;0;
11.03.2026;PSZ_B_POM-01;PSZ_B_POM-01;0;0;0;0;0;0;0;0;0;
11.03.2026;PSZ_B_POM-02;PSZ_B_POM-02;0;0;0;0;0;0;0;0;0;
11.03.2026;PSZ_B_WLK-01;PSZ_B_WLK-01;0;0;0;0;0;0;0;0;0;
11.03.2026;PSZ_B_WLK-02;PSZ_B_WLK-02;0;0;0;0;0;0;0;0;0;
11.03.2026;PSZ_B_WLK-03;PSZ_B_WLK-03;0;0;0;0;0;0;0;0;0;
11.03.2026;PSZ_B_WLK-04;PSZ_B_WLK-04;0;0;0;0;0;0;0;0;0;
11.03.2026;PSZ_B_WMA-01;PSZ_B_WMA-01;0;0;0;0;0;0;0;0;0;
11.03.2026;PSZ_B_WMA-02;PSZ_B_WMA-02;0;0;0;0;0;0;0;0;0;
11.03.2026;PSZ_B_WMA-03;PSZ_B_WMA-03;0;0;0;0;0;0;0;0;0;
11.03.2026;PSZ_B_WMA-04;PSZ_B_WMA-04;0;0;0;0;0;0;0;0;0;
11.03.2026;PSZ_B_WMA-05;PSZ_B_WMA-05;0;0;0;0;0;0;0;0;0;
11.03.2026;PSZ_B_WMA-06;PSZ_B_WMA-06;0;0;0;0;0;0;0;0;0;
11.03.2026;PSZ_B_ZPO-01;PSZ_B_ZPO-01;0;0;0;0;0;0;0;0;0;
11.03.2026;PSZ_B_ZPO-02;PSZ_B_ZPO-02;0;0;0;0;0;0;0;0;0;
11.03.2026;PSZ_C_DLS-01;PSZ_C_DLS-01;0;0;0;0;0;0;0;0;0;
11.03.2026;PSZ_C_KUJ-01;PSZ_C_KUJ-01;0;0;0;0;0;0;0;0;0;
11.03.2026;PSZ_C_KUJ-02;PSZ_C_KUJ-02;0;0;0;0;0;0;0;0;0;
11.03.2026;PSZ_C_LBL-01;PSZ_C_LBL-01;0;0;0;0;0;0;0;0;0;
11.03.2026;PSZ_C_LBL-02;PSZ_C_LBL-02;0;0;0;0;0;0;0;0;0;
11.03.2026;PSZ_C_LBL-03;PSZ_C_LBL-03;0;0;0;0;0;0;0;0;0;
11.03.2026;PSZ_C_LBL-04;PSZ_C_LBL-04;0;0;0;0;0;0;0;0;0;
11.03.2026;PSZ_C_LBL-05;PSZ_C_LBL-05;0;0;0;0;0;0;0;0;0;
11.03.2026;PSZ_C_LBL-06;PSZ_C_LBL-06;0;0;0;0;0;0;0;0;0;
11.03.2026;PSZ_C_LBL-07;PSZ_C_LBL-07;0;0;0;0;0;0;0;0;0;
11.03.2026;PSZ_C_LBU-01;PSZ_C_LBU-01;0;0;0;0;0;0;0;0;0;
11.03.2026;PSZ_C_LBU-02;PSZ_C_LBU-02;0;0;0;0;0;0;0;0;0;
11.03.2026;PSZ_C_MAZ-01;PSZ_C_MAZ-01;0;0;0;0;0;0;0;0;0;
11.03.2026;PSZ_C_MAZ-02;PSZ_C_MAZ-02;0;0;0;0;0;0;0;0;0;
11.03.2026;PSZ_C_MAZ-03;PSZ_C_MAZ-03;0;0;0;0;0;0;0;0;0;
11.03.2026;PSZ_C_OPO-01;PSZ_C_OPO-01;0;0;0;0;0;0;0;0;0;
11.03.2026;PSZ_C_OPO-02;PSZ_C_OPO-02;0;0;0;0;0;0;0;0;0;
11.03.2026;PSZ_C_PDK-01;PSZ_C_PDK-01;0;0;0;0;0;0;0;0;0;
11.03.2026;PSZ_C_PDL-01;PSZ_C_PDL-01;0;0;0;0;0;0;0;0;0;
11.03.2026;PSZ_C_POM-01;PSZ_C_POM-01;0;0;0;0;0;0;0;0;0;
11.03.2026;PSZ_C_POM-02;PSZ_C_POM-02;0;0;0;0;0;0;0;0;0;
11.03.2026;PSZ_C_WLK-01;PSZ_C_WLK-01;0;0;0;0;0;0;0;0;0;
11.03.2026;PSZ_C_WLK-02;PSZ_C_WLK-02;0;0;0;0;0;0;0;0;0;
11.03.2026;PSZ_C_WLK-03;PSZ_C_WLK-03;0;0;0;0;0;0;0;0;0;
11.03.2026;PSZ_C_WLK-04;PSZ_C_WLK-04;0;0;0;0;0;0;0;0;0;
11.03.2026;PSZ_C_WMA-01;PSZ_C_WMA-01;0;0;0;0;0;0;0;0;0;
11.03.2026;PSZ_C_WMA-02;PSZ_C_WMA-02;0;0;0;0;0;0;0;0;0;
11.03.2026;PSZ_C_WMA-03;PSZ_C_WMA-03;0;0;0;0;0;0;0;0;0;
11.03.2026;PSZ_C_WMA-04;PSZ_C_WMA-04;0;0;0;0;0;0;0;0;0;
11.03.2026;PSZ_C_WMA-05;PSZ_C_WMA-05;0;0;0;0;0;0;0;0;0;
11.03.2026;PSZ_C_WMA-06;PSZ_C_WMA-06;0;0;0;0;0;0;0;0;0;
11.03.2026;PSZ_C_ZPO-01;PSZ_C_ZPO-01;0;0;0;0;0;0;0;0;0;
11.03.2026;PSZ_C_ZPO-02;PSZ_C_ZPO-02;0;0;0;0;0;0;0;0;0;
11.03.2026;RDN-1;RDN_12-03-26_H01;394,32;394,32;394,32;394,32;0;153;3333,6;1314505,152;2888,7;
11.03.2026;RDN-1;RDN_12-03-26_H02;378,84;378,84;378,84;378,84;0;150;2966,4;1123790,976;2554,5;
11.03.2026;RDN-1;RDN_12-03-26_H03;374;374;374;374;0;152;2769,8;1035905,2;2515;
11.03.2026;RDN-1;RDN_12-03-26_H04;394;394;394;394;0;145;2636,1;1038623,4;2237,2;
11.03.2026;RDN-1;RDN_12-03-26_H05;428,65;428,65;428,65;428,65;0;152;2795,8;1198419,67;2390,4;
11.03.2026;RDN-1;RDN_12-03-26_H06;450,87;450,87;450,87;450,87;0;156;2912,7;1313249,049;2562,9;
11.03.2026;RDN-1;RDN_12-03-26_H07;549;549;549;549;0;145;3238,2;1777771,8;2945,8;
11.03.2026;RDN-1;RDN_12-03-26_H08;550;550;545;550;0;169;3387,8;1863190;2934,2;
11.03.2026;RDN-1;RDN_12-03-26_H09;456,93;456,93;456,93;456,93;0;161;3101;1416939,93;2773;
11.03.2026;RDN-1;RDN_12-03-26_H10;425,99;425,99;425,99;425,99;0;155;3295,2;1403722,248;2825,9;
11.03.2026;RDN-1;RDN_12-03-26_H11;344;344;344;344;0;171;3365,1;1157594,4;2886,2;
11.03.2026;RDN-1;RDN_12-03-26_H12;289;290;279;290;0;172;3497,8;1010789,2;3002,3;
11.03.2026;RDN-1;RDN_12-03-26_H13;290;280;280;290;0;176;3460,6;1003224;2836,9;
11.03.2026;RDN-1;RDN_12-03-26_H14;343,99;370;343;370;0;173;3435,8;1182811,342;2786,4;
11.03.2026;RDN-1;RDN_12-03-26_H15;436;446;430;446;0;174;3212,5;1400623,6;2618,2;
11.03.2026;RDN-1;RDN_12-03-26_H16;490;490;490;490;0;171;3344,7;1638903;2901,9;
11.03.2026;RDN-1;RDN_12-03-26_H17;620;600;600;620;0;167;3865,5;2396410;3457,8;
11.03.2026;RDN-1;RDN_12-03-26_H18;839,01;800;800;839,01;0;186;4719,5;3958537,395;4186,7;
11.03.2026;RDN-1;RDN_12-03-26_H19;1127,01;1070;1050;1127,01;0;204;5480,5;6172016,609;4936,2;
11.03.2026;RDN-1;RDN_12-03-26_H20;1068,7;1000;1000;1068,7;0;192;5243,3;5597592,145;4909,2;
11.03.2026;RDN-1;RDN_12-03-26_H21;795,78;770;770;795,78;0;187;4836;3846723,936;4330,8;
11.03.2026;RDN-1;RDN_12-03-26_H22;565,2;540;540;565,2;0;174;4285,5;2421660,6;3813,6;
11.03.2026;RDN-1;RDN_12-03-26_H23;479,5;493,32;479,5;493,32;0;164;3554,5;1704399,334;3109,3;
11.03.2026;RDN-1;RDN_12-03-26_H24;440;445;440;450;0;167;3514,8;1546662;3097,8;
11.03.2026;RZP_A_LBL-01;RZP_A_LBL-01;0;0;0;0;0;0;0;0;0;
11.03.2026;SGT_BASE;SGT_BASE_12-03-26;0;0;0;0;0;0;0;0;0;
11.03.2026;SGT_RDB;SGT_RDB_11-03-26;0;0;0;0;0;0;0;0;0;
11.03.2026;ZTO_B_KUJ-02;ZTO_B_KUJ-02;0;0;0;0;0;0;0;0;0;
11.03.2026;ZTO_B_LBL-01;ZTO_B_LBL-01;0;0;0;0;0;0;0;0;0;
11.03.2026;ZTO_B_LBU-01;ZTO_B_LBU-01;0;0;0;0;0;0;0;0;0;
11.03.2026;ZTO_B_MAZ-01;ZTO_B_MAZ-01;0;0;0;0;0;0;0;0;0;
11.03.2026;ZTO_B_PDL-01;ZTO_B_PDL-01;0;0;0;0;0;0;0;0;0;
11.03.2026;ZTO_B_WLK-01;ZTO_B_WLK-01;0;0;0;0;0;0;0;0;0;
11.03.2026;ZTO_B_WLK-02;ZTO_B_WLK-02;0;0;0;0;0;0;0;0;0;
11.03.2026;ZTO_B_WMA-01;ZTO_B_WMA-01;0;0;0;0;0;0;0;0;0;
11.03.2026;ZTO_B_WMA-02;ZTO_B_WMA-02;0;0;0;0;0;0;0;0;0;
11.03.2026;ZTO_B_WMA-03;ZTO_B_WMA-03;0;0;0;0;0;0;0;0;0;
11.03.2026;ZTO_C_KUJ-02;ZTO_C_KUJ-02;0;0;0;0;0;0;0;0;0;
11.03.2026;ZTO_C_LBL-01;ZTO_C_LBL-01;0;0;0;0;0;0;0;0;0;
11.03.2026;ZTO_C_LBU-01;ZTO_C_LBU-01;0;0;0;0;0;0;0;0;0;
11.03.2026;ZTO_C_MAZ-01;ZTO_C_MAZ-01;0;0;0;0;0;0;0;0;0;
11.03.2026;ZTO_C_PDL-01;ZTO_C_PDL-01;0;0;0;0;0;0;0;0;0;
11.03.2026;ZTO_C_WLK-01;ZTO_C_WLK-01;0;0;0;0;0;0;0;0;0;
11.03.2026;ZTO_C_WLK-02;ZTO_C_WLK-02;0;0;0;0;0;0;0;0;0;
11.03.2026;ZTO_C_WMA-01;ZTO_C_WMA-01;0;0;0;0;0;0;0;0;0;
11.03.2026;ZTO_C_WMA-02;ZTO_C_WMA-02;0;0;0;0;0;0;0;0;0;
11.03.2026;ZTO_C_WMA-03;ZTO_C_WMA-03;0;0;0;0;0;0;0;0;0;
12.03.2026;BASE;BASE_13-03-26;275;281;265;281;0;46;188;1227648;78;
12.03.2026;BASE;BASE_14-03-26;0;0;0;0;0;0;0;0;0;
12.03.2026;BASE_M;BASE_M-04-26;420,01;420;420;420,01;415,54;22;34;10281607,2;536;
12.03.2026;BASE_M;BASE_M-05-26;418,25;418;418;418,25;415,78;4;4;1244154;140;
12.03.2026;BASE_M;BASE_M-06-26;437;436;436;437;431,25;2;2;628560;124;
12.03.2026;BASE_M;BASE_M-07-26;0;0;0;0;447,16;0;0;0;4;
12.03.2026;BASE_M;BASE_M-08-26;0;0;0;0;440,54;0;0;0;0;
12.03.2026;BASE_M;BASE_M-09-26;0;0;0;0;455,96;0;0;0;0;
12.03.2026;BASE_Q;BASE_Q-1-27;0;0;0;0;471;0;0;0;28;
12.03.2026;BASE_Q;BASE_Q-2-26;424;426;424;426;420,8;33;44;40848312,96;712;
12.03.2026;BASE_Q;BASE_Q-2-27;0;0;0;0;389,5;0;0;0;16;
12.03.2026;BASE_Q;BASE_Q-3-26;448;448;448;448,01;447,8;13;14;13848598;543;
12.03.2026;BASE_Q;BASE_Q-3-27;0;0;0;0;420,5;0;0;0;5;
12.03.2026;BASE_Q;BASE_Q-4-26;471;470;469;471;469,4;25;26;26989562;926;
12.03.2026;BASE_W;BASE_W-12-26;450;450;450;450;440,67;1;5;378000;27;
12.03.2026;BASE_W;BASE_W-13-26;450;446;446;450;441,75;4;4;298596;18;
12.03.2026;BASE_W;BASE_W-14-26;0;0;0;0;419;0;0;0;5;
12.03.2026;BASE_W;BASE_W-15-26;0;0;0;0;398,59;0;0;0;0;
12.03.2026;BASE_W;BASE_W-16-26;0;0;0;0;418,18;0;0;0;0;
12.03.2026;BASE_WEEKEND;BASE_WEEKEND_11-26;0;0;0;0;0;0;0;0;0;
12.03.2026;BASE_Y;BASE_Y-27;436;436;435;436;435,85;7;7;26718350;1026;
12.03.2026;BASE_Y;BASE_Y-28;0;0;0;0;410;0;0;0;245;
12.03.2026;BASE_Y;BASE_Y-29;0;0;0;0;401;0;0;0;20;
12.03.2026;BASE_Y;BASE_Y-30;0;0;0;0;411,67;0;0;0;0;
12.03.2026;F-OZE;F-OZE_05-26;0;0;0;0;27,01;0;0;0;0;
12.03.2026;F-OZE;F-OZE_05-27;0;0;0;0;27,01;0;0;0;0;
12.03.2026;F-OZE;F-OZE_11-26;0;0;0;0;27,01;0;0;0;0;
12.03.2026;F-OZE;F-OZE_11-27;0;0;0;0;27,01;0;0;0;0;
12.03.2026;GAS_BASE;GAS_BASE_13-03-26;221;219,1;216,4;221;0;109;4796;25080621,84;4272;
12.03.2026;GAS_BASE_M;GAS_BASE_M-01-27;238,5;238,5;238,5;238,5;227,5;2;5;887220;384;
12.03.2026;GAS_BASE_M;GAS_BASE_M-02-27;234,5;234,5;234,5;234,5;222;1;5;787920;287;
12.03.2026;GAS_BASE_M;GAS_BASE_M-03-27;0;0;0;0;204,87;0;0;0;0;
12.03.2026;GAS_BASE_M;GAS_BASE_M-04-26;226;230;225;230;214,22;8;20;3260160;3637;
12.03.2026;GAS_BASE_M;GAS_BASE_M-05-26;219,5;221;219,5;221;209,42;9;21;3440256;418;
12.03.2026;GAS_BASE_M;GAS_BASE_M-06-26;220,99;221;220,99;221;207,01;3;2;318233;82;
12.03.2026;GAS_BASE_M;GAS_BASE_M-07-26;0;0;0;0;207,71;0;0;0;21;
12.03.2026;GAS_BASE_M;GAS_BASE_M-08-26;0;0;0;0;208;0;0;0;10;
12.03.2026;GAS_BASE_M;GAS_BASE_M-09-26;0;0;0;0;211,98;0;0;0;354;
12.03.2026;GAS_BASE_M;GAS_BASE_M-10-26;0;0;0;0;207,73;0;0;0;34;
12.03.2026;GAS_BASE_M;GAS_BASE_M-11-26;228,5;230;228,5;231;225,9;5;7;1156320;1708;
12.03.2026;GAS_BASE_M;GAS_BASE_M-12-26;237;237;237;237;224,2;3;5;881640;1799;
12.03.2026;GAS_BASE_Q;GAS_BASE_Q-1-27;220;229;220;229;218;8;12;5755894;1487;
12.03.2026;GAS_BASE_Q;GAS_BASE_Q-2-26;221;221;221;221;210,21;6;34;16410576;7547;
12.03.2026;GAS_BASE_Q;GAS_BASE_Q-2-27;0;0;0;0;171;0;0;0;60;
12.03.2026;GAS_BASE_Q;GAS_BASE_Q-3-26;221;220;220;223;209,2;9;24;11792376;6295;
12.03.2026;GAS_BASE_Q;GAS_BASE_Q-3-27;0;0;0;0;162;0;0;0;28;
12.03.2026;GAS_BASE_Q;GAS_BASE_Q-4-26;223;234;223;234;219,2;10;19;9509745;8423;
12.03.2026;GAS_BASE_S;GAS_BASE_S-S-26;0;0;0;0;209,7;0;0;0;72;
12.03.2026;GAS_BASE_S;GAS_BASE_S-S-27;0;0;0;0;166,48;0;0;0;9;
12.03.2026;GAS_BASE_S;GAS_BASE_S-W-26;0;0;0;0;218,61;0;0;0;741;
12.03.2026;GAS_BASE_S;GAS_BASE_S-W-27;0;0;0;0;192,09;0;0;0;30;
12.03.2026;GAS_BASE_W;GAS_BASE_W-12-26;0;0;0;0;210;0;0;0;51;
12.03.2026;GAS_BASE_W;GAS_BASE_W-13-26;218;218;218;218;210;2;20;728120;49;
12.03.2026;GAS_BASE_W;GAS_BASE_W-14-26;0;0;0;0;215,62;0;0;0;0;
12.03.2026;GAS_BASE_W;GAS_BASE_W-15-26;0;0;0;0;215,3;0;0;0;0;
12.03.2026;GAS_BASE_Y;GAS_BASE_Y-27;183;183;183;183;178,38;1;1;1603080;4235;
12.03.2026;GAS_BASE_Y;GAS_BASE_Y-28;0;0;0;0;137;0;0;0;609;
12.03.2026;GAS_BASE_Y;GAS_BASE_Y-29;124,5;124,5;124,5;124,5;120,93;1;2;2181240;65;
12.03.2026;GAS_BASE_Y;GAS_BASE_Y-30;0;0;0;0;127,8;0;0;0;5;
12.03.2026;GAS_RDB;GAS_RDB_12-03-26;207;215;207;224;0;76;11488;2523459,5;7008;
12.03.2026;GAS_WEEKEND;GAS_WEEKEND_11-26;214,5;217,5;214,5;217,5;0;23;1045;10840560;1045;
12.03.2026;GLW_BASE;GLW_BASE_13-03-26;0;0;0;0;0;0;0;0;0;
12.03.2026;GLW_RDB;GLW_RDB_12-03-26;0;0;0;0;0;0;0;0;0;
12.03.2026;KUK_A_WMA-03;KUK_A_WMA-03;0;0;0;0;0;0;0;0;0;
12.03.2026;OFFPEAK;OFFPEAK_13-03-26;0;0;0;0;0;0;0;0;0;
12.03.2026;OFFPEAK;OFFPEAK_14-03-26;0;0;0;0;0;0;0;0;0;
12.03.2026;OFFPEAK_M;OFFPEAK_M-04-26;0;0;0;0;393,4;0;0;0;0;
12.03.2026;OFFPEAK_M;OFFPEAK_M-05-26;0;0;0;0;409,54;0;0;0;0;
12.03.2026;OFFPEAK_M;OFFPEAK_M-06-26;0;0;0;0;430,8;0;0;0;0;
12.03.2026;OFFPEAK_M;OFFPEAK_M-07-26;0;0;0;0;444,53;0;0;0;0;
12.03.2026;OFFPEAK_M;OFFPEAK_M-08-26;0;0;0;0;422,18;0;0;0;0;
12.03.2026;OFFPEAK_M;OFFPEAK_M-09-26;0;0;0;0;448,35;0;0;0;0;
12.03.2026;OFFPEAK_Q;OFFPEAK_Q-1-27;0;0;0;0;412,89;0;0;0;0;
12.03.2026;OFFPEAK_Q;OFFPEAK_Q-2-26;0;0;0;0;411,2;0;0;0;0;
12.03.2026;OFFPEAK_Q;OFFPEAK_Q-2-27;0;0;0;0;364,39;0;0;0;0;
12.03.2026;OFFPEAK_Q;OFFPEAK_Q-3-26;0;0;0;0;437,88;0;0;0;0;
12.03.2026;OFFPEAK_Q;OFFPEAK_Q-3-27;0;0;0;0;394,26;0;0;0;0;
12.03.2026;OFFPEAK_Q;OFFPEAK_Q-4-26;0;0;0;0;388,23;0;0;0;0;
12.03.2026;OFFPEAK_W;OFFPEAK_W-12-26;0;0;0;0;385,41;0;0;0;0;
12.03.2026;OFFPEAK_W;OFFPEAK_W-13-26;0;0;0;0;439,34;0;0;0;0;
12.03.2026;OFFPEAK_W;OFFPEAK_W-14-26;0;0;0;0;398,27;0;0;0;0;
12.03.2026;OFFPEAK_W;OFFPEAK_W-15-26;0;0;0;0;374,33;0;0;0;0;
12.03.2026;OFFPEAK_W;OFFPEAK_W-16-26;0;0;0;0;396,78;0;0;0;0;
12.03.2026;OFFPEAK_Y;OFFPEAK_Y-27;0;0;0;0;394,08;0;0;0;0;
12.03.2026;OFFPEAK_Y;OFFPEAK_Y-28;0;0;0;0;367,62;0;0;0;0;
12.03.2026;OFFPEAK_Y;OFFPEAK_Y-29;0;0;0;0;370,99;0;0;0;0;
12.03.2026;OFFPEAK_Y;OFFPEAK_Y-30;0;0;0;0;354,39;0;0;0;0;
12.03.2026;OFFP_WEEKEND;OFFP_WEEKEND_11-26;0;0;0;0;0;0;0;0;0;
12.03.2026;PEAK;PEAK_13-03-26;0;0;0;0;0;0;0;0;0;
12.03.2026;PEAK;PEAK_14-03-26;0;0;0;0;0;0;0;0;0;
12.03.2026;PEAK5_M;PEAK5_M-04-26;444;443;443;444;444;9;15;2096325;25;
12.03.2026;PEAK5_M;PEAK5_M-05-26;0;0;0;0;425;0;0;0;5;
12.03.2026;PEAK5_M;PEAK5_M-06-26;0;0;0;0;431,83;0;0;0;7;
12.03.2026;PEAK5_M;PEAK5_M-07-26;0;0;0;0;450,2;0;0;0;0;
12.03.2026;PEAK5_M;PEAK5_M-08-26;0;0;0;0;465,55;0;0;0;0;
12.03.2026;PEAK5_M;PEAK5_M-09-26;0;0;0;0;464,94;0;0;0;0;
12.03.2026;PEAK5_Q;PEAK5_Q-1-27;0;0;0;0;550;0;0;0;0;
12.03.2026;PEAK5_Q;PEAK5_Q-2-26;435;435;435;435;433,75;1;2;809100;94;
12.03.2026;PEAK5_Q;PEAK5_Q-2-27;0;0;0;0;422,42;0;0;0;0;
12.03.2026;PEAK5_Q;PEAK5_Q-3-26;0;0;0;0;460;0;0;0;85;
12.03.2026;PEAK5_Q;PEAK5_Q-3-27;0;0;0;0;452,78;0;0;0;0;
12.03.2026;PEAK5_Q;PEAK5_Q-4-26;0;0;0;0;575;0;0;0;127;
12.03.2026;PEAK5_W;PEAK5_W-12-26;0;0;0;0;509,18;0;0;0;0;
12.03.2026;PEAK5_W;PEAK5_W-13-26;0;0;0;0;444,71;0;0;0;0;
12.03.2026;PEAK5_W;PEAK5_W-14-26;0;0;0;0;444,71;0;0;0;0;
12.03.2026;PEAK5_W;PEAK5_W-15-26;0;0;0;0;442,27;0;0;0;0;
12.03.2026;PEAK5_W;PEAK5_W-16-26;0;0;0;0;444,71;0;0;0;0;
12.03.2026;PEAK5_Y;PEAK5_Y-27;0;0;0;0;490,5;0;0;0;182;
12.03.2026;PEAK5_Y;PEAK5_Y-28;0;0;0;0;466,5;0;0;0;1;
12.03.2026;PEAK5_Y;PEAK5_Y-29;0;0;0;0;440,82;0;0;0;0;
12.03.2026;PEAK5_Y;PEAK5_Y-30;0;0;0;0;488,2;0;0;0;0;
12.03.2026;PEAK_WEEKEND;PEAK_WEEKEND_11-26;0;0;0;0;0;0;0;0;0;
12.03.2026;PMBG;PMBG;0;0;0;0;0;0;0;0;0;
12.03.2026;PMEF-2025;PMEF-2025;0;0;0;0;0;0;0;0;0;
12.03.2026;PMEF-2026;PMEF-2026;0;0;0;0;0;0;0;0;0;
12.03.2026;PMEF_F;PMEF_F;2328,9;2328;2328;2329;0;32;1041012;2424070145;94459416;
12.03.2026;PMOZE;PMOZE;0;0;0;0;0;0;0;0;0;
12.03.2026;PMOZE_A;PMOZE_A;28;27,6;27,6;28,01;0;84;45501232;1267411459;9831876014;
12.03.2026;PMOZE-BIO;PMOZE-BIO;302;301;301;305;0;4;229517;69272380;569000194;
12.03.2026;PSZ_B_DLS-01;PSZ_B_DLS-01;0;0;0;0;0;0;0;0;0;
12.03.2026;PSZ_B_KUJ-01;PSZ_B_KUJ-01;0;0;0;0;0;0;0;0;0;
12.03.2026;PSZ_B_KUJ-02;PSZ_B_KUJ-02;0;0;0;0;0;0;0;0;0;
12.03.2026;PSZ_B_LBL-01;PSZ_B_LBL-01;0;0;0;0;0;0;0;0;0;
12.03.2026;PSZ_B_LBL-02;PSZ_B_LBL-02;0;0;0;0;0;0;0;0;0;
12.03.2026;PSZ_B_LBL-03;PSZ_B_LBL-03;0;0;0;0;0;0;0;0;0;
12.03.2026;PSZ_B_LBL-04;PSZ_B_LBL-04;0;0;0;0;0;0;0;0;0;
12.03.2026;PSZ_B_LBL-05;PSZ_B_LBL-05;0;0;0;0;0;0;0;0;0;
12.03.2026;PSZ_B_LBL-06;PSZ_B_LBL-06;0;0;0;0;0;0;0;0;0;
12.03.2026;PSZ_B_LBL-07;PSZ_B_LBL-07;0;0;0;0;0;0;0;0;0;
12.03.2026;PSZ_B_LBU-01;PSZ_B_LBU-01;0;0;0;0;0;0;0;0;0;
12.03.2026;PSZ_B_LBU-02;PSZ_B_LBU-02;0;0;0;0;0;0;0;0;0;
12.03.2026;PSZ_B_MAZ-01;PSZ_B_MAZ-01;0;0;0;0;0;0;0;0;0;
12.03.2026;PSZ_B_MAZ-02;PSZ_B_MAZ-02;0;0;0;0;0;0;0;0;0;
12.03.2026;PSZ_B_MAZ-03;PSZ_B_MAZ-03;0;0;0;0;0;0;0;0;0;
12.03.2026;PSZ_B_OPO-01;PSZ_B_OPO-01;0;0;0;0;0;0;0;0;0;
12.03.2026;PSZ_B_OPO-02;PSZ_B_OPO-02;0;0;0;0;0;0;0;0;0;
12.03.2026;PSZ_B_PDK-01;PSZ_B_PDK-01;0;0;0;0;0;0;0;0;0;
12.03.2026;PSZ_B_PDL-01;PSZ_B_PDL-01;0;0;0;0;0;0;0;0;0;
12.03.2026;PSZ_B_POM-01;PSZ_B_POM-01;0;0;0;0;0;0;0;0;0;
12.03.2026;PSZ_B_POM-02;PSZ_B_POM-02;0;0;0;0;0;0;0;0;0;
12.03.2026;PSZ_B_WLK-01;PSZ_B_WLK-01;0;0;0;0;0;0;0;0;0;
12.03.2026;PSZ_B_WLK-02;PSZ_B_WLK-02;0;0;0;0;0;0;0;0;0;
12.03.2026;PSZ_B_WLK-03;PSZ_B_WLK-03;0;0;0;0;0;0;0;0;0;
12.03.2026;PSZ_B_WLK-04;PSZ_B_WLK-04;0;0;0;0;0;0;0;0;0;
12.03.2026;PSZ_B_WMA-01;PSZ_B_WMA-01;0;0;0;0;0;0;0;0;0;
12.03.2026;PSZ_B_WMA-02;PSZ_B_WMA-02;0;0;0;0;0;0;0;0;0;
12.03.2026;PSZ_B_WMA-03;PSZ_B_WMA-03;0;0;0;0;0;0;0;0;0;
12.03.2026;PSZ_B_WMA-04;PSZ_B_WMA-04;0;0;0;0;0;0;0;0;0;
12.03.2026;PSZ_B_WMA-05;PSZ_B_WMA-05;0;0;0;0;0;0;0;0;0;
12.03.2026;PSZ_B_WMA-06;PSZ_B_WMA-06;0;0;0;0;0;0;0;0;0;
12.03.2026;PSZ_B_ZPO-01;PSZ_B_ZPO-01;0;0;0;0;0;0;0;0;0;
12.03.2026;PSZ_B_ZPO-02;PSZ_B_ZPO-02;0;0;0;0;0;0;0;0;0;
12.03.2026;PSZ_C_DLS-01;PSZ_C_DLS-01;0;0;0;0;0;0;0;0;0;
12.03.2026;PSZ_C_KUJ-01;PSZ_C_KUJ-01;0;0;0;0;0;0;0;0;0;
12.03.2026;PSZ_C_KUJ-02;PSZ_C_KUJ-02;0;0;0;0;0;0;0;0;0;
12.03.2026;PSZ_C_LBL-01;PSZ_C_LBL-01;0;0;0;0;0;0;0;0;0;
12.03.2026;PSZ_C_LBL-02;PSZ_C_LBL-02;0;0;0;0;0;0;0;0;0;
12.03.2026;PSZ_C_LBL-03;PSZ_C_LBL-03;0;0;0;0;0;0;0;0;0;
12.03.2026;PSZ_C_LBL-04;PSZ_C_LBL-04;0;0;0;0;0;0;0;0;0;
12.03.2026;PSZ_C_LBL-05;PSZ_C_LBL-05;0;0;0;0;0;0;0;0;0;
12.03.2026;PSZ_C_LBL-06;PSZ_C_LBL-06;0;0;0;0;0;0;0;0;0;
12.03.2026;PSZ_C_LBL-07;PSZ_C_LBL-07;0;0;0;0;0;0;0;0;0;
12.03.2026;PSZ_C_LBU-01;PSZ_C_LBU-01;0;0;0;0;0;0;0;0;0;
12.03.2026;PSZ_C_LBU-02;PSZ_C_LBU-02;0;0;0;0;0;0;0;0;0;
12.03.2026;PSZ_C_MAZ-01;PSZ_C_MAZ-01;0;0;0;0;0;0;0;0;0;
12.03.2026;PSZ_C_MAZ-02;PSZ_C_MAZ-02;0;0;0;0;0;0;0;0;0;
12.03.2026;PSZ_C_MAZ-03;PSZ_C_MAZ-03;0;0;0;0;0;0;0;0;0;
12.03.2026;PSZ_C_OPO-01;PSZ_C_OPO-01;0;0;0;0;0;0;0;0;0;
12.03.2026;PSZ_C_OPO-02;PSZ_C_OPO-02;0;0;0;0;0;0;0;0;0;
12.03.2026;PSZ_C_PDK-01;PSZ_C_PDK-01;0;0;0;0;0;0;0;0;0;
12.03.2026;PSZ_C_PDL-01;PSZ_C_PDL-01;0;0;0;0;0;0;0;0;0;
12.03.2026;PSZ_C_POM-01;PSZ_C_POM-01;0;0;0;0;0;0;0;0;0;
12.03.2026;PSZ_C_POM-02;PSZ_C_POM-02;0;0;0;0;0;0;0;0;0;
12.03.2026;PSZ_C_WLK-01;PSZ_C_WLK-01;0;0;0;0;0;0;0;0;0;
12.03.2026;PSZ_C_WLK-02;PSZ_C_WLK-02;0;0;0;0;0;0;0;0;0;
12.03.2026;PSZ_C_WLK-03;PSZ_C_WLK-03;0;0;0;0;0;0;0;0;0;
12.03.2026;PSZ_C_WLK-04;PSZ_C_WLK-04;0;0;0;0;0;0;0;0;0;
12.03.2026;PSZ_C_WMA-01;PSZ_C_WMA-01;0;0;0;0;0;0;0;0;0;
12.03.2026;PSZ_C_WMA-02;PSZ_C_WMA-02;0;0;0;0;0;0;0;0;0;
12.03.2026;PSZ_C_WMA-03;PSZ_C_WMA-03;0;0;0;0;0;0;0;0;0;
12.03.2026;PSZ_C_WMA-04;PSZ_C_WMA-04;0;0;0;0;0;0;0;0;0;
12.03.2026;PSZ_C_WMA-05;PSZ_C_WMA-05;0;0;0;0;0;0;0;0;0;
12.03.2026;PSZ_C_WMA-06;PSZ_C_WMA-06;0;0;0;0;0;0;0;0;0;
12.03.2026;PSZ_C_ZPO-01;PSZ_C_ZPO-01;0;0;0;0;0;0;0;0;0;
12.03.2026;PSZ_C_ZPO-02;PSZ_C_ZPO-02;0;0;0;0;0;0;0;0;0;
12.03.2026;RDN-1;RDN_13-03-26_H01;437,43;427,43;427,43;437,43;0;165;3014;1318269,02;2611,6;
12.03.2026;RDN-1;RDN_13-03-26_H02;400,7;390,7;390,7;400,7;0;159;2820,4;1130005,07;2415,9;
12.03.2026;RDN-1;RDN_13-03-26_H03;369;359;359;369;0;150;2646,8;976549,2;2195;
12.03.2026;RDN-1;RDN_13-03-26_H04;372,89;362,89;362,89;372,89;0;153;2745,5;1023648,495;2311,7;
12.03.2026;RDN-1;RDN_13-03-26_H05;392,09;382,09;382,09;392,09;0;155;2961,7;1161136,953;2502,7;
12.03.2026;RDN-1;RDN_13-03-26_H06;429,31;419,31;419,31;429,31;0;161;3225,2;1384489,612;2886,6;
12.03.2026;RDN-1;RDN_13-03-26_H07;452,63;442,63;442,63;452,63;0;166;4012,8;1816164,664;3663,1;
12.03.2026;RDN-1;RDN_13-03-26_H08;436;426;426;436;0;173;4302,1;1875615,6;3848,2;
12.03.2026;RDN-1;RDN_13-03-26_H09;228,2;218,2;218,2;228,2;0;172;3943,7;899802,34;3213,8;
12.03.2026;RDN-1;RDN_13-03-26_H10;15,8;15,8;15,8;15,8;0;171;4537,9;71698,82;4071,8;
12.03.2026;RDN-1;RDN_13-03-26_H11;-0,1;0;-0,1;0;0;155;4303,4;-429,22;3809;
12.03.2026;RDN-1;RDN_13-03-26_H12;-11;-13;-13;-11;0;159;4182;-46140;3690,3;
12.03.2026;RDN-1;RDN_13-03-26_H13;-28,69;-28,69;-28,69;-28,69;0;151;4030,2;-115626,438;3694,2;
12.03.2026;RDN-1;RDN_13-03-26_H14;-2,99;-2,99;-2,99;-2,99;0;158;4030,1;-12049,999;3448,6;
12.03.2026;RDN-1;RDN_13-03-26_H15;0;-15;-15;0;0;187;5188,8;-457,5;4693,2;
12.03.2026;RDN-1;RDN_13-03-26_H16;175,23;169;165;175,23;0;187;4708,9;825027,097;4085,6;
12.03.2026;RDN-1;RDN_13-03-26_H17;442,5;457,5;442,5;457,5;0;149;3949,2;1747566;3374,4;
12.03.2026;RDN-1;RDN_13-03-26_H18;576,2;576,2;576,2;576,2;0;181;4468,2;2574576,84;4057,4;
12.03.2026;RDN-1;RDN_13-03-26_H19;759,29;749,29;749,29;759,29;0;187;5396,8;4097666,996;4935,3;
12.03.2026;RDN-1;RDN_13-03-26_H20;675;660;660;675;0;176;5682,7;3835288,5;5174,6;
12.03.2026;RDN-1;RDN_13-03-26_H21;580;580;580;580;0;170;5258,4;3049872;4795,4;
12.03.2026;RDN-1;RDN_13-03-26_H22;504,1;509,1;504,1;509,1;0;160;4339,8;2187743,18;4096,7;
12.03.2026;RDN-1;RDN_13-03-26_H23;463,9;469,9;463,9;469,9;0;170;4008,7;1859746,93;3560,1;
12.03.2026;RDN-1;RDN_13-03-26_H24;422,53;420;410;422,53;0;175;3795,5;1603449,365;3303,9;
12.03.2026;RZP_A_LBL-01;RZP_A_LBL-01;0;0;0;0;0;0;0;0;0;
12.03.2026;SGT_BASE;SGT_BASE_13-03-26;0;0;0;0;0;0;0;0;0;
12.03.2026;SGT_RDB;SGT_RDB_12-03-26;0;0;0;0;0;0;0;0;0;
12.03.2026;ZTO_B_KUJ-02;ZTO_B_KUJ-02;0;0;0;0;0;0;0;0;0;
12.03.2026;ZTO_B_LBL-01;ZTO_B_LBL-01;0;0;0;0;0;0;0;0;0;
12.03.2026;ZTO_B_LBU-01;ZTO_B_LBU-01;0;0;0;0;0;0;0;0;0;
12.03.2026;ZTO_B_MAZ-01;ZTO_B_MAZ-01;0;0;0;0;0;0;0;0;0;
12.03.2026;ZTO_B_PDL-01;ZTO_B_PDL-01;0;0;0;0;0;0;0;0;0;
12.03.2026;ZTO_B_WLK-01;ZTO_B_WLK-01;0;0;0;0;0;0;0;0;0;
12.03.2026;ZTO_B_WLK-02;ZTO_B_WLK-02;0;0;0;0;0;0;0;0;0;
12.03.2026;ZTO_B_WMA-01;ZTO_B_WMA-01;0;0;0;0;0;0;0;0;0;
12.03.2026;ZTO_B_WMA-02;ZTO_B_WMA-02;0;0;0;0;0;0;0;0;0;
12.03.2026;ZTO_B_WMA-03;ZTO_B_WMA-03;0;0;0;0;0;0;0;0;0;
12.03.2026;ZTO_C_KUJ-02;ZTO_C_KUJ-02;0;0;0;0;0;0;0;0;0;
12.03.2026;ZTO_C_LBL-01;ZTO_C_LBL-01;0;0;0;0;0;0;0;0;0;
12.03.2026;ZTO_C_LBU-01;ZTO_C_LBU-01;0;0;0;0;0;0;0;0;0;
12.03.2026;ZTO_C_MAZ-01;ZTO_C_MAZ-01;0;0;0;0;0;0;0;0;0;
12.03.2026;ZTO_C_PDL-01;ZTO_C_PDL-01;0;0;0;0;0;0;0;0;0;
12.03.2026;ZTO_C_WLK-01;ZTO_C_WLK-01;0;0;0;0;0;0;0;0;0;
12.03.2026;ZTO_C_WLK-02;ZTO_C_WLK-02;0;0;0;0;0;0;0;0;0;
12.03.2026;ZTO_C_WMA-01;ZTO_C_WMA-01;0;0;0;0;0;0;0;0;0;
12.03.2026;ZTO_C_WMA-02;ZTO_C_WMA-02;0;0;0;0;0;0;0;0;0;
12.03.2026;ZTO_C_WMA-03;ZTO_C_WMA-03;0;0;0;0;0;0;0;0;0;
13.03.2026;BASE;BASE_14-03-26;340;365;340;440;0;18;92;765240;49;
13.03.2026;BASE;BASE_15-03-26;0;0;0;0;0;0;0;0;0;
13.03.2026;BASE_M;BASE_M-04-26;414;414;412,99;414;421,39;30;35;10423072,8;558;
13.03.2026;BASE_M;BASE_M-05-26;415;415;415;415;420,38;12;16;4940160;149;
13.03.2026;BASE_M;BASE_M-06-26;431;431;430;431;436,4;5;6;1861193;127;
13.03.2026;BASE_M;BASE_M-07-26;0;0;0;0;440;0;0;0;4;
13.03.2026;BASE_M;BASE_M-08-26;0;0;0;0;444,42;0;0;0;0;
13.03.2026;BASE_M;BASE_M-09-26;0;0;0;0;459,97;0;0;0;0;
13.03.2026;BASE_Q;BASE_Q-1-27;0;0;0;0;473;0;0;0;28;
13.03.2026;BASE_Q;BASE_Q-2-26;420;420;418;420;425,99;33;45;41184867,36;704;
13.03.2026;BASE_Q;BASE_Q-2-27;0;0;0;0;403,77;0;0;0;16;
13.03.2026;BASE_Q;BASE_Q-3-26;441;441;440;441;448;21;26;25278288;544;
13.03.2026;BASE_Q;BASE_Q-3-27;0;0;0;0;420;0;0;0;5;
13.03.2026;BASE_Q;BASE_Q-4-26;461;461,5;458;461,5;469,8;19;28;28451920;936;
13.03.2026;BASE_W;BASE_W-12-26;444;444;442;445;444;19;29;2161320;42;
13.03.2026;BASE_W;BASE_W-13-26;442;443;442;443;447;4;6;443218;23;
13.03.2026;BASE_W;BASE_W-14-26;0;0;0;0;422,35;0;0;0;5;
13.03.2026;BASE_W;BASE_W-15-26;0;0;0;0;402,57;0;0;0;0;
13.03.2026;BASE_W;BASE_W-16-26;0;0;0;0;422,35;0;0;0;0;
13.03.2026;BASE_WEEKEND;BASE_WEEKEND_11-26;0;0;0;0;0;0;0;0;0;
13.03.2026;BASE_Y;BASE_Y-27;430;430;430;430;435,61;10;10;37668000;1034;
13.03.2026;BASE_Y;BASE_Y-28;409;410;409;410;412,5;4;4;14379408;246;
13.03.2026;BASE_Y;BASE_Y-29;395;395;395;395;396,5;2;2;6920400;22;
13.03.2026;BASE_Y;BASE_Y-30;395;395;395;395;410,99;2;1;3460200;1;
13.03.2026;GAS_BASE;GAS_BASE_14-03-26;216;215;212;216;0;61;2526;12960628,8;2443;
13.03.2026;GAS_BASE_M;GAS_BASE_M-01-27;228;228;228;229;238,5;10;16;2715228;399;
13.03.2026;GAS_BASE_M;GAS_BASE_M-02-27;227;226;226;227;234,5;6;16;2434656;303;
13.03.2026;GAS_BASE_M;GAS_BASE_M-03-27;0;0;0;0;200,57;0;0;0;0;
13.03.2026;GAS_BASE_M;GAS_BASE_M-04-26;215;222;215;222;226,32;6;33;5130712,8;3667;
13.03.2026;GAS_BASE_M;GAS_BASE_M-05-26;213;208;208;213;218,56;8;22;3474480;432;
13.03.2026;GAS_BASE_M;GAS_BASE_M-06-26;200,42;200,42;200,42;200,42;218,21;4;3;432907;82;
13.03.2026;GAS_BASE_M;GAS_BASE_M-07-26;0;0;0;0;219,46;0;0;0;21;
13.03.2026;GAS_BASE_M;GAS_BASE_M-08-26;0;0;0;0;220,84;0;0;0;10;
13.03.2026;GAS_BASE_M;GAS_BASE_M-09-26;0;0;0;0;227,05;0;0;0;354;
13.03.2026;GAS_BASE_M;GAS_BASE_M-10-26;0;0;0;0;223,17;0;0;0;34;
13.03.2026;GAS_BASE_M;GAS_BASE_M-11-26;0;0;0;0;229,83;0;0;0;1708;
13.03.2026;GAS_BASE_M;GAS_BASE_M-12-26;0;0;0;0;237;0;0;0;1799;
13.03.2026;GAS_BASE_Q;GAS_BASE_Q-1-27;215;210;210;216;224,2;10;17;7886827;1487;
13.03.2026;GAS_BASE_Q;GAS_BASE_Q-2-26;213;214;213;214;221;7;36;16793868;7542;
13.03.2026;GAS_BASE_Q;GAS_BASE_Q-2-27;0;0;0;0;176;0;0;0;60;
13.03.2026;GAS_BASE_Q;GAS_BASE_Q-3-26;212;212;212;214;222,4;5;24;11280672;6294;
13.03.2026;GAS_BASE_Q;GAS_BASE_Q-3-27;0;0;0;0;166;0;0;0;28;
13.03.2026;GAS_BASE_Q;GAS_BASE_Q-4-26;222,01;226;221;226;230;10;27;13295993;8429;
13.03.2026;GAS_BASE_S;GAS_BASE_S-S-26;0;0;0;0;221,7;0;0;0;72;
13.03.2026;GAS_BASE_S;GAS_BASE_S-S-27;0;0;0;0;170,97;0;0;0;9;
13.03.2026;GAS_BASE_S;GAS_BASE_S-W-26;0;0;0;0;227,13;0;0;0;741;
13.03.2026;GAS_BASE_S;GAS_BASE_S-W-27;0;0;0;0;199,58;0;0;0;30;
13.03.2026;GAS_BASE_W;GAS_BASE_W-12-26;212;212;212;212;221;1;6;213696;57;
13.03.2026;GAS_BASE_W;GAS_BASE_W-13-26;0;0;0;0;218;0;0;0;49;
13.03.2026;GAS_BASE_W;GAS_BASE_W-14-26;0;0;0;0;227,62;0;0;0;0;
13.03.2026;GAS_BASE_W;GAS_BASE_W-15-26;0;0;0;0;227,28;0;0;0;0;
13.03.2026;GAS_BASE_Y;GAS_BASE_Y-27;179;181;179;181;183;5;9;14235000;4237;
13.03.2026;GAS_BASE_Y;GAS_BASE_Y-28;140,5;140,5;140,5;140,5;139,25;2;2;2468304;611;
13.03.2026;GAS_BASE_Y;GAS_BASE_Y-29;126;126;126;126;124,5;1;1;1103760;66;
13.03.2026;GAS_BASE_Y;GAS_BASE_Y-30;0;0;0;0;119,5;0;0;0;5;
13.03.2026;GAS_RDB;GAS_RDB_13-03-26;212,1;221;210,5;221;0;65;7297;1581341,74;5479;
13.03.2026;GAS_WEEKEND;GAS_WEEKEND_11-26;210;213;210;216;0;48;2055;21135923,04;2925;
13.03.2026;GLW_BASE;GLW_BASE_14-03-26;0;0;0;0;0;0;0;0;0;
13.03.2026;GLW_RDB;GLW_RDB_13-03-26;0;0;0;0;0;0;0;0;0;
13.03.2026;KUK_A_WMA-03;KUK_A_WMA-03;0;0;0;0;0;0;0;0;0;
13.03.2026;OFFPEAK;OFFPEAK_14-03-26;0;0;0;0;0;0;0;0;0;
13.03.2026;OFFPEAK;OFFPEAK_15-03-26;0;0;0;0;0;0;0;0;0;
13.03.2026;OFFPEAK_M;OFFPEAK_M-04-26;0;0;0;0;408,56;0;0;0;0;
13.03.2026;OFFPEAK_M;OFFPEAK_M-05-26;0;0;0;0;415,48;0;0;0;0;
13.03.2026;OFFPEAK_M;OFFPEAK_M-06-26;0;0;0;0;434,27;0;0;0;0;
13.03.2026;OFFPEAK_M;OFFPEAK_M-07-26;0;0;0;0;431,23;0;0;0;0;
13.03.2026;OFFPEAK_M;OFFPEAK_M-08-26;0;0;0;0;428,8;0;0;0;0;
13.03.2026;OFFPEAK_M;OFFPEAK_M-09-26;0;0;0;0;455,81;0;0;0;0;
13.03.2026;OFFPEAK_Q;OFFPEAK_Q-1-27;0;0;0;0;433,58;0;0;0;0;
13.03.2026;OFFPEAK_Q;OFFPEAK_Q-2-26;0;0;0;0;419,31;0;0;0;0;
13.03.2026;OFFPEAK_Q;OFFPEAK_Q-2-27;0;0;0;0;389,21;0;0;0;0;
13.03.2026;OFFPEAK_Q;OFFPEAK_Q-3-26;0;0;0;0;438,25;0;0;0;0;
13.03.2026;OFFPEAK_Q;OFFPEAK_Q-3-27;0;0;0;0;392,98;0;0;0;0;
13.03.2026;OFFPEAK_Q;OFFPEAK_Q-4-26;0;0;0;0;390,29;0;0;0;0;
13.03.2026;OFFPEAK_W;OFFPEAK_W-12-26;0;0;0;0;392,36;0;0;0;0;
13.03.2026;OFFPEAK_W;OFFPEAK_W-13-26;0;0;0;0;449,68;0;0;0;0;
13.03.2026;OFFPEAK_W;OFFPEAK_W-14-26;0;0;0;0;405,13;0;0;0;0;
13.03.2026;OFFPEAK_W;OFFPEAK_W-15-26;0;0;0;0;381,07;0;0;0;0;
13.03.2026;OFFPEAK_W;OFFPEAK_W-16-26;0;0;0;0;405,13;0;0;0;0;
13.03.2026;OFFPEAK_Y;OFFPEAK_Y-27;0;0;0;0;393,27;0;0;0;0;
13.03.2026;OFFPEAK_Y;OFFPEAK_Y-28;0;0;0;0;359,24;0;0;0;0;
13.03.2026;OFFPEAK_Y;OFFPEAK_Y-29;0;0;0;0;366,82;0;0;0;0;
13.03.2026;OFFPEAK_Y;OFFPEAK_Y-30;0;0;0;0;346,5;0;0;0;0;
13.03.2026;OFFP_WEEKEND;OFFP_WEEKEND_11-26;0;0;0;0;0;0;0;0;0;
13.03.2026;PEAK;PEAK_14-03-26;0;0;0;0;0;0;0;0;0;
13.03.2026;PEAK;PEAK_15-03-26;0;0;0;0;0;0;0;0;0;
13.03.2026;PEAK5_M;PEAK5_M-04-26;0;0;0;0;437,88;0;0;0;25;
13.03.2026;PEAK5_M;PEAK5_M-05-26;0;0;0;0;427,64;0;0;0;5;
13.03.2026;PEAK5_M;PEAK5_M-06-26;0;0;0;0;439,13;0;0;0;7;
13.03.2026;PEAK5_M;PEAK5_M-07-26;0;0;0;0;450,14;0;0;0;0;
13.03.2026;PEAK5_M;PEAK5_M-08-26;0;0;0;0;465,69;0;0;0;0;
13.03.2026;PEAK5_M;PEAK5_M-09-26;0;0;0;0;464,88;0;0;0;0;
13.03.2026;PEAK5_Q;PEAK5_Q-1-27;0;0;0;0;526,6;0;0;0;0;
13.03.2026;PEAK5_Q;PEAK5_Q-2-26;0;0;0;0;435;0;0;0;94;
13.03.2026;PEAK5_Q;PEAK5_Q-2-27;0;0;0;0;422,85;0;0;0;0;
13.03.2026;PEAK5_Q;PEAK5_Q-3-26;0;0;0;0;460;0;0;0;85;
13.03.2026;PEAK5_Q;PEAK5_Q-3-27;0;0;0;0;453,24;0;0;0;0;
13.03.2026;PEAK5_Q;PEAK5_Q-4-26;0;0;0;0;573,25;0;0;0;127;
13.03.2026;PEAK5_W;PEAK5_W-12-26;0;0;0;0;508,03;0;0;0;0;
13.03.2026;PEAK5_W;PEAK5_W-13-26;0;0;0;0;443,71;0;0;0;0;
13.03.2026;PEAK5_W;PEAK5_W-14-26;0;0;0;0;443,71;0;0;0;0;
13.03.2026;PEAK5_W;PEAK5_W-15-26;0;0;0;0;441,27;0;0;0;0;
13.03.2026;PEAK5_W;PEAK5_W-16-26;0;0;0;0;443,71;0;0;0;0;
13.03.2026;PEAK5_Y;PEAK5_Y-27;487;485;485;487;491;11;12;22094680;186;
13.03.2026;PEAK5_Y;PEAK5_Y-28;0;0;0;0;483,5;0;0;0;1;
13.03.2026;PEAK5_Y;PEAK5_Y-29;0;0;0;0;435,87;0;0;0;0;
13.03.2026;PEAK5_Y;PEAK5_Y-30;0;0;0;0;497,14;0;0;0;0;
13.03.2026;PEAK_WEEKEND;PEAK_WEEKEND_11-26;0;0;0;0;0;0;0;0;0;
13.03.2026;PSZ_B_DLS-01;PSZ_B_DLS-01;0;0;0;0;0;0;0;0;0;
13.03.2026;PSZ_B_KUJ-01;PSZ_B_KUJ-01;0;0;0;0;0;0;0;0;0;
13.03.2026;PSZ_B_KUJ-02;PSZ_B_KUJ-02;0;0;0;0;0;0;0;0;0;
13.03.2026;PSZ_B_LBL-01;PSZ_B_LBL-01;0;0;0;0;0;0;0;0;0;
13.03.2026;PSZ_B_LBL-02;PSZ_B_LBL-02;0;0;0;0;0;0;0;0;0;
13.03.2026;PSZ_B_LBL-03;PSZ_B_LBL-03;0;0;0;0;0;0;0;0;0;
13.03.2026;PSZ_B_LBL-04;PSZ_B_LBL-04;0;0;0;0;0;0;0;0;0;
13.03.2026;PSZ_B_LBL-05;PSZ_B_LBL-05;0;0;0;0;0;0;0;0;0;
13.03.2026;PSZ_B_LBL-06;PSZ_B_LBL-06;0;0;0;0;0;0;0;0;0;
13.03.2026;PSZ_B_LBL-07;PSZ_B_LBL-07;0;0;0;0;0;0;0;0;0;
13.03.2026;PSZ_B_LBU-01;PSZ_B_LBU-01;0;0;0;0;0;0;0;0;0;
13.03.2026;PSZ_B_LBU-02;PSZ_B_LBU-02;0;0;0;0;0;0;0;0;0;
13.03.2026;PSZ_B_MAZ-01;PSZ_B_MAZ-01;0;0;0;0;0;0;0;0;0;
13.03.2026;PSZ_B_MAZ-02;PSZ_B_MAZ-02;0;0;0;0;0;0;0;0;0;
13.03.2026;PSZ_B_MAZ-03;PSZ_B_MAZ-03;0;0;0;0;0;0;0;0;0;
13.03.2026;PSZ_B_OPO-01;PSZ_B_OPO-01;0;0;0;0;0;0;0;0;0;
13.03.2026;PSZ_B_OPO-02;PSZ_B_OPO-02;0;0;0;0;0;0;0;0;0;
13.03.2026;PSZ_B_PDK-01;PSZ_B_PDK-01;0;0;0;0;0;0;0;0;0;
13.03.2026;PSZ_B_PDL-01;PSZ_B_PDL-01;0;0;0;0;0;0;0;0;0;
13.03.2026;PSZ_B_POM-01;PSZ_B_POM-01;0;0;0;0;0;0;0;0;0;
13.03.2026;PSZ_B_POM-02;PSZ_B_POM-02;0;0;0;0;0;0;0;0;0;
13.03.2026;PSZ_B_WLK-01;PSZ_B_WLK-01;0;0;0;0;0;0;0;0;0;
13.03.2026;PSZ_B_WLK-02;PSZ_B_WLK-02;0;0;0;0;0;0;0;0;0;
13.03.2026;PSZ_B_WLK-03;PSZ_B_WLK-03;0;0;0;0;0;0;0;0;0;
13.03.2026;PSZ_B_WLK-04;PSZ_B_WLK-04;0;0;0;0;0;0;0;0;0;
13.03.2026;PSZ_B_WMA-01;PSZ_B_WMA-01;0;0;0;0;0;0;0;0;0;
13.03.2026;PSZ_B_WMA-02;PSZ_B_WMA-02;0;0;0;0;0;0;0;0;0;
13.03.2026;PSZ_B_WMA-03;PSZ_B_WMA-03;0;0;0;0;0;0;0;0;0;
13.03.2026;PSZ_B_WMA-04;PSZ_B_WMA-04;0;0;0;0;0;0;0;0;0;
13.03.2026;PSZ_B_WMA-05;PSZ_B_WMA-05;0;0;0;0;0;0;0;0;0;
13.03.2026;PSZ_B_WMA-06;PSZ_B_WMA-06;0;0;0;0;0;0;0;0;0;
13.03.2026;PSZ_B_ZPO-01;PSZ_B_ZPO-01;0;0;0;0;0;0;0;0;0;
13.03.2026;PSZ_B_ZPO-02;PSZ_B_ZPO-02;0;0;0;0;0;0;0;0;0;
13.03.2026;PSZ_C_DLS-01;PSZ_C_DLS-01;0;0;0;0;0;0;0;0;0;
13.03.2026;PSZ_C_KUJ-01;PSZ_C_KUJ-01;0;0;0;0;0;0;0;0;0;
13.03.2026;PSZ_C_KUJ-02;PSZ_C_KUJ-02;0;0;0;0;0;0;0;0;0;
13.03.2026;PSZ_C_LBL-01;PSZ_C_LBL-01;0;0;0;0;0;0;0;0;0;
13.03.2026;PSZ_C_LBL-02;PSZ_C_LBL-02;0;0;0;0;0;0;0;0;0;
13.03.2026;PSZ_C_LBL-03;PSZ_C_LBL-03;0;0;0;0;0;0;0;0;0;
13.03.2026;PSZ_C_LBL-04;PSZ_C_LBL-04;0;0;0;0;0;0;0;0;0;
13.03.2026;PSZ_C_LBL-05;PSZ_C_LBL-05;0;0;0;0;0;0;0;0;0;
13.03.2026;PSZ_C_LBL-06;PSZ_C_LBL-06;0;0;0;0;0;0;0;0;0;
13.03.2026;PSZ_C_LBL-07;PSZ_C_LBL-07;0;0;0;0;0;0;0;0;0;
13.03.2026;PSZ_C_LBU-01;PSZ_C_LBU-01;0;0;0;0;0;0;0;0;0;
13.03.2026;PSZ_C_LBU-02;PSZ_C_LBU-02;0;0;0;0;0;0;0;0;0;
13.03.2026;PSZ_C_MAZ-01;PSZ_C_MAZ-01;0;0;0;0;0;0;0;0;0;
13.03.2026;PSZ_C_MAZ-02;PSZ_C_MAZ-02;0;0;0;0;0;0;0;0;0;
13.03.2026;PSZ_C_MAZ-03;PSZ_C_MAZ-03;0;0;0;0;0;0;0;0;0;
13.03.2026;PSZ_C_OPO-01;PSZ_C_OPO-01;0;0;0;0;0;0;0;0;0;
13.03.2026;PSZ_C_OPO-02;PSZ_C_OPO-02;0;0;0;0;0;0;0;0;0;
13.03.2026;PSZ_C_PDK-01;PSZ_C_PDK-01;0;0;0;0;0;0;0;0;0;
13.03.2026;PSZ_C_PDL-01;PSZ_C_PDL-01;0;0;0;0;0;0;0;0;0;
13.03.2026;PSZ_C_POM-01;PSZ_C_POM-01;0;0;0;0;0;0;0;0;0;
13.03.2026;PSZ_C_POM-02;PSZ_C_POM-02;0;0;0;0;0;0;0;0;0;
13.03.2026;PSZ_C_WLK-01;PSZ_C_WLK-01;0;0;0;0;0;0;0;0;0;
13.03.2026;PSZ_C_WLK-02;PSZ_C_WLK-02;0;0;0;0;0;0;0;0;0;
13.03.2026;PSZ_C_WLK-03;PSZ_C_WLK-03;0;0;0;0;0;0;0;0;0;
13.03.2026;PSZ_C_WLK-04;PSZ_C_WLK-04;0;0;0;0;0;0;0;0;0;
13.03.2026;PSZ_C_WMA-01;PSZ_C_WMA-01;0;0;0;0;0;0;0;0;0;
13.03.2026;PSZ_C_WMA-02;PSZ_C_WMA-02;0;0;0;0;0;0;0;0;0;
13.03.2026;PSZ_C_WMA-03;PSZ_C_WMA-03;0;0;0;0;0;0;0;0;0;
13.03.2026;PSZ_C_WMA-04;PSZ_C_WMA-04;0;0;0;0;0;0;0;0;0;
13.03.2026;PSZ_C_WMA-05;PSZ_C_WMA-05;0;0;0;0;0;0;0;0;0;
13.03.2026;PSZ_C_WMA-06;PSZ_C_WMA-06;0;0;0;0;0;0;0;0;0;
13.03.2026;PSZ_C_ZPO-01;PSZ_C_ZPO-01;0;0;0;0;0;0;0;0;0;
13.03.2026;PSZ_C_ZPO-02;PSZ_C_ZPO-02;0;0;0;0;0;0;0;0;0;
13.03.2026;RDN-1;RDN_14-03-26_H01;439,27;444,28;439,27;449;0;164;3464,2;1522113,084;2785,7;
13.03.2026;RDN-1;RDN_14-03-26_H02;407,9;412,91;407,9;412,91;0;162;3161,4;1289685,31;2646,2;
13.03.2026;RDN-1;RDN_14-03-26_H03;401;410;400;416;0;159;3123,4;1252851,6;2606,6;
13.03.2026;RDN-1;RDN_14-03-26_H04;399,99;405;399,99;405;0;153;3017,2;1207000,128;2608,6;
13.03.2026;RDN-1;RDN_14-03-26_H05;407,91;412,9;407,91;412,9;0;151;2983,9;1217187,599;2460,9;
13.03.2026;RDN-1;RDN_14-03-26_H06;410,67;415,77;410,67;415,77;0;158;3361,3;1380537,721;2923;
13.03.2026;RDN-1;RDN_14-03-26_H07;418,13;418,13;418,13;418,13;0;175;4069;1701370,97;3483,2;
13.03.2026;RDN-1;RDN_14-03-26_H08;327;327;327;327;0;186;4199;1373073;3322,6;
13.03.2026;RDN-1;RDN_14-03-26_H09;97;96;90;100;0;182;4152,1;402711,7;3350,8;
13.03.2026;RDN-1;RDN_14-03-26_H10;0;5;0;5;0;171;3953,8;155;3221;
13.03.2026;RDN-1;RDN_14-03-26_H11;-0,99;0;-0,99;0;0;158;3747,3;-3665,277;3017,1;
13.03.2026;RDN-1;RDN_14-03-26_H12;-2,99;-10;-10;-2,99;0;153;3769,8;-11517,052;3001,5;
13.03.2026;RDN-1;RDN_14-03-26_H13;-7,42;-10;-10;-7,42;0;150;3815,3;-28399,826;2910,9;
13.03.2026;RDN-1;RDN_14-03-26_H14;-0,99;0;-0,99;0;0;162;3756,7;-3674,583;2903,8;
13.03.2026;RDN-1;RDN_14-03-26_H15;9;9;9;9;0;177;4302,9;38726,1;3635,8;
13.03.2026;RDN-1;RDN_14-03-26_H16;323;328;323;328;0;186;3542,9;1144431,7;2984,7;
13.03.2026;RDN-1;RDN_14-03-26_H17;521;510;510;526;0;149;3027,3;1577136,3;2422,3;
13.03.2026;RDN-1;RDN_14-03-26_H18;628,55;615;615;628,55;0;155;3495,4;2196813,32;3008,3;
13.03.2026;RDN-1;RDN_14-03-26_H19;737,56;737,56;737,56;737,56;0;161;4078,8;3008359,728;3611;
13.03.2026;RDN-1;RDN_14-03-26_H20;689,3;689,3;689,3;689,3;0;149;4202,9;2897058,97;3715,4;
13.03.2026;RDN-1;RDN_14-03-26_H21;617;617;617;617;0;154;3991,6;2462817,2;3384,8;
13.03.2026;RDN-1;RDN_14-03-26_H22;568,08;550;550;568,08;0;146;3472,3;1972182,584;3020,6;
13.03.2026;RDN-1;RDN_14-03-26_H23;513,9;518,9;513,9;518,9;0;153;3256,6;1673591,74;2758,5;
13.03.2026;RDN-1;RDN_14-03-26_H24;491,79;496,8;491,79;496,8;0;148;2873,5;1413183,615;2437,2;
13.03.2026;RZP_A_LBL-01;RZP_A_LBL-01;0;0;0;0;0;0;0;0;0;
13.03.2026;SGT_BASE;SGT_BASE_14-03-26;0;0;0;0;0;0;0;0;0;
13.03.2026;SGT_RDB;SGT_RDB_13-03-26;0;0;0;0;0;0;0;0;0;
13.03.2026;ZTO_B_KUJ-02;ZTO_B_KUJ-02;0;0;0;0;0;0;0;0;0;
13.03.2026;ZTO_B_LBL-01;ZTO_B_LBL-01;0;0;0;0;0;0;0;0;0;
13.03.2026;ZTO_B_LBU-01;ZTO_B_LBU-01;0;0;0;0;0;0;0;0;0;
13.03.2026;ZTO_B_MAZ-01;ZTO_B_MAZ-01;0;0;0;0;0;0;0;0;0;
13.03.2026;ZTO_B_PDL-01;ZTO_B_PDL-01;0;0;0;0;0;0;0;0;0;
13.03.2026;ZTO_B_WLK-01;ZTO_B_WLK-01;0;0;0;0;0;0;0;0;0;
13.03.2026;ZTO_B_WLK-02;ZTO_B_WLK-02;0;0;0;0;0;0;0;0;0;
13.03.2026;ZTO_B_WMA-01;ZTO_B_WMA-01;0;0;0;0;0;0;0;0;0;
13.03.2026;ZTO_B_WMA-02;ZTO_B_WMA-02;0;0;0;0;0;0;0;0;0;
13.03.2026;ZTO_B_WMA-03;ZTO_B_WMA-03;0;0;0;0;0;0;0;0;0;
13.03.2026;ZTO_C_KUJ-02;ZTO_C_KUJ-02;0;0;0;0;0;0;0;0;0;
13.03.2026;ZTO_C_LBL-01;ZTO_C_LBL-01;0;0;0;0;0;0;0;0;0;
13.03.2026;ZTO_C_LBU-01;ZTO_C_LBU-01;0;0;0;0;0;0;0;0;0;
13.03.2026;ZTO_C_MAZ-01;ZTO_C_MAZ-01;0;0;0;0;0;0;0;0;0;
13.03.2026;ZTO_C_PDL-01;ZTO_C_PDL-01;0;0;0;0;0;0;0;0;0;
13.03.2026;ZTO_C_WLK-01;ZTO_C_WLK-01;0;0;0;0;0;0;0;0;0;
13.03.2026;ZTO_C_WLK-02;ZTO_C_WLK-02;0;0;0;0;0;0;0;0;0;
13.03.2026;ZTO_C_WMA-01;ZTO_C_WMA-01;0;0;0;0;0;0;0;0;0;
13.03.2026;ZTO_C_WMA-02;ZTO_C_WMA-02;0;0;0;0;0;0;0;0;0;
13.03.2026;ZTO_C_WMA-03;ZTO_C_WMA-03;0;0;0;0;0;0;0;0;0;
14.03.2026;BASE;BASE_15-03-26;390;470;390;470;0;6;25;244080;16;
14.03.2026;BASE;BASE_16-03-26;0;0;0;0;0;0;0;0;0;
14.03.2026;GAS_BASE;GAS_BASE_15-03-26;240;230,5;230,5;240;0;63;2367;13297628,64;2211;
14.03.2026;GAS_RDB;GAS_RDB_14-03-26;250;229,5;228;250;0;92;21606;5095224,1;20635;
14.03.2026;GLW_BASE;GLW_BASE_15-03-26;0;0;0;0;0;0;0;0;0;
14.03.2026;GLW_RDB;GLW_RDB_14-03-26;0;0;0;0;0;0;0;0;0;
14.03.2026;OFFPEAK;OFFPEAK_15-03-26;0;0;0;0;0;0;0;0;0;
14.03.2026;OFFPEAK;OFFPEAK_16-03-26;0;0;0;0;0;0;0;0;0;
14.03.2026;PEAK;PEAK_15-03-26;0;0;0;0;0;0;0;0;0;
14.03.2026;PEAK;PEAK_16-03-26;0;0;0;0;0;0;0;0;0;
14.03.2026;RDN-1;RDN_15-03-26_H01;492,49;495;492,49;495;0;161;2900,3;1428381,297;2574;
14.03.2026;RDN-1;RDN_15-03-26_H02;451,3;451,3;451,3;451,3;0;157;2667,6;1203887,88;2385,1;
14.03.2026;RDN-1;RDN_15-03-26_H03;447,1;447,1;447,1;447,1;0;157;2586,9;1156602,99;2327,4;
14.03.2026;RDN-1;RDN_15-03-26_H04;452,5;452,5;452,5;452,5;0;156;2412,7;1091746,75;2065,9;
14.03.2026;RDN-1;RDN_15-03-26_H05;465,39;465,39;465,39;465,39;0;140;2241,2;1043032,068;1877,1;
14.03.2026;RDN-1;RDN_15-03-26_H06;474,9;474,9;474,9;474,9;0;140;2186,4;1038321,36;1842,3;
14.03.2026;RDN-1;RDN_15-03-26_H07;478;478;478;478;0;153;2389,5;1142181;1989,9;
14.03.2026;RDN-1;RDN_15-03-26_H08;436;436;436;436;0;148;2211,4;964170,4;1806,2;
14.03.2026;RDN-1;RDN_15-03-26_H09;336;336;336;336;0;161;2391,4;803510,4;1847,1;
14.03.2026;RDN-1;RDN_15-03-26_H10;257;257;257;257;0;168;2602;668714;2002,8;
14.03.2026;RDN-1;RDN_15-03-26_H11;200;200;200;200;0;163;2930,9;586180;2493,4;
14.03.2026;RDN-1;RDN_15-03-26_H12;153;153;153;153;0;148;3004,1;459627,3;2567,1;
14.03.2026;RDN-1;RDN_15-03-26_H13;138,2;138,2;138,2;138,2;0;153;3075,9;425089,38;2604,8;
14.03.2026;RDN-1;RDN_15-03-26_H14;214,66;214,66;214,66;214,66;0;157;2857,4;613369,484;2487,9;
14.03.2026;RDN-1;RDN_15-03-26_H15;347,98;347,98;347,98;347,98;0;166;2731,1;950368,178;2370,6;
14.03.2026;RDN-1;RDN_15-03-26_H16;450;450;450;450;0;152;2607,3;1173285;2342,9;
14.03.2026;RDN-1;RDN_15-03-26_H17;492,44;492,44;492,44;492,44;0;166;3604;1774753,76;3208,2;
14.03.2026;RDN-1;RDN_15-03-26_H18;589,6;589,6;589,6;589,6;0;168;3848,1;2268839,76;3546,2;
14.03.2026;RDN-1;RDN_15-03-26_H19;687;687;687;687;0;170;4563,2;3134918,4;4250,6;
14.03.2026;RDN-1;RDN_15-03-26_H20;719,18;719,18;719,18;719,18;0;176;5183,7;3728013,366;4798,1;
14.03.2026;RDN-1;RDN_15-03-26_H21;800;800;800;800;0;177;4791;3832800;4442,5;
14.03.2026;RDN-1;RDN_15-03-26_H22;580;580;580;580;0;168;4114,2;2386236;3810;
14.03.2026;RDN-1;RDN_15-03-26_H23;580;580;580;580;0;164;3930,2;2279516;3619,3;
14.03.2026;RDN-1;RDN_15-03-26_H24;500;500;500;500;0;164;3528,2;1764100;3112;
14.03.2026;SGT_BASE;SGT_BASE_15-03-26;0;0;0;0;0;0;0;0;0;
14.03.2026;SGT_RDB;SGT_RDB_14-03-26;0;0;0;0;0;0;0;0;0;
15.03.2026;BASE;BASE_16-03-26;540;546;532;547;0;17;97;1254744;40;
15.03.2026;BASE;BASE_17-03-26;0;0;0;0;0;0;0;0;0;
15.03.2026;GAS_BASE;GAS_BASE_16-03-26;239;226,5;224,75;239;0;81;2837;15403577,52;2713;
15.03.2026;GAS_RDB;GAS_RDB_15-03-26;243;228;224,75;243,75;0;59;6892;1602886,43;4669;
15.03.2026;GLW_BASE;GLW_BASE_16-03-26;0;0;0;0;0;0;0;0;0;
15.03.2026;GLW_RDB;GLW_RDB_15-03-26;0;0;0;0;0;0;0;0;0;
15.03.2026;OFFPEAK;OFFPEAK_16-03-26;0;0;0;0;0;0;0;0;0;
15.03.2026;OFFPEAK;OFFPEAK_17-03-26;0;0;0;0;0;0;0;0;0;
15.03.2026;PEAK;PEAK_16-03-26;0;0;0;0;0;0;0;0;0;
15.03.2026;PEAK;PEAK_17-03-26;0;0;0;0;0;0;0;0;0;
15.03.2026;RDN-1;RDN_16-03-26_H01;443,07;433,07;433,07;443,07;0;125;2448,2;1084673,974;2100,4;
15.03.2026;RDN-1;RDN_16-03-26_H02;408,67;393,67;393,67;408,67;0;129;2305,2;941977,584;1913,1;
15.03.2026;RDN-1;RDN_16-03-26_H03;406,2;391,2;391,2;406,2;0;133;2234,3;907509,16;1849,4;
15.03.2026;RDN-1;RDN_16-03-26_H04;400;385;385;400;0;133;2196;878311,4;1774,5;
15.03.2026;RDN-1;RDN_16-03-26_H05;428,6;413,6;413,6;428,6;0;130;2255,7;966577,74;1849,5;
15.03.2026;RDN-1;RDN_16-03-26_H06;473;483;473;483;0;128;2765,9;1308342,7;2331,8;
15.03.2026;RDN-1;RDN_16-03-26_H07;642,02;642,02;642,02;642,02;0;157;3654,7;2346390,494;3148,8;
15.03.2026;RDN-1;RDN_16-03-26_H08;690;691;690;691;0;158;3930,6;2712126,1;3453,6;
15.03.2026;RDN-1;RDN_16-03-26_H09;490;491;490;491;0;149;3927;1924232;3487,7;
15.03.2026;RDN-1;RDN_16-03-26_H10;400,69;400,69;400,69;400,69;0;149;3722,1;1491408,249;3132,2;
15.03.2026;RDN-1;RDN_16-03-26_H11;405,5;405,5;405,5;405,5;0;161;3308,3;1341515,65;2691,9;
15.03.2026;RDN-1;RDN_16-03-26_H12;377,28;378,28;377,28;378,28;0;158;3466,5;1307871,12;2660,4;
15.03.2026;RDN-1;RDN_16-03-26_H13;364;364;364;364;0;148;3204,3;1166365,2;2425,9;
15.03.2026;RDN-1;RDN_16-03-26_H14;403;403;403;403;0;157;3241;1306123;2618,3;
15.03.2026;RDN-1;RDN_16-03-26_H15;436,99;437;436,99;437;0;156;3057,9;1336271,821;2527,6;
15.03.2026;RDN-1;RDN_16-03-26_H16;459,09;459,09;459,09;459,09;0;143;2972,8;1364782,752;2585,6;
15.03.2026;RDN-1;RDN_16-03-26_H17;578,1;578,1;578,1;578,1;0;152;3212,8;1857319,68;2764,6;
15.03.2026;RDN-1;RDN_16-03-26_H18;742,2;742,2;742,2;750;0;144;3019,3;2241041,46;2597,2;
15.03.2026;RDN-1;RDN_16-03-26_H19;930,71;930,71;930,71;930,71;0;164;3989,3;3712881,403;3591,4;
15.03.2026;RDN-1;RDN_16-03-26_H20;786,3;800;786,3;800;0;141;4102,2;3225605,07;3503,7;
15.03.2026;RDN-1;RDN_16-03-26_H21;678,83;750;678,83;750;0;140;3656,2;2482327,871;3009,3;
15.03.2026;RDN-1;RDN_16-03-26_H22;560;561;560;561;0;144;2974,5;1665745,1;2375,8;
15.03.2026;RDN-1;RDN_16-03-26_H23;514;514;514;514;0;141;3042;1563588;2600,7;
15.03.2026;RDN-1;RDN_16-03-26_H24;467,3;490;467,3;490;0;137;2633,9;1230963,6;2004;
15.03.2026;SGT_BASE;SGT_BASE_16-03-26;0;0;0;0;0;0;0;0;0;
15.03.2026;SGT_RDB;SGT_RDB_15-03-26;0;0;0;0;0;0;0;0;0;
16.03.2026;BASE;BASE_17-03-26;550;550;550;562;0;49;287;3810120;215;
16.03.2026;BASE;BASE_18-03-26;0;0;0;0;0;0;0;0;0;
16.03.2026;BASE_M;BASE_M-04-26;418;414,99;414,99;418;413,66;13;22;6586538,4;581;
16.03.2026;BASE_M;BASE_M-05-26;0;0;0;0;415,63;0;0;0;151;
16.03.2026;BASE_M;BASE_M-06-26;435;434;434;435;430,86;2;2;625680;129;
16.03.2026;BASE_M;BASE_M-07-26;0;0;0;0;437,16;0;0;0;4;
16.03.2026;BASE_M;BASE_M-08-26;0;0;0;0;430,69;0;0;0;0;
16.03.2026;BASE_M;BASE_M-09-26;0;0;0;0;455;0;0;0;0;
16.03.2026;BASE_Q;BASE_Q-1-27;0;0;0;0;466,5;0;0;0;28;
16.03.2026;BASE_Q;BASE_Q-2-26;423;424,99;423;424,99;420;14;15;13868378,16;695;
16.03.2026;BASE_Q;BASE_Q-2-27;0;0;0;0;395;0;0;0;16;
16.03.2026;BASE_Q;BASE_Q-3-26;448;448;448;448;440,8;2;2;1978368;550;
16.03.2026;BASE_Q;BASE_Q-3-27;0;0;0;0;417,5;0;0;0;5;
16.03.2026;BASE_Q;BASE_Q-4-26;467;467;467;467;461,1;1;1;1031603;936;
16.03.2026;BASE_W;BASE_W-13-26;458;458;458;458;442,25;1;1;76486;24;
16.03.2026;BASE_W;BASE_W-14-26;0;0;0;0;415,82;0;0;0;5;
16.03.2026;BASE_W;BASE_W-15-26;0;0;0;0;396,34;0;0;0;0;
16.03.2026;BASE_W;BASE_W-16-26;0;0;0;0;415,82;0;0;0;0;
16.03.2026;BASE_W;BASE_W-17-26;0;0;0;0;0;0;0;0;0;
16.03.2026;BASE_Y;BASE_Y-27;432;431,99;431;432;430;11;11;41583632;1042;
16.03.2026;BASE_Y;BASE_Y-28;408;408;408;408,01;409,25;7;8;28671152;248;
16.03.2026;BASE_Y;BASE_Y-29;0;0;0;0;396;0;0;0;22;
16.03.2026;BASE_Y;BASE_Y-30;0;0;0;0;395;0;0;0;1;
16.03.2026;GAS_BASE;GAS_BASE_17-03-26;220;227;219;227;0;111;2522;13479901,92;2094;
16.03.2026;GAS_BASE_M;GAS_BASE_M-01-27;239;233,5;233,5;239;227,5;5;5;879780;404;
16.03.2026;GAS_BASE_M;GAS_BASE_M-02-27;233,5;233;233;233,5;226;4;4;627312;307;
16.03.2026;GAS_BASE_M;GAS_BASE_M-03-27;0;0;0;0;190,79;0;0;0;0;
16.03.2026;GAS_BASE_M;GAS_BASE_M-04-26;225;232;225;232;220,72;15;30;4890240;3681;
16.03.2026;GAS_BASE_M;GAS_BASE_M-05-26;219;219,5;219;220;215,79;6;17;2775120;442;
16.03.2026;GAS_BASE_M;GAS_BASE_M-06-26;217;217;217;217;204,52;6;11;1718640;82;
16.03.2026;GAS_BASE_M;GAS_BASE_M-07-26;0;0;0;0;209,07;0;0;0;21;
16.03.2026;GAS_BASE_M;GAS_BASE_M-08-26;0;0;0;0;211,47;0;0;0;10;
16.03.2026;GAS_BASE_M;GAS_BASE_M-09-26;0;0;0;0;217,42;0;0;0;354;
16.03.2026;GAS_BASE_M;GAS_BASE_M-10-26;0;0;0;0;221,36;0;0;0;34;
16.03.2026;GAS_BASE_M;GAS_BASE_M-11-26;0;0;0;0;222,5;0;0;0;1708;
16.03.2026;GAS_BASE_M;GAS_BASE_M-12-26;234;234;234;234;233,74;1;3;522288;1802;
16.03.2026;GAS_BASE_Q;GAS_BASE_Q-1-27;222;212;212;222;214,4;8;15;6947662;1487;
16.03.2026;GAS_BASE_Q;GAS_BASE_Q-2-26;219;218,25;218,25;219,3;213,7;12;38;18173500,8;7524;
16.03.2026;GAS_BASE_Q;GAS_BASE_Q-2-27;0;0;0;0;176;0;0;0;60;
16.03.2026;GAS_BASE_Q;GAS_BASE_Q-3-26;221;215,1;214;221;212,6;12;26;12439452;6294;
16.03.2026;GAS_BASE_Q;GAS_BASE_Q-3-27;0;0;0;0;167;0;0;0;28;
16.03.2026;GAS_BASE_Q;GAS_BASE_Q-4-26;232;227;227;232;225,9;14;29;14731269;8431;
16.03.2026;GAS_BASE_S;GAS_BASE_S-S-26;0;0;0;0;213,15;0;0;0;72;
16.03.2026;GAS_BASE_S;GAS_BASE_S-S-27;0;0;0;0;171,48;0;0;0;9;
16.03.2026;GAS_BASE_S;GAS_BASE_S-W-26;0;0;0;0;220,22;0;0;0;741;
16.03.2026;GAS_BASE_S;GAS_BASE_S-W-27;0;0;0;0;193,5;0;0;0;30;
16.03.2026;GAS_BASE_W;GAS_BASE_W-13-26;221;221;221;221;213,88;2;15;553605;64;
16.03.2026;GAS_BASE_W;GAS_BASE_W-14-26;0;0;0;0;218,52;0;0;0;0;
16.03.2026;GAS_BASE_W;GAS_BASE_W-15-26;0;0;0;0;218,19;0;0;0;0;
16.03.2026;GAS_BASE_W;GAS_BASE_W-16-26;0;0;0;0;0;0;0;0;0;
16.03.2026;GAS_BASE_Y;GAS_BASE_Y-27;183;179;179;183;180,2;5;8;12728280;4237;
16.03.2026;GAS_BASE_Y;GAS_BASE_Y-28;142,5;142,5;142,5;142,5;140,5;1;1;1251720;612;
16.03.2026;GAS_BASE_Y;GAS_BASE_Y-29;127,25;127,25;127,25;127,25;126;1;3;3344130;69;
16.03.2026;GAS_BASE_Y;GAS_BASE_Y-30;0;0;0;0;122,5;0;0;0;5;
16.03.2026;GAS_RDB;GAS_RDB_16-03-26;220;233,5;219;234;0;83;17973;4069840,75;12130;
16.03.2026;GLW_BASE;GLW_BASE_17-03-26;0;0;0;0;0;0;0;0;0;
16.03.2026;GLW_RDB;GLW_RDB_16-03-26;0;0;0;0;0;0;0;0;0;
16.03.2026;KUK_A_WMA-03;KUK_A_WMA-03;0;0;0;0;0;0;0;0;0;
16.03.2026;OFFPEAK;OFFPEAK_17-03-26;0;0;0;0;0;0;0;0;0;
16.03.2026;OFFPEAK;OFFPEAK_18-03-26;0;0;0;0;0;0;0;0;0;
16.03.2026;OFFPEAK_M;OFFPEAK_M-04-26;0;0;0;0;397,45;0;0;0;0;
16.03.2026;OFFPEAK_M;OFFPEAK_M-05-26;0;0;0;0;410,4;0;0;0;0;
16.03.2026;OFFPEAK_M;OFFPEAK_M-06-26;0;0;0;0;426,67;0;0;0;0;
16.03.2026;OFFPEAK_M;OFFPEAK_M-07-26;0;0;0;0;432;0;0;0;0;
16.03.2026;OFFPEAK_M;OFFPEAK_M-08-26;0;0;0;0;410,45;0;0;0;0;
16.03.2026;OFFPEAK_M;OFFPEAK_M-09-26;0;0;0;0;452,76;0;0;0;0;
16.03.2026;OFFPEAK_Q;OFFPEAK_Q-1-27;0;0;0;0;427,02;0;0;0;0;
16.03.2026;OFFPEAK_Q;OFFPEAK_Q-2-26;0;0;0;0;411,47;0;0;0;0;
16.03.2026;OFFPEAK_Q;OFFPEAK_Q-2-27;0;0;0;0;377,69;0;0;0;0;
16.03.2026;OFFPEAK_Q;OFFPEAK_Q-3-26;0;0;0;0;431,05;0;0;0;0;
16.03.2026;OFFPEAK_Q;OFFPEAK_Q-3-27;0;0;0;0;392,94;0;0;0;0;
16.03.2026;OFFPEAK_Q;OFFPEAK_Q-4-26;0;0;0;0;381,24;0;0;0;0;
16.03.2026;OFFPEAK_W;OFFPEAK_W-13-26;0;0;0;0;448;0;0;0;0;
16.03.2026;OFFPEAK_W;OFFPEAK_W-14-26;0;0;0;0;400,19;0;0;0;0;
16.03.2026;OFFPEAK_W;OFFPEAK_W-15-26;0;0;0;0;376,08;0;0;0;0;
16.03.2026;OFFPEAK_W;OFFPEAK_W-16-26;0;0;0;0;400,19;0;0;0;0;
16.03.2026;OFFPEAK_W;OFFPEAK_W-17-26;0;0;0;0;0;0;0;0;0;
16.03.2026;OFFPEAK_Y;OFFPEAK_Y-27;0;0;0;0;387,95;0;0;0;0;
16.03.2026;OFFPEAK_Y;OFFPEAK_Y-28;0;0;0;0;365,84;0;0;0;0;
16.03.2026;OFFPEAK_Y;OFFPEAK_Y-29;0;0;0;0;366,36;0;0;0;0;
16.03.2026;OFFPEAK_Y;OFFPEAK_Y-30;0;0;0;0;320,69;0;0;0;0;
16.03.2026;PEAK;PEAK_17-03-26;0;0;0;0;0;0;0;0;0;
16.03.2026;PEAK;PEAK_18-03-26;0;0;0;0;0;0;0;0;0;
16.03.2026;PEAK5_M;PEAK5_M-04-26;0;0;0;0;434,5;0;0;0;25;
16.03.2026;PEAK5_M;PEAK5_M-05-26;0;0;0;0;423,36;0;0;0;5;
16.03.2026;PEAK5_M;PEAK5_M-06-26;0;0;0;0;436,26;0;0;0;7;
16.03.2026;PEAK5_M;PEAK5_M-07-26;0;0;0;0;443,14;0;0;0;0;
16.03.2026;PEAK5_M;PEAK5_M-08-26;0;0;0;0;458,27;0;0;0;0;
16.03.2026;PEAK5_M;PEAK5_M-09-26;0;0;0;0;457,65;0;0;0;0;
16.03.2026;PEAK5_Q;PEAK5_Q-1-27;0;0;0;0;520,17;0;0;0;0;
16.03.2026;PEAK5_Q;PEAK5_Q-2-26;0;0;0;0;431,5;0;0;0;94;
16.03.2026;PEAK5_Q;PEAK5_Q-2-27;0;0;0;0;417,69;0;0;0;0;
16.03.2026;PEAK5_Q;PEAK5_Q-3-26;0;0;0;0;452,79;0;0;0;85;
16.03.2026;PEAK5_Q;PEAK5_Q-3-27;0;0;0;0;447,71;0;0;0;0;
16.03.2026;PEAK5_Q;PEAK5_Q-4-26;0;0;0;0;565;0;0;0;127;
16.03.2026;PEAK5_W;PEAK5_W-13-26;0;0;0;0;435,2;0;0;0;0;
16.03.2026;PEAK5_W;PEAK5_W-14-26;0;0;0;0;435,2;0;0;0;0;
16.03.2026;PEAK5_W;PEAK5_W-15-26;0;0;0;0;432,81;0;0;0;0;
16.03.2026;PEAK5_W;PEAK5_W-16-26;0;0;0;0;435,2;0;0;0;0;
16.03.2026;PEAK5_W;PEAK5_W-17-26;0;0;0;0;0;0;0;0;0;
16.03.2026;PEAK5_Y;PEAK5_Y-27;0;0;0;0;485,01;0;0;0;186;
16.03.2026;PEAK5_Y;PEAK5_Y-28;0;0;0;0;467,12;0;0;0;1;
16.03.2026;PEAK5_Y;PEAK5_Y-29;0;0;0;0;435,32;0;0;0;0;
16.03.2026;PEAK5_Y;PEAK5_Y-30;0;0;0;0;494,27;0;0;0;0;
16.03.2026;PMBG;PMBG;0;0;0;0;0;0;0;0;0;
16.03.2026;PMEF-2025;PMEF-2025;0;0;0;0;0;0;0;0;0;
16.03.2026;PMEF-2026;PMEF-2026;0;0;0;0;0;0;0;0;0;
16.03.2026;PMEF_F;PMEF_F;0;0;0;0;0;0;0;0;94779416;
16.03.2026;PMOZE;PMOZE;0;0;0;0;0;0;0;0;0;
16.03.2026;PMOZE_A;PMOZE_A;0;0;0;0;0;3;37601000;0;9871285514;
16.03.2026;PMOZE-BIO;PMOZE-BIO;0;0;0;0;0;0;0;0;569150194;
16.03.2026;PSZ_B_DLS-01;PSZ_B_DLS-01;0;0;0;0;0;0;0;0;0;
16.03.2026;PSZ_B_KUJ-01;PSZ_B_KUJ-01;0;0;0;0;0;0;0;0;0;
16.03.2026;PSZ_B_KUJ-02;PSZ_B_KUJ-02;0;0;0;0;0;0;0;0;0;
16.03.2026;PSZ_B_LBL-01;PSZ_B_LBL-01;0;0;0;0;0;0;0;0;0;
16.03.2026;PSZ_B_LBL-02;PSZ_B_LBL-02;0;0;0;0;0;0;0;0;0;
16.03.2026;PSZ_B_LBL-03;PSZ_B_LBL-03;0;0;0;0;0;0;0;0;0;
16.03.2026;PSZ_B_LBL-04;PSZ_B_LBL-04;0;0;0;0;0;0;0;0;0;
16.03.2026;PSZ_B_LBL-05;PSZ_B_LBL-05;0;0;0;0;0;0;0;0;0;
16.03.2026;PSZ_B_LBL-06;PSZ_B_LBL-06;0;0;0;0;0;0;0;0;0;
16.03.2026;PSZ_B_LBL-07;PSZ_B_LBL-07;0;0;0;0;0;0;0;0;0;
16.03.2026;PSZ_B_LBU-01;PSZ_B_LBU-01;0;0;0;0;0;0;0;0;0;
16.03.2026;PSZ_B_LBU-02;PSZ_B_LBU-02;0;0;0;0;0;0;0;0;0;
16.03.2026;PSZ_B_MAZ-01;PSZ_B_MAZ-01;0;0;0;0;0;0;0;0;0;
16.03.2026;PSZ_B_MAZ-02;PSZ_B_MAZ-02;0;0;0;0;0;0;0;0;0;
16.03.2026;PSZ_B_MAZ-03;PSZ_B_MAZ-03;0;0;0;0;0;0;0;0;0;
16.03.2026;PSZ_B_OPO-01;PSZ_B_OPO-01;0;0;0;0;0;0;0;0;0;
16.03.2026;PSZ_B_OPO-02;PSZ_B_OPO-02;0;0;0;0;0;0;0;0;0;
16.03.2026;PSZ_B_PDK-01;PSZ_B_PDK-01;0;0;0;0;0;0;0;0;0;
16.03.2026;PSZ_B_PDL-01;PSZ_B_PDL-01;0;0;0;0;0;0;0;0;0;
16.03.2026;PSZ_B_POM-01;PSZ_B_POM-01;0;0;0;0;0;0;0;0;0;
16.03.2026;PSZ_B_POM-02;PSZ_B_POM-02;0;0;0;0;0;0;0;0;0;
16.03.2026;PSZ_B_WLK-01;PSZ_B_WLK-01;0;0;0;0;0;0;0;0;0;
16.03.2026;PSZ_B_WLK-02;PSZ_B_WLK-02;0;0;0;0;0;0;0;0;0;
16.03.2026;PSZ_B_WLK-03;PSZ_B_WLK-03;0;0;0;0;0;0;0;0;0;
16.03.2026;PSZ_B_WLK-04;PSZ_B_WLK-04;0;0;0;0;0;0;0;0;0;
16.03.2026;PSZ_B_WMA-01;PSZ_B_WMA-01;0;0;0;0;0;0;0;0;0;
16.03.2026;PSZ_B_WMA-02;PSZ_B_WMA-02;0;0;0;0;0;0;0;0;0;
16.03.2026;PSZ_B_WMA-03;PSZ_B_WMA-03;0;0;0;0;0;0;0;0;0;
16.03.2026;PSZ_B_WMA-04;PSZ_B_WMA-04;0;0;0;0;0;0;0;0;0;
16.03.2026;PSZ_B_WMA-05;PSZ_B_WMA-05;0;0;0;0;0;0;0;0;0;
16.03.2026;PSZ_B_WMA-06;PSZ_B_WMA-06;0;0;0;0;0;0;0;0;0;
16.03.2026;PSZ_B_ZPO-01;PSZ_B_ZPO-01;0;0;0;0;0;0;0;0;0;
16.03.2026;PSZ_B_ZPO-02;PSZ_B_ZPO-02;0;0;0;0;0;0;0;0;0;
16.03.2026;PSZ_C_DLS-01;PSZ_C_DLS-01;0;0;0;0;0;0;0;0;0;
16.03.2026;PSZ_C_KUJ-01;PSZ_C_KUJ-01;0;0;0;0;0;0;0;0;0;
16.03.2026;PSZ_C_KUJ-02;PSZ_C_KUJ-02;0;0;0;0;0;0;0;0;0;
16.03.2026;PSZ_C_LBL-01;PSZ_C_LBL-01;0;0;0;0;0;0;0;0;0;
16.03.2026;PSZ_C_LBL-02;PSZ_C_LBL-02;0;0;0;0;0;0;0;0;0;
16.03.2026;PSZ_C_LBL-03;PSZ_C_LBL-03;0;0;0;0;0;0;0;0;0;
16.03.2026;PSZ_C_LBL-04;PSZ_C_LBL-04;0;0;0;0;0;0;0;0;0;
16.03.2026;PSZ_C_LBL-05;PSZ_C_LBL-05;0;0;0;0;0;0;0;0;0;
16.03.2026;PSZ_C_LBL-06;PSZ_C_LBL-06;0;0;0;0;0;0;0;0;0;
16.03.2026;PSZ_C_LBL-07;PSZ_C_LBL-07;0;0;0;0;0;0;0;0;0;
16.03.2026;PSZ_C_LBU-01;PSZ_C_LBU-01;0;0;0;0;0;0;0;0;0;
16.03.2026;PSZ_C_LBU-02;PSZ_C_LBU-02;0;0;0;0;0;0;0;0;0;
16.03.2026;PSZ_C_MAZ-01;PSZ_C_MAZ-01;0;0;0;0;0;0;0;0;0;
16.03.2026;PSZ_C_MAZ-02;PSZ_C_MAZ-02;0;0;0;0;0;0;0;0;0;
16.03.2026;PSZ_C_MAZ-03;PSZ_C_MAZ-03;0;0;0;0;0;0;0;0;0;
16.03.2026;PSZ_C_OPO-01;PSZ_C_OPO-01;0;0;0;0;0;0;0;0;0;
16.03.2026;PSZ_C_OPO-02;PSZ_C_OPO-02;0;0;0;0;0;0;0;0;0;
16.03.2026;PSZ_C_PDK-01;PSZ_C_PDK-01;0;0;0;0;0;0;0;0;0;
16.03.2026;PSZ_C_PDL-01;PSZ_C_PDL-01;0;0;0;0;0;0;0;0;0;
16.03.2026;PSZ_C_POM-01;PSZ_C_POM-01;0;0;0;0;0;0;0;0;0;
16.03.2026;PSZ_C_POM-02;PSZ_C_POM-02;0;0;0;0;0;0;0;0;0;
16.03.2026;PSZ_C_WLK-01;PSZ_C_WLK-01;0;0;0;0;0;0;0;0;0;
16.03.2026;PSZ_C_WLK-02;PSZ_C_WLK-02;0;0;0;0;0;0;0;0;0;
16.03.2026;PSZ_C_WLK-03;PSZ_C_WLK-03;0;0;0;0;0;0;0;0;0;
16.03.2026;PSZ_C_WLK-04;PSZ_C_WLK-04;0;0;0;0;0;0;0;0;0;
16.03.2026;PSZ_C_WMA-01;PSZ_C_WMA-01;0;0;0;0;0;0;0;0;0;
16.03.2026;PSZ_C_WMA-02;PSZ_C_WMA-02;0;0;0;0;0;0;0;0;0;
16.03.2026;PSZ_C_WMA-03;PSZ_C_WMA-03;0;0;0;0;0;0;0;0;0;
16.03.2026;PSZ_C_WMA-04;PSZ_C_WMA-04;0;0;0;0;0;0;0;0;0;
16.03.2026;PSZ_C_WMA-05;PSZ_C_WMA-05;0;0;0;0;0;0;0;0;0;
16.03.2026;PSZ_C_WMA-06;PSZ_C_WMA-06;0;0;0;0;0;0;0;0;0;
16.03.2026;PSZ_C_ZPO-01;PSZ_C_ZPO-01;0;0;0;0;0;0;0;0;0;
16.03.2026;PSZ_C_ZPO-02;PSZ_C_ZPO-02;0;0;0;0;0;0;0;0;0;
16.03.2026;RDN-1;RDN_17-03-26_H01;450,87;450,87;450,87;450,87;0;155;2534,7;1142820,189;2131,5;
16.03.2026;RDN-1;RDN_17-03-26_H02;450;450;450;450;0;149;2416,7;1087515;2024,8;
16.03.2026;RDN-1;RDN_17-03-26_H03;437,68;437,68;437,68;437,68;0;143;2424,3;1061067,624;1957,2;
16.03.2026;RDN-1;RDN_17-03-26_H04;441,27;441,27;441,27;441,27;0;138;2323,8;1025423,226;1823,5;
16.03.2026;RDN-1;RDN_17-03-26_H05;450,87;450,87;450,87;450,87;0;143;2777,4;1252246,338;2408,8;
16.03.2026;RDN-1;RDN_17-03-26_H06;499,52;499,52;495;499,52;0;156;3124,4;1560599,488;2761,9;
16.03.2026;RDN-1;RDN_17-03-26_H07;617,66;617,66;617,66;617,66;0;152;3786,8;2338954,888;3087;
16.03.2026;RDN-1;RDN_17-03-26_H08;661,01;661,01;650;665;0;161;3409,6;2253622,781;2779,3;
16.03.2026;RDN-1;RDN_17-03-26_H09;568,9;568,9;560;568,9;0;154;3238,5;1842254,65;2799,8;
16.03.2026;RDN-1;RDN_17-03-26_H10;495,82;495,82;495,82;495,82;0;152;3053,7;1514085,534;2651,1;
16.03.2026;RDN-1;RDN_17-03-26_H11;435,3;435,3;435,3;437;0;140;3163,6;1377129,36;2711,1;
16.03.2026;RDN-1;RDN_17-03-26_H12;405,11;405,11;405,11;405,11;0;138;3447,8;1396738,258;2881,6;
16.03.2026;RDN-1;RDN_17-03-26_H13;412,01;412,01;412,01;412,01;0;149;3761,4;1549734,414;3221,1;
16.03.2026;RDN-1;RDN_17-03-26_H14;430;430;430;430;0;146;3673,3;1579519;3152,5;
16.03.2026;RDN-1;RDN_17-03-26_H15;430;430;430;430;0;136;3047;1310210;2694,3;
16.03.2026;RDN-1;RDN_17-03-26_H16;485;485;485;485;0;136;3307,2;1603992;2772,6;
16.03.2026;RDN-1;RDN_17-03-26_H17;593,01;593,01;583,01;593,01;0;147;3679,4;2181660,794;3059,9;
16.03.2026;RDN-1;RDN_17-03-26_H18;760,4;750,4;750,4;760,4;0;149;3793;2884081,2;3236,9;
16.03.2026;RDN-1;RDN_17-03-26_H19;1036,89;1030;1030;1036,89;0;166;4730;4904387,22;4245,8;
16.03.2026;RDN-1;RDN_17-03-26_H20;956,3;920;920;956,3;0;177;4991,2;4772209,56;4383,7;
16.03.2026;RDN-1;RDN_17-03-26_H21;700;680;680;700;0;149;4094,5;2865500;3605,2;
16.03.2026;RDN-1;RDN_17-03-26_H22;557,01;547,01;547,01;557,01;0;132;3111,5;1733036,615;2729,1;
16.03.2026;RDN-1;RDN_17-03-26_H23;485;475;475;485;0;151;3734,6;1811046;3230,9;
16.03.2026;RDN-1;RDN_17-03-26_H24;450;440;440;450;0;157;3301,4;1485345;2969,7;
16.03.2026;RZP_A_LBL-01;RZP_A_LBL-01;0;0;0;0;0;0;0;0;0;
16.03.2026;SGT_BASE;SGT_BASE_17-03-26;0;0;0;0;0;0;0;0;0;
16.03.2026;SGT_RDB;SGT_RDB_16-03-26;0;0;0;0;0;0;0;0;0;
16.03.2026;ZTO_B_KUJ-02;ZTO_B_KUJ-02;0;0;0;0;0;0;0;0;0;
16.03.2026;ZTO_B_LBL-01;ZTO_B_LBL-01;0;0;0;0;0;0;0;0;0;
16.03.2026;ZTO_B_LBU-01;ZTO_B_LBU-01;0;0;0;0;0;0;0;0;0;
16.03.2026;ZTO_B_MAZ-01;ZTO_B_MAZ-01;0;0;0;0;0;0;0;0;0;
16.03.2026;ZTO_B_PDL-01;ZTO_B_PDL-01;0;0;0;0;0;0;0;0;0;
16.03.2026;ZTO_B_WLK-01;ZTO_B_WLK-01;0;0;0;0;0;0;0;0;0;
16.03.2026;ZTO_B_WLK-02;ZTO_B_WLK-02;0;0;0;0;0;0;0;0;0;
16.03.2026;ZTO_B_WMA-01;ZTO_B_WMA-01;0;0;0;0;0;0;0;0;0;
16.03.2026;ZTO_B_WMA-02;ZTO_B_WMA-02;0;0;0;0;0;0;0;0;0;
16.03.2026;ZTO_B_WMA-03;ZTO_B_WMA-03;0;0;0;0;0;0;0;0;0;
16.03.2026;ZTO_C_KUJ-02;ZTO_C_KUJ-02;0;0;0;0;0;0;0;0;0;
16.03.2026;ZTO_C_LBL-01;ZTO_C_LBL-01;0;0;0;0;0;0;0;0;0;
16.03.2026;ZTO_C_LBU-01;ZTO_C_LBU-01;0;0;0;0;0;0;0;0;0;
16.03.2026;ZTO_C_MAZ-01;ZTO_C_MAZ-01;0;0;0;0;0;0;0;0;0;
16.03.2026;ZTO_C_PDL-01;ZTO_C_PDL-01;0;0;0;0;0;0;0;0;0;
16.03.2026;ZTO_C_WLK-01;ZTO_C_WLK-01;0;0;0;0;0;0;0;0;0;
16.03.2026;ZTO_C_WLK-02;ZTO_C_WLK-02;0;0;0;0;0;0;0;0;0;
16.03.2026;ZTO_C_WMA-01;ZTO_C_WMA-01;0;0;0;0;0;0;0;0;0;
16.03.2026;ZTO_C_WMA-02;ZTO_C_WMA-02;0;0;0;0;0;0;0;0;0;
16.03.2026;ZTO_C_WMA-03;ZTO_C_WMA-03;0;0;0;0;0;0;0;0;0;
17.03.2026;BASE;BASE_18-03-26;427;410;410;427;0;21;95;954168,48;70;
17.03.2026;BASE;BASE_19-03-26;0;0;0;0;0;0;0;0;0;
17.03.2026;BASE_M;BASE_M-04-26;410;399;394;410;416,01;82;102;29360880;665;
17.03.2026;BASE_M;BASE_M-05-26;405;405;404;405,5;421,02;11;11;3310428;159;
17.03.2026;BASE_M;BASE_M-06-26;420;418;418;420;435,06;14;14;4221720;138;
17.03.2026;BASE_M;BASE_M-07-26;0;0;0;0;448,1;0;0;0;4;
17.03.2026;BASE_M;BASE_M-08-26;0;0;0;0;440,37;0;0;0;0;
17.03.2026;BASE_M;BASE_M-09-26;0;0;0;0;455,78;0;0;0;0;
17.03.2026;BASE_Q;BASE_Q-1-27;450;452;450;452;465;11;14;13618972;35;
17.03.2026;BASE_Q;BASE_Q-2-26;412;409;404,5;412;424;40;43;38146399,2;712;
17.03.2026;BASE_Q;BASE_Q-2-27;0;0;0;0;382,5;0;0;0;16;
17.03.2026;BASE_Q;BASE_Q-3-26;436,5;436;434;436,5;448;29;41;39402864;557;
17.03.2026;BASE_Q;BASE_Q-3-27;0;0;0;0;420;0;0;0;5;
17.03.2026;BASE_Q;BASE_Q-4-26;456;459;453;459;467;35;46;46284404;964;
17.03.2026;BASE_W;BASE_W-13-26;443;443;443;443;458;4;5;369905;24;
17.03.2026;BASE_W;BASE_W-14-26;0;0;0;0;403,5;0;0;0;5;
17.03.2026;BASE_W;BASE_W-15-26;0;0;0;0;397,78;0;0;0;0;
17.03.2026;BASE_W;BASE_W-16-26;0;0;0;0;417,32;0;0;0;0;
17.03.2026;BASE_W;BASE_W-17-26;0;0;0;0;417,32;0;0;0;0;
17.03.2026;BASE_Y;BASE_Y-27;425;420;420;425;431,21;16;16;58970568;1048;
17.03.2026;BASE_Y;BASE_Y-28;407;405;404;407;408,01;12;12;42646320;250;
17.03.2026;BASE_Y;BASE_Y-29;393;393;393;393;397;3;3;10328040;25;
17.03.2026;BASE_Y;BASE_Y-30;0;0;0;0;395,64;0;0;0;1;
17.03.2026;F-OZE;F-OZE_05-26;0;0;0;0;27,6;0;0;0;0;
17.03.2026;F-OZE;F-OZE_05-27;0;0;0;0;27,6;0;0;0;0;
17.03.2026;F-OZE;F-OZE_11-26;0;0;0;0;27,6;0;0;0;0;
17.03.2026;F-OZE;F-OZE_11-27;0;0;0;0;27,6;0;0;0;0;
17.03.2026;GAS_BASE;GAS_BASE_18-03-26;224;222;221,75;226;0;97;2927;15754248,96;2594;
17.03.2026;GAS_BASE_M;GAS_BASE_M-01-27;233;232;232;233;236,5;5;5;864528;409;
17.03.2026;GAS_BASE_M;GAS_BASE_M-02-27;230;230;229;230;233,5;5;5;772128;312;
17.03.2026;GAS_BASE_M;GAS_BASE_M-03-27;0;0;0;0;172,67;0;0;0;0;
17.03.2026;GAS_BASE_M;GAS_BASE_M-04-26;227;231;226;231;224,54;15;33;5390856;3703;
17.03.2026;GAS_BASE_M;GAS_BASE_M-05-26;217;217,2;214;217,2;217,55;8;20;3217353,6;460;
17.03.2026;GAS_BASE_M;GAS_BASE_M-06-26;212;214,5;212;214,5;214,56;3;14;2151000;89;
17.03.2026;GAS_BASE_M;GAS_BASE_M-07-26;0;0;0;0;214,43;0;0;0;21;
17.03.2026;GAS_BASE_M;GAS_BASE_M-08-26;0;0;0;0;209,98;0;0;0;10;
17.03.2026;GAS_BASE_M;GAS_BASE_M-09-26;0;0;0;0;221,08;0;0;0;354;
17.03.2026;GAS_BASE_M;GAS_BASE_M-10-26;0;0;0;0;222,49;0;0;0;34;
17.03.2026;GAS_BASE_M;GAS_BASE_M-11-26;0;0;0;0;229,5;0;0;0;1708;
17.03.2026;GAS_BASE_M;GAS_BASE_M-12-26;231;230;230;231;234;2;2;342984;1804;
17.03.2026;GAS_BASE_Q;GAS_BASE_Q-1-27;220,9;221;218;221;213,6;9;15;7096719;1487;
17.03.2026;GAS_BASE_Q;GAS_BASE_Q-2-26;221;220;220;222,5;218,87;20;41;19851511,68;7516;
17.03.2026;GAS_BASE_Q;GAS_BASE_Q-2-27;0;0;0;0;178,2;0;0;0;60;
17.03.2026;GAS_BASE_Q;GAS_BASE_Q-3-26;218;220;218;220;215,1;11;27;13034928;6295;
17.03.2026;GAS_BASE_Q;GAS_BASE_Q-3-27;0;0;0;0;183,98;0;0;0;28;
17.03.2026;GAS_BASE_Q;GAS_BASE_Q-4-26;227,01;225;225;227,01;228,65;11;29;14524197;8430;
17.03.2026;GAS_BASE_S;GAS_BASE_S-S-26;0;0;0;0;216,97;0;0;0;72;
17.03.2026;GAS_BASE_S;GAS_BASE_S-S-27;0;0;0;0;181,11;0;0;0;9;
17.03.2026;GAS_BASE_S;GAS_BASE_S-W-26;0;0;0;0;221,21;0;0;0;741;
17.03.2026;GAS_BASE_S;GAS_BASE_S-W-27;0;0;0;0;194,38;0;0;0;30;
17.03.2026;GAS_BASE_W;GAS_BASE_W-13-26;0;0;0;0;221;0;0;0;64;
17.03.2026;GAS_BASE_W;GAS_BASE_W-14-26;0;0;0;0;229;0;0;0;0;
17.03.2026;GAS_BASE_W;GAS_BASE_W-15-26;0;0;0;0;227,88;0;0;0;0;
17.03.2026;GAS_BASE_W;GAS_BASE_W-16-26;0;0;0;0;228,22;0;0;0;0;
17.03.2026;GAS_BASE_Y;GAS_BASE_Y-27;180;179,02;179,02;180;181;2;3;4713230;4237;
17.03.2026;GAS_BASE_Y;GAS_BASE_Y-28;143,5;143,5;143,5;143,5;142,5;3;3;3781512;615;
17.03.2026;GAS_BASE_Y;GAS_BASE_Y-29;0;0;0;0;127,25;0;0;0;69;
17.03.2026;GAS_BASE_Y;GAS_BASE_Y-30;0;0;0;0;132,17;0;0;0;5;
17.03.2026;GAS_RDB;GAS_RDB_17-03-26;229;226;224;230;0;76;12851;2924744,02;7785;
17.03.2026;GLW_BASE;GLW_BASE_18-03-26;0;0;0;0;0;0;0;0;0;
17.03.2026;GLW_RDB;GLW_RDB_17-03-26;0;0;0;0;0;0;0;0;0;
17.03.2026;KUK_A_WMA-03;KUK_A_WMA-03;0;0;0;0;0;0;0;0;0;
17.03.2026;OFFPEAK;OFFPEAK_18-03-26;0;0;0;0;0;0;0;0;0;
17.03.2026;OFFPEAK;OFFPEAK_19-03-26;0;0;0;0;0;0;0;0;0;
17.03.2026;OFFPEAK_M;OFFPEAK_M-04-26;0;0;0;0;398,77;0;0;0;0;
17.03.2026;OFFPEAK_M;OFFPEAK_M-05-26;0;0;0;0;421,36;0;0;0;0;
17.03.2026;OFFPEAK_M;OFFPEAK_M-06-26;0;0;0;0;426,85;0;0;0;0;
17.03.2026;OFFPEAK_M;OFFPEAK_M-07-26;0;0;0;0;449,69;0;0;0;0;
17.03.2026;OFFPEAK_M;OFFPEAK_M-08-26;0;0;0;0;422,5;0;0;0;0;
17.03.2026;OFFPEAK_M;OFFPEAK_M-09-26;0;0;0;0;451,47;0;0;0;0;
17.03.2026;OFFPEAK_Q;OFFPEAK_Q-1-27;0;0;0;0;423,64;0;0;0;0;
17.03.2026;OFFPEAK_Q;OFFPEAK_Q-2-26;0;0;0;0;415,84;0;0;0;0;
17.03.2026;OFFPEAK_Q;OFFPEAK_Q-2-27;0;0;0;0;355,01;0;0;0;0;
17.03.2026;OFFPEAK_Q;OFFPEAK_Q-3-26;0;0;0;0;440,68;0;0;0;0;
17.03.2026;OFFPEAK_Q;OFFPEAK_Q-3-27;0;0;0;0;396,73;0;0;0;0;
17.03.2026;OFFPEAK_Q;OFFPEAK_Q-4-26;0;0;0;0;383,22;0;0;0;0;
17.03.2026;OFFPEAK_W;OFFPEAK_W-13-26;0;0;0;0;470,06;0;0;0;0;
17.03.2026;OFFPEAK_W;OFFPEAK_W-14-26;0;0;0;0;371,48;0;0;0;0;
17.03.2026;OFFPEAK_W;OFFPEAK_W-15-26;0;0;0;0;373,89;0;0;0;0;
17.03.2026;OFFPEAK_W;OFFPEAK_W-16-26;0;0;0;0;396,45;0;0;0;0;
17.03.2026;OFFPEAK_W;OFFPEAK_W-17-26;0;0;0;0;396,45;0;0;0;0;
17.03.2026;OFFPEAK_Y;OFFPEAK_Y-27;0;0;0;0;389,33;0;0;0;0;
17.03.2026;OFFPEAK_Y;OFFPEAK_Y-28;0;0;0;0;364,73;0;0;0;0;
17.03.2026;OFFPEAK_Y;OFFPEAK_Y-29;0;0;0;0;367,29;0;0;0;0;
17.03.2026;OFFPEAK_Y;OFFPEAK_Y-30;0;0;0;0;321,06;0;0;0;0;
17.03.2026;PEAK;PEAK_18-03-26;0;0;0;0;0;0;0;0;0;
17.03.2026;PEAK;PEAK_19-03-26;0;0;0;0;0;0;0;0;0;
17.03.2026;PEAK5_M;PEAK5_M-04-26;0;0;0;0;438,19;0;0;0;25;
17.03.2026;PEAK5_M;PEAK5_M-05-26;0;0;0;0;420,51;0;0;0;5;
17.03.2026;PEAK5_M;PEAK5_M-06-26;0;0;0;0;445,62;0;0;0;7;
17.03.2026;PEAK5_M;PEAK5_M-07-26;0;0;0;0;446,26;0;0;0;0;
17.03.2026;PEAK5_M;PEAK5_M-08-26;0;0;0;0;464,71;0;0;0;0;
17.03.2026;PEAK5_M;PEAK5_M-09-26;0;0;0;0;460,87;0;0;0;0;
17.03.2026;PEAK5_Q;PEAK5_Q-1-27;0;0;0;0;521,24;0;0;0;0;
17.03.2026;PEAK5_Q;PEAK5_Q-2-26;425;425;425;425;435;1;1;395250;95;
17.03.2026;PEAK5_Q;PEAK5_Q-2-27;0;0;0;0;418,54;0;0;0;0;
17.03.2026;PEAK5_Q;PEAK5_Q-3-26;0;0;0;0;457;0;0;0;85;
17.03.2026;PEAK5_Q;PEAK5_Q-3-27;0;0;0;0;448,63;0;0;0;0;
17.03.2026;PEAK5_Q;PEAK5_Q-4-26;556;557;556;557;576;3;5;2671680;131;
17.03.2026;PEAK5_W;PEAK5_W-13-26;0;0;0;0;443,21;0;0;0;0;
17.03.2026;PEAK5_W;PEAK5_W-14-26;0;0;0;0;443,21;0;0;0;0;
17.03.2026;PEAK5_W;PEAK5_W-15-26;0;0;0;0;440,77;0;0;0;0;
17.03.2026;PEAK5_W;PEAK5_W-16-26;0;0;0;0;443,21;0;0;0;0;
17.03.2026;PEAK5_W;PEAK5_W-17-26;0;0;0;0;443,21;0;0;0;0;
17.03.2026;PEAK5_Y;PEAK5_Y-27;474;474;474;474;486;3;4;7195320;188;
17.03.2026;PEAK5_Y;PEAK5_Y-28;0;0;0;0;465,7;0;0;0;1;
17.03.2026;PEAK5_Y;PEAK5_Y-29;0;0;0;0;436,42;0;0;0;0;
17.03.2026;PEAK5_Y;PEAK5_Y-30;0;0;0;0;495,28;0;0;0;0;
17.03.2026;PMBG;PMBG;0;0;0;0;0;0;0;0;0;
17.03.2026;PMEF-2025;PMEF-2025;0;0;0;0;0;0;0;0;0;
17.03.2026;PMEF-2026;PMEF-2026;0;0;0;0;0;0;0;0;0;
17.03.2026;PMEF_F;PMEF_F;2330;2329;2328;2330;0;29;1656974;3859723711;94779416;
17.03.2026;PMOZE;PMOZE;0;0;0;0;0;0;0;0;0;
17.03.2026;PMOZE_A;PMOZE_A;27,8;28,45;27,8;28,49;0;134;92839635;2601271765;9898786514;
17.03.2026;PMOZE-BIO;PMOZE-BIO;305;302;300,7;305;0;13;2697386;811694154;569150194;
17.03.2026;PSZ_B_DLS-01;PSZ_B_DLS-01;0;0;0;0;0;0;0;0;0;
17.03.2026;PSZ_B_KUJ-01;PSZ_B_KUJ-01;0;0;0;0;0;0;0;0;0;
17.03.2026;PSZ_B_KUJ-02;PSZ_B_KUJ-02;0;0;0;0;0;0;0;0;0;
17.03.2026;PSZ_B_LBL-01;PSZ_B_LBL-01;0;0;0;0;0;0;0;0;0;
17.03.2026;PSZ_B_LBL-02;PSZ_B_LBL-02;0;0;0;0;0;0;0;0;0;
17.03.2026;PSZ_B_LBL-03;PSZ_B_LBL-03;0;0;0;0;0;0;0;0;0;
17.03.2026;PSZ_B_LBL-04;PSZ_B_LBL-04;0;0;0;0;0;0;0;0;0;
17.03.2026;PSZ_B_LBL-05;PSZ_B_LBL-05;0;0;0;0;0;0;0;0;0;
17.03.2026;PSZ_B_LBL-06;PSZ_B_LBL-06;0;0;0;0;0;0;0;0;0;
17.03.2026;PSZ_B_LBL-07;PSZ_B_LBL-07;0;0;0;0;0;0;0;0;0;
17.03.2026;PSZ_B_LBU-01;PSZ_B_LBU-01;0;0;0;0;0;0;0;0;0;
17.03.2026;PSZ_B_LBU-02;PSZ_B_LBU-02;0;0;0;0;0;0;0;0;0;
17.03.2026;PSZ_B_MAZ-01;PSZ_B_MAZ-01;0;0;0;0;0;0;0;0;0;
17.03.2026;PSZ_B_MAZ-02;PSZ_B_MAZ-02;0;0;0;0;0;0;0;0;0;
17.03.2026;PSZ_B_MAZ-03;PSZ_B_MAZ-03;0;0;0;0;0;0;0;0;0;
17.03.2026;PSZ_B_OPO-01;PSZ_B_OPO-01;0;0;0;0;0;0;0;0;0;
17.03.2026;PSZ_B_OPO-02;PSZ_B_OPO-02;0;0;0;0;0;0;0;0;0;
17.03.2026;PSZ_B_PDK-01;PSZ_B_PDK-01;0;0;0;0;0;0;0;0;0;
17.03.2026;PSZ_B_PDL-01;PSZ_B_PDL-01;0;0;0;0;0;0;0;0;0;
17.03.2026;PSZ_B_POM-01;PSZ_B_POM-01;0;0;0;0;0;0;0;0;0;
17.03.2026;PSZ_B_POM-02;PSZ_B_POM-02;0;0;0;0;0;0;0;0;0;
17.03.2026;PSZ_B_WLK-01;PSZ_B_WLK-01;0;0;0;0;0;0;0;0;0;
17.03.2026;PSZ_B_WLK-02;PSZ_B_WLK-02;0;0;0;0;0;0;0;0;0;
17.03.2026;PSZ_B_WLK-03;PSZ_B_WLK-03;0;0;0;0;0;0;0;0;0;
17.03.2026;PSZ_B_WLK-04;PSZ_B_WLK-04;0;0;0;0;0;0;0;0;0;
17.03.2026;PSZ_B_WMA-01;PSZ_B_WMA-01;0;0;0;0;0;0;0;0;0;
17.03.2026;PSZ_B_WMA-02;PSZ_B_WMA-02;0;0;0;0;0;0;0;0;0;
17.03.2026;PSZ_B_WMA-03;PSZ_B_WMA-03;0;0;0;0;0;0;0;0;0;
17.03.2026;PSZ_B_WMA-04;PSZ_B_WMA-04;0;0;0;0;0;0;0;0;0;
17.03.2026;PSZ_B_WMA-05;PSZ_B_WMA-05;0;0;0;0;0;0;0;0;0;
17.03.2026;PSZ_B_WMA-06;PSZ_B_WMA-06;0;0;0;0;0;0;0;0;0;
17.03.2026;PSZ_B_ZPO-01;PSZ_B_ZPO-01;0;0;0;0;0;0;0;0;0;
17.03.2026;PSZ_B_ZPO-02;PSZ_B_ZPO-02;0;0;0;0;0;0;0;0;0;
17.03.2026;PSZ_C_DLS-01;PSZ_C_DLS-01;0;0;0;0;0;0;0;0;0;
17.03.2026;PSZ_C_KUJ-01;PSZ_C_KUJ-01;0;0;0;0;0;0;0;0;0;
17.03.2026;PSZ_C_KUJ-02;PSZ_C_KUJ-02;0;0;0;0;0;0;0;0;0;
17.03.2026;PSZ_C_LBL-01;PSZ_C_LBL-01;0;0;0;0;0;0;0;0;0;
17.03.2026;PSZ_C_LBL-02;PSZ_C_LBL-02;0;0;0;0;0;0;0;0;0;
17.03.2026;PSZ_C_LBL-03;PSZ_C_LBL-03;0;0;0;0;0;0;0;0;0;
17.03.2026;PSZ_C_LBL-04;PSZ_C_LBL-04;0;0;0;0;0;0;0;0;0;
17.03.2026;PSZ_C_LBL-05;PSZ_C_LBL-05;0;0;0;0;0;0;0;0;0;
17.03.2026;PSZ_C_LBL-06;PSZ_C_LBL-06;0;0;0;0;0;0;0;0;0;
17.03.2026;PSZ_C_LBL-07;PSZ_C_LBL-07;0;0;0;0;0;0;0;0;0;
17.03.2026;PSZ_C_LBU-01;PSZ_C_LBU-01;0;0;0;0;0;0;0;0;0;
17.03.2026;PSZ_C_LBU-02;PSZ_C_LBU-02;0;0;0;0;0;0;0;0;0;
17.03.2026;PSZ_C_MAZ-01;PSZ_C_MAZ-01;0;0;0;0;0;0;0;0;0;
17.03.2026;PSZ_C_MAZ-02;PSZ_C_MAZ-02;0;0;0;0;0;0;0;0;0;
17.03.2026;PSZ_C_MAZ-03;PSZ_C_MAZ-03;0;0;0;0;0;0;0;0;0;
17.03.2026;PSZ_C_OPO-01;PSZ_C_OPO-01;0;0;0;0;0;0;0;0;0;
17.03.2026;PSZ_C_OPO-02;PSZ_C_OPO-02;0;0;0;0;0;0;0;0;0;
17.03.2026;PSZ_C_PDK-01;PSZ_C_PDK-01;0;0;0;0;0;0;0;0;0;
17.03.2026;PSZ_C_PDL-01;PSZ_C_PDL-01;0;0;0;0;0;0;0;0;0;
17.03.2026;PSZ_C_POM-01;PSZ_C_POM-01;0;0;0;0;0;0;0;0;0;
17.03.2026;PSZ_C_POM-02;PSZ_C_POM-02;0;0;0;0;0;0;0;0;0;
17.03.2026;PSZ_C_WLK-01;PSZ_C_WLK-01;0;0;0;0;0;0;0;0;0;
17.03.2026;PSZ_C_WLK-02;PSZ_C_WLK-02;0;0;0;0;0;0;0;0;0;
17.03.2026;PSZ_C_WLK-03;PSZ_C_WLK-03;0;0;0;0;0;0;0;0;0;
17.03.2026;PSZ_C_WLK-04;PSZ_C_WLK-04;0;0;0;0;0;0;0;0;0;
17.03.2026;PSZ_C_WMA-01;PSZ_C_WMA-01;0;0;0;0;0;0;0;0;0;
17.03.2026;PSZ_C_WMA-02;PSZ_C_WMA-02;0;0;0;0;0;0;0;0;0;
17.03.2026;PSZ_C_WMA-03;PSZ_C_WMA-03;0;0;0;0;0;0;0;0;0;
17.03.2026;PSZ_C_WMA-04;PSZ_C_WMA-04;0;0;0;0;0;0;0;0;0;
17.03.2026;PSZ_C_WMA-05;PSZ_C_WMA-05;0;0;0;0;0;0;0;0;0;
17.03.2026;PSZ_C_WMA-06;PSZ_C_WMA-06;0;0;0;0;0;0;0;0;0;
17.03.2026;PSZ_C_ZPO-01;PSZ_C_ZPO-01;0;0;0;0;0;0;0;0;0;
17.03.2026;PSZ_C_ZPO-02;PSZ_C_ZPO-02;0;0;0;0;0;0;0;0;0;
17.03.2026;RDN-1;RDN_18-03-26_H01;455,87;445,87;445,87;455,87;0;156;2586,9;1179022,703;2166,9;
17.03.2026;RDN-1;RDN_18-03-26_H02;442;432;432;442;0;153;2500,7;1105159,4;2214,9;
17.03.2026;RDN-1;RDN_18-03-26_H03;442;432;432;442;0;151;2664,4;1177514,8;2206,8;
17.03.2026;RDN-1;RDN_18-03-26_H04;450;440;440;450;0;150;2814,9;1266555;2361,4;
17.03.2026;RDN-1;RDN_18-03-26_H05;454;444;444;454;0;146;2696,4;1224015,6;2225,4;
17.03.2026;RDN-1;RDN_18-03-26_H06;512,02;510;510;512,02;0;164;3475,6;1779550,452;2863,8;
17.03.2026;RDN-1;RDN_18-03-26_H07;630;620;620;630;0;174;4484,9;2825147;3621,1;
17.03.2026;RDN-1;RDN_18-03-26_H08;599,25;599;599;599,25;0;153;3423,1;2051287,575;2704,5;
17.03.2026;RDN-1;RDN_18-03-26_H09;438;450;435;450;0;145;2859;1252333,2;2149,1;
17.03.2026;RDN-1;RDN_18-03-26_H10;181;181;181;181;0;163;3573,4;646785,4;3019,5;
17.03.2026;RDN-1;RDN_18-03-26_H11;0,01;-9,99;-9,99;4;0;174;3886,4;-368,437;3291,3;
17.03.2026;RDN-1;RDN_18-03-26_H12;-1,42;0;-1,42;0;0;129;3427,7;-4838,934;2705,6;
17.03.2026;RDN-1;RDN_18-03-26_H13;-3;-13;-13;0;0;128;3452,1;-10446,3;2738,1;
17.03.2026;RDN-1;RDN_18-03-26_H14;-1;-11;-11;0;0;153;3413,9;-3543,9;2768,8;
17.03.2026;RDN-1;RDN_18-03-26_H15;20;1;1;20;0;186;4046,7;80104;3163,6;
17.03.2026;RDN-1;RDN_18-03-26_H16;380;375;375;388;0;154;3341;1269330,8;2561,8;
17.03.2026;RDN-1;RDN_18-03-26_H17;538,96;532;532;538,96;0;157;2955,1;1592471,896;2385,5;
17.03.2026;RDN-1;RDN_18-03-26_H18;711,3;703;703;711,3;0;171;3873,4;2754701,92;3355,4;
17.03.2026;RDN-1;RDN_18-03-26_H19;838,2;828,2;828,2;838,2;0;168;4479,4;3754483,08;3949;
17.03.2026;RDN-1;RDN_18-03-26_H20;776,53;770;770;776,53;0;164;4759,9;3696076,916;4150,5;
17.03.2026;RDN-1;RDN_18-03-26_H21;652,79;650;650;652,79;0;142;3886;2536714,04;3436,7;
17.03.2026;RDN-1;RDN_18-03-26_H22;579;578;578;579;0;144;3610;2090180;2892,5;
17.03.2026;RDN-1;RDN_18-03-26_H23;538;537;528;538;0;139;3740,4;2012241,2;3135,3;
17.03.2026;RDN-1;RDN_18-03-26_H24;493,78;490;483,78;493,78;0;150;3475,4;1715960,886;3051,7;
17.03.2026;RZP_A_LBL-01;RZP_A_LBL-01;0;0;0;0;0;0;0;0;0;
17.03.2026;SGT_BASE;SGT_BASE_18-03-26;0;0;0;0;0;0;0;0;0;
17.03.2026;SGT_RDB;SGT_RDB_17-03-26;0;0;0;0;0;0;0;0;0;
17.03.2026;ZTO_B_KUJ-02;ZTO_B_KUJ-02;0;0;0;0;0;0;0;0;0;
17.03.2026;ZTO_B_LBL-01;ZTO_B_LBL-01;0;0;0;0;0;0;0;0;0;
17.03.2026;ZTO_B_LBU-01;ZTO_B_LBU-01;0;0;0;0;0;0;0;0;0;
17.03.2026;ZTO_B_MAZ-01;ZTO_B_MAZ-01;0;0;0;0;0;0;0;0;0;
17.03.2026;ZTO_B_PDL-01;ZTO_B_PDL-01;0;0;0;0;0;0;0;0;0;
17.03.2026;ZTO_B_WLK-01;ZTO_B_WLK-01;0;0;0;0;0;0;0;0;0;
17.03.2026;ZTO_B_WLK-02;ZTO_B_WLK-02;0;0;0;0;0;0;0;0;0;
17.03.2026;ZTO_B_WMA-01;ZTO_B_WMA-01;0;0;0;0;0;0;0;0;0;
17.03.2026;ZTO_B_WMA-02;ZTO_B_WMA-02;0;0;0;0;0;0;0;0;0;
17.03.2026;ZTO_B_WMA-03;ZTO_B_WMA-03;0;0;0;0;0;0;0;0;0;
17.03.2026;ZTO_C_KUJ-02;ZTO_C_KUJ-02;0;0;0;0;0;0;0;0;0;
17.03.2026;ZTO_C_LBL-01;ZTO_C_LBL-01;0;0;0;0;0;0;0;0;0;
17.03.2026;ZTO_C_LBU-01;ZTO_C_LBU-01;0;0;0;0;0;0;0;0;0;
17.03.2026;ZTO_C_MAZ-01;ZTO_C_MAZ-01;0;0;0;0;0;0;0;0;0;
17.03.2026;ZTO_C_PDL-01;ZTO_C_PDL-01;0;0;0;0;0;0;0;0;0;
17.03.2026;ZTO_C_WLK-01;ZTO_C_WLK-01;0;0;0;0;0;0;0;0;0;
17.03.2026;ZTO_C_WLK-02;ZTO_C_WLK-02;0;0;0;0;0;0;0;0;0;
17.03.2026;ZTO_C_WMA-01;ZTO_C_WMA-01;0;0;0;0;0;0;0;0;0;
17.03.2026;ZTO_C_WMA-02;ZTO_C_WMA-02;0;0;0;0;0;0;0;0;0;
17.03.2026;ZTO_C_WMA-03;ZTO_C_WMA-03;0;0;0;0;0;0;0;0;0;
18.03.2026;BASE;BASE_19-03-26;500;505;460;512;0;56;307;3721752;204;
18.03.2026;BASE;BASE_20-03-26;0;0;0;0;0;0;0;0;0;
18.03.2026;BASE_M;BASE_M-04-26;397;400,5;397;400,5;400,18;45;48;13777120,8;689;
18.03.2026;BASE_M;BASE_M-05-26;405,1;403;403;405,1;405,69;17;19;5706182,4;157;
18.03.2026;BASE_M;BASE_M-06-26;418;417;416,5;418;419,72;6;7;2102760;142;
18.03.2026;BASE_M;BASE_M-07-26;0;0;0;0;431,33;0;0;0;4;
18.03.2026;BASE_M;BASE_M-08-26;0;0;0;0;424;0;0;0;0;
18.03.2026;BASE_M;BASE_M-09-26;0;0;0;0;452;0;0;0;0;
18.03.2026;BASE_Q;BASE_Q-1-27;0;0;0;0;452;0;0;0;36;
18.03.2026;BASE_Q;BASE_Q-2-26;404,5;407;404;407;408,5;40;49;43377297,6;719;
18.03.2026;BASE_Q;BASE_Q-2-27;0;0;0;0;376,5;0;0;0;16;
18.03.2026;BASE_Q;BASE_Q-3-26;433;434;431;434;435,6;31;36;34408920;568;
18.03.2026;BASE_Q;BASE_Q-3-27;0;0;0;0;417,5;0;0;0;5;
18.03.2026;BASE_Q;BASE_Q-4-26;458;458;456;458;458,8;32;33;33339333;976;
18.03.2026;BASE_W;BASE_W-13-26;435;424;424;435;443;9;11;785234;22;
18.03.2026;BASE_W;BASE_W-14-26;399;399;399;399;402,5;1;1;67032;6;
18.03.2026;BASE_W;BASE_W-15-26;0;0;0;0;382,82;0;0;0;0;
18.03.2026;BASE_W;BASE_W-16-26;0;0;0;0;401,64;0;0;0;0;
18.03.2026;BASE_W;BASE_W-17-26;0;0;0;0;401,64;0;0;0;0;
18.03.2026;BASE_Y;BASE_Y-27;419,5;421;419;421;420;7;7;25714980;1054;
18.03.2026;BASE_Y;BASE_Y-28;404,5;406;404,5;406;405;4;4;14234472;253;
18.03.2026;BASE_Y;BASE_Y-29;0;0;0;0;393;0;0;0;25;
18.03.2026;BASE_Y;BASE_Y-30;0;0;0;0;389,91;0;0;0;1;
18.03.2026;GAS_BASE;GAS_BASE_19-03-26;221;243;217;244;0;103;2642;13852231,44;2291;
18.03.2026;GAS_BASE_M;GAS_BASE_M-01-27;235;244;235;244;232,4;7;8;1432200;417;
18.03.2026;GAS_BASE_M;GAS_BASE_M-02-27;240;240;240;240;229,8;1;5;806400;317;
18.03.2026;GAS_BASE_M;GAS_BASE_M-03-27;0;0;0;0;204,53;0;0;0;0;
18.03.2026;GAS_BASE_M;GAS_BASE_M-04-26;224;228;224;228;230,51;13;45;7273432,8;3734;
18.03.2026;GAS_BASE_M;GAS_BASE_M-05-26;219;219;219;219;218,34;3;19;3095784;479;
18.03.2026;GAS_BASE_M;GAS_BASE_M-06-26;219;219;219;219;214,85;4;15;2365200;104;
18.03.2026;GAS_BASE_M;GAS_BASE_M-07-26;0;0;0;0;221,5;0;0;0;21;
18.03.2026;GAS_BASE_M;GAS_BASE_M-08-26;0;0;0;0;217,2;0;0;0;10;
18.03.2026;GAS_BASE_M;GAS_BASE_M-09-26;230;230;230;230;219,5;1;1;165600;355;
18.03.2026;GAS_BASE_M;GAS_BASE_M-10-26;0;0;0;0;219,9;0;0;0;34;
18.03.2026;GAS_BASE_M;GAS_BASE_M-11-26;0;0;0;0;229,5;0;0;0;1708;
18.03.2026;GAS_BASE_M;GAS_BASE_M-12-26;0;0;0;0;230,5;0;0;0;1804;
18.03.2026;GAS_BASE_Q;GAS_BASE_Q-1-27;219;234,5;219;234,5;222;12;30;14218095;1489;
18.03.2026;GAS_BASE_Q;GAS_BASE_Q-2-26;221;221;220;221;221,2;10;42;20211828;7511;
18.03.2026;GAS_BASE_Q;GAS_BASE_Q-2-27;0;0;0;0;178,72;0;0;0;60;
18.03.2026;GAS_BASE_Q;GAS_BASE_Q-3-26;220;227;220;227;219,4;6;32;15617184;6295;
18.03.2026;GAS_BASE_Q;GAS_BASE_Q-3-27;0;0;0;0;184,51;0;0;0;28;
18.03.2026;GAS_BASE_Q;GAS_BASE_Q-4-26;222;232;222;232;226,6;16;49;24179714;8428;
18.03.2026;GAS_BASE_S;GAS_BASE_S-S-26;0;0;0;0;220,3;0;0;0;72;
18.03.2026;GAS_BASE_S;GAS_BASE_S-S-27;0;0;0;0;181,63;0;0;0;9;
18.03.2026;GAS_BASE_S;GAS_BASE_S-W-26;0;0;0;0;224,33;0;0;0;741;
18.03.2026;GAS_BASE_S;GAS_BASE_S-W-27;0;0;0;0;197,12;0;0;0;30;
18.03.2026;GAS_BASE_W;GAS_BASE_W-13-26;0;0;0;0;225,75;0;0;0;64;
18.03.2026;GAS_BASE_W;GAS_BASE_W-14-26;0;0;0;0;227,25;0;0;0;0;
18.03.2026;GAS_BASE_W;GAS_BASE_W-15-26;0;0;0;0;229,88;0;0;0;0;
18.03.2026;GAS_BASE_W;GAS_BASE_W-16-26;0;0;0;0;230,22;0;0;0;0;
18.03.2026;GAS_BASE_Y;GAS_BASE_Y-27;180;189,5;180;189,5;179,51;6;9;14484660;4239;
18.03.2026;GAS_BASE_Y;GAS_BASE_Y-28;140,75;141,75;140,75;141,75;143,5;3;4;4971744;619;
18.03.2026;GAS_BASE_Y;GAS_BASE_Y-29;0;0;0;0;121,5;0;0;0;69;
18.03.2026;GAS_BASE_Y;GAS_BASE_Y-30;0;0;0;0;130,23;0;0;0;5;
18.03.2026;GAS_RDB;GAS_RDB_18-03-26;219;249;219;249;0;75;14621;3374096,39;10299;
18.03.2026;GLW_BASE;GLW_BASE_19-03-26;0;0;0;0;0;0;0;0;0;
18.03.2026;GLW_RDB;GLW_RDB_18-03-26;0;0;0;0;0;0;0;0;0;
18.03.2026;KUK_A_WMA-03;KUK_A_WMA-03;0;0;0;0;0;0;0;0;0;
18.03.2026;OFFPEAK;OFFPEAK_19-03-26;0;0;0;0;0;0;0;0;0;
18.03.2026;OFFPEAK;OFFPEAK_20-03-26;0;0;0;0;0;0;0;0;0;
18.03.2026;OFFPEAK_M;OFFPEAK_M-04-26;0;0;0;0;384,38;0;0;0;0;
18.03.2026;OFFPEAK_M;OFFPEAK_M-05-26;0;0;0;0;401,29;0;0;0;0;
18.03.2026;OFFPEAK_M;OFFPEAK_M-06-26;0;0;0;0;415,42;0;0;0;0;
18.03.2026;OFFPEAK_M;OFFPEAK_M-07-26;0;0;0;0;429,49;0;0;0;0;
18.03.2026;OFFPEAK_M;OFFPEAK_M-08-26;0;0;0;0;403,64;0;0;0;0;
18.03.2026;OFFPEAK_M;OFFPEAK_M-09-26;0;0;0;0;455,69;0;0;0;0;
18.03.2026;OFFPEAK_Q;OFFPEAK_Q-1-27;0;0;0;0;410,54;0;0;0;0;
18.03.2026;OFFPEAK_Q;OFFPEAK_Q-2-26;0;0;0;0;400,39;0;0;0;0;
18.03.2026;OFFPEAK_Q;OFFPEAK_Q-2-27;0;0;0;0;352,32;0;0;0;0;
18.03.2026;OFFPEAK_Q;OFFPEAK_Q-3-26;0;0;0;0;428,77;0;0;0;0;
18.03.2026;OFFPEAK_Q;OFFPEAK_Q-3-27;0;0;0;0;401,2;0;0;0;0;
18.03.2026;OFFPEAK_Q;OFFPEAK_Q-4-26;0;0;0;0;383,32;0;0;0;0;
18.03.2026;OFFPEAK_W;OFFPEAK_W-13-26;0;0;0;0;460,79;0;0;0;0;
18.03.2026;OFFPEAK_W;OFFPEAK_W-14-26;0;0;0;0;387,44;0;0;0;0;
18.03.2026;OFFPEAK_W;OFFPEAK_W-15-26;0;0;0;0;362,81;0;0;0;0;
18.03.2026;OFFPEAK_W;OFFPEAK_W-16-26;0;0;0;0;385,88;0;0;0;0;
18.03.2026;OFFPEAK_W;OFFPEAK_W-17-26;0;0;0;0;385,88;0;0;0;0;
18.03.2026;OFFPEAK_Y;OFFPEAK_Y-27;0;0;0;0;378,73;0;0;0;0;
18.03.2026;OFFPEAK_Y;OFFPEAK_Y-28;0;0;0;0;365,24;0;0;0;0;
18.03.2026;OFFPEAK_Y;OFFPEAK_Y-29;0;0;0;0;363,58;0;0;0;0;
18.03.2026;OFFPEAK_Y;OFFPEAK_Y-30;0;0;0;0;325,88;0;0;0;0;
18.03.2026;PEAK;PEAK_19-03-26;0;0;0;0;0;0;0;0;0;
18.03.2026;PEAK;PEAK_20-03-26;0;0;0;0;0;0;0;0;0;
18.03.2026;PEAK5_M;PEAK5_M-04-26;0;0;0;0;420,5;0;0;0;25;
18.03.2026;PEAK5_M;PEAK5_M-05-26;0;0;0;0;412,2;0;0;0;5;
18.03.2026;PEAK5_M;PEAK5_M-06-26;0;0;0;0;425,24;0;0;0;7;
18.03.2026;PEAK5_M;PEAK5_M-07-26;0;0;0;0;433,45;0;0;0;0;
18.03.2026;PEAK5_M;PEAK5_M-08-26;0;0;0;0;451,73;0;0;0;0;
18.03.2026;PEAK5_M;PEAK5_M-09-26;0;0;0;0;447,64;0;0;0;0;
18.03.2026;PEAK5_Q;PEAK5_Q-1-27;0;0;0;0;508,37;0;0;0;0;
18.03.2026;PEAK5_Q;PEAK5_Q-2-26;414;416;414;416;419,43;4;5;1926960;99;
18.03.2026;PEAK5_Q;PEAK5_Q-2-27;0;0;0;0;408,21;0;0;0;0;
18.03.2026;PEAK5_Q;PEAK5_Q-3-26;440;440;440;440;444;7;13;5662800;98;
18.03.2026;PEAK5_Q;PEAK5_Q-3-27;0;0;0;0;437,55;0;0;0;0;
18.03.2026;PEAK5_Q;PEAK5_Q-4-26;0;0;0;0;557;0;0;0;131;
18.03.2026;PEAK5_W;PEAK5_W-13-26;0;0;0;0;421,17;0;0;0;0;
18.03.2026;PEAK5_W;PEAK5_W-14-26;0;0;0;0;421,17;0;0;0;0;
18.03.2026;PEAK5_W;PEAK5_W-15-26;0;0;0;0;418,86;0;0;0;0;
18.03.2026;PEAK5_W;PEAK5_W-16-26;0;0;0;0;421,17;0;0;0;0;
18.03.2026;PEAK5_W;PEAK5_W-17-26;0;0;0;0;421,17;0;0;0;0;
18.03.2026;PEAK5_Y;PEAK5_Y-27;476;476;476;476;474;1;1;1806420;189;
18.03.2026;PEAK5_Y;PEAK5_Y-28;0;0;0;0;458;0;0;0;1;
18.03.2026;PEAK5_Y;PEAK5_Y-29;0;0;0;0;432,02;0;0;0;0;
18.03.2026;PEAK5_Y;PEAK5_Y-30;0;0;0;0;475,45;0;0;0;0;
18.03.2026;PMBG;PMBG;0;0;0;0;0;0;0;0;0;
18.03.2026;PMEF-2025;PMEF-2025;0;0;0;0;0;0;0;0;0;
18.03.2026;PMEF-2026;PMEF-2026;0;0;0;0;0;0;0;0;0;
18.03.2026;PMEF_F;PMEF_F;0;0;0;0;0;0;0;0;95201089;
18.03.2026;PMOZE;PMOZE;0;0;0;0;0;0;0;0;0;
18.03.2026;PMOZE_A;PMOZE_A;0;0;0;0;0;1;3690151;0;9985997309;
18.03.2026;PMOZE-BIO;PMOZE-BIO;0;0;0;0;0;0;0;0;571808642;
18.03.2026;PSZ_B_DLS-01;PSZ_B_DLS-01;0;0;0;0;0;0;0;0;0;
18.03.2026;PSZ_B_KUJ-01;PSZ_B_KUJ-01;0;0;0;0;0;0;0;0;0;
18.03.2026;PSZ_B_KUJ-02;PSZ_B_KUJ-02;0;0;0;0;0;0;0;0;0;
18.03.2026;PSZ_B_LBL-01;PSZ_B_LBL-01;0;0;0;0;0;0;0;0;0;
18.03.2026;PSZ_B_LBL-02;PSZ_B_LBL-02;0;0;0;0;0;0;0;0;0;
18.03.2026;PSZ_B_LBL-03;PSZ_B_LBL-03;0;0;0;0;0;0;0;0;0;
18.03.2026;PSZ_B_LBL-04;PSZ_B_LBL-04;0;0;0;0;0;0;0;0;0;
18.03.2026;PSZ_B_LBL-05;PSZ_B_LBL-05;0;0;0;0;0;0;0;0;0;
18.03.2026;PSZ_B_LBL-06;PSZ_B_LBL-06;0;0;0;0;0;0;0;0;0;
18.03.2026;PSZ_B_LBL-07;PSZ_B_LBL-07;0;0;0;0;0;0;0;0;0;
18.03.2026;PSZ_B_LBU-01;PSZ_B_LBU-01;0;0;0;0;0;0;0;0;0;
18.03.2026;PSZ_B_LBU-02;PSZ_B_LBU-02;0;0;0;0;0;0;0;0;0;
18.03.2026;PSZ_B_MAZ-01;PSZ_B_MAZ-01;0;0;0;0;0;0;0;0;0;
18.03.2026;PSZ_B_MAZ-02;PSZ_B_MAZ-02;0;0;0;0;0;0;0;0;0;
18.03.2026;PSZ_B_MAZ-03;PSZ_B_MAZ-03;0;0;0;0;0;0;0;0;0;
18.03.2026;PSZ_B_OPO-01;PSZ_B_OPO-01;0;0;0;0;0;0;0;0;0;
18.03.2026;PSZ_B_OPO-02;PSZ_B_OPO-02;0;0;0;0;0;0;0;0;0;
18.03.2026;PSZ_B_PDK-01;PSZ_B_PDK-01;0;0;0;0;0;0;0;0;0;
18.03.2026;PSZ_B_PDL-01;PSZ_B_PDL-01;0;0;0;0;0;0;0;0;0;
18.03.2026;PSZ_B_POM-01;PSZ_B_POM-01;0;0;0;0;0;0;0;0;0;
18.03.2026;PSZ_B_POM-02;PSZ_B_POM-02;0;0;0;0;0;0;0;0;0;
18.03.2026;PSZ_B_WLK-01;PSZ_B_WLK-01;0;0;0;0;0;0;0;0;0;
18.03.2026;PSZ_B_WLK-02;PSZ_B_WLK-02;0;0;0;0;0;0;0;0;0;
18.03.2026;PSZ_B_WLK-03;PSZ_B_WLK-03;0;0;0;0;0;0;0;0;0;
18.03.2026;PSZ_B_WLK-04;PSZ_B_WLK-04;0;0;0;0;0;0;0;0;0;
18.03.2026;PSZ_B_WMA-01;PSZ_B_WMA-01;0;0;0;0;0;0;0;0;0;
18.03.2026;PSZ_B_WMA-02;PSZ_B_WMA-02;0;0;0;0;0;0;0;0;0;
18.03.2026;PSZ_B_WMA-03;PSZ_B_WMA-03;0;0;0;0;0;0;0;0;0;
18.03.2026;PSZ_B_WMA-04;PSZ_B_WMA-04;0;0;0;0;0;0;0;0;0;
18.03.2026;PSZ_B_WMA-05;PSZ_B_WMA-05;0;0;0;0;0;0;0;0;0;
18.03.2026;PSZ_B_WMA-06;PSZ_B_WMA-06;0;0;0;0;0;0;0;0;0;
18.03.2026;PSZ_B_ZPO-01;PSZ_B_ZPO-01;0;0;0;0;0;0;0;0;0;
18.03.2026;PSZ_B_ZPO-02;PSZ_B_ZPO-02;0;0;0;0;0;0;0;0;0;
18.03.2026;PSZ_C_DLS-01;PSZ_C_DLS-01;0;0;0;0;0;0;0;0;0;
18.03.2026;PSZ_C_KUJ-01;PSZ_C_KUJ-01;0;0;0;0;0;0;0;0;0;
18.03.2026;PSZ_C_KUJ-02;PSZ_C_KUJ-02;0;0;0;0;0;0;0;0;0;
18.03.2026;PSZ_C_LBL-01;PSZ_C_LBL-01;0;0;0;0;0;0;0;0;0;
18.03.2026;PSZ_C_LBL-02;PSZ_C_LBL-02;0;0;0;0;0;0;0;0;0;
18.03.2026;PSZ_C_LBL-03;PSZ_C_LBL-03;0;0;0;0;0;0;0;0;0;
18.03.2026;PSZ_C_LBL-04;PSZ_C_LBL-04;0;0;0;0;0;0;0;0;0;
18.03.2026;PSZ_C_LBL-05;PSZ_C_LBL-05;0;0;0;0;0;0;0;0;0;
18.03.2026;PSZ_C_LBL-06;PSZ_C_LBL-06;0;0;0;0;0;0;0;0;0;
18.03.2026;PSZ_C_LBL-07;PSZ_C_LBL-07;0;0;0;0;0;0;0;0;0;
18.03.2026;PSZ_C_LBU-01;PSZ_C_LBU-01;0;0;0;0;0;0;0;0;0;
18.03.2026;PSZ_C_LBU-02;PSZ_C_LBU-02;0;0;0;0;0;0;0;0;0;
18.03.2026;PSZ_C_MAZ-01;PSZ_C_MAZ-01;0;0;0;0;0;0;0;0;0;
18.03.2026;PSZ_C_MAZ-02;PSZ_C_MAZ-02;0;0;0;0;0;0;0;0;0;
18.03.2026;PSZ_C_MAZ-03;PSZ_C_MAZ-03;0;0;0;0;0;0;0;0;0;
18.03.2026;PSZ_C_OPO-01;PSZ_C_OPO-01;0;0;0;0;0;0;0;0;0;
18.03.2026;PSZ_C_OPO-02;PSZ_C_OPO-02;0;0;0;0;0;0;0;0;0;
18.03.2026;PSZ_C_PDK-01;PSZ_C_PDK-01;0;0;0;0;0;0;0;0;0;
18.03.2026;PSZ_C_PDL-01;PSZ_C_PDL-01;0;0;0;0;0;0;0;0;0;
18.03.2026;PSZ_C_POM-01;PSZ_C_POM-01;0;0;0;0;0;0;0;0;0;
18.03.2026;PSZ_C_POM-02;PSZ_C_POM-02;0;0;0;0;0;0;0;0;0;
18.03.2026;PSZ_C_WLK-01;PSZ_C_WLK-01;0;0;0;0;0;0;0;0;0;
18.03.2026;PSZ_C_WLK-02;PSZ_C_WLK-02;0;0;0;0;0;0;0;0;0;
18.03.2026;PSZ_C_WLK-03;PSZ_C_WLK-03;0;0;0;0;0;0;0;0;0;
18.03.2026;PSZ_C_WLK-04;PSZ_C_WLK-04;0;0;0;0;0;0;0;0;0;
18.03.2026;PSZ_C_WMA-01;PSZ_C_WMA-01;0;0;0;0;0;0;0;0;0;
18.03.2026;PSZ_C_WMA-02;PSZ_C_WMA-02;0;0;0;0;0;0;0;0;0;
18.03.2026;PSZ_C_WMA-03;PSZ_C_WMA-03;0;0;0;0;0;0;0;0;0;
18.03.2026;PSZ_C_WMA-04;PSZ_C_WMA-04;0;0;0;0;0;0;0;0;0;
18.03.2026;PSZ_C_WMA-05;PSZ_C_WMA-05;0;0;0;0;0;0;0;0;0;
18.03.2026;PSZ_C_WMA-06;PSZ_C_WMA-06;0;0;0;0;0;0;0;0;0;
18.03.2026;PSZ_C_ZPO-01;PSZ_C_ZPO-01;0;0;0;0;0;0;0;0;0;
18.03.2026;PSZ_C_ZPO-02;PSZ_C_ZPO-02;0;0;0;0;0;0;0;0;0;
18.03.2026;RDN-1;RDN_19-03-26_H01;484;474;474;484;0;163;2644;1279646;2219,4;
18.03.2026;RDN-1;RDN_19-03-26_H02;475;465;465;475;0;166;2945,5;1399062,5;2399,8;
18.03.2026;RDN-1;RDN_19-03-26_H03;470,26;470;470;470,26;0;157;2977,6;1400243,576;2478,8;
18.03.2026;RDN-1;RDN_19-03-26_H04;480;480;480;480;0;163;3004,2;1442016;2445,1;
18.03.2026;RDN-1;RDN_19-03-26_H05;502,38;505;502;505;0;162;3180,7;1597967,312;2676,3;
18.03.2026;RDN-1;RDN_19-03-26_H06;555,7;557;552;560;0;159;3435,6;1909199,52;2909,6;
18.03.2026;RDN-1;RDN_19-03-26_H07;703,78;699;699;703,78;0;165;4089,7;2878167,624;3540,7;
18.03.2026;RDN-1;RDN_19-03-26_H08;681,5;720;681,5;720;0;149;3311,3;2257242,7;2764,5;
18.03.2026;RDN-1;RDN_19-03-26_H09;517;517;517;517;0;165;3120,7;1613401,9;2452,5;
18.03.2026;RDN-1;RDN_19-03-26_H10;391,5;391,5;391,5;391,5;0;145;3011,3;1178923,95;2145,3;
18.03.2026;RDN-1;RDN_19-03-26_H11;157;187;157;187;0;147;3827,2;600876,4;3051;
18.03.2026;RDN-1;RDN_19-03-26_H12;25;25;25;25;0;174;4091;102275;3480,8;
18.03.2026;RDN-1;RDN_19-03-26_H13;12,6;20;12,6;20;0;175;3767,2;48182,3;3307,3;
18.03.2026;RDN-1;RDN_19-03-26_H14;50,59;45,01;45;50,59;0;182;3566,5;180151,153;2970,5;
18.03.2026;RDN-1;RDN_19-03-26_H15;300,11;300,11;300,11;300,11;0;167;3473,4;1042402,074;2847,3;
18.03.2026;RDN-1;RDN_19-03-26_H16;433,97;433,97;433,97;433,97;0;154;2899,3;1258209,221;2343,4;
18.03.2026;RDN-1;RDN_19-03-26_H17;549;549;549;549;0;160;3039;1668411;2520;
18.03.2026;RDN-1;RDN_19-03-26_H18;731,19;731,19;731,19;731,19;0;158;4294,3;3139949,217;3764;
18.03.2026;RDN-1;RDN_19-03-26_H19;928,08;935;928;935;0;167;4921,4;4567658,912;4401,9;
18.03.2026;RDN-1;RDN_19-03-26_H20;899,89;1099,99;899,89;1099,99;0;158;5021,5;4519457,965;4528,5;
18.03.2026;RDN-1;RDN_19-03-26_H21;726,84;726,84;726,84;726,84;0;150;4676,7;3399212,628;4029,5;
18.03.2026;RDN-1;RDN_19-03-26_H22;594;594;594;594;0;150;4007,3;2380336,2;3330,8;
18.03.2026;RDN-1;RDN_19-03-26_H23;569,47;570;569,47;570;0;162;4052,3;2307673,881;3472,8;
18.03.2026;RDN-1;RDN_19-03-26_H24;529,06;530;529,06;530;0;160;3491;1846955,98;2895,3;
18.03.2026;RZP_A_LBL-01;RZP_A_LBL-01;0;0;0;0;0;0;0;0;0;
18.03.2026;SGT_BASE;SGT_BASE_19-03-26;0;0;0;0;0;0;0;0;0;
18.03.2026;SGT_RDB;SGT_RDB_18-03-26;0;0;0;0;0;0;0;0;0;
18.03.2026;ZTO_B_KUJ-02;ZTO_B_KUJ-02;0;0;0;0;0;0;0;0;0;
18.03.2026;ZTO_B_LBL-01;ZTO_B_LBL-01;0;0;0;0;0;0;0;0;0;
18.03.2026;ZTO_B_LBU-01;ZTO_B_LBU-01;0;0;0;0;0;0;0;0;0;
18.03.2026;ZTO_B_MAZ-01;ZTO_B_MAZ-01;0;0;0;0;0;0;0;0;0;
18.03.2026;ZTO_B_PDL-01;ZTO_B_PDL-01;0;0;0;0;0;0;0;0;0;
18.03.2026;ZTO_B_WLK-01;ZTO_B_WLK-01;0;0;0;0;0;0;0;0;0;
18.03.2026;ZTO_B_WLK-02;ZTO_B_WLK-02;0;0;0;0;0;0;0;0;0;
18.03.2026;ZTO_B_WMA-01;ZTO_B_WMA-01;0;0;0;0;0;0;0;0;0;
18.03.2026;ZTO_B_WMA-02;ZTO_B_WMA-02;0;0;0;0;0;0;0;0;0;
18.03.2026;ZTO_B_WMA-03;ZTO_B_WMA-03;0;0;0;0;0;0;0;0;0;
18.03.2026;ZTO_C_KUJ-02;ZTO_C_KUJ-02;0;0;0;0;0;0;0;0;0;
18.03.2026;ZTO_C_LBL-01;ZTO_C_LBL-01;0;0;0;0;0;0;0;0;0;
18.03.2026;ZTO_C_LBU-01;ZTO_C_LBU-01;0;0;0;0;0;0;0;0;0;
18.03.2026;ZTO_C_MAZ-01;ZTO_C_MAZ-01;0;0;0;0;0;0;0;0;0;
18.03.2026;ZTO_C_PDL-01;ZTO_C_PDL-01;0;0;0;0;0;0;0;0;0;
18.03.2026;ZTO_C_WLK-01;ZTO_C_WLK-01;0;0;0;0;0;0;0;0;0;
18.03.2026;ZTO_C_WLK-02;ZTO_C_WLK-02;0;0;0;0;0;0;0;0;0;
18.03.2026;ZTO_C_WMA-01;ZTO_C_WMA-01;0;0;0;0;0;0;0;0;0;
18.03.2026;ZTO_C_WMA-02;ZTO_C_WMA-02;0;0;0;0;0;0;0;0;0;
18.03.2026;ZTO_C_WMA-03;ZTO_C_WMA-03;0;0;0;0;0;0;0;0;0;
19.03.2026;BASE;BASE_20-03-26;580;612;570;620;0;75;537;7589808;447;
19.03.2026;BASE;BASE_21-03-26;0;0;0;0;0;0;0;0;0;
19.03.2026;BASE_M;BASE_M-04-26;415;412,5;410;420;400,11;66;78;23209848;730;
19.03.2026;BASE_M;BASE_M-05-26;409;413;408;413;402,7;13;18;5496002,4;171;
19.03.2026;BASE_M;BASE_M-06-26;425;426;424,99;426;417,06;9;11;3366698;145;
19.03.2026;BASE_M;BASE_M-07-26;430;430;430;430;420;1;1;319920;4;
19.03.2026;BASE_M;BASE_M-08-26;0;0;0;0;425,6;0;0;0;0;
19.03.2026;BASE_M;BASE_M-09-26;0;0;0;0;455;0;0;0;0;
19.03.2026;BASE_Q;BASE_Q-1-27;452;452,02;452;452,1;453,5;5;6;5855575;42;
19.03.2026;BASE_Q;BASE_Q-2-26;415;418;415;421;406,58;36;51;46543245,84;725;
19.03.2026;BASE_Q;BASE_Q-2-27;385;385;385;385;377;1;1;840840;17;
19.03.2026;BASE_Q;BASE_Q-3-26;445;449;441;449;433,3;35;48;47125344;591;
19.03.2026;BASE_Q;BASE_Q-3-27;0;0;0;0;416,5;0;0;0;5;
19.03.2026;BASE_Q;BASE_Q-4-26;465;470;463;474;456,8;46;61;62943025;986;
19.03.2026;BASE_W;BASE_W-13-26;456;440;440;456;425;10;22;1641777;43;
19.03.2026;BASE_W;BASE_W-14-26;0;0;0;0;399;0;0;0;6;
19.03.2026;BASE_W;BASE_W-15-26;0;0;0;0;383,59;0;0;0;0;
19.03.2026;BASE_W;BASE_W-16-26;0;0;0;0;402,44;0;0;0;0;
19.03.2026;BASE_W;BASE_W-17-26;0;0;0;0;402,44;0;0;0;0;
19.03.2026;BASE_WEEKEND;BASE_WEEKEND_12-26;0;0;0;0;0;0;0;0;0;
19.03.2026;BASE_Y;BASE_Y-27;423;420;420;425;419,4;31;35;129161995;1071;
19.03.2026;BASE_Y;BASE_Y-28;407;405;405;407;406;6;6;21397824;254;
19.03.2026;BASE_Y;BASE_Y-29;0;0;0;0;395;0;0;0;25;
19.03.2026;BASE_Y;BASE_Y-30;0;0;0;0;390,71;0;0;0;1;
19.03.2026;F-OZE;F-OZE_05-26;0;0;0;0;27,6;0;0;0;0;
19.03.2026;F-OZE;F-OZE_05-27;0;0;0;0;27,6;0;0;0;0;
19.03.2026;F-OZE;F-OZE_11-26;0;0;0;0;27,6;0;0;0;0;
19.03.2026;F-OZE;F-OZE_11-27;0;0;0;0;27,6;0;0;0;0;
19.03.2026;GAS_BASE;GAS_BASE_20-03-26;289;280;267;289;0;115;2690;17672424,72;2348;
19.03.2026;GAS_BASE_M;GAS_BASE_M-01-27;0;0;0;0;242,2;0;0;0;417;
19.03.2026;GAS_BASE_M;GAS_BASE_M-02-27;0;0;0;0;240;0;0;0;317;
19.03.2026;GAS_BASE_M;GAS_BASE_M-03-27;0;0;0;0;185,78;0;0;0;0;
19.03.2026;GAS_BASE_M;GAS_BASE_M-04-26;295,01;279,99;279,99;295,01;228,91;18;50;10219680;3759;
19.03.2026;GAS_BASE_M;GAS_BASE_M-05-26;290;279,4;270,11;290;220,06;13;39;8028318;494;
19.03.2026;GAS_BASE_M;GAS_BASE_M-06-26;274;275;274;275;220,13;5;14;2766960;118;
19.03.2026;GAS_BASE_M;GAS_BASE_M-07-26;0;0;0;0;218,14;0;0;0;21;
19.03.2026;GAS_BASE_M;GAS_BASE_M-08-26;0;0;0;0;217,73;0;0;0;10;
19.03.2026;GAS_BASE_M;GAS_BASE_M-09-26;0;0;0;0;231,01;0;0;0;355;
19.03.2026;GAS_BASE_M;GAS_BASE_M-10-26;0;0;0;0;222,14;0;0;0;34;
19.03.2026;GAS_BASE_M;GAS_BASE_M-11-26;0;0;0;0;234;0;0;0;1708;
19.03.2026;GAS_BASE_M;GAS_BASE_M-12-26;0;0;0;0;234;0;0;0;1804;
19.03.2026;GAS_BASE_Q;GAS_BASE_Q-1-27;265;265;265;265;222,1;9;27;15447645;1487;
19.03.2026;GAS_BASE_Q;GAS_BASE_Q-2-26;275,01;275;275;276;223;16;65;39082898,4;7489;
19.03.2026;GAS_BASE_Q;GAS_BASE_Q-2-27;0;0;0;0;183,19;0;0;0;60;
19.03.2026;GAS_BASE_Q;GAS_BASE_Q-3-26;266,25;273;266,25;273;222,2;9;34;20080656;6295;
19.03.2026;GAS_BASE_Q;GAS_BASE_Q-3-27;0;0;0;0;189,14;0;0;0;28;
19.03.2026;GAS_BASE_Q;GAS_BASE_Q-4-26;285,16;272;268;285,16;230;16;73;43905465;8431;
19.03.2026;GAS_BASE_S;GAS_BASE_S-S-26;0;0;0;0;222,6;0;0;0;72;
19.03.2026;GAS_BASE_S;GAS_BASE_S-S-27;0;0;0;0;186,18;0;0;0;9;
19.03.2026;GAS_BASE_S;GAS_BASE_S-W-26;0;0;0;0;226,1;0;0;0;741;
19.03.2026;GAS_BASE_S;GAS_BASE_S-W-27;0;0;0;0;198,67;0;0;0;30;
19.03.2026;GAS_BASE_W;GAS_BASE_W-13-26;265,01;270;265;270;224;4;8;354876,67;71;
19.03.2026;GAS_BASE_W;GAS_BASE_W-14-26;0;0;0;0;224;0;0;0;0;
19.03.2026;GAS_BASE_W;GAS_BASE_W-15-26;0;0;0;0;228,18;0;0;0;0;
19.03.2026;GAS_BASE_W;GAS_BASE_W-16-26;0;0;0;0;228,52;0;0;0;0;
19.03.2026;GAS_BASE_Y;GAS_BASE_Y-27;217,21;213;213;217,21;186,7;6;11;20649160;4236;
19.03.2026;GAS_BASE_Y;GAS_BASE_Y-28;157,25;157;156;157,25;141,42;6;5;6888852;624;
19.03.2026;GAS_BASE_Y;GAS_BASE_Y-29;130;132;130;132;120,13;4;3;3433920;71;
19.03.2026;GAS_BASE_Y;GAS_BASE_Y-30;0;0;0;0;131,11;0;0;0;5;
19.03.2026;GAS_RDB;GAS_RDB_19-03-26;281;278;268;290;0;63;7608;2142908,5;4009;
19.03.2026;GAS_WEEKEND;GAS_WEEKEND_12-26;263;271,1;263;275;0;7;157;2034408;157;
19.03.2026;GLW_BASE;GLW_BASE_20-03-26;0;0;0;0;0;0;0;0;0;
19.03.2026;GLW_RDB;GLW_RDB_19-03-26;0;0;0;0;0;0;0;0;0;
19.03.2026;KUK_A_WMA-03;KUK_A_WMA-03;0;0;0;0;0;0;0;0;0;
19.03.2026;OFFPEAK;OFFPEAK_20-03-26;0;0;0;0;0;0;0;0;0;
19.03.2026;OFFPEAK;OFFPEAK_21-03-26;0;0;0;0;0;0;0;0;0;
19.03.2026;OFFPEAK_M;OFFPEAK_M-04-26;0;0;0;0;388,91;0;0;0;0;
19.03.2026;OFFPEAK_M;OFFPEAK_M-05-26;0;0;0;0;399,19;0;0;0;0;
19.03.2026;OFFPEAK_M;OFFPEAK_M-06-26;0;0;0;0;414,15;0;0;0;0;
19.03.2026;OFFPEAK_M;OFFPEAK_M-07-26;0;0;0;0;412,19;0;0;0;0;
19.03.2026;OFFPEAK_M;OFFPEAK_M-08-26;0;0;0;0;408,57;0;0;0;0;
19.03.2026;OFFPEAK_M;OFFPEAK_M-09-26;0;0;0;0;465,09;0;0;0;0;
19.03.2026;OFFPEAK_Q;OFFPEAK_Q-1-27;0;0;0;0;411,57;0;0;0;0;
19.03.2026;OFFPEAK_Q;OFFPEAK_Q-2-26;0;0;0;0;400,7;0;0;0;0;
19.03.2026;OFFPEAK_Q;OFFPEAK_Q-2-27;0;0;0;0;351,88;0;0;0;0;
19.03.2026;OFFPEAK_Q;OFFPEAK_Q-3-26;0;0;0;0;427,85;0;0;0;0;
19.03.2026;OFFPEAK_Q;OFFPEAK_Q-3-27;0;0;0;0;397,89;0;0;0;0;
19.03.2026;OFFPEAK_Q;OFFPEAK_Q-4-26;0;0;0;0;380,17;0;0;0;0;
19.03.2026;OFFPEAK_W;OFFPEAK_W-13-26;0;0;0;0;433,02;0;0;0;0;
19.03.2026;OFFPEAK_W;OFFPEAK_W-14-26;0;0;0;0;385,97;0;0;0;0;
19.03.2026;OFFPEAK_W;OFFPEAK_W-15-26;0;0;0;0;367,32;0;0;0;0;
19.03.2026;OFFPEAK_W;OFFPEAK_W-16-26;0;0;0;0;392,18;0;0;0;0;
19.03.2026;OFFPEAK_W;OFFPEAK_W-17-26;0;0;0;0;392,18;0;0;0;0;
19.03.2026;OFFPEAK_Y;OFFPEAK_Y-27;0;0;0;0;376,14;0;0;0;0;
19.03.2026;OFFPEAK_Y;OFFPEAK_Y-28;0;0;0;0;372,99;0;0;0;0;
19.03.2026;OFFPEAK_Y;OFFPEAK_Y-29;0;0;0;0;365,44;0;0;0;0;
19.03.2026;OFFPEAK_Y;OFFPEAK_Y-30;0;0;0;0;329,58;0;0;0;0;
19.03.2026;OFFP_WEEKEND;OFFP_WEEKEND_12-26;0;0;0;0;0;0;0;0;0;
19.03.2026;PEAK;PEAK_20-03-26;0;0;0;0;0;0;0;0;0;
19.03.2026;PEAK;PEAK_21-03-26;0;0;0;0;0;0;0;0;0;
19.03.2026;PEAK5_M;PEAK5_M-04-26;427;427;427;427;414,5;1;1;134505;25;
19.03.2026;PEAK5_M;PEAK5_M-05-26;0;0;0;0;407,89;0;0;0;5;
19.03.2026;PEAK5_M;PEAK5_M-06-26;0;0;0;0;420,79;0;0;0;7;
19.03.2026;PEAK5_M;PEAK5_M-07-26;0;0;0;0;429,03;0;0;0;0;
19.03.2026;PEAK5_M;PEAK5_M-08-26;0;0;0;0;448,8;0;0;0;0;
19.03.2026;PEAK5_M;PEAK5_M-09-26;0;0;0;0;443,07;0;0;0;0;
19.03.2026;PEAK5_Q;PEAK5_Q-1-27;0;0;0;0;510,51;0;0;0;0;
19.03.2026;PEAK5_Q;PEAK5_Q-2-26;0;0;0;0;414,5;0;0;0;99;
19.03.2026;PEAK5_Q;PEAK5_Q-2-27;0;0;0;0;409,93;0;0;0;0;
19.03.2026;PEAK5_Q;PEAK5_Q-3-26;450;450;450;450;440;2;2;891000;100;
19.03.2026;PEAK5_Q;PEAK5_Q-3-27;0;0;0;0;439,4;0;0;0;0;
19.03.2026;PEAK5_Q;PEAK5_Q-4-26;570;570;570;570;556,5;9;11;6019200;141;
19.03.2026;PEAK5_W;PEAK5_W-13-26;0;0;0;0;415,16;0;0;0;0;
19.03.2026;PEAK5_W;PEAK5_W-14-26;0;0;0;0;415,16;0;0;0;0;
19.03.2026;PEAK5_W;PEAK5_W-15-26;0;0;0;0;412,88;0;0;0;0;
19.03.2026;PEAK5_W;PEAK5_W-16-26;0;0;0;0;415,16;0;0;0;0;
19.03.2026;PEAK5_W;PEAK5_W-17-26;0;0;0;0;415,16;0;0;0;0;
19.03.2026;PEAK5_Y;PEAK5_Y-27;0;0;0;0;476;0;0;0;189;
19.03.2026;PEAK5_Y;PEAK5_Y-28;0;0;0;0;450;0;0;0;1;
19.03.2026;PEAK5_Y;PEAK5_Y-29;0;0;0;0;434,22;0;0;0;0;
19.03.2026;PEAK5_Y;PEAK5_Y-30;0;0;0;0;472,38;0;0;0;0;
19.03.2026;PEAK_WEEKEND;PEAK_WEEKEND_12-26;0;0;0;0;0;0;0;0;0;
19.03.2026;PMBG;PMBG;0;0;0;0;0;0;0;0;0;
19.03.2026;PMEF-2025;PMEF-2025;0;0;0;0;0;0;0;0;0;
19.03.2026;PMEF-2026;PMEF-2026;0;0;0;0;0;0;0;0;0;
19.03.2026;PMEF_F;PMEF_F;2329;2329;2327,05;2329;0;38;1574423;3666239230;95201089;
19.03.2026;PMOZE;PMOZE;0;0;0;0;0;0;0;0;0;
19.03.2026;PMOZE_A;PMOZE_A;28;28;27,9;28,2;0;106;82799993;2319421804;9985997309;
19.03.2026;PMOZE-BIO;PMOZE-BIO;305;305;302;305;0;6;550000;167400000;571808642;
19.03.2026;PSZ_B_DLS-01;PSZ_B_DLS-01;0;0;0;0;0;0;0;0;0;
19.03.2026;PSZ_B_KUJ-01;PSZ_B_KUJ-01;0;0;0;0;0;0;0;0;0;
19.03.2026;PSZ_B_KUJ-02;PSZ_B_KUJ-02;0;0;0;0;0;0;0;0;0;
19.03.2026;PSZ_B_LBL-01;PSZ_B_LBL-01;0;0;0;0;0;0;0;0;0;
19.03.2026;PSZ_B_LBL-02;PSZ_B_LBL-02;0;0;0;0;0;0;0;0;0;
19.03.2026;PSZ_B_LBL-03;PSZ_B_LBL-03;0;0;0;0;0;0;0;0;0;
19.03.2026;PSZ_B_LBL-04;PSZ_B_LBL-04;0;0;0;0;0;0;0;0;0;
19.03.2026;PSZ_B_LBL-05;PSZ_B_LBL-05;0;0;0;0;0;0;0;0;0;
19.03.2026;PSZ_B_LBL-06;PSZ_B_LBL-06;0;0;0;0;0;0;0;0;0;
19.03.2026;PSZ_B_LBL-07;PSZ_B_LBL-07;0;0;0;0;0;0;0;0;0;
19.03.2026;PSZ_B_LBU-01;PSZ_B_LBU-01;0;0;0;0;0;0;0;0;0;
19.03.2026;PSZ_B_LBU-02;PSZ_B_LBU-02;0;0;0;0;0;0;0;0;0;
19.03.2026;PSZ_B_MAZ-01;PSZ_B_MAZ-01;0;0;0;0;0;0;0;0;0;
19.03.2026;PSZ_B_MAZ-02;PSZ_B_MAZ-02;0;0;0;0;0;0;0;0;0;
19.03.2026;PSZ_B_MAZ-03;PSZ_B_MAZ-03;0;0;0;0;0;0;0;0;0;
19.03.2026;PSZ_B_OPO-01;PSZ_B_OPO-01;0;0;0;0;0;0;0;0;0;
19.03.2026;PSZ_B_OPO-02;PSZ_B_OPO-02;0;0;0;0;0;0;0;0;0;
19.03.2026;PSZ_B_PDK-01;PSZ_B_PDK-01;0;0;0;0;0;0;0;0;0;
19.03.2026;PSZ_B_PDL-01;PSZ_B_PDL-01;0;0;0;0;0;0;0;0;0;
19.03.2026;PSZ_B_POM-01;PSZ_B_POM-01;0;0;0;0;0;0;0;0;0;
19.03.2026;PSZ_B_POM-02;PSZ_B_POM-02;0;0;0;0;0;0;0;0;0;
19.03.2026;PSZ_B_WLK-01;PSZ_B_WLK-01;0;0;0;0;0;0;0;0;0;
19.03.2026;PSZ_B_WLK-02;PSZ_B_WLK-02;0;0;0;0;0;0;0;0;0;
19.03.2026;PSZ_B_WLK-03;PSZ_B_WLK-03;0;0;0;0;0;0;0;0;0;
19.03.2026;PSZ_B_WLK-04;PSZ_B_WLK-04;0;0;0;0;0;0;0;0;0;
19.03.2026;PSZ_B_WMA-01;PSZ_B_WMA-01;0;0;0;0;0;0;0;0;0;
19.03.2026;PSZ_B_WMA-02;PSZ_B_WMA-02;0;0;0;0;0;0;0;0;0;
19.03.2026;PSZ_B_WMA-03;PSZ_B_WMA-03;0;0;0;0;0;0;0;0;0;
19.03.2026;PSZ_B_WMA-04;PSZ_B_WMA-04;0;0;0;0;0;0;0;0;0;
19.03.2026;PSZ_B_WMA-05;PSZ_B_WMA-05;0;0;0;0;0;0;0;0;0;
19.03.2026;PSZ_B_WMA-06;PSZ_B_WMA-06;0;0;0;0;0;0;0;0;0;
19.03.2026;PSZ_B_ZPO-01;PSZ_B_ZPO-01;0;0;0;0;0;0;0;0;0;
19.03.2026;PSZ_B_ZPO-02;PSZ_B_ZPO-02;0;0;0;0;0;0;0;0;0;
19.03.2026;PSZ_C_DLS-01;PSZ_C_DLS-01;0;0;0;0;0;0;0;0;0;
19.03.2026;PSZ_C_KUJ-01;PSZ_C_KUJ-01;0;0;0;0;0;0;0;0;0;
19.03.2026;PSZ_C_KUJ-02;PSZ_C_KUJ-02;0;0;0;0;0;0;0;0;0;
19.03.2026;PSZ_C_LBL-01;PSZ_C_LBL-01;0;0;0;0;0;0;0;0;0;
19.03.2026;PSZ_C_LBL-02;PSZ_C_LBL-02;0;0;0;0;0;0;0;0;0;
19.03.2026;PSZ_C_LBL-03;PSZ_C_LBL-03;0;0;0;0;0;0;0;0;0;
19.03.2026;PSZ_C_LBL-04;PSZ_C_LBL-04;0;0;0;0;0;0;0;0;0;
19.03.2026;PSZ_C_LBL-05;PSZ_C_LBL-05;0;0;0;0;0;0;0;0;0;
19.03.2026;PSZ_C_LBL-06;PSZ_C_LBL-06;0;0;0;0;0;0;0;0;0;
19.03.2026;PSZ_C_LBL-07;PSZ_C_LBL-07;0;0;0;0;0;0;0;0;0;
19.03.2026;PSZ_C_LBU-01;PSZ_C_LBU-01;0;0;0;0;0;0;0;0;0;
19.03.2026;PSZ_C_LBU-02;PSZ_C_LBU-02;0;0;0;0;0;0;0;0;0;
19.03.2026;PSZ_C_MAZ-01;PSZ_C_MAZ-01;0;0;0;0;0;0;0;0;0;
19.03.2026;PSZ_C_MAZ-02;PSZ_C_MAZ-02;0;0;0;0;0;0;0;0;0;
19.03.2026;PSZ_C_MAZ-03;PSZ_C_MAZ-03;0;0;0;0;0;0;0;0;0;
19.03.2026;PSZ_C_OPO-01;PSZ_C_OPO-01;0;0;0;0;0;0;0;0;0;
19.03.2026;PSZ_C_OPO-02;PSZ_C_OPO-02;0;0;0;0;0;0;0;0;0;
19.03.2026;PSZ_C_PDK-01;PSZ_C_PDK-01;0;0;0;0;0;0;0;0;0;
19.03.2026;PSZ_C_PDL-01;PSZ_C_PDL-01;0;0;0;0;0;0;0;0;0;
19.03.2026;PSZ_C_POM-01;PSZ_C_POM-01;0;0;0;0;0;0;0;0;0;
19.03.2026;PSZ_C_POM-02;PSZ_C_POM-02;0;0;0;0;0;0;0;0;0;
19.03.2026;PSZ_C_WLK-01;PSZ_C_WLK-01;0;0;0;0;0;0;0;0;0;
19.03.2026;PSZ_C_WLK-02;PSZ_C_WLK-02;0;0;0;0;0;0;0;0;0;
19.03.2026;PSZ_C_WLK-03;PSZ_C_WLK-03;0;0;0;0;0;0;0;0;0;
19.03.2026;PSZ_C_WLK-04;PSZ_C_WLK-04;0;0;0;0;0;0;0;0;0;
19.03.2026;PSZ_C_WMA-01;PSZ_C_WMA-01;0;0;0;0;0;0;0;0;0;
19.03.2026;PSZ_C_WMA-02;PSZ_C_WMA-02;0;0;0;0;0;0;0;0;0;
19.03.2026;PSZ_C_WMA-03;PSZ_C_WMA-03;0;0;0;0;0;0;0;0;0;
19.03.2026;PSZ_C_WMA-04;PSZ_C_WMA-04;0;0;0;0;0;0;0;0;0;
19.03.2026;PSZ_C_WMA-05;PSZ_C_WMA-05;0;0;0;0;0;0;0;0;0;
19.03.2026;PSZ_C_WMA-06;PSZ_C_WMA-06;0;0;0;0;0;0;0;0;0;
19.03.2026;PSZ_C_ZPO-01;PSZ_C_ZPO-01;0;0;0;0;0;0;0;0;0;
19.03.2026;PSZ_C_ZPO-02;PSZ_C_ZPO-02;0;0;0;0;0;0;0;0;0;
19.03.2026;RDN-1;RDN_20-03-26_H01;593,81;599;593,81;599;0;151;3377;2005348,27;2872,7;
19.03.2026;RDN-1;RDN_20-03-26_H02;550,9;560;550,9;560;0;158;3746,4;2064101,26;3136,5;
19.03.2026;RDN-1;RDN_20-03-26_H03;561,26;570;561,26;570;0;146;3458,6;1941297,136;2854,4;
19.03.2026;RDN-1;RDN_20-03-26_H04;561,16;575;561,16;591,6;0;156;3724,1;2090524,132;3174,7;
19.03.2026;RDN-1;RDN_20-03-26_H05;570;584;570;584;0;158;3826,3;2181206;3332,2;
19.03.2026;RDN-1;RDN_20-03-26_H06;634,92;636;634,92;636;0;158;4009,8;2545913,016;3366,9;
19.03.2026;RDN-1;RDN_20-03-26_H07;777;785;777;785;0;172;4446,8;3455563,6;3909,1;
19.03.2026;RDN-1;RDN_20-03-26_H08;799;810;799;820;0;162;4130,9;3301154,1;3660,4;
19.03.2026;RDN-1;RDN_20-03-26_H09;712;687;687;712;0;152;3647,5;2596357,4;3090,7;
19.03.2026;RDN-1;RDN_20-03-26_H10;605,9;592;592;605,9;0;163;3613,3;2189035,57;3092;
19.03.2026;RDN-1;RDN_20-03-26_H11;501,67;500;500;501,67;0;158;3442,8;1727116,076;2949,7;
19.03.2026;RDN-1;RDN_20-03-26_H12;508;500;500;510;0;157;3569,4;1813115,2;3089,7;
19.03.2026;RDN-1;RDN_20-03-26_H13;449;470;449;470;0;144;3326,4;1493973,6;2980,9;
19.03.2026;RDN-1;RDN_20-03-26_H14;538;535;535;548,8;0;161;3239,2;1743023,7;2734,5;
19.03.2026;RDN-1;RDN_20-03-26_H15;531,42;520;520;531,42;0;159;2783,6;1479104,258;2337;
19.03.2026;RDN-1;RDN_20-03-26_H16;618,8;600;600;618,8;0;184;3985,2;2465665,76;3276,4;
19.03.2026;RDN-1;RDN_20-03-26_H17;638,4;638,4;638,4;658,8;0;156;3788,7;2419347,08;3273,5;
19.03.2026;RDN-1;RDN_20-03-26_H18;755,89;755,89;755,89;755,89;0;153;4270,8;3228255,012;3767,3;
19.03.2026;RDN-1;RDN_20-03-26_H19;1000;975;975;1000;0;167;4727,6;4727350;4220,6;
19.03.2026;RDN-1;RDN_20-03-26_H20;950,83;950,83;950,83;950,83;0;170;4829,6;4592128,568;4261,7;
19.03.2026;RDN-1;RDN_20-03-26_H21;730,45;732;730,45;735;0;164;4172,7;3048040,215;3645,3;
19.03.2026;RDN-1;RDN_20-03-26_H22;661,52;661,52;661,52;661,52;0;146;3728,1;2466212,712;3075,2;
19.03.2026;RDN-1;RDN_20-03-26_H23;623,46;623,46;623,46;623,46;0;149;3871,7;2413850,082;3210,6;
19.03.2026;RDN-1;RDN_20-03-26_H24;581,01;587;581,01;587;0;153;4073;2366506,442;3349,4;
19.03.2026;RZP_A_LBL-01;RZP_A_LBL-01;0;0;0;0;0;0;0;0;0;
19.03.2026;SGT_BASE;SGT_BASE_20-03-26;0;0;0;0;0;0;0;0;0;
19.03.2026;SGT_RDB;SGT_RDB_19-03-26;0;0;0;0;0;0;0;0;0;
19.03.2026;ZTO_B_KUJ-02;ZTO_B_KUJ-02;0;0;0;0;0;0;0;0;0;
19.03.2026;ZTO_B_LBL-01;ZTO_B_LBL-01;0;0;0;0;0;0;0;0;0;
19.03.2026;ZTO_B_LBU-01;ZTO_B_LBU-01;0;0;0;0;0;0;0;0;0;
19.03.2026;ZTO_B_MAZ-01;ZTO_B_MAZ-01;0;0;0;0;0;0;0;0;0;
19.03.2026;ZTO_B_PDL-01;ZTO_B_PDL-01;0;0;0;0;0;0;0;0;0;
19.03.2026;ZTO_B_WLK-01;ZTO_B_WLK-01;0;0;0;0;0;0;0;0;0;
19.03.2026;ZTO_B_WLK-02;ZTO_B_WLK-02;0;0;0;0;0;0;0;0;0;
19.03.2026;ZTO_B_WMA-01;ZTO_B_WMA-01;0;0;0;0;0;0;0;0;0;
19.03.2026;ZTO_B_WMA-02;ZTO_B_WMA-02;0;0;0;0;0;0;0;0;0;
19.03.2026;ZTO_B_WMA-03;ZTO_B_WMA-03;0;0;0;0;0;0;0;0;0;
19.03.2026;ZTO_C_KUJ-02;ZTO_C_KUJ-02;0;0;0;0;0;0;0;0;0;
19.03.2026;ZTO_C_LBL-01;ZTO_C_LBL-01;0;0;0;0;0;0;0;0;0;
19.03.2026;ZTO_C_LBU-01;ZTO_C_LBU-01;0;0;0;0;0;0;0;0;0;
19.03.2026;ZTO_C_MAZ-01;ZTO_C_MAZ-01;0;0;0;0;0;0;0;0;0;
19.03.2026;ZTO_C_PDL-01;ZTO_C_PDL-01;0;0;0;0;0;0;0;0;0;
19.03.2026;ZTO_C_WLK-01;ZTO_C_WLK-01;0;0;0;0;0;0;0;0;0;
19.03.2026;ZTO_C_WLK-02;ZTO_C_WLK-02;0;0;0;0;0;0;0;0;0;
19.03.2026;ZTO_C_WMA-01;ZTO_C_WMA-01;0;0;0;0;0;0;0;0;0;
19.03.2026;ZTO_C_WMA-02;ZTO_C_WMA-02;0;0;0;0;0;0;0;0;0;
19.03.2026;ZTO_C_WMA-03;ZTO_C_WMA-03;0;0;0;0;0;0;0;0;0;
20.03.2026;BASE;BASE_21-03-26;465;470;465;479;0;44;253;2852064;234;
20.03.2026;BASE;BASE_22-03-26;435;435;435;435;0;1;2;20880;2;
20.03.2026;BASE_M;BASE_M-04-26;420;412;411;420;413,63;47;61;18174672;778;
20.03.2026;BASE_M;BASE_M-05-26;418;416;416;418;417,78;4;4;1239504;175;
20.03.2026;BASE_M;BASE_M-06-26;426;426;426;426;426,24;3;3;920160;148;
20.03.2026;BASE_M;BASE_M-07-26;430;430;430;430;430,34;1;1;319920;4;
20.03.2026;BASE_M;BASE_M-08-26;0;0;0;0;442;0;0;0;0;
20.03.2026;BASE_M;BASE_M-09-26;0;0;0;0;470;0;0;0;0;
20.03.2026;BASE_Q;BASE_Q-1-27;0;0;0;0;452;0;0;0;42;
20.03.2026;BASE_Q;BASE_Q-2-26;420;418;417;422;419,2;32;33;30187466,4;744;
20.03.2026;BASE_Q;BASE_Q-2-27;385;385;385;385;385;2;3;2522520;20;
20.03.2026;BASE_Q;BASE_Q-3-26;454;457;454;457;447,2;21;22;22104597;606;
20.03.2026;BASE_Q;BASE_Q-3-27;0;0;0;0;417,5;0;0;0;5;
20.03.2026;BASE_Q;BASE_Q-4-26;475;477;474;477;469,6;15;16;16811639;994;
20.03.2026;BASE_W;BASE_W-13-26;448;438;435;448;437;12;38;2788232;62;
20.03.2026;BASE_W;BASE_W-14-26;0;0;0;0;427,5;0;0;0;6;
20.03.2026;BASE_W;BASE_W-15-26;0;0;0;0;395,98;0;0;0;0;
20.03.2026;BASE_W;BASE_W-16-26;0;0;0;0;415,43;0;0;0;0;
20.03.2026;BASE_W;BASE_W-17-26;0;0;0;0;415,43;0;0;0;0;
20.03.2026;BASE_WEEKEND;BASE_WEEKEND_12-26;0;0;0;0;0;0;0;0;0;
20.03.2026;BASE_Y;BASE_Y-27;424,5;424;423,5;424,5;420,1;14;14;51999272;1085;
20.03.2026;BASE_Y;BASE_Y-28;408;410;408;410;405,5;5;6;21573504;256;
20.03.2026;BASE_Y;BASE_Y-29;398;398;398;398;397;1;1;3486480;26;
20.03.2026;BASE_Y;BASE_Y-30;0;0;0;0;391,43;0;0;0;1;
20.03.2026;GAS_BASE;GAS_BASE_21-03-26;266,2;260;260;266,21;0;74;1972;12397534,08;1792;
20.03.2026;GAS_BASE_M;GAS_BASE_M-01-27;0;0;0;0;274,28;0;0;0;417;
20.03.2026;GAS_BASE_M;GAS_BASE_M-02-27;0;0;0;0;271,79;0;0;0;317;
20.03.2026;GAS_BASE_M;GAS_BASE_M-03-27;0;0;0;0;249,56;0;0;0;0;
20.03.2026;GAS_BASE_M;GAS_BASE_M-04-26;265;264;261;265;278,88;19;61;11543040;3806;
20.03.2026;GAS_BASE_M;GAS_BASE_M-05-26;254;254;254;259,95;272,79;13;45;8509834,8;532;
20.03.2026;GAS_BASE_M;GAS_BASE_M-06-26;255;254;254;255;273,4;3;15;2750400;133;
20.03.2026;GAS_BASE_M;GAS_BASE_M-07-26;0;0;0;0;268,57;0;0;0;21;
20.03.2026;GAS_BASE_M;GAS_BASE_M-08-26;0;0;0;0;279,45;0;0;0;10;
20.03.2026;GAS_BASE_M;GAS_BASE_M-09-26;0;0;0;0;267,85;0;0;0;355;
20.03.2026;GAS_BASE_M;GAS_BASE_M-10-26;0;0;0;0;264,94;0;0;0;34;
20.03.2026;GAS_BASE_M;GAS_BASE_M-11-26;0;0;0;0;271,32;0;0;0;1708;
20.03.2026;GAS_BASE_M;GAS_BASE_M-12-26;0;0;0;0;276,18;0;0;0;1804;
20.03.2026;GAS_BASE_Q;GAS_BASE_Q-1-27;250;252;250;252;265;8;26;14059408;1487;
20.03.2026;GAS_BASE_Q;GAS_BASE_Q-2-26;257,25;257;256,5;258,5;275;12;55;30887220;7468;
20.03.2026;GAS_BASE_Q;GAS_BASE_Q-2-27;0;0;0;0;215,8;0;0;0;60;
20.03.2026;GAS_BASE_Q;GAS_BASE_Q-3-26;257,5;258;257;258;272;5;33;18749232;6295;
20.03.2026;GAS_BASE_Q;GAS_BASE_Q-3-27;0;0;0;0;222,9;0;0;0;28;
20.03.2026;GAS_BASE_Q;GAS_BASE_Q-4-26;257;259,5;257;259,5;270,8;11;42;23953292;8431;
20.03.2026;GAS_BASE_S;GAS_BASE_S-S-26;0;0;0;0;273,49;0;0;0;72;
20.03.2026;GAS_BASE_S;GAS_BASE_S-S-27;0;0;0;0;219,37;0;0;0;9;
20.03.2026;GAS_BASE_S;GAS_BASE_S-W-26;0;0;0;0;267,94;0;0;0;741;
20.03.2026;GAS_BASE_S;GAS_BASE_S-W-27;0;0;0;0;235,43;0;0;0;30;
20.03.2026;GAS_BASE_W;GAS_BASE_W-13-26;267;259;258;267;275;11;100;4373897;167;
20.03.2026;GAS_BASE_W;GAS_BASE_W-14-26;0;0;0;0;281;0;0;0;0;
20.03.2026;GAS_BASE_W;GAS_BASE_W-15-26;0;0;0;0;279,61;0;0;0;0;
20.03.2026;GAS_BASE_W;GAS_BASE_W-16-26;0;0;0;0;280,03;0;0;0;0;
20.03.2026;GAS_BASE_Y;GAS_BASE_Y-27;210;215;210;215;215,04;3;6;11081400;4236;
20.03.2026;GAS_BASE_Y;GAS_BASE_Y-28;163,25;163,25;163,25;163,25;156,75;1;1;1433988;625;
20.03.2026;GAS_BASE_Y;GAS_BASE_Y-29;132;132;132;132;131;1;1;1156320;72;
20.03.2026;GAS_BASE_Y;GAS_BASE_Y-30;0;0;0;0;124,5;0;0;0;5;
20.03.2026;GAS_RDB;GAS_RDB_20-03-26;278;260;260;278;0;81;17844;4799358,37;14643;
20.03.2026;GAS_WEEKEND;GAS_WEEKEND_12-26;271,9;260,3;260,3;271,9;0;45;1138;14454237,12;1220;
20.03.2026;GLW_BASE;GLW_BASE_21-03-26;0;0;0;0;0;0;0;0;0;
20.03.2026;GLW_RDB;GLW_RDB_20-03-26;0;0;0;0;0;0;0;0;0;
20.03.2026;KUK_A_WMA-03;KUK_A_WMA-03;0;0;0;0;0;0;0;0;0;
20.03.2026;OFFPEAK;OFFPEAK_21-03-26;0;0;0;0;0;0;0;0;0;
20.03.2026;OFFPEAK;OFFPEAK_22-03-26;0;0;0;0;0;0;0;0;0;
20.03.2026;OFFPEAK_M;OFFPEAK_M-04-26;0;0;0;0;403,23;0;0;0;0;
20.03.2026;OFFPEAK_M;OFFPEAK_M-05-26;0;0;0;0;418,23;0;0;0;0;
20.03.2026;OFFPEAK_M;OFFPEAK_M-06-26;0;0;0;0;434,39;0;0;0;0;
20.03.2026;OFFPEAK_M;OFFPEAK_M-07-26;0;0;0;0;423,73;0;0;0;0;
20.03.2026;OFFPEAK_M;OFFPEAK_M-08-26;0;0;0;0;428,23;0;0;0;0;
20.03.2026;OFFPEAK_M;OFFPEAK_M-09-26;0;0;0;0;484,97;0;0;0;0;
20.03.2026;OFFPEAK_Q;OFFPEAK_Q-1-27;0;0;0;0;408,18;0;0;0;0;
20.03.2026;OFFPEAK_Q;OFFPEAK_Q-2-26;0;0;0;0;418,61;0;0;0;0;
20.03.2026;OFFPEAK_Q;OFFPEAK_Q-2-27;0;0;0;0;365,33;0;0;0;0;
20.03.2026;OFFPEAK_Q;OFFPEAK_Q-3-26;0;0;0;0;444,92;0;0;0;0;
20.03.2026;OFFPEAK_Q;OFFPEAK_Q-3-27;0;0;0;0;398,95;0;0;0;0;
20.03.2026;OFFPEAK_Q;OFFPEAK_Q-4-26;0;0;0;0;392,43;0;0;0;0;
20.03.2026;OFFPEAK_W;OFFPEAK_W-13-26;0;0;0;0;444,6;0;0;0;0;
20.03.2026;OFFPEAK_W;OFFPEAK_W-14-26;0;0;0;0;427,35;0;0;0;0;
20.03.2026;OFFPEAK_W;OFFPEAK_W-15-26;0;0;0;0;379,66;0;0;0;0;
20.03.2026;OFFPEAK_W;OFFPEAK_W-16-26;0;0;0;0;405,55;0;0;0;0;
20.03.2026;OFFPEAK_W;OFFPEAK_W-17-26;0;0;0;0;405,55;0;0;0;0;
20.03.2026;OFFPEAK_Y;OFFPEAK_Y-27;0;0;0;0;376,61;0;0;0;0;
20.03.2026;OFFPEAK_Y;OFFPEAK_Y-28;0;0;0;0;362,49;0;0;0;0;
20.03.2026;OFFPEAK_Y;OFFPEAK_Y-29;0;0;0;0;367,29;0;0;0;0;
20.03.2026;OFFPEAK_Y;OFFPEAK_Y-30;0;0;0;0;320,56;0;0;0;0;
20.03.2026;OFFP_WEEKEND;OFFP_WEEKEND_12-26;0;0;0;0;0;0;0;0;0;
20.03.2026;PEAK;PEAK_21-03-26;0;0;0;0;0;0;0;0;0;
20.03.2026;PEAK;PEAK_22-03-26;0;0;0;0;0;0;0;0;0;
20.03.2026;PEAK5_M;PEAK5_M-04-26;0;0;0;0;427;0;0;0;25;
20.03.2026;PEAK5_M;PEAK5_M-05-26;0;0;0;0;417,11;0;0;0;5;
20.03.2026;PEAK5_M;PEAK5_M-06-26;0;0;0;0;415,76;0;0;0;7;
20.03.2026;PEAK5_M;PEAK5_M-07-26;0;0;0;0;437,97;0;0;0;0;
20.03.2026;PEAK5_M;PEAK5_M-08-26;0;0;0;0;460,75;0;0;0;0;
20.03.2026;PEAK5_M;PEAK5_M-09-26;0;0;0;0;452,31;0;0;0;0;
20.03.2026;PEAK5_Q;PEAK5_Q-1-27;0;0;0;0;511,58;0;0;0;0;
20.03.2026;PEAK5_Q;PEAK5_Q-2-26;0;0;0;0;420;0;0;0;99;
20.03.2026;PEAK5_Q;PEAK5_Q-2-27;0;0;0;0;410,79;0;0;0;0;
20.03.2026;PEAK5_Q;PEAK5_Q-3-26;0;0;0;0;450;0;0;0;100;
20.03.2026;PEAK5_Q;PEAK5_Q-3-27;0;0;0;0;440,32;0;0;0;0;
20.03.2026;PEAK5_Q;PEAK5_Q-4-26;582;582;582;582;570;1;1;558720;142;
20.03.2026;PEAK5_W;PEAK5_W-13-26;0;0;0;0;427,68;0;0;0;0;
20.03.2026;PEAK5_W;PEAK5_W-14-26;0;0;0;0;427,68;0;0;0;0;
20.03.2026;PEAK5_W;PEAK5_W-15-26;0;0;0;0;425,33;0;0;0;0;
20.03.2026;PEAK5_W;PEAK5_W-16-26;0;0;0;0;427,68;0;0;0;0;
20.03.2026;PEAK5_W;PEAK5_W-17-26;0;0;0;0;427,68;0;0;0;0;
20.03.2026;PEAK5_Y;PEAK5_Y-27;483;483;483;483;477;1;1;1832985;190;
20.03.2026;PEAK5_Y;PEAK5_Y-28;0;0;0;0;462,84;0;0;0;1;
20.03.2026;PEAK5_Y;PEAK5_Y-29;0;0;0;0;436,42;0;0;0;0;
20.03.2026;PEAK5_Y;PEAK5_Y-30;0;0;0;0;486,11;0;0;0;0;
20.03.2026;PEAK_WEEKEND;PEAK_WEEKEND_12-26;0;0;0;0;0;0;0;0;0;
20.03.2026;PSZ_B_DLS-01;PSZ_B_DLS-01;0;0;0;0;0;0;0;0;0;
20.03.2026;PSZ_B_KUJ-01;PSZ_B_KUJ-01;0;0;0;0;0;0;0;0;0;
20.03.2026;PSZ_B_KUJ-02;PSZ_B_KUJ-02;0;0;0;0;0;0;0;0;0;
20.03.2026;PSZ_B_LBL-01;PSZ_B_LBL-01;0;0;0;0;0;0;0;0;0;
20.03.2026;PSZ_B_LBL-02;PSZ_B_LBL-02;0;0;0;0;0;0;0;0;0;
20.03.2026;PSZ_B_LBL-03;PSZ_B_LBL-03;0;0;0;0;0;0;0;0;0;
20.03.2026;PSZ_B_LBL-04;PSZ_B_LBL-04;0;0;0;0;0;0;0;0;0;
20.03.2026;PSZ_B_LBL-05;PSZ_B_LBL-05;0;0;0;0;0;0;0;0;0;
20.03.2026;PSZ_B_LBL-06;PSZ_B_LBL-06;0;0;0;0;0;0;0;0;0;
20.03.2026;PSZ_B_LBL-07;PSZ_B_LBL-07;0;0;0;0;0;0;0;0;0;
20.03.2026;PSZ_B_LBU-01;PSZ_B_LBU-01;0;0;0;0;0;0;0;0;0;
20.03.2026;PSZ_B_LBU-02;PSZ_B_LBU-02;0;0;0;0;0;0;0;0;0;
20.03.2026;PSZ_B_MAZ-01;PSZ_B_MAZ-01;0;0;0;0;0;0;0;0;0;
20.03.2026;PSZ_B_MAZ-02;PSZ_B_MAZ-02;0;0;0;0;0;0;0;0;0;
20.03.2026;PSZ_B_MAZ-03;PSZ_B_MAZ-03;0;0;0;0;0;0;0;0;0;
20.03.2026;PSZ_B_OPO-01;PSZ_B_OPO-01;0;0;0;0;0;0;0;0;0;
20.03.2026;PSZ_B_OPO-02;PSZ_B_OPO-02;0;0;0;0;0;0;0;0;0;
20.03.2026;PSZ_B_PDK-01;PSZ_B_PDK-01;0;0;0;0;0;0;0;0;0;
20.03.2026;PSZ_B_PDL-01;PSZ_B_PDL-01;0;0;0;0;0;0;0;0;0;
20.03.2026;PSZ_B_POM-01;PSZ_B_POM-01;0;0;0;0;0;0;0;0;0;
20.03.2026;PSZ_B_POM-02;PSZ_B_POM-02;0;0;0;0;0;0;0;0;0;
20.03.2026;PSZ_B_WLK-01;PSZ_B_WLK-01;0;0;0;0;0;0;0;0;0;
20.03.2026;PSZ_B_WLK-02;PSZ_B_WLK-02;0;0;0;0;0;0;0;0;0;
20.03.2026;PSZ_B_WLK-03;PSZ_B_WLK-03;0;0;0;0;0;0;0;0;0;
20.03.2026;PSZ_B_WLK-04;PSZ_B_WLK-04;0;0;0;0;0;0;0;0;0;
20.03.2026;PSZ_B_WMA-01;PSZ_B_WMA-01;0;0;0;0;0;0;0;0;0;
20.03.2026;PSZ_B_WMA-02;PSZ_B_WMA-02;0;0;0;0;0;0;0;0;0;
20.03.2026;PSZ_B_WMA-03;PSZ_B_WMA-03;0;0;0;0;0;0;0;0;0;
20.03.2026;PSZ_B_WMA-04;PSZ_B_WMA-04;0;0;0;0;0;0;0;0;0;
20.03.2026;PSZ_B_WMA-05;PSZ_B_WMA-05;0;0;0;0;0;0;0;0;0;
20.03.2026;PSZ_B_WMA-06;PSZ_B_WMA-06;0;0;0;0;0;0;0;0;0;
20.03.2026;PSZ_B_ZPO-01;PSZ_B_ZPO-01;0;0;0;0;0;0;0;0;0;
20.03.2026;PSZ_B_ZPO-02;PSZ_B_ZPO-02;0;0;0;0;0;0;0;0;0;
20.03.2026;PSZ_C_DLS-01;PSZ_C_DLS-01;0;0;0;0;0;0;0;0;0;
20.03.2026;PSZ_C_KUJ-01;PSZ_C_KUJ-01;0;0;0;0;0;0;0;0;0;
20.03.2026;PSZ_C_KUJ-02;PSZ_C_KUJ-02;0;0;0;0;0;0;0;0;0;
20.03.2026;PSZ_C_LBL-01;PSZ_C_LBL-01;0;0;0;0;0;0;0;0;0;
20.03.2026;PSZ_C_LBL-02;PSZ_C_LBL-02;0;0;0;0;0;0;0;0;0;
20.03.2026;PSZ_C_LBL-03;PSZ_C_LBL-03;0;0;0;0;0;0;0;0;0;
20.03.2026;PSZ_C_LBL-04;PSZ_C_LBL-04;0;0;0;0;0;0;0;0;0;
20.03.2026;PSZ_C_LBL-05;PSZ_C_LBL-05;0;0;0;0;0;0;0;0;0;
20.03.2026;PSZ_C_LBL-06;PSZ_C_LBL-06;0;0;0;0;0;0;0;0;0;
20.03.2026;PSZ_C_LBL-07;PSZ_C_LBL-07;0;0;0;0;0;0;0;0;0;
20.03.2026;PSZ_C_LBU-01;PSZ_C_LBU-01;0;0;0;0;0;0;0;0;0;
20.03.2026;PSZ_C_LBU-02;PSZ_C_LBU-02;0;0;0;0;0;0;0;0;0;
20.03.2026;PSZ_C_MAZ-01;PSZ_C_MAZ-01;0;0;0;0;0;0;0;0;0;
20.03.2026;PSZ_C_MAZ-02;PSZ_C_MAZ-02;0;0;0;0;0;0;0;0;0;
20.03.2026;PSZ_C_MAZ-03;PSZ_C_MAZ-03;0;0;0;0;0;0;0;0;0;
20.03.2026;PSZ_C_OPO-01;PSZ_C_OPO-01;0;0;0;0;0;0;0;0;0;
20.03.2026;PSZ_C_OPO-02;PSZ_C_OPO-02;0;0;0;0;0;0;0;0;0;
20.03.2026;PSZ_C_PDK-01;PSZ_C_PDK-01;0;0;0;0;0;0;0;0;0;
20.03.2026;PSZ_C_PDL-01;PSZ_C_PDL-01;0;0;0;0;0;0;0;0;0;
20.03.2026;PSZ_C_POM-01;PSZ_C_POM-01;0;0;0;0;0;0;0;0;0;
20.03.2026;PSZ_C_POM-02;PSZ_C_POM-02;0;0;0;0;0;0;0;0;0;
20.03.2026;PSZ_C_WLK-01;PSZ_C_WLK-01;0;0;0;0;0;0;0;0;0;
20.03.2026;PSZ_C_WLK-02;PSZ_C_WLK-02;0;0;0;0;0;0;0;0;0;
20.03.2026;PSZ_C_WLK-03;PSZ_C_WLK-03;0;0;0;0;0;0;0;0;0;
20.03.2026;PSZ_C_WLK-04;PSZ_C_WLK-04;0;0;0;0;0;0;0;0;0;
20.03.2026;PSZ_C_WMA-01;PSZ_C_WMA-01;0;0;0;0;0;0;0;0;0;
20.03.2026;PSZ_C_WMA-02;PSZ_C_WMA-02;0;0;0;0;0;0;0;0;0;
20.03.2026;PSZ_C_WMA-03;PSZ_C_WMA-03;0;0;0;0;0;0;0;0;0;
20.03.2026;PSZ_C_WMA-04;PSZ_C_WMA-04;0;0;0;0;0;0;0;0;0;
20.03.2026;PSZ_C_WMA-05;PSZ_C_WMA-05;0;0;0;0;0;0;0;0;0;
20.03.2026;PSZ_C_WMA-06;PSZ_C_WMA-06;0;0;0;0;0;0;0;0;0;
20.03.2026;PSZ_C_ZPO-01;PSZ_C_ZPO-01;0;0;0;0;0;0;0;0;0;
20.03.2026;PSZ_C_ZPO-02;PSZ_C_ZPO-02;0;0;0;0;0;0;0;0;0;
20.03.2026;RDN-1;RDN_21-03-26_H01;610;590;590;610;0;130;2493,4;1520469;1944,6;
20.03.2026;RDN-1;RDN_21-03-26_H02;570,35;563;563;570,35;0;141;3009;1716001,605;2487,9;
20.03.2026;RDN-1;RDN_21-03-26_H03;552,63;552,63;552,63;552,63;0;145;3036,2;1677895,206;2516;
20.03.2026;RDN-1;RDN_21-03-26_H04;553,5;553,5;553,5;553,5;0;144;2920,4;1616441,4;2449,8;
20.03.2026;RDN-1;RDN_21-03-26_H05;556,2;556,2;556,2;556,2;0;137;2856,9;1589007,78;2373,6;
20.03.2026;RDN-1;RDN_21-03-26_H06;575,59;575,59;575,59;575,59;0;130;2698,7;1553344,733;2104,1;
20.03.2026;RDN-1;RDN_21-03-26_H07;586,22;586,22;586,22;586,22;0;142;3027;1774487,94;2402,2;
20.03.2026;RDN-1;RDN_21-03-26_H08;547,14;547,14;547,14;547,14;0;160;3549,9;1942292,286;3100,9;
20.03.2026;RDN-1;RDN_21-03-26_H09;430;430;420;430;0;180;3087,8;1326994;2169,2;
20.03.2026;RDN-1;RDN_21-03-26_H10;278,92;270;270;278,92;0;169;3368,8;939616,776;2520,9;
20.03.2026;RDN-1;RDN_21-03-26_H11;100;100;100;100;0;180;3779,6;377960;3108,3;
20.03.2026;RDN-1;RDN_21-03-26_H12;4,99;20;4,99;20;0;187;4007,9;20302,971;3584,5;
20.03.2026;RDN-1;RDN_21-03-26_H13;2;20;2;20;0;181;3880,7;8270,211;3454,1;
20.03.2026;RDN-1;RDN_21-03-26_H14;4,26;20;4,26;20;0;179;3527,7;15349,624;3033,4;
20.03.2026;RDN-1;RDN_21-03-26_H15;171;150;150;171;0;177;3182,7;544220,7;2425,5;
20.03.2026;RDN-1;RDN_21-03-26_H16;397,48;397,48;397,48;397,48;0;164;3040,9;1208696,932;2463,3;
20.03.2026;RDN-1;RDN_21-03-26_H17;540;540;540;540;0;176;3124,5;1687230;2496,6;
20.03.2026;RDN-1;RDN_21-03-26_H18;641,69;641,69;641,69;641,69;0;158;3532,2;2266577,418;2958,6;
20.03.2026;RDN-1;RDN_21-03-26_H19;729;729;729;729;0;161;3968,5;2893036,5;3366,8;
20.03.2026;RDN-1;RDN_21-03-26_H20;715,32;715,32;715,32;715,32;0;155;3824,2;2735526,744;3279,2;
20.03.2026;RDN-1;RDN_21-03-26_H21;630,1;630,1;630,1;630,1;0;165;3606,9;2272707,69;2969;
20.03.2026;RDN-1;RDN_21-03-26_H22;565,5;555;555;565,5;0;164;3552,1;2008555,05;2977,1;
20.03.2026;RDN-1;RDN_21-03-26_H23;528,15;520;520;530;0;167;3392,8;1791831,32;2717,1;
20.03.2026;RDN-1;RDN_21-03-26_H24;480,1;480;475;480,1;0;164;3140;1507434,5;2594,3;
20.03.2026;RZP_A_LBL-01;RZP_A_LBL-01;0;0;0;0;0;0;0;0;0;
20.03.2026;SGT_BASE;SGT_BASE_21-03-26;0;0;0;0;0;0;0;0;0;
20.03.2026;SGT_RDB;SGT_RDB_20-03-26;0;0;0;0;0;0;0;0;0;
20.03.2026;ZTO_B_KUJ-02;ZTO_B_KUJ-02;0;0;0;0;0;0;0;0;0;
20.03.2026;ZTO_B_LBL-01;ZTO_B_LBL-01;0;0;0;0;0;0;0;0;0;
20.03.2026;ZTO_B_LBU-01;ZTO_B_LBU-01;0;0;0;0;0;0;0;0;0;
20.03.2026;ZTO_B_MAZ-01;ZTO_B_MAZ-01;0;0;0;0;0;0;0;0;0;
20.03.2026;ZTO_B_PDL-01;ZTO_B_PDL-01;0;0;0;0;0;0;0;0;0;
20.03.2026;ZTO_B_WLK-01;ZTO_B_WLK-01;0;0;0;0;0;0;0;0;0;
20.03.2026;ZTO_B_WLK-02;ZTO_B_WLK-02;0;0;0;0;0;0;0;0;0;
20.03.2026;ZTO_B_WMA-01;ZTO_B_WMA-01;0;0;0;0;0;0;0;0;0;
20.03.2026;ZTO_B_WMA-02;ZTO_B_WMA-02;0;0;0;0;0;0;0;0;0;
20.03.2026;ZTO_B_WMA-03;ZTO_B_WMA-03;0;0;0;0;0;0;0;0;0;
20.03.2026;ZTO_C_KUJ-02;ZTO_C_KUJ-02;0;0;0;0;0;0;0;0;0;
20.03.2026;ZTO_C_LBL-01;ZTO_C_LBL-01;0;0;0;0;0;0;0;0;0;
20.03.2026;ZTO_C_LBU-01;ZTO_C_LBU-01;0;0;0;0;0;0;0;0;0;
20.03.2026;ZTO_C_MAZ-01;ZTO_C_MAZ-01;0;0;0;0;0;0;0;0;0;
20.03.2026;ZTO_C_PDL-01;ZTO_C_PDL-01;0;0;0;0;0;0;0;0;0;
20.03.2026;ZTO_C_WLK-01;ZTO_C_WLK-01;0;0;0;0;0;0;0;0;0;
20.03.2026;ZTO_C_WLK-02;ZTO_C_WLK-02;0;0;0;0;0;0;0;0;0;
20.03.2026;ZTO_C_WMA-01;ZTO_C_WMA-01;0;0;0;0;0;0;0;0;0;
20.03.2026;ZTO_C_WMA-02;ZTO_C_WMA-02;0;0;0;0;0;0;0;0;0;
20.03.2026;ZTO_C_WMA-03;ZTO_C_WMA-03;0;0;0;0;0;0;0;0;0;
21.03.2026;BASE;BASE_22-03-26;350;330;33;350;0;10;59;434784;41;
21.03.2026;BASE;BASE_23-03-26;0;0;0;0;0;0;0;0;0;
21.03.2026;GAS_BASE;GAS_BASE_22-03-26;265;252;252;265;0;28;761;4717572;731;
21.03.2026;GAS_RDB;GAS_RDB_21-03-26;270,95;253;253;270,95;0;72;8659;2301578,86;7844;
21.03.2026;GLW_BASE;GLW_BASE_22-03-26;0;0;0;0;0;0;0;0;0;
21.03.2026;GLW_RDB;GLW_RDB_21-03-26;0;0;0;0;0;0;0;0;0;
21.03.2026;OFFPEAK;OFFPEAK_22-03-26;0;0;0;0;0;0;0;0;0;
21.03.2026;OFFPEAK;OFFPEAK_23-03-26;0;0;0;0;0;0;0;0;0;
21.03.2026;PEAK;PEAK_22-03-26;0;0;0;0;0;0;0;0;0;
21.03.2026;PEAK;PEAK_23-03-26;0;0;0;0;0;0;0;0;0;
21.03.2026;RDN-1;RDN_22-03-26_H01;462;430;430;462;0;144;2533,3;1170336,6;1898,3;
21.03.2026;RDN-1;RDN_22-03-26_H02;445,02;445,02;445,02;445,02;0;140;2128,4;947180,568;1503,6;
21.03.2026;RDN-1;RDN_22-03-26_H03;438,76;438,76;438,76;438,76;0;141;2096,5;919860,34;1547,9;
21.03.2026;RDN-1;RDN_22-03-26_H04;441,77;441,77;441,77;441,77;0;140;1993,7;880756,849;1482,5;
21.03.2026;RDN-1;RDN_22-03-26_H05;445;445;445;445;0;151;2115,1;941219,5;1575;
21.03.2026;RDN-1;RDN_22-03-26_H06;457,62;457,62;457,62;457,62;0;147;2253;1031017,86;1774,1;
21.03.2026;RDN-1;RDN_22-03-26_H07;445,02;445,02;445,02;445,02;0;159;2295,8;1021676,916;1654,5;
21.03.2026;RDN-1;RDN_22-03-26_H08;369,99;369,99;369,99;369,99;0;154;2683,3;992794,167;2047,8;
21.03.2026;RDN-1;RDN_22-03-26_H09;113,41;100;100;113,41;0;158;3162;358468,32;2516,8;
21.03.2026;RDN-1;RDN_22-03-26_H10;-0,1;-10;-10;0;0;121;2461,1;-342,89;1988,7;
21.03.2026;RDN-1;RDN_22-03-26_H11;-7,42;0;-7,42;0;0;123;2995;-22208,802;2421,2;
21.03.2026;RDN-1;RDN_22-03-26_H12;-31;-37;-40;-31;0;120;3242,5;-100599,7;2651,2;
21.03.2026;RDN-1;RDN_22-03-26_H13;-31,5;-31,5;-31,5;-31,5;0;128;3053,6;-96188,4;2484,6;
21.03.2026;RDN-1;RDN_22-03-26_H14;-10;0;-10;0;0;146;2864,5;-28614;2205;
21.03.2026;RDN-1;RDN_22-03-26_H15;-0,1;0;-0,1;0;0;147;2494,8;-247,3;1999,8;
21.03.2026;RDN-1;RDN_22-03-26_H16;161,5;80;80;161,5;0;158;2659,3;427390,55;1985,6;
21.03.2026;RDN-1;RDN_22-03-26_H17;440;440;440;440;0;154;2487,2;1094368;1832,2;
21.03.2026;RDN-1;RDN_22-03-26_H18;618;618;618;618;0;174;3175,8;1962644,4;2659;
21.03.2026;RDN-1;RDN_22-03-26_H19;712;712;712;712;0;172;3658,1;2604567,2;3173;
21.03.2026;RDN-1;RDN_22-03-26_H20;727,29;727,29;727,29;727,29;0;162;3445,3;2505732,237;3045,1;
21.03.2026;RDN-1;RDN_22-03-26_H21;653,8;653,8;653,8;653,8;0;165;3357;2194806,6;2937,2;
21.03.2026;RDN-1;RDN_22-03-26_H22;624,8;610;610;624,8;0;159;2860,5;1786944,4;2542;
21.03.2026;RDN-1;RDN_22-03-26_H23;583,1;583,1;583,1;583,1;0;153;2747,3;1601950,63;2210,3;
21.03.2026;RDN-1;RDN_22-03-26_H24;560;560;560;560;0;153;2681,5;1501640;2043,6;
21.03.2026;SGT_BASE;SGT_BASE_22-03-26;0;0;0;0;0;0;0;0;0;
21.03.2026;SGT_RDB;SGT_RDB_21-03-26;0;0;0;0;0;0;0;0;0;
22.03.2026;BASE;BASE_23-03-26;565;565;555;575;0;36;261;3554832;255;
22.03.2026;BASE;BASE_24-03-26;0;0;0;0;0;0;0;0;0;
22.03.2026;GAS_BASE;GAS_BASE_23-03-26;262,9;252;248;262,9;0;89;2248;13570768,32;2029;
22.03.2026;GAS_RDB;GAS_RDB_22-03-26;259;255;250;260;0;80;21654;5455477,79;20641;
22.03.2026;GLW_BASE;GLW_BASE_23-03-26;0;0;0;0;0;0;0;0;0;
22.03.2026;GLW_RDB;GLW_RDB_22-03-26;0;0;0;0;0;0;0;0;0;
22.03.2026;OFFPEAK;OFFPEAK_23-03-26;0;0;0;0;0;0;0;0;0;
22.03.2026;OFFPEAK;OFFPEAK_24-03-26;0;0;0;0;0;0;0;0;0;
22.03.2026;PEAK;PEAK_23-03-26;0;0;0;0;0;0;0;0;0;
22.03.2026;PEAK;PEAK_24-03-26;0;0;0;0;0;0;0;0;0;
22.03.2026;RDN-1;RDN_23-03-26_H01;531;531;531;531;0;168;2541,8;1349695,8;2048,9;
22.03.2026;RDN-1;RDN_23-03-26_H02;514,17;514,17;514,17;514,17;0;174;2920,2;1501479,234;2458,5;
22.03.2026;RDN-1;RDN_23-03-26_H03;516;510;510;516;0;176;2962,3;1528306,8;2489,7;
22.03.2026;RDN-1;RDN_23-03-26_H04;524,63;520;520;524,63;0;168;2998,9;1573127,707;2549,2;
22.03.2026;RDN-1;RDN_23-03-26_H05;541,03;535;535;541,03;0;173;3100,3;1677234,709;2586,2;
22.03.2026;RDN-1;RDN_23-03-26_H06;607,59;607;607;607,59;0;163;3160,4;1920221,536;2619,7;
22.03.2026;RDN-1;RDN_23-03-26_H07;731,15;723;723;731,15;0;160;3595,4;2628695,21;3061,2;
22.03.2026;RDN-1;RDN_23-03-26_H08;716,3;716,3;716,3;716,3;0;147;2977,5;2132783,25;2462,8;
22.03.2026;RDN-1;RDN_23-03-26_H09;564,12;564,12;564,12;564,12;0;174;3181,3;1794634,956;2519,9;
22.03.2026;RDN-1;RDN_23-03-26_H10;430,99;430,99;430,99;430,99;0;145;3371,5;1453082,785;2602,8;
22.03.2026;RDN-1;RDN_23-03-26_H11;275;300;275;300;0;156;3782,5;1040262,5;3157,4;
22.03.2026;RDN-1;RDN_23-03-26_H12;194;200;194;200;0;148;4061,2;787890,8;3567,7;
22.03.2026;RDN-1;RDN_23-03-26_H13;149,99;149,99;149,99;149,99;0;149;3909,1;586325,909;3448,7;
22.03.2026;RDN-1;RDN_23-03-26_H14;320,01;320,01;320,01;320,01;0;165;3702,1;1184709,021;3252,8;
22.03.2026;RDN-1;RDN_23-03-26_H15;438,66;438,66;438,66;438,66;0;144;2894,2;1269569,772;2381,1;
22.03.2026;RDN-1;RDN_23-03-26_H16;506,03;510;506,03;510;0;143;2905,6;1470360,468;2383,8;
22.03.2026;RDN-1;RDN_23-03-26_H17;639;630;630;640;0;137;2960,7;1891717,3;2375,7;
22.03.2026;RDN-1;RDN_23-03-26_H18;752,99;752,99;752,99;752,99;0;147;4168,9;3139140,011;3460,1;
22.03.2026;RDN-1;RDN_23-03-26_H19;1074,48;1075;1050;1080;0;167;4957,7;5326830,48;4304,1;
22.03.2026;RDN-1;RDN_23-03-26_H20;1020;1020;1020;1040;0;152;4893,9;4991860;4366,5;
22.03.2026;RDN-1;RDN_23-03-26_H21;811,2;811,2;811,2;811,2;0;147;4382,1;3554759,52;3841,5;
22.03.2026;RDN-1;RDN_23-03-26_H22;675,53;675,53;675,53;675,53;0;137;3325;2246137,25;2840,9;
22.03.2026;RDN-1;RDN_23-03-26_H23;666;666;666;666;0;138;3750,3;2497699,8;3203,8;
22.03.2026;RDN-1;RDN_23-03-26_H24;594,92;594,92;594,92;594,92;0;146;3476,7;2068358,364;3000,9;
22.03.2026;SGT_BASE;SGT_BASE_23-03-26;0;0;0;0;0;0;0;0;0;
22.03.2026;SGT_RDB;SGT_RDB_22-03-26;0;0;0;0;0;0;0;0;0;
23.03.2026;BASE;BASE_24-03-26;420;380;380;420;0;11;53;520680;19;
23.03.2026;BASE;BASE_25-03-26;350;350;350;350;0;1;4;33600;4;
23.03.2026;BASE_M;BASE_M-04-26;409;400;397;409;412;33;41;11845440;796;
23.03.2026;BASE_M;BASE_M-05-26;410;408;408;410;417,15;9;9;2733463,44;181;
23.03.2026;BASE_M;BASE_M-06-26;419;421;419;421;427,94;4;4;1208880;149;
23.03.2026;BASE_M;BASE_M-07-26;0;0;0;0;430;0;0;0;4;
23.03.2026;BASE_M;BASE_M-08-26;0;0;0;0;469,05;0;0;0;0;
23.03.2026;BASE_M;BASE_M-09-26;0;0;0;0;470;0;0;0;0;
23.03.2026;BASE_Q;BASE_Q-1-27;455;456,5;455;456,5;457,5;3;5;4914964;47;
23.03.2026;BASE_Q;BASE_Q-2-26;415;412;408;416,5;419,01;30;33;29559631,92;762;
23.03.2026;BASE_Q;BASE_Q-2-27;0;0;0;0;385;0;0;0;20;
23.03.2026;BASE_Q;BASE_Q-3-26;456,5;450;443;456,5;456,2;56;69;68135634;625;
23.03.2026;BASE_Q;BASE_Q-3-27;0;0;0;0;415;0;0;0;5;
23.03.2026;BASE_Q;BASE_Q-4-26;475;470;466;475;476,4;37;46;47713362;1002;
23.03.2026;BASE_W;BASE_W-14-26;390;380;380;390;416;2;9;581280;15;
23.03.2026;BASE_W;BASE_W-15-26;0;0;0;0;394,9;0;0;0;0;
23.03.2026;BASE_W;BASE_W-16-26;0;0;0;0;414,31;0;0;0;0;
23.03.2026;BASE_W;BASE_W-17-26;0;0;0;0;414,31;0;0;0;0;
23.03.2026;BASE_W;BASE_W-18-26;0;0;0;0;0;0;0;0;0;
23.03.2026;BASE_Y;BASE_Y-27;423;423;423;424;423,9;6;6;22241640;1090;
23.03.2026;BASE_Y;BASE_Y-28;411,5;414;411,5;414;409,5;3;3;10870200;255;
23.03.2026;BASE_Y;BASE_Y-29;0;0;0;0;398;0;0;0;26;
23.03.2026;BASE_Y;BASE_Y-30;0;0;0;0;394,21;0;0;0;1;
23.03.2026;GAS_BASE;GAS_BASE_24-03-26;280,9;233;233;280,9;0;113;3520;21321789,12;2833;
23.03.2026;GAS_BASE_M;GAS_BASE_M-01-27;0;0;0;0;259,79;0;0;0;417;
23.03.2026;GAS_BASE_M;GAS_BASE_M-02-27;0;0;0;0;257,43;0;0;0;317;
23.03.2026;GAS_BASE_M;GAS_BASE_M-03-27;0;0;0;0;236,37;0;0;0;0;
23.03.2026;GAS_BASE_M;GAS_BASE_M-04-26;272,1;246;241;272,1;263,6;26;81;14716692;3849;
23.03.2026;GAS_BASE_M;GAS_BASE_M-05-26;264;232;230;264;254;21;90;15919799,52;602;
23.03.2026;GAS_BASE_M;GAS_BASE_M-06-26;264;234;230;264;254,41;9;49;8587512;167;
23.03.2026;GAS_BASE_M;GAS_BASE_M-07-26;260;260;260;260;253,4;1;5;967200;26;
23.03.2026;GAS_BASE_M;GAS_BASE_M-08-26;0;0;0;0;255,23;0;0;0;10;
23.03.2026;GAS_BASE_M;GAS_BASE_M-09-26;0;0;0;0;265,62;0;0;0;355;
23.03.2026;GAS_BASE_M;GAS_BASE_M-10-26;0;0;0;0;252,75;0;0;0;34;
23.03.2026;GAS_BASE_M;GAS_BASE_M-11-26;0;0;0;0;260,84;0;0;0;1708;
23.03.2026;GAS_BASE_M;GAS_BASE_M-12-26;0;0;0;0;263,48;0;0;0;1804;
23.03.2026;GAS_BASE_Q;GAS_BASE_Q-1-27;250;243,14;243,14;250;251;8;20;10644798;1487;
23.03.2026;GAS_BASE_Q;GAS_BASE_Q-2-26;267;237;237;267;257,3;16;77;40967690,4;7445;
23.03.2026;GAS_BASE_Q;GAS_BASE_Q-2-27;0;0;0;0;210,14;0;0;0;60;
23.03.2026;GAS_BASE_Q;GAS_BASE_Q-3-26;267;238;238;267;258;13;39;21228043;6295;
23.03.2026;GAS_BASE_Q;GAS_BASE_Q-3-27;0;0;0;0;217,03;0;0;0;28;
23.03.2026;GAS_BASE_Q;GAS_BASE_Q-4-26;258;245;244;258;259;14;62;33965584;8431;
23.03.2026;GAS_BASE_S;GAS_BASE_S-S-26;0;0;0;0;257,65;0;0;0;72;
23.03.2026;GAS_BASE_S;GAS_BASE_S-S-27;0;0;0;0;213,6;0;0;0;9;
23.03.2026;GAS_BASE_S;GAS_BASE_S-W-26;0;0;0;0;255,05;0;0;0;741;
23.03.2026;GAS_BASE_S;GAS_BASE_S-W-27;0;0;0;0;224,11;0;0;0;30;
23.03.2026;GAS_BASE_W;GAS_BASE_W-14-26;0;0;0;0;269,25;0;0;0;0;
23.03.2026;GAS_BASE_W;GAS_BASE_W-15-26;0;0;0;0;263,78;0;0;0;0;
23.03.2026;GAS_BASE_W;GAS_BASE_W-16-26;0;0;0;0;264,18;0;0;0;0;
23.03.2026;GAS_BASE_W;GAS_BASE_W-17-26;0;0;0;0;0;0;0;0;0;
23.03.2026;GAS_BASE_Y;GAS_BASE_Y-27;221;220;214;221;215;8;12;22701540;4238;
23.03.2026;GAS_BASE_Y;GAS_BASE_Y-28;170;169,5;169,25;170;163,25;9;17;25308900;640;
23.03.2026;GAS_BASE_Y;GAS_BASE_Y-29;137,25;137;137;137,25;132;2;3;3602550;75;
23.03.2026;GAS_BASE_Y;GAS_BASE_Y-30;0;0;0;0;126,25;0;0;0;5;
23.03.2026;GAS_RDB;GAS_RDB_23-03-26;263,01;248;240;270,03;0;79;20547;5233000,61;15065;
23.03.2026;GLW_BASE;GLW_BASE_24-03-26;0;0;0;0;0;0;0;0;0;
23.03.2026;GLW_RDB;GLW_RDB_23-03-26;0;0;0;0;0;0;0;0;0;
23.03.2026;KUK_A_WMA-03;KUK_A_WMA-03;0;0;0;0;0;0;0;0;0;
23.03.2026;OFFPEAK;OFFPEAK_24-03-26;0;0;0;0;0;0;0;0;0;
23.03.2026;OFFPEAK;OFFPEAK_25-03-26;0;0;0;0;0;0;0;0;0;
23.03.2026;OFFPEAK_M;OFFPEAK_M-04-26;0;0;0;0;406,2;0;0;0;0;
23.03.2026;OFFPEAK_M;OFFPEAK_M-05-26;0;0;0;0;418,19;0;0;0;0;
23.03.2026;OFFPEAK_M;OFFPEAK_M-06-26;0;0;0;0;408,63;0;0;0;0;
23.03.2026;OFFPEAK_M;OFFPEAK_M-07-26;0;0;0;0;414,87;0;0;0;0;
23.03.2026;OFFPEAK_M;OFFPEAK_M-08-26;0;0;0;0;467,29;0;0;0;0;
23.03.2026;OFFPEAK_M;OFFPEAK_M-09-26;0;0;0;0;476,64;0;0;0;0;
23.03.2026;OFFPEAK_Q;OFFPEAK_Q-1-27;0;0;0;0;412,99;0;0;0;0;
23.03.2026;OFFPEAK_Q;OFFPEAK_Q-2-26;0;0;0;0;411,23;0;0;0;0;
23.03.2026;OFFPEAK_Q;OFFPEAK_Q-2-27;0;0;0;0;361,39;0;0;0;0;
23.03.2026;OFFPEAK_Q;OFFPEAK_Q-3-26;0;0;0;0;453,11;0;0;0;0;
23.03.2026;OFFPEAK_Q;OFFPEAK_Q-3-27;0;0;0;0;389,92;0;0;0;0;
23.03.2026;OFFPEAK_Q;OFFPEAK_Q-4-26;0;0;0;0;395,24;0;0;0;0;
23.03.2026;OFFPEAK_W;OFFPEAK_W-14-26;0;0;0;0;407,51;0;0;0;0;
23.03.2026;OFFPEAK_W;OFFPEAK_W-15-26;0;0;0;0;378,64;0;0;0;0;
23.03.2026;OFFPEAK_W;OFFPEAK_W-16-26;0;0;0;0;404,45;0;0;0;0;
23.03.2026;OFFPEAK_W;OFFPEAK_W-17-26;0;0;0;0;404,45;0;0;0;0;
23.03.2026;OFFPEAK_W;OFFPEAK_W-18-26;0;0;0;0;0;0;0;0;0;
23.03.2026;OFFPEAK_Y;OFFPEAK_Y-27;0;0;0;0;378,73;0;0;0;0;
23.03.2026;OFFPEAK_Y;OFFPEAK_Y-28;0;0;0;0;366,06;0;0;0;0;
23.03.2026;OFFPEAK_Y;OFFPEAK_Y-29;0;0;0;0;368,21;0;0;0;0;
23.03.2026;OFFPEAK_Y;OFFPEAK_Y-30;0;0;0;0;320,85;0;0;0;0;
23.03.2026;PEAK;PEAK_24-03-26;0;0;0;0;0;0;0;0;0;
23.03.2026;PEAK;PEAK_25-03-26;0;0;0;0;0;0;0;0;0;
23.03.2026;PEAK5_M;PEAK5_M-04-26;420;420;420;420;419,46;1;3;396900;28;
23.03.2026;PEAK5_M;PEAK5_M-05-26;0;0;0;0;415,61;0;0;0;5;
23.03.2026;PEAK5_M;PEAK5_M-06-26;0;0;0;0;452,77;0;0;0;7;
23.03.2026;PEAK5_M;PEAK5_M-07-26;0;0;0;0;447,5;0;0;0;0;
23.03.2026;PEAK5_M;PEAK5_M-08-26;0;0;0;0;471,44;0;0;0;0;
23.03.2026;PEAK5_M;PEAK5_M-09-26;0;0;0;0;462,15;0;0;0;0;
23.03.2026;PEAK5_Q;PEAK5_Q-1-27;0;0;0;0;518,02;0;0;0;0;
23.03.2026;PEAK5_Q;PEAK5_Q-2-26;0;0;0;0;429,5;0;0;0;99;
23.03.2026;PEAK5_Q;PEAK5_Q-2-27;0;0;0;0;415,96;0;0;0;0;
23.03.2026;PEAK5_Q;PEAK5_Q-3-26;455;455;455;455;460;1;1;450450;101;
23.03.2026;PEAK5_Q;PEAK5_Q-3-27;0;0;0;0;445,86;0;0;0;0;
23.03.2026;PEAK5_Q;PEAK5_Q-4-26;0;0;0;0;582;0;0;0;142;
23.03.2026;PEAK5_W;PEAK5_W-14-26;0;0;0;0;426,52;0;0;0;0;
23.03.2026;PEAK5_W;PEAK5_W-15-26;0;0;0;0;424,18;0;0;0;0;
23.03.2026;PEAK5_W;PEAK5_W-16-26;0;0;0;0;426,52;0;0;0;0;
23.03.2026;PEAK5_W;PEAK5_W-17-26;0;0;0;0;426,52;0;0;0;0;
23.03.2026;PEAK5_W;PEAK5_W-18-26;0;0;0;0;0;0;0;0;0;
23.03.2026;PEAK5_Y;PEAK5_Y-27;482;482;480;482;483;11;17;31039305;205;
23.03.2026;PEAK5_Y;PEAK5_Y-28;0;0;0;0;467,4;0;0;0;1;
23.03.2026;PEAK5_Y;PEAK5_Y-29;0;0;0;0;437,52;0;0;0;0;
23.03.2026;PEAK5_Y;PEAK5_Y-30;0;0;0;0;492,23;0;0;0;0;
23.03.2026;PMBG;PMBG;0;0;0;0;0;0;0;0;0;
23.03.2026;PMEF-2025;PMEF-2025;0;0;0;0;0;0;0;0;0;
23.03.2026;PMEF-2026;PMEF-2026;0;0;0;0;0;0;0;0;0;
23.03.2026;PMEF_F;PMEF_F;0;0;0;0;0;0;0;0;95780285;
23.03.2026;PMOZE;PMOZE;0;0;0;0;0;0;0;0;0;
23.03.2026;PMOZE_A;PMOZE_A;0;0;0;0;0;3;37507373;0;10063687903;
23.03.2026;PMOZE-BIO;PMOZE-BIO;0;0;0;0;0;0;0;0;572258642;
23.03.2026;PSZ_B_DLS-01;PSZ_B_DLS-01;0;0;0;0;0;0;0;0;0;
23.03.2026;PSZ_B_KUJ-01;PSZ_B_KUJ-01;0;0;0;0;0;0;0;0;0;
23.03.2026;PSZ_B_KUJ-02;PSZ_B_KUJ-02;0;0;0;0;0;0;0;0;0;
23.03.2026;PSZ_B_LBL-01;PSZ_B_LBL-01;0;0;0;0;0;0;0;0;0;
23.03.2026;PSZ_B_LBL-02;PSZ_B_LBL-02;0;0;0;0;0;0;0;0;0;
23.03.2026;PSZ_B_LBL-03;PSZ_B_LBL-03;0;0;0;0;0;0;0;0;0;
23.03.2026;PSZ_B_LBL-04;PSZ_B_LBL-04;0;0;0;0;0;0;0;0;0;
23.03.2026;PSZ_B_LBL-05;PSZ_B_LBL-05;0;0;0;0;0;0;0;0;0;
23.03.2026;PSZ_B_LBL-06;PSZ_B_LBL-06;0;0;0;0;0;0;0;0;0;
23.03.2026;PSZ_B_LBL-07;PSZ_B_LBL-07;0;0;0;0;0;0;0;0;0;
23.03.2026;PSZ_B_LBU-01;PSZ_B_LBU-01;0;0;0;0;0;0;0;0;0;
23.03.2026;PSZ_B_LBU-02;PSZ_B_LBU-02;0;0;0;0;0;0;0;0;0;
23.03.2026;PSZ_B_MAZ-01;PSZ_B_MAZ-01;0;0;0;0;0;0;0;0;0;
23.03.2026;PSZ_B_MAZ-02;PSZ_B_MAZ-02;0;0;0;0;0;0;0;0;0;
23.03.2026;PSZ_B_MAZ-03;PSZ_B_MAZ-03;0;0;0;0;0;0;0;0;0;
23.03.2026;PSZ_B_OPO-01;PSZ_B_OPO-01;0;0;0;0;0;0;0;0;0;
23.03.2026;PSZ_B_OPO-02;PSZ_B_OPO-02;0;0;0;0;0;0;0;0;0;
23.03.2026;PSZ_B_PDK-01;PSZ_B_PDK-01;0;0;0;0;0;0;0;0;0;
23.03.2026;PSZ_B_PDL-01;PSZ_B_PDL-01;0;0;0;0;0;0;0;0;0;
23.03.2026;PSZ_B_POM-01;PSZ_B_POM-01;0;0;0;0;0;0;0;0;0;
23.03.2026;PSZ_B_POM-02;PSZ_B_POM-02;0;0;0;0;0;0;0;0;0;
23.03.2026;PSZ_B_WLK-01;PSZ_B_WLK-01;0;0;0;0;0;0;0;0;0;
23.03.2026;PSZ_B_WLK-02;PSZ_B_WLK-02;0;0;0;0;0;0;0;0;0;
23.03.2026;PSZ_B_WLK-03;PSZ_B_WLK-03;0;0;0;0;0;0;0;0;0;
23.03.2026;PSZ_B_WLK-04;PSZ_B_WLK-04;0;0;0;0;0;0;0;0;0;
23.03.2026;PSZ_B_WMA-01;PSZ_B_WMA-01;0;0;0;0;0;0;0;0;0;
23.03.2026;PSZ_B_WMA-02;PSZ_B_WMA-02;0;0;0;0;0;0;0;0;0;
23.03.2026;PSZ_B_WMA-03;PSZ_B_WMA-03;0;0;0;0;0;0;0;0;0;
23.03.2026;PSZ_B_WMA-04;PSZ_B_WMA-04;0;0;0;0;0;0;0;0;0;
23.03.2026;PSZ_B_WMA-05;PSZ_B_WMA-05;0;0;0;0;0;0;0;0;0;
23.03.2026;PSZ_B_WMA-06;PSZ_B_WMA-06;0;0;0;0;0;0;0;0;0;
23.03.2026;PSZ_B_ZPO-01;PSZ_B_ZPO-01;0;0;0;0;0;0;0;0;0;
23.03.2026;PSZ_B_ZPO-02;PSZ_B_ZPO-02;0;0;0;0;0;0;0;0;0;
23.03.2026;PSZ_C_DLS-01;PSZ_C_DLS-01;0;0;0;0;0;0;0;0;0;
23.03.2026;PSZ_C_KUJ-01;PSZ_C_KUJ-01;0;0;0;0;0;0;0;0;0;
23.03.2026;PSZ_C_KUJ-02;PSZ_C_KUJ-02;0;0;0;0;0;0;0;0;0;
23.03.2026;PSZ_C_LBL-01;PSZ_C_LBL-01;0;0;0;0;0;0;0;0;0;
23.03.2026;PSZ_C_LBL-02;PSZ_C_LBL-02;0;0;0;0;0;0;0;0;0;
23.03.2026;PSZ_C_LBL-03;PSZ_C_LBL-03;0;0;0;0;0;0;0;0;0;
23.03.2026;PSZ_C_LBL-04;PSZ_C_LBL-04;0;0;0;0;0;0;0;0;0;
23.03.2026;PSZ_C_LBL-05;PSZ_C_LBL-05;0;0;0;0;0;0;0;0;0;
23.03.2026;PSZ_C_LBL-06;PSZ_C_LBL-06;0;0;0;0;0;0;0;0;0;
23.03.2026;PSZ_C_LBL-07;PSZ_C_LBL-07;0;0;0;0;0;0;0;0;0;
23.03.2026;PSZ_C_LBU-01;PSZ_C_LBU-01;0;0;0;0;0;0;0;0;0;
23.03.2026;PSZ_C_LBU-02;PSZ_C_LBU-02;0;0;0;0;0;0;0;0;0;
23.03.2026;PSZ_C_MAZ-01;PSZ_C_MAZ-01;0;0;0;0;0;0;0;0;0;
23.03.2026;PSZ_C_MAZ-02;PSZ_C_MAZ-02;0;0;0;0;0;0;0;0;0;
23.03.2026;PSZ_C_MAZ-03;PSZ_C_MAZ-03;0;0;0;0;0;0;0;0;0;
23.03.2026;PSZ_C_OPO-01;PSZ_C_OPO-01;0;0;0;0;0;0;0;0;0;
23.03.2026;PSZ_C_OPO-02;PSZ_C_OPO-02;0;0;0;0;0;0;0;0;0;
23.03.2026;PSZ_C_PDK-01;PSZ_C_PDK-01;0;0;0;0;0;0;0;0;0;
23.03.2026;PSZ_C_PDL-01;PSZ_C_PDL-01;0;0;0;0;0;0;0;0;0;
23.03.2026;PSZ_C_POM-01;PSZ_C_POM-01;0;0;0;0;0;0;0;0;0;
23.03.2026;PSZ_C_POM-02;PSZ_C_POM-02;0;0;0;0;0;0;0;0;0;
23.03.2026;PSZ_C_WLK-01;PSZ_C_WLK-01;0;0;0;0;0;0;0;0;0;
23.03.2026;PSZ_C_WLK-02;PSZ_C_WLK-02;0;0;0;0;0;0;0;0;0;
23.03.2026;PSZ_C_WLK-03;PSZ_C_WLK-03;0;0;0;0;0;0;0;0;0;
23.03.2026;PSZ_C_WLK-04;PSZ_C_WLK-04;0;0;0;0;0;0;0;0;0;
23.03.2026;PSZ_C_WMA-01;PSZ_C_WMA-01;0;0;0;0;0;0;0;0;0;
23.03.2026;PSZ_C_WMA-02;PSZ_C_WMA-02;0;0;0;0;0;0;0;0;0;
23.03.2026;PSZ_C_WMA-03;PSZ_C_WMA-03;0;0;0;0;0;0;0;0;0;
23.03.2026;PSZ_C_WMA-04;PSZ_C_WMA-04;0;0;0;0;0;0;0;0;0;
23.03.2026;PSZ_C_WMA-05;PSZ_C_WMA-05;0;0;0;0;0;0;0;0;0;
23.03.2026;PSZ_C_WMA-06;PSZ_C_WMA-06;0;0;0;0;0;0;0;0;0;
23.03.2026;PSZ_C_ZPO-01;PSZ_C_ZPO-01;0;0;0;0;0;0;0;0;0;
23.03.2026;PSZ_C_ZPO-02;PSZ_C_ZPO-02;0;0;0;0;0;0;0;0;0;
23.03.2026;RDN-1;RDN_24-03-26_H01;571,2;571,2;571,2;571,2;0;147;3152,3;1800593,76;2524,4;
23.03.2026;RDN-1;RDN_24-03-26_H02;509;509;509;509;0;160;3815,3;1941987,7;3288,8;
23.03.2026;RDN-1;RDN_24-03-26_H03;474,26;474,26;474,26;474,26;0;162;3345,6;1586684,256;2810,2;
23.03.2026;RDN-1;RDN_24-03-26_H04;453,2;453,2;453,2;453,2;0;152;3136,2;1421325,84;2553,6;
23.03.2026;RDN-1;RDN_24-03-26_H05;459,54;459,54;459,54;459,54;0;147;3217,1;1478386,134;2704,6;
23.03.2026;RDN-1;RDN_24-03-26_H06;508,19;508,19;508,19;508,19;0;141;3407,8;1731809,882;2844,1;
23.03.2026;RDN-1;RDN_24-03-26_H07;602,98;600;600;602,98;0;160;3892,4;2346978,852;3193,5;
23.03.2026;RDN-1;RDN_24-03-26_H08;529,99;529,1;529,1;529,99;0;161;3287,5;1742333,225;2528,1;
23.03.2026;RDN-1;RDN_24-03-26_H09;401;395;391;401;0;159;3224,1;1292681,1;2453,6;
23.03.2026;RDN-1;RDN_24-03-26_H10;261,23;261,23;261,23;261,23;0;154;3350;875120,5;2769,8;
23.03.2026;RDN-1;RDN_24-03-26_H11;41,28;40;40;41,28;0;175;3901,2;161015,936;3108,4;
23.03.2026;RDN-1;RDN_24-03-26_H12;0,01;-10;-10;0,01;0;165;3334,1;-301,909;2775,8;
23.03.2026;RDN-1;RDN_24-03-26_H13;0;-10;-10;0;0;157;3122,7;-99;2688,3;
23.03.2026;RDN-1;RDN_24-03-26_H14;4,5;0,12;0,12;4,5;0;166;3319,4;14880,36;2824,5;
23.03.2026;RDN-1;RDN_24-03-26_H15;140;130;130;200;0;182;3280,4;459716;2515,5;
23.03.2026;RDN-1;RDN_24-03-26_H16;363;363;363;363;0;171;2909,2;1056039,6;2380,3;
23.03.2026;RDN-1;RDN_24-03-26_H17;461,89;461,89;461,89;461,89;0;155;2688,2;1241652,698;2117,6;
23.03.2026;RDN-1;RDN_24-03-26_H18;556,9;556,9;556,9;556,9;0;168;3592,2;2000496,18;2796,9;
23.03.2026;RDN-1;RDN_24-03-26_H19;629,27;619,3;619,3;629,27;0;154;4288,8;2698115,276;3538,8;
23.03.2026;RDN-1;RDN_24-03-26_H20;608;600;600;608;0;150;4150,9;2523667,2;3478,9;
23.03.2026;RDN-1;RDN_24-03-26_H21;534;524;524;534;0;166;4077,1;2176471,4;3336,1;
23.03.2026;RDN-1;RDN_24-03-26_H22;394,5;390;390;395;0;161;3440,2;1357139,9;3220,3;
23.03.2026;RDN-1;RDN_24-03-26_H23;393,89;383,9;383,9;393,89;0;153;3735,7;1471305,023;3146,5;
23.03.2026;RDN-1;RDN_24-03-26_H24;332,26;322,26;320;332,26;0;149;3332,7;1107166,574;2709,4;
23.03.2026;RZP_A_LBL-01;RZP_A_LBL-01;0;0;0;0;0;0;0;0;0;
23.03.2026;SGT_BASE;SGT_BASE_24-03-26;0;0;0;0;0;0;0;0;0;
23.03.2026;SGT_RDB;SGT_RDB_23-03-26;0;0;0;0;0;0;0;0;0;
23.03.2026;ZTO_B_KUJ-02;ZTO_B_KUJ-02;0;0;0;0;0;0;0;0;0;
23.03.2026;ZTO_B_LBL-01;ZTO_B_LBL-01;0;0;0;0;0;0;0;0;0;
23.03.2026;ZTO_B_LBU-01;ZTO_B_LBU-01;0;0;0;0;0;0;0;0;0;
23.03.2026;ZTO_B_MAZ-01;ZTO_B_MAZ-01;0;0;0;0;0;0;0;0;0;
23.03.2026;ZTO_B_PDL-01;ZTO_B_PDL-01;0;0;0;0;0;0;0;0;0;
23.03.2026;ZTO_B_WLK-01;ZTO_B_WLK-01;0;0;0;0;0;0;0;0;0;
23.03.2026;ZTO_B_WLK-02;ZTO_B_WLK-02;0;0;0;0;0;0;0;0;0;
23.03.2026;ZTO_B_WMA-01;ZTO_B_WMA-01;0;0;0;0;0;0;0;0;0;
23.03.2026;ZTO_B_WMA-02;ZTO_B_WMA-02;0;0;0;0;0;0;0;0;0;
23.03.2026;ZTO_B_WMA-03;ZTO_B_WMA-03;0;0;0;0;0;0;0;0;0;
23.03.2026;ZTO_C_KUJ-02;ZTO_C_KUJ-02;0;0;0;0;0;0;0;0;0;
23.03.2026;ZTO_C_LBL-01;ZTO_C_LBL-01;0;0;0;0;0;0;0;0;0;
23.03.2026;ZTO_C_LBU-01;ZTO_C_LBU-01;0;0;0;0;0;0;0;0;0;
23.03.2026;ZTO_C_MAZ-01;ZTO_C_MAZ-01;0;0;0;0;0;0;0;0;0;
23.03.2026;ZTO_C_PDL-01;ZTO_C_PDL-01;0;0;0;0;0;0;0;0;0;
23.03.2026;ZTO_C_WLK-01;ZTO_C_WLK-01;0;0;0;0;0;0;0;0;0;
23.03.2026;ZTO_C_WLK-02;ZTO_C_WLK-02;0;0;0;0;0;0;0;0;0;
23.03.2026;ZTO_C_WMA-01;ZTO_C_WMA-01;0;0;0;0;0;0;0;0;0;
23.03.2026;ZTO_C_WMA-02;ZTO_C_WMA-02;0;0;0;0;0;0;0;0;0;
23.03.2026;ZTO_C_WMA-03;ZTO_C_WMA-03;0;0;0;0;0;0;0;0;0;
24.03.2026;BASE;BASE_25-03-26;250;240;240;250;0;18;78;459504;38;
24.03.2026;BASE;BASE_26-03-26;0;0;0;0;0;0;0;0;0;
24.03.2026;BASE_M;BASE_M-04-26;403;403;403;406;401,5;29;34;9877428;809;
24.03.2026;BASE_M;BASE_M-05-26;415;413;413;415;409,51;11;12;3696192;188;
24.03.2026;BASE_M;BASE_M-06-26;425;427,5;425;429;422,03;16;17;5218920;162;
24.03.2026;BASE_M;BASE_M-07-26;0;0;0;0;431,96;0;0;0;4;
24.03.2026;BASE_M;BASE_M-08-26;0;0;0;0;448;0;0;0;0;
24.03.2026;BASE_M;BASE_M-09-26;0;0;0;0;470,74;0;0;0;0;
24.03.2026;BASE_Q;BASE_Q-1-27;460;461;460;462;455,75;3;3;2985897;49;
24.03.2026;BASE_Q;BASE_Q-2-26;412;415,99;410;416;411;62;87;78774827,04;821;
24.03.2026;BASE_Q;BASE_Q-2-27;0;0;0;0;384,35;0;0;0;20;
24.03.2026;BASE_Q;BASE_Q-3-26;451;457,25;451;458;450,01;47;65;65250926;673;
24.03.2026;BASE_Q;BASE_Q-3-27;0;0;0;0;416;0;0;0;5;
24.03.2026;BASE_Q;BASE_Q-4-26;475;477;474;479;469,8;34;48;50521155;1019;
24.03.2026;BASE_W;BASE_W-14-26;369;361;361;369;380;7;15;921312;29;
24.03.2026;BASE_W;BASE_W-15-26;404,5;408;404,5;410;404,5;3;3;205380;3;
24.03.2026;BASE_W;BASE_W-16-26;0;0;0;0;403,4;0;0;0;0;
24.03.2026;BASE_W;BASE_W-17-26;0;0;0;0;403,4;0;0;0;0;
24.03.2026;BASE_W;BASE_W-18-26;0;0;0;0;399,64;0;0;0;0;
24.03.2026;BASE_Y;BASE_Y-27;430;432;430;433;423,2;12;12;45438120;1092;
24.03.2026;BASE_Y;BASE_Y-28;420;421;420;421,2;412,5;4;4;14785317;257;
24.03.2026;BASE_Y;BASE_Y-29;0;0;0;0;402;0;0;0;26;
24.03.2026;BASE_Y;BASE_Y-30;0;0;0;0;396,3;0;0;0;1;
24.03.2026;F-OZE;F-OZE_05-26;0;0;0;0;28,01;0;0;0;0;
24.03.2026;F-OZE;F-OZE_05-27;0;0;0;0;28,01;0;0;0;0;
24.03.2026;F-OZE;F-OZE_11-26;0;0;0;0;28,01;0;0;0;0;
24.03.2026;F-OZE;F-OZE_11-27;0;0;0;0;28,01;0;0;0;0;
24.03.2026;GAS_BASE;GAS_BASE_25-03-26;251,9;233;228;251,9;0;113;3551;19768712,88;3168;
24.03.2026;GAS_BASE_M;GAS_BASE_M-01-27;0;0;0;0;254,26;0;0;0;417;
24.03.2026;GAS_BASE_M;GAS_BASE_M-02-27;0;0;0;0;251,96;0;0;0;317;
24.03.2026;GAS_BASE_M;GAS_BASE_M-03-27;0;0;0;0;231,34;0;0;0;0;
24.03.2026;GAS_BASE_M;GAS_BASE_M-04-26;241;239;232;241;245,59;23;50;8511120;3864;
24.03.2026;GAS_BASE_M;GAS_BASE_M-05-26;224;226;224;226;233,22;11;67;11250768;669;
24.03.2026;GAS_BASE_M;GAS_BASE_M-06-26;226;225;225;227;239,9;4;49;7963200;216;
24.03.2026;GAS_BASE_M;GAS_BASE_M-07-26;245;245;245;245;253;1;5;911400;26;
24.03.2026;GAS_BASE_M;GAS_BASE_M-08-26;0;0;0;0;230,84;0;0;0;10;
24.03.2026;GAS_BASE_M;GAS_BASE_M-09-26;0;0;0;0;237,87;0;0;0;355;
24.03.2026;GAS_BASE_M;GAS_BASE_M-10-26;0;0;0;0;239,05;0;0;0;34;
24.03.2026;GAS_BASE_M;GAS_BASE_M-11-26;0;0;0;0;246,82;0;0;0;1708;
24.03.2026;GAS_BASE_M;GAS_BASE_M-12-26;0;0;0;0;249,2;0;0;0;1804;
24.03.2026;GAS_BASE_Q;GAS_BASE_Q-1-27;238;236;236;238;245,66;7;19;9734931;1493;
24.03.2026;GAS_BASE_Q;GAS_BASE_Q-2-26;230;228,55;227;230;239,5;21;102;50755177,2;7393;
24.03.2026;GAS_BASE_Q;GAS_BASE_Q-2-27;0;0;0;0;205,26;0;0;0;60;
24.03.2026;GAS_BASE_Q;GAS_BASE_Q-3-26;232;229;229;232;240,6;8;54;27648576;6295;
24.03.2026;GAS_BASE_Q;GAS_BASE_Q-3-27;0;0;0;0;211,89;0;0;0;28;
24.03.2026;GAS_BASE_Q;GAS_BASE_Q-4-26;237;238;237;239;245;22;80;41964064;8434;
24.03.2026;GAS_BASE_S;GAS_BASE_S-S-26;0;0;0;0;240,05;0;0;0;72;
24.03.2026;GAS_BASE_S;GAS_BASE_S-S-27;0;0;0;0;208,59;0;0;0;9;
24.03.2026;GAS_BASE_S;GAS_BASE_S-W-26;0;0;0;0;245,33;0;0;0;741;
24.03.2026;GAS_BASE_S;GAS_BASE_S-W-27;0;0;0;0;215,57;0;0;0;30;
24.03.2026;GAS_BASE_W;GAS_BASE_W-14-26;0;0;0;0;258;0;0;0;0;
24.03.2026;GAS_BASE_W;GAS_BASE_W-15-26;0;0;0;0;256;0;0;0;0;
24.03.2026;GAS_BASE_W;GAS_BASE_W-16-26;0;0;0;0;245,02;0;0;0;0;
24.03.2026;GAS_BASE_W;GAS_BASE_W-17-26;0;0;0;0;245,02;0;0;0;0;
24.03.2026;GAS_BASE_Y;GAS_BASE_Y-27;206;212;206;212;216,5;9;7;12684480;4238;
24.03.2026;GAS_BASE_Y;GAS_BASE_Y-28;161,25;160,5;160,25;161,25;169,25;12;17;23951772;653;
24.03.2026;GAS_BASE_Y;GAS_BASE_Y-29;0;0;0;0;136,5;0;0;0;75;
24.03.2026;GAS_BASE_Y;GAS_BASE_Y-30;0;0;0;0;152,71;0;0;0;5;
24.03.2026;GAS_RDB;GAS_RDB_24-03-26;250;235;231;250;0;65;13054;3085734,45;9453;
24.03.2026;GLW_BASE;GLW_BASE_25-03-26;0;0;0;0;0;0;0;0;0;
24.03.2026;GLW_RDB;GLW_RDB_24-03-26;0;0;0;0;0;0;0;0;0;
24.03.2026;KUK_A_WMA-03;KUK_A_WMA-03;0;0;0;0;0;0;0;0;0;
24.03.2026;OFFPEAK;OFFPEAK_25-03-26;0;0;0;0;0;0;0;0;0;
24.03.2026;OFFPEAK;OFFPEAK_26-03-26;0;0;0;0;0;0;0;0;0;
24.03.2026;OFFPEAK_M;OFFPEAK_M-04-26;0;0;0;0;387,12;0;0;0;0;
24.03.2026;OFFPEAK_M;OFFPEAK_M-05-26;0;0;0;0;405,13;0;0;0;0;
24.03.2026;OFFPEAK_M;OFFPEAK_M-06-26;0;0;0;0;417,2;0;0;0;0;
24.03.2026;OFFPEAK_M;OFFPEAK_M-07-26;0;0;0;0;420,62;0;0;0;0;
24.03.2026;OFFPEAK_M;OFFPEAK_M-08-26;0;0;0;0;438,46;0;0;0;0;
24.03.2026;OFFPEAK_M;OFFPEAK_M-09-26;0;0;0;0;480,12;0;0;0;0;
24.03.2026;OFFPEAK_Q;OFFPEAK_Q-1-27;0;0;0;0;395,07;0;0;0;0;
24.03.2026;OFFPEAK_Q;OFFPEAK_Q-2-26;0;0;0;0;403,21;0;0;0;0;
24.03.2026;OFFPEAK_Q;OFFPEAK_Q-2-27;0;0;0;0;361,16;0;0;0;0;
24.03.2026;OFFPEAK_Q;OFFPEAK_Q-3-26;0;0;0;0;445,95;0;0;0;0;
24.03.2026;OFFPEAK_Q;OFFPEAK_Q-3-27;0;0;0;0;392,78;0;0;0;0;
24.03.2026;OFFPEAK_Q;OFFPEAK_Q-4-26;0;0;0;0;389,33;0;0;0;0;
24.03.2026;OFFPEAK_W;OFFPEAK_W-14-26;0;0;0;0;347,2;0;0;0;0;
24.03.2026;OFFPEAK_W;OFFPEAK_W-15-26;0;0;0;0;396,8;0;0;0;0;
24.03.2026;OFFPEAK_W;OFFPEAK_W-16-26;0;0;0;0;389,46;0;0;0;0;
24.03.2026;OFFPEAK_W;OFFPEAK_W-17-26;0;0;0;0;389,46;0;0;0;0;
24.03.2026;OFFPEAK_W;OFFPEAK_W-18-26;0;0;0;0;384,9;0;0;0;0;
24.03.2026;OFFPEAK_Y;OFFPEAK_Y-27;0;0;0;0;378,56;0;0;0;0;
24.03.2026;OFFPEAK_Y;OFFPEAK_Y-28;0;0;0;0;369,37;0;0;0;0;
24.03.2026;OFFPEAK_Y;OFFPEAK_Y-29;0;0;0;0;371,91;0;0;0;0;
24.03.2026;OFFPEAK_Y;OFFPEAK_Y-30;0;0;0;0;329,57;0;0;0;0;
24.03.2026;PEAK;PEAK_25-03-26;0;0;0;0;0;0;0;0;0;
24.03.2026;PEAK;PEAK_26-03-26;0;0;0;0;0;0;0;0;0;
24.03.2026;PEAK5_M;PEAK5_M-04-26;0;0;0;0;420;0;0;0;28;
24.03.2026;PEAK5_M;PEAK5_M-05-26;0;0;0;0;416;0;0;0;5;
24.03.2026;PEAK5_M;PEAK5_M-06-26;0;0;0;0;428,24;0;0;0;7;
24.03.2026;PEAK5_M;PEAK5_M-07-26;0;0;0;0;445,08;0;0;0;0;
24.03.2026;PEAK5_M;PEAK5_M-08-26;0;0;0;0;460,99;0;0;0;0;
24.03.2026;PEAK5_M;PEAK5_M-09-26;0;0;0;0;459,65;0;0;0;0;
24.03.2026;PEAK5_Q;PEAK5_Q-1-27;0;0;0;0;538,25;0;0;0;0;
24.03.2026;PEAK5_Q;PEAK5_Q-2-26;430;430;430;430;421,5;2;3;1199700;102;
24.03.2026;PEAK5_Q;PEAK5_Q-2-27;0;0;0;0;414,75;0;0;0;0;
24.03.2026;PEAK5_Q;PEAK5_Q-3-26;460,5;463;460,5;463;455;11;17;7759620;115;
24.03.2026;PEAK5_Q;PEAK5_Q-3-27;0;0;0;0;444,56;0;0;0;0;
24.03.2026;PEAK5_Q;PEAK5_Q-4-26;580;580;577;580;574,5;8;16;8905920;148;
24.03.2026;PEAK5_W;PEAK5_W-14-26;0;0;0;0;420,67;0;0;0;0;
24.03.2026;PEAK5_W;PEAK5_W-15-26;0;0;0;0;418,36;0;0;0;0;
24.03.2026;PEAK5_W;PEAK5_W-16-26;0;0;0;0;420,67;0;0;0;0;
24.03.2026;PEAK5_W;PEAK5_W-17-26;0;0;0;0;420,67;0;0;0;0;
24.03.2026;PEAK5_W;PEAK5_W-18-26;0;0;0;0;426,18;0;0;0;0;
24.03.2026;PEAK5_Y;PEAK5_Y-27;485;490;485;490;481,6;3;5;9248415;210;
24.03.2026;PEAK5_Y;PEAK5_Y-28;0;0;0;0;470;0;0;0;1;
24.03.2026;PEAK5_Y;PEAK5_Y-29;0;0;0;0;441,92;0;0;0;0;
24.03.2026;PEAK5_Y;PEAK5_Y-30;0;0;0;0;485,45;0;0;0;0;
24.03.2026;PMBG;PMBG;0;0;0;0;0;0;0;0;0;
24.03.2026;PMEF-2025;PMEF-2025;0;0;0;0;0;0;0;0;0;
24.03.2026;PMEF-2026;PMEF-2026;0;0;0;0;0;0;0;0;0;
24.03.2026;PMEF_F;PMEF_F;2328;2327,49;2327,05;2329,99;0;46;1774900;4132016448;95780285;
24.03.2026;PMOZE;PMOZE;0;0;0;0;0;0;0;0;0;
24.03.2026;PMOZE_A;PMOZE_A;28,01;28,01;27,98;28,1;0;109;100411378;2811766303;10078687903;
24.03.2026;PMOZE-BIO;PMOZE-BIO;300,78;305;300,78;305;0;18;3144450;947189271;572258642;
24.03.2026;PSZ_B_DLS-01;PSZ_B_DLS-01;0;0;0;0;0;0;0;0;0;
24.03.2026;PSZ_B_KUJ-01;PSZ_B_KUJ-01;0;0;0;0;0;0;0;0;0;
24.03.2026;PSZ_B_KUJ-02;PSZ_B_KUJ-02;0;0;0;0;0;0;0;0;0;
24.03.2026;PSZ_B_LBL-01;PSZ_B_LBL-01;0;0;0;0;0;0;0;0;0;
24.03.2026;PSZ_B_LBL-02;PSZ_B_LBL-02;0;0;0;0;0;0;0;0;0;
24.03.2026;PSZ_B_LBL-03;PSZ_B_LBL-03;0;0;0;0;0;0;0;0;0;
24.03.2026;PSZ_B_LBL-04;PSZ_B_LBL-04;0;0;0;0;0;0;0;0;0;
24.03.2026;PSZ_B_LBL-05;PSZ_B_LBL-05;0;0;0;0;0;0;0;0;0;
24.03.2026;PSZ_B_LBL-06;PSZ_B_LBL-06;0;0;0;0;0;0;0;0;0;
24.03.2026;PSZ_B_LBL-07;PSZ_B_LBL-07;0;0;0;0;0;0;0;0;0;
24.03.2026;PSZ_B_LBU-01;PSZ_B_LBU-01;0;0;0;0;0;0;0;0;0;
24.03.2026;PSZ_B_LBU-02;PSZ_B_LBU-02;0;0;0;0;0;0;0;0;0;
24.03.2026;PSZ_B_MAZ-01;PSZ_B_MAZ-01;0;0;0;0;0;0;0;0;0;
24.03.2026;PSZ_B_MAZ-02;PSZ_B_MAZ-02;0;0;0;0;0;0;0;0;0;
24.03.2026;PSZ_B_MAZ-03;PSZ_B_MAZ-03;0;0;0;0;0;0;0;0;0;
24.03.2026;PSZ_B_OPO-01;PSZ_B_OPO-01;0;0;0;0;0;0;0;0;0;
24.03.2026;PSZ_B_OPO-02;PSZ_B_OPO-02;0;0;0;0;0;0;0;0;0;
24.03.2026;PSZ_B_PDK-01;PSZ_B_PDK-01;0;0;0;0;0;0;0;0;0;
24.03.2026;PSZ_B_PDL-01;PSZ_B_PDL-01;0;0;0;0;0;0;0;0;0;
24.03.2026;PSZ_B_POM-01;PSZ_B_POM-01;0;0;0;0;0;0;0;0;0;
24.03.2026;PSZ_B_POM-02;PSZ_B_POM-02;0;0;0;0;0;0;0;0;0;
24.03.2026;PSZ_B_WLK-01;PSZ_B_WLK-01;0;0;0;0;0;0;0;0;0;
24.03.2026;PSZ_B_WLK-02;PSZ_B_WLK-02;0;0;0;0;0;0;0;0;0;
24.03.2026;PSZ_B_WLK-03;PSZ_B_WLK-03;0;0;0;0;0;0;0;0;0;
24.03.2026;PSZ_B_WLK-04;PSZ_B_WLK-04;0;0;0;0;0;0;0;0;0;
24.03.2026;PSZ_B_WMA-01;PSZ_B_WMA-01;0;0;0;0;0;0;0;0;0;
24.03.2026;PSZ_B_WMA-02;PSZ_B_WMA-02;0;0;0;0;0;0;0;0;0;
24.03.2026;PSZ_B_WMA-03;PSZ_B_WMA-03;0;0;0;0;0;0;0;0;0;
24.03.2026;PSZ_B_WMA-04;PSZ_B_WMA-04;0;0;0;0;0;0;0;0;0;
24.03.2026;PSZ_B_WMA-05;PSZ_B_WMA-05;0;0;0;0;0;0;0;0;0;
24.03.2026;PSZ_B_WMA-06;PSZ_B_WMA-06;0;0;0;0;0;0;0;0;0;
24.03.2026;PSZ_B_ZPO-01;PSZ_B_ZPO-01;0;0;0;0;0;0;0;0;0;
24.03.2026;PSZ_B_ZPO-02;PSZ_B_ZPO-02;0;0;0;0;0;0;0;0;0;
24.03.2026;PSZ_C_DLS-01;PSZ_C_DLS-01;0;0;0;0;0;0;0;0;0;
24.03.2026;PSZ_C_KUJ-01;PSZ_C_KUJ-01;0;0;0;0;0;0;0;0;0;
24.03.2026;PSZ_C_KUJ-02;PSZ_C_KUJ-02;0;0;0;0;0;0;0;0;0;
24.03.2026;PSZ_C_LBL-01;PSZ_C_LBL-01;0;0;0;0;0;0;0;0;0;
24.03.2026;PSZ_C_LBL-02;PSZ_C_LBL-02;0;0;0;0;0;0;0;0;0;
24.03.2026;PSZ_C_LBL-03;PSZ_C_LBL-03;0;0;0;0;0;0;0;0;0;
24.03.2026;PSZ_C_LBL-04;PSZ_C_LBL-04;0;0;0;0;0;0;0;0;0;
24.03.2026;PSZ_C_LBL-05;PSZ_C_LBL-05;0;0;0;0;0;0;0;0;0;
24.03.2026;PSZ_C_LBL-06;PSZ_C_LBL-06;0;0;0;0;0;0;0;0;0;
24.03.2026;PSZ_C_LBL-07;PSZ_C_LBL-07;0;0;0;0;0;0;0;0;0;
24.03.2026;PSZ_C_LBU-01;PSZ_C_LBU-01;0;0;0;0;0;0;0;0;0;
24.03.2026;PSZ_C_LBU-02;PSZ_C_LBU-02;0;0;0;0;0;0;0;0;0;
24.03.2026;PSZ_C_MAZ-01;PSZ_C_MAZ-01;0;0;0;0;0;0;0;0;0;
24.03.2026;PSZ_C_MAZ-02;PSZ_C_MAZ-02;0;0;0;0;0;0;0;0;0;
24.03.2026;PSZ_C_MAZ-03;PSZ_C_MAZ-03;0;0;0;0;0;0;0;0;0;
24.03.2026;PSZ_C_OPO-01;PSZ_C_OPO-01;0;0;0;0;0;0;0;0;0;
24.03.2026;PSZ_C_OPO-02;PSZ_C_OPO-02;0;0;0;0;0;0;0;0;0;
24.03.2026;PSZ_C_PDK-01;PSZ_C_PDK-01;0;0;0;0;0;0;0;0;0;
24.03.2026;PSZ_C_PDL-01;PSZ_C_PDL-01;0;0;0;0;0;0;0;0;0;
24.03.2026;PSZ_C_POM-01;PSZ_C_POM-01;0;0;0;0;0;0;0;0;0;
24.03.2026;PSZ_C_POM-02;PSZ_C_POM-02;0;0;0;0;0;0;0;0;0;
24.03.2026;PSZ_C_WLK-01;PSZ_C_WLK-01;0;0;0;0;0;0;0;0;0;
24.03.2026;PSZ_C_WLK-02;PSZ_C_WLK-02;0;0;0;0;0;0;0;0;0;
24.03.2026;PSZ_C_WLK-03;PSZ_C_WLK-03;0;0;0;0;0;0;0;0;0;
24.03.2026;PSZ_C_WLK-04;PSZ_C_WLK-04;0;0;0;0;0;0;0;0;0;
24.03.2026;PSZ_C_WMA-01;PSZ_C_WMA-01;0;0;0;0;0;0;0;0;0;
24.03.2026;PSZ_C_WMA-02;PSZ_C_WMA-02;0;0;0;0;0;0;0;0;0;
24.03.2026;PSZ_C_WMA-03;PSZ_C_WMA-03;0;0;0;0;0;0;0;0;0;
24.03.2026;PSZ_C_WMA-04;PSZ_C_WMA-04;0;0;0;0;0;0;0;0;0;
24.03.2026;PSZ_C_WMA-05;PSZ_C_WMA-05;0;0;0;0;0;0;0;0;0;
24.03.2026;PSZ_C_WMA-06;PSZ_C_WMA-06;0;0;0;0;0;0;0;0;0;
24.03.2026;PSZ_C_ZPO-01;PSZ_C_ZPO-01;0;0;0;0;0;0;0;0;0;
24.03.2026;PSZ_C_ZPO-02;PSZ_C_ZPO-02;0;0;0;0;0;0;0;0;0;
24.03.2026;RDN-1;RDN_25-03-26_H01;280;260;260;280;0;163;3813;1067440;3148,9;
24.03.2026;RDN-1;RDN_25-03-26_H02;192,35;189;189;192,35;0;162;3613,6;695042,46;2842,4;
24.03.2026;RDN-1;RDN_25-03-26_H03;158,61;158,61;158,61;158,61;0;160;3556;564017,16;2820,9;
24.03.2026;RDN-1;RDN_25-03-26_H04;161,99;160,9;160,9;161,99;0;157;3592,1;581875,123;2738,8;
24.03.2026;RDN-1;RDN_25-03-26_H05;205,77;205,77;205,77;205,77;0;142;3669,1;754990,707;2842,6;
24.03.2026;RDN-1;RDN_25-03-26_H06;278,39;278,39;278,39;278,39;0;171;4271;1189003,69;3482,2;
24.03.2026;RDN-1;RDN_25-03-26_H07;380,6;380,6;380,6;380,6;0;190;5082,2;1934285,32;4183,3;
24.03.2026;RDN-1;RDN_25-03-26_H08;319;299;299;319;0;191;5223,9;1666390,1;4236,7;
24.03.2026;RDN-1;RDN_25-03-26_H09;58,3;60;58,3;60;0;182;5153,8;300480,14;4531,5;
24.03.2026;RDN-1;RDN_25-03-26_H10;1,9;1,9;1,9;1,9;0;187;5464,1;10381,79;4832,1;
24.03.2026;RDN-1;RDN_25-03-26_H11;0;-1;-1;0;0;163;5100,1;-10,04;4351,7;
24.03.2026;RDN-1;RDN_25-03-26_H12;-0,99;-1;-1;-0,99;0;162;4588,1;-4542,249;3948,4;
24.03.2026;RDN-1;RDN_25-03-26_H13;0;0;0;0;0;198;5613,9;0;4772,2;
24.03.2026;RDN-1;RDN_25-03-26_H14;8,7;50;8,7;50;0;197;5671,6;49466,82;4771,9;
24.03.2026;RDN-1;RDN_25-03-26_H15;120;120;120;120;0;206;5533,6;664032;4637,3;
24.03.2026;RDN-1;RDN_25-03-26_H16;358,15;358;357;358,15;0;189;4953,7;1774130,155;4098,9;
24.03.2026;RDN-1;RDN_25-03-26_H17;486,07;486,07;479,4;486,07;0;177;4634,1;2252476,914;3725,4;
24.03.2026;RDN-1;RDN_25-03-26_H18;673,98;667,9;667,9;673,98;0;180;4589,2;3092736,824;3954;
24.03.2026;RDN-1;RDN_25-03-26_H19;917,35;875;875;917,35;0;191;5016,8;4598351,87;4598,2;
24.03.2026;RDN-1;RDN_25-03-26_H20;747,1;700;700;747,1;0;184;4970,8;3712647,4;4565,5;
24.03.2026;RDN-1;RDN_25-03-26_H21;648,75;640;640;648,75;0;174;4542,3;2946792,625;4074,7;
24.03.2026;RDN-1;RDN_25-03-26_H22;540,9;540;540;540,9;0;164;4093,5;2214160,65;3342,2;
24.03.2026;RDN-1;RDN_25-03-26_H23;492,88;492,88;492,88;492,88;0;161;3530,2;1739964,976;2934,4;
24.03.2026;RDN-1;RDN_25-03-26_H24;446,21;441,6;441,6;446,21;0;159;3068,1;1368716,329;2328,4;
24.03.2026;RZP_A_LBL-01;RZP_A_LBL-01;0;0;0;0;0;0;0;0;0;
24.03.2026;SGT_BASE;SGT_BASE_25-03-26;0;0;0;0;0;0;0;0;0;
24.03.2026;SGT_RDB;SGT_RDB_24-03-26;0;0;0;0;0;0;0;0;0;
24.03.2026;ZTO_B_KUJ-02;ZTO_B_KUJ-02;0;0;0;0;0;0;0;0;0;
24.03.2026;ZTO_B_LBL-01;ZTO_B_LBL-01;0;0;0;0;0;0;0;0;0;
24.03.2026;ZTO_B_LBU-01;ZTO_B_LBU-01;0;0;0;0;0;0;0;0;0;
24.03.2026;ZTO_B_MAZ-01;ZTO_B_MAZ-01;0;0;0;0;0;0;0;0;0;
24.03.2026;ZTO_B_PDL-01;ZTO_B_PDL-01;0;0;0;0;0;0;0;0;0;
24.03.2026;ZTO_B_WLK-01;ZTO_B_WLK-01;0;0;0;0;0;0;0;0;0;
24.03.2026;ZTO_B_WLK-02;ZTO_B_WLK-02;0;0;0;0;0;0;0;0;0;
24.03.2026;ZTO_B_WMA-01;ZTO_B_WMA-01;0;0;0;0;0;0;0;0;0;
24.03.2026;ZTO_B_WMA-02;ZTO_B_WMA-02;0;0;0;0;0;0;0;0;0;
24.03.2026;ZTO_B_WMA-03;ZTO_B_WMA-03;0;0;0;0;0;0;0;0;0;
24.03.2026;ZTO_C_KUJ-02;ZTO_C_KUJ-02;0;0;0;0;0;0;0;0;0;
24.03.2026;ZTO_C_LBL-01;ZTO_C_LBL-01;0;0;0;0;0;0;0;0;0;
24.03.2026;ZTO_C_LBU-01;ZTO_C_LBU-01;0;0;0;0;0;0;0;0;0;
24.03.2026;ZTO_C_MAZ-01;ZTO_C_MAZ-01;0;0;0;0;0;0;0;0;0;
24.03.2026;ZTO_C_PDL-01;ZTO_C_PDL-01;0;0;0;0;0;0;0;0;0;
24.03.2026;ZTO_C_WLK-01;ZTO_C_WLK-01;0;0;0;0;0;0;0;0;0;
24.03.2026;ZTO_C_WLK-02;ZTO_C_WLK-02;0;0;0;0;0;0;0;0;0;
24.03.2026;ZTO_C_WMA-01;ZTO_C_WMA-01;0;0;0;0;0;0;0;0;0;
24.03.2026;ZTO_C_WMA-02;ZTO_C_WMA-02;0;0;0;0;0;0;0;0;0;
24.03.2026;ZTO_C_WMA-03;ZTO_C_WMA-03;0;0;0;0;0;0;0;0;0;
25.03.2026;BASE;BASE_26-03-26;460;480;460;480;0;7;41;462120;34;
25.03.2026;BASE;BASE_27-03-26;0;0;0;0;0;0;0;0;0;
25.03.2026;BASE_M;BASE_M-04-26;404,5;406;403,5;406,5;402,54;54;59;17193715,2;819;
25.03.2026;BASE_M;BASE_M-05-26;0;0;0;0;413,55;0;0;0;188;
25.03.2026;BASE_M;BASE_M-06-26;0;0;0;0;429,56;0;0;0;162;
25.03.2026;BASE_M;BASE_M-07-26;0;0;0;0;436,53;0;0;0;4;
25.03.2026;BASE_M;BASE_M-08-26;0;0;0;0;459,32;0;0;0;0;
25.03.2026;BASE_M;BASE_M-09-26;0;0;0;0;475,76;0;0;0;0;
25.03.2026;BASE_Q;BASE_Q-1-27;0;0;0;0;461;0;0;0;49;
25.03.2026;BASE_Q;BASE_Q-2-26;416,55;420;416;420;415,2;50;58;52831134,72;871;
25.03.2026;BASE_Q;BASE_Q-2-27;0;0;0;0;390;0;0;0;20;
25.03.2026;BASE_Q;BASE_Q-3-26;458;461;458;461;457;31;36;36538028;702;
25.03.2026;BASE_Q;BASE_Q-3-27;0;0;0;0;420;0;0;0;5;
25.03.2026;BASE_Q;BASE_Q-4-26;478;480;478;482;477;26;31;32817059;1036;
25.03.2026;BASE_W;BASE_W-14-26;0;0;0;0;363,6;0;0;0;29;
25.03.2026;BASE_W;BASE_W-15-26;0;0;0;0;407,5;0;0;0;3;
25.03.2026;BASE_W;BASE_W-16-26;0;0;0;0;407,57;0;0;0;0;
25.03.2026;BASE_W;BASE_W-17-26;0;0;0;0;407,57;0;0;0;0;
25.03.2026;BASE_W;BASE_W-18-26;0;0;0;0;406,69;0;0;0;0;
25.03.2026;BASE_Y;BASE_Y-27;436,5;436;435,9;436,5;432,2;9;9;34382124;1091;
25.03.2026;BASE_Y;BASE_Y-28;424;424;424;424,99;420,8;9;9;33528440;258;
25.03.2026;BASE_Y;BASE_Y-29;0;0;0;0;408,5;0;0;0;26;
25.03.2026;BASE_Y;BASE_Y-30;0;0;0;0;403,89;0;0;0;1;
25.03.2026;GAS_BASE;GAS_BASE_26-03-26;220,75;237;219,01;237;0;73;1866;9970447,92;1713;
25.03.2026;GAS_BASE_M;GAS_BASE_M-01-27;230;232;230;232;245,72;3;3;516336;420;
25.03.2026;GAS_BASE_M;GAS_BASE_M-02-27;0;0;0;0;243,49;0;0;0;317;
25.03.2026;GAS_BASE_M;GAS_BASE_M-03-27;0;0;0;0;223,57;0;0;0;0;
25.03.2026;GAS_BASE_M;GAS_BASE_M-04-26;230;228;218,5;230;233,61;24;62;9989640;3889;
25.03.2026;GAS_BASE_M;GAS_BASE_M-05-26;220;220,01;219;222;229;12;20;3279834,72;664;
25.03.2026;GAS_BASE_M;GAS_BASE_M-06-26;215;217,5;209,5;220;222,87;18;70;10710360;262;
25.03.2026;GAS_BASE_M;GAS_BASE_M-07-26;0;0;0;0;245;0;0;0;26;
25.03.2026;GAS_BASE_M;GAS_BASE_M-08-26;0;0;0;0;213,35;0;0;0;10;
25.03.2026;GAS_BASE_M;GAS_BASE_M-09-26;228,01;227;227;228,01;236;7;18;2952058;373;
25.03.2026;GAS_BASE_M;GAS_BASE_M-10-26;0;0;0;0;229,11;0;0;0;34;
25.03.2026;GAS_BASE_M;GAS_BASE_M-11-26;230;235;230;235;236,58;15;33;5493600;1741;
25.03.2026;GAS_BASE_M;GAS_BASE_M-12-26;235;240;235;240;249,37;16;43;7550856;1847;
25.03.2026;GAS_BASE_Q;GAS_BASE_Q-1-27;228;235;228;236,25;237,4;13;53;26173017;1487;
25.03.2026;GAS_BASE_Q;GAS_BASE_Q-2-26;212;216;212;216;228,5;22;111;51820314;7308;
25.03.2026;GAS_BASE_Q;GAS_BASE_Q-2-27;194;194;194;194;198,4;1;5;2118480;65;
25.03.2026;GAS_BASE_Q;GAS_BASE_Q-3-26;224;220;213;224;231,4;22;99;47403552;6295;
25.03.2026;GAS_BASE_Q;GAS_BASE_Q-3-27;0;0;0;0;204,88;0;0;0;28;
25.03.2026;GAS_BASE_Q;GAS_BASE_Q-4-26;226,75;225;223;227;238,37;21;95;47199482;8431;
25.03.2026;GAS_BASE_S;GAS_BASE_S-S-26;0;0;0;0;229,96;0;0;0;72;
25.03.2026;GAS_BASE_S;GAS_BASE_S-S-27;0;0;0;0;201,66;0;0;0;9;
25.03.2026;GAS_BASE_S;GAS_BASE_S-W-26;0;0;0;0;237,89;0;0;0;741;
25.03.2026;GAS_BASE_S;GAS_BASE_S-W-27;0;0;0;0;209,03;0;0;0;30;
25.03.2026;GAS_BASE_W;GAS_BASE_W-14-26;0;0;0;0;238,5;0;0;0;0;
25.03.2026;GAS_BASE_W;GAS_BASE_W-15-26;0;0;0;0;240,5;0;0;0;0;
25.03.2026;GAS_BASE_W;GAS_BASE_W-16-26;0;0;0;0;238,62;0;0;0;0;
25.03.2026;GAS_BASE_W;GAS_BASE_W-17-26;0;0;0;0;238,62;0;0;0;0;
25.03.2026;GAS_BASE_Y;GAS_BASE_Y-27;198,5;199,4;198,5;199,4;210;13;20;34822752;4245;
25.03.2026;GAS_BASE_Y;GAS_BASE_Y-28;153,5;153,5;152,25;153,5;160,35;13;29;38860416;682;
25.03.2026;GAS_BASE_Y;GAS_BASE_Y-29;0;0;0;0;123,75;0;0;0;75;
25.03.2026;GAS_BASE_Y;GAS_BASE_Y-30;0;0;0;0;144,22;0;0;0;5;
25.03.2026;GAS_RDB;GAS_RDB_25-03-26;233,75;243;218,95;243;0;75;20945;4710674,57;16577;
25.03.2026;GLW_BASE;GLW_BASE_26-03-26;0;0;0;0;0;0;0;0;0;
25.03.2026;GLW_RDB;GLW_RDB_25-03-26;0;0;0;0;0;0;0;0;0;
25.03.2026;KUK_A_WMA-03;KUK_A_WMA-03;0;0;0;0;0;0;0;0;0;
25.03.2026;OFFPEAK;OFFPEAK_26-03-26;0;0;0;0;0;0;0;0;0;
25.03.2026;OFFPEAK;OFFPEAK_27-03-26;0;0;0;0;0;0;0;0;0;
25.03.2026;OFFPEAK_M;OFFPEAK_M-04-26;0;0;0;0;378,78;0;0;0;0;
25.03.2026;OFFPEAK_M;OFFPEAK_M-05-26;0;0;0;0;412,71;0;0;0;0;
25.03.2026;OFFPEAK_M;OFFPEAK_M-06-26;0;0;0;0;420,38;0;0;0;0;
25.03.2026;OFFPEAK_M;OFFPEAK_M-07-26;0;0;0;0;425,04;0;0;0;0;
25.03.2026;OFFPEAK_M;OFFPEAK_M-08-26;0;0;0;0;449,52;0;0;0;0;
25.03.2026;OFFPEAK_M;OFFPEAK_M-09-26;0;0;0;0;485,24;0;0;0;0;
25.03.2026;OFFPEAK_Q;OFFPEAK_Q-1-27;0;0;0;0;388,18;0;0;0;0;
25.03.2026;OFFPEAK_Q;OFFPEAK_Q-2-26;0;0;0;0;404,23;0;0;0;0;
25.03.2026;OFFPEAK_Q;OFFPEAK_Q-2-27;0;0;0;0;366,92;0;0;0;0;
25.03.2026;OFFPEAK_Q;OFFPEAK_Q-3-26;0;0;0;0;452,94;0;0;0;0;
25.03.2026;OFFPEAK_Q;OFFPEAK_Q-3-27;0;0;0;0;395,23;0;0;0;0;
25.03.2026;OFFPEAK_Q;OFFPEAK_Q-4-26;0;0;0;0;397,83;0;0;0;0;
25.03.2026;OFFPEAK_W;OFFPEAK_W-14-26;0;0;0;0;307,01;0;0;0;0;
25.03.2026;OFFPEAK_W;OFFPEAK_W-15-26;0;0;0;0;394,23;0;0;0;0;
25.03.2026;OFFPEAK_W;OFFPEAK_W-16-26;0;0;0;0;386,43;0;0;0;0;
25.03.2026;OFFPEAK_W;OFFPEAK_W-17-26;0;0;0;0;386,43;0;0;0;0;
25.03.2026;OFFPEAK_W;OFFPEAK_W-18-26;0;0;0;0;388,49;0;0;0;0;
25.03.2026;OFFPEAK_Y;OFFPEAK_Y-27;0;0;0;0;389,55;0;0;0;0;
25.03.2026;OFFPEAK_Y;OFFPEAK_Y-28;0;0;0;0;376,17;0;0;0;0;
25.03.2026;OFFPEAK_Y;OFFPEAK_Y-29;0;0;0;0;377,92;0;0;0;0;
25.03.2026;OFFPEAK_Y;OFFPEAK_Y-30;0;0;0;0;333,96;0;0;0;0;
25.03.2026;PEAK;PEAK_26-03-26;0;0;0;0;0;0;0;0;0;
25.03.2026;PEAK;PEAK_27-03-26;0;0;0;0;0;0;0;0;0;
25.03.2026;PEAK5_M;PEAK5_M-04-26;433;430;428;433;433,08;9;18;2432430;43;
25.03.2026;PEAK5_M;PEAK5_M-05-26;0;0;0;0;414,8;0;0;0;5;
25.03.2026;PEAK5_M;PEAK5_M-06-26;0;0;0;0;441,37;0;0;0;7;
25.03.2026;PEAK5_M;PEAK5_M-07-26;0;0;0;0;449,83;0;0;0;0;
25.03.2026;PEAK5_M;PEAK5_M-08-26;0;0;0;0;472,66;0;0;0;0;
25.03.2026;PEAK5_M;PEAK5_M-09-26;0;0;0;0;464,55;0;0;0;0;
25.03.2026;PEAK5_Q;PEAK5_Q-1-27;0;0;0;0;560;0;0;0;0;
25.03.2026;PEAK5_Q;PEAK5_Q-2-26;426;432;426;432;429,99;5;7;2791860;109;
25.03.2026;PEAK5_Q;PEAK5_Q-2-27;0;0;0;0;420,27;0;0;0;0;
25.03.2026;PEAK5_Q;PEAK5_Q-3-26;465;467;465;467;462;4;5;2307690;120;
25.03.2026;PEAK5_Q;PEAK5_Q-3-27;0;0;0;0;450,47;0;0;0;0;
25.03.2026;PEAK5_Q;PEAK5_Q-4-26;0;0;0;0;580;0;0;0;148;
25.03.2026;PEAK5_W;PEAK5_W-14-26;0;0;0;0;433,77;0;0;0;0;
25.03.2026;PEAK5_W;PEAK5_W-15-26;0;0;0;0;431,39;0;0;0;0;
25.03.2026;PEAK5_W;PEAK5_W-16-26;0;0;0;0;433,77;0;0;0;0;
25.03.2026;PEAK5_W;PEAK5_W-17-26;0;0;0;0;433,77;0;0;0;0;
25.03.2026;PEAK5_W;PEAK5_W-18-26;0;0;0;0;439,45;0;0;0;0;
25.03.2026;PEAK5_Y;PEAK5_Y-27;0;0;0;0;488;0;0;0;210;
25.03.2026;PEAK5_Y;PEAK5_Y-28;0;0;0;0;480,3;0;0;0;1;
25.03.2026;PEAK5_Y;PEAK5_Y-29;0;0;0;0;449,06;0;0;0;0;
25.03.2026;PEAK5_Y;PEAK5_Y-30;0;0;0;0;497,32;0;0;0;0;
25.03.2026;PMBG;PMBG;0;0;0;0;0;0;0;0;0;
25.03.2026;PMEF-2025;PMEF-2025;0;0;0;0;0;0;0;0;0;
25.03.2026;PMEF-2026;PMEF-2026;0;0;0;0;0;0;0;0;0;
25.03.2026;PMEF_F;PMEF_F;0;0;0;0;0;0;0;0;96075704;
25.03.2026;PMOZE;PMOZE;0;0;0;0;0;0;0;0;0;
25.03.2026;PMOZE_A;PMOZE_A;0;0;0;0;0;5;36490175;0;10170962076;
25.03.2026;PMOZE-BIO;PMOZE-BIO;0;0;0;0;0;0;0;0;574592413;
25.03.2026;PSZ_B_DLS-01;PSZ_B_DLS-01;0;0;0;0;0;0;0;0;0;
25.03.2026;PSZ_B_KUJ-01;PSZ_B_KUJ-01;0;0;0;0;0;0;0;0;0;
25.03.2026;PSZ_B_KUJ-02;PSZ_B_KUJ-02;0;0;0;0;0;0;0;0;0;
25.03.2026;PSZ_B_LBL-01;PSZ_B_LBL-01;0;0;0;0;0;0;0;0;0;
25.03.2026;PSZ_B_LBL-02;PSZ_B_LBL-02;0;0;0;0;0;0;0;0;0;
25.03.2026;PSZ_B_LBL-03;PSZ_B_LBL-03;0;0;0;0;0;0;0;0;0;
25.03.2026;PSZ_B_LBL-04;PSZ_B_LBL-04;0;0;0;0;0;0;0;0;0;
25.03.2026;PSZ_B_LBL-05;PSZ_B_LBL-05;0;0;0;0;0;0;0;0;0;
25.03.2026;PSZ_B_LBL-06;PSZ_B_LBL-06;0;0;0;0;0;0;0;0;0;
25.03.2026;PSZ_B_LBL-07;PSZ_B_LBL-07;0;0;0;0;0;0;0;0;0;
25.03.2026;PSZ_B_LBU-01;PSZ_B_LBU-01;0;0;0;0;0;0;0;0;0;
25.03.2026;PSZ_B_LBU-02;PSZ_B_LBU-02;0;0;0;0;0;0;0;0;0;
25.03.2026;PSZ_B_MAZ-01;PSZ_B_MAZ-01;0;0;0;0;0;0;0;0;0;
25.03.2026;PSZ_B_MAZ-02;PSZ_B_MAZ-02;0;0;0;0;0;0;0;0;0;
25.03.2026;PSZ_B_MAZ-03;PSZ_B_MAZ-03;0;0;0;0;0;0;0;0;0;
25.03.2026;PSZ_B_OPO-01;PSZ_B_OPO-01;0;0;0;0;0;0;0;0;0;
25.03.2026;PSZ_B_OPO-02;PSZ_B_OPO-02;0;0;0;0;0;0;0;0;0;
25.03.2026;PSZ_B_PDK-01;PSZ_B_PDK-01;0;0;0;0;0;0;0;0;0;
25.03.2026;PSZ_B_PDL-01;PSZ_B_PDL-01;0;0;0;0;0;0;0;0;0;
25.03.2026;PSZ_B_POM-01;PSZ_B_POM-01;0;0;0;0;0;0;0;0;0;
25.03.2026;PSZ_B_POM-02;PSZ_B_POM-02;0;0;0;0;0;0;0;0;0;
25.03.2026;PSZ_B_WLK-01;PSZ_B_WLK-01;0;0;0;0;0;0;0;0;0;
25.03.2026;PSZ_B_WLK-02;PSZ_B_WLK-02;0;0;0;0;0;0;0;0;0;
25.03.2026;PSZ_B_WLK-03;PSZ_B_WLK-03;0;0;0;0;0;0;0;0;0;
25.03.2026;PSZ_B_WLK-04;PSZ_B_WLK-04;0;0;0;0;0;0;0;0;0;
25.03.2026;PSZ_B_WMA-01;PSZ_B_WMA-01;0;0;0;0;0;0;0;0;0;
25.03.2026;PSZ_B_WMA-02;PSZ_B_WMA-02;0;0;0;0;0;0;0;0;0;
25.03.2026;PSZ_B_WMA-03;PSZ_B_WMA-03;0;0;0;0;0;0;0;0;0;
25.03.2026;PSZ_B_WMA-04;PSZ_B_WMA-04;0;0;0;0;0;0;0;0;0;
25.03.2026;PSZ_B_WMA-05;PSZ_B_WMA-05;0;0;0;0;0;0;0;0;0;
25.03.2026;PSZ_B_WMA-06;PSZ_B_WMA-06;0;0;0;0;0;0;0;0;0;
25.03.2026;PSZ_B_ZPO-01;PSZ_B_ZPO-01;0;0;0;0;0;0;0;0;0;
25.03.2026;PSZ_B_ZPO-02;PSZ_B_ZPO-02;0;0;0;0;0;0;0;0;0;
25.03.2026;PSZ_C_DLS-01;PSZ_C_DLS-01;0;0;0;0;0;0;0;0;0;
25.03.2026;PSZ_C_KUJ-01;PSZ_C_KUJ-01;0;0;0;0;0;0;0;0;0;
25.03.2026;PSZ_C_KUJ-02;PSZ_C_KUJ-02;0;0;0;0;0;0;0;0;0;
25.03.2026;PSZ_C_LBL-01;PSZ_C_LBL-01;0;0;0;0;0;0;0;0;0;
25.03.2026;PSZ_C_LBL-02;PSZ_C_LBL-02;0;0;0;0;0;0;0;0;0;
25.03.2026;PSZ_C_LBL-03;PSZ_C_LBL-03;0;0;0;0;0;0;0;0;0;
25.03.2026;PSZ_C_LBL-04;PSZ_C_LBL-04;0;0;0;0;0;0;0;0;0;
25.03.2026;PSZ_C_LBL-05;PSZ_C_LBL-05;0;0;0;0;0;0;0;0;0;
25.03.2026;PSZ_C_LBL-06;PSZ_C_LBL-06;0;0;0;0;0;0;0;0;0;
25.03.2026;PSZ_C_LBL-07;PSZ_C_LBL-07;0;0;0;0;0;0;0;0;0;
25.03.2026;PSZ_C_LBU-01;PSZ_C_LBU-01;0;0;0;0;0;0;0;0;0;
25.03.2026;PSZ_C_LBU-02;PSZ_C_LBU-02;0;0;0;0;0;0;0;0;0;
25.03.2026;PSZ_C_MAZ-01;PSZ_C_MAZ-01;0;0;0;0;0;0;0;0;0;
25.03.2026;PSZ_C_MAZ-02;PSZ_C_MAZ-02;0;0;0;0;0;0;0;0;0;
25.03.2026;PSZ_C_MAZ-03;PSZ_C_MAZ-03;0;0;0;0;0;0;0;0;0;
25.03.2026;PSZ_C_OPO-01;PSZ_C_OPO-01;0;0;0;0;0;0;0;0;0;
25.03.2026;PSZ_C_OPO-02;PSZ_C_OPO-02;0;0;0;0;0;0;0;0;0;
25.03.2026;PSZ_C_PDK-01;PSZ_C_PDK-01;0;0;0;0;0;0;0;0;0;
25.03.2026;PSZ_C_PDL-01;PSZ_C_PDL-01;0;0;0;0;0;0;0;0;0;
25.03.2026;PSZ_C_POM-01;PSZ_C_POM-01;0;0;0;0;0;0;0;0;0;
25.03.2026;PSZ_C_POM-02;PSZ_C_POM-02;0;0;0;0;0;0;0;0;0;
25.03.2026;PSZ_C_WLK-01;PSZ_C_WLK-01;0;0;0;0;0;0;0;0;0;
25.03.2026;PSZ_C_WLK-02;PSZ_C_WLK-02;0;0;0;0;0;0;0;0;0;
25.03.2026;PSZ_C_WLK-03;PSZ_C_WLK-03;0;0;0;0;0;0;0;0;0;
25.03.2026;PSZ_C_WLK-04;PSZ_C_WLK-04;0;0;0;0;0;0;0;0;0;
25.03.2026;PSZ_C_WMA-01;PSZ_C_WMA-01;0;0;0;0;0;0;0;0;0;
25.03.2026;PSZ_C_WMA-02;PSZ_C_WMA-02;0;0;0;0;0;0;0;0;0;
25.03.2026;PSZ_C_WMA-03;PSZ_C_WMA-03;0;0;0;0;0;0;0;0;0;
25.03.2026;PSZ_C_WMA-04;PSZ_C_WMA-04;0;0;0;0;0;0;0;0;0;
25.03.2026;PSZ_C_WMA-05;PSZ_C_WMA-05;0;0;0;0;0;0;0;0;0;
25.03.2026;PSZ_C_WMA-06;PSZ_C_WMA-06;0;0;0;0;0;0;0;0;0;
25.03.2026;PSZ_C_ZPO-01;PSZ_C_ZPO-01;0;0;0;0;0;0;0;0;0;
25.03.2026;PSZ_C_ZPO-02;PSZ_C_ZPO-02;0;0;0;0;0;0;0;0;0;
25.03.2026;RDN-1;RDN_26-03-26_H01;438,01;438,01;438,01;438,01;0;146;2280,3;998794,203;1916,4;
25.03.2026;RDN-1;RDN_26-03-26_H02;418,9;418,9;418,9;418,9;0;145;2142,2;897367,58;1883,3;
25.03.2026;RDN-1;RDN_26-03-26_H03;386,2;400;386,2;400;0;145;1961,3;757497,56;1713,5;
25.03.2026;RDN-1;RDN_26-03-26_H04;396,5;399;396,5;399;0;142;2011,3;797492,95;1697;
25.03.2026;RDN-1;RDN_26-03-26_H05;420,28;420,28;420,28;420,28;0;145;2188,1;919614,668;1781,1;
25.03.2026;RDN-1;RDN_26-03-26_H06;429,65;429,65;429,65;429,65;0;152;2626,3;1128389,795;2266,8;
25.03.2026;RDN-1;RDN_26-03-26_H07;499,77;499,99;499,77;499,99;0;154;3101,7;1550143,209;2617,2;
25.03.2026;RDN-1;RDN_26-03-26_H08;517,4;524;517,4;525;0;178;3127,3;1618326,02;2606,7;
25.03.2026;RDN-1;RDN_26-03-26_H09;437,26;437,26;437,26;437,26;0;143;3496,5;1528879,59;3073,1;
25.03.2026;RDN-1;RDN_26-03-26_H10;418,9;400;400;418,9;0;158;3617,6;1515180,17;3002,6;
25.03.2026;RDN-1;RDN_26-03-26_H11;399,99;400;399,99;400;0;167;3837,8;1535081,762;3211,1;
25.03.2026;RDN-1;RDN_26-03-26_H12;406,83;406,83;406,83;406,83;0;170;3662,8;1490136,924;2981,5;
25.03.2026;RDN-1;RDN_26-03-26_H13;423;423;423;423;0;174;3865,9;1635275,7;3275,4;
25.03.2026;RDN-1;RDN_26-03-26_H14;450;450;450;450;0;174;3935,3;1770885;3388,3;
25.03.2026;RDN-1;RDN_26-03-26_H15;458,05;458,05;458,05;458,05;0;173;3635,2;1665103,36;3002,2;
25.03.2026;RDN-1;RDN_26-03-26_H16;479,99;479,99;479,99;479,99;0;161;3426;1644445,74;2882,8;
25.03.2026;RDN-1;RDN_26-03-26_H17;610,84;588;588;610,84;0;181;3155;1926697,276;2438,9;
25.03.2026;RDN-1;RDN_26-03-26_H18;626;616;616;626;0;165;3565,8;2232090,8;3067,6;
25.03.2026;RDN-1;RDN_26-03-26_H19;781;771;771;790;0;172;4051,8;3164395,8;3602,2;
25.03.2026;RDN-1;RDN_26-03-26_H20;717,8;705;705;730;0;155;3990,5;2864449,8;3509,3;
25.03.2026;RDN-1;RDN_26-03-26_H21;563,49;563;550;563,49;0;162;3996,2;2251366,888;3444,3;
25.03.2026;RDN-1;RDN_26-03-26_H22;511;515;500;515;0;153;3049,6;1558185,6;2786,1;
25.03.2026;RDN-1;RDN_26-03-26_H23;485;488;480;488;0;164;3466,8;1681404,5;3038,4;
25.03.2026;RDN-1;RDN_26-03-26_H24;450,98;455;450;461,3;0;161;2919,4;1316613,79;2461,2;
25.03.2026;RZP_A_LBL-01;RZP_A_LBL-01;0;0;0;0;0;0;0;0;0;
25.03.2026;SGT_BASE;SGT_BASE_26-03-26;0;0;0;0;0;0;0;0;0;
25.03.2026;SGT_RDB;SGT_RDB_25-03-26;0;0;0;0;0;0;0;0;0;
25.03.2026;ZTO_B_KUJ-02;ZTO_B_KUJ-02;0;0;0;0;0;0;0;0;0;
25.03.2026;ZTO_B_LBL-01;ZTO_B_LBL-01;0;0;0;0;0;0;0;0;0;
25.03.2026;ZTO_B_LBU-01;ZTO_B_LBU-01;0;0;0;0;0;0;0;0;0;
25.03.2026;ZTO_B_MAZ-01;ZTO_B_MAZ-01;0;0;0;0;0;0;0;0;0;
25.03.2026;ZTO_B_PDL-01;ZTO_B_PDL-01;0;0;0;0;0;0;0;0;0;
25.03.2026;ZTO_B_WLK-01;ZTO_B_WLK-01;0;0;0;0;0;0;0;0;0;
25.03.2026;ZTO_B_WLK-02;ZTO_B_WLK-02;0;0;0;0;0;0;0;0;0;
25.03.2026;ZTO_B_WMA-01;ZTO_B_WMA-01;0;0;0;0;0;0;0;0;0;
25.03.2026;ZTO_B_WMA-02;ZTO_B_WMA-02;0;0;0;0;0;0;0;0;0;
25.03.2026;ZTO_B_WMA-03;ZTO_B_WMA-03;0;0;0;0;0;0;0;0;0;
25.03.2026;ZTO_C_KUJ-02;ZTO_C_KUJ-02;0;0;0;0;0;0;0;0;0;
25.03.2026;ZTO_C_LBL-01;ZTO_C_LBL-01;0;0;0;0;0;0;0;0;0;
25.03.2026;ZTO_C_LBU-01;ZTO_C_LBU-01;0;0;0;0;0;0;0;0;0;
25.03.2026;ZTO_C_MAZ-01;ZTO_C_MAZ-01;0;0;0;0;0;0;0;0;0;
25.03.2026;ZTO_C_PDL-01;ZTO_C_PDL-01;0;0;0;0;0;0;0;0;0;
25.03.2026;ZTO_C_WLK-01;ZTO_C_WLK-01;0;0;0;0;0;0;0;0;0;
25.03.2026;ZTO_C_WLK-02;ZTO_C_WLK-02;0;0;0;0;0;0;0;0;0;
25.03.2026;ZTO_C_WMA-01;ZTO_C_WMA-01;0;0;0;0;0;0;0;0;0;
25.03.2026;ZTO_C_WMA-02;ZTO_C_WMA-02;0;0;0;0;0;0;0;0;0;
25.03.2026;ZTO_C_WMA-03;ZTO_C_WMA-03;0;0;0;0;0;0;0;0;0;
26.03.2026;BASE;BASE_27-03-26;480;477;472;480;0;30;156;1790160;128;
26.03.2026;BASE;BASE_28-03-26;465;465;465;465;0;1;2;22320;2;
26.03.2026;BASE_M;BASE_M-04-26;409;413,5;409;413,5;406,65;57;66;19559145,6;846;
26.03.2026;BASE_M;BASE_M-05-26;423;424;422,5;424;417,15;11;14;4413013,68;187;
26.03.2026;BASE_M;BASE_M-06-26;439;441;439;441;434,16;14;17;5390136;172;
26.03.2026;BASE_M;BASE_M-07-26;0;0;0;0;440,35;0;0;0;4;
26.03.2026;BASE_M;BASE_M-08-26;0;0;0;0;463,34;0;0;0;0;
26.03.2026;BASE_M;BASE_M-09-26;0;0;0;0;479,92;0;0;0;0;
26.03.2026;BASE_Q;BASE_Q-1-27;0;0;0;0;466;0;0;0;49;
26.03.2026;BASE_Q;BASE_Q-2-26;423,05;428;423;428;419,3;50;58;53874409,68;909;
26.03.2026;BASE_Q;BASE_Q-2-27;0;0;0;0;387,5;0;0;0;20;
26.03.2026;BASE_Q;BASE_Q-3-26;465,5;474;465,5;474;461;51;62;64365298;744;
26.03.2026;BASE_Q;BASE_Q-3-27;0;0;0;0;420;0;0;0;5;
26.03.2026;BASE_Q;BASE_Q-4-26;484;492;484;492;480,5;37;46;49751319;1059;
26.03.2026;BASE_W;BASE_W-14-26;388;389;388;390;377;8;17;1111320;35;
26.03.2026;BASE_W;BASE_W-15-26;0;0;0;0;408;0;0;0;3;
26.03.2026;BASE_W;BASE_W-16-26;0;0;0;0;411,84;0;0;0;0;
26.03.2026;BASE_W;BASE_W-17-26;0;0;0;0;410,3;0;0;0;0;
26.03.2026;BASE_W;BASE_W-18-26;0;0;0;0;408,13;0;0;0;0;
26.03.2026;BASE_WEEKEND;BASE_WEEKEND_13-26;0;0;0;0;0;0;0;0;0;
26.03.2026;BASE_Y;BASE_Y-27;440;440;439,89;440;435,98;9;10;38542160;1097;
26.03.2026;BASE_Y;BASE_Y-28;425;427;425;427;424,2;5;5;18727488;262;
26.03.2026;BASE_Y;BASE_Y-29;408;408;408;408;406,5;1;1;3574080;26;
26.03.2026;BASE_Y;BASE_Y-30;0;0;0;0;397;0;0;0;1;
26.03.2026;F-OZE;F-OZE_05-26;0;0;0;0;28;0;0;0;0;
26.03.2026;F-OZE;F-OZE_05-27;0;0;0;0;28;0;0;0;0;
26.03.2026;F-OZE;F-OZE_11-26;0;0;0;0;28;0;0;0;0;
26.03.2026;F-OZE;F-OZE_11-27;0;0;0;0;28;0;0;0;0;
26.03.2026;GAS_BASE;GAS_BASE_27-03-26;242,5;245;240;245;0;81;2360;13711869,12;2142;
26.03.2026;GAS_BASE_M;GAS_BASE_M-01-27;263;263;263;263;238;2;2;391344;422;
26.03.2026;GAS_BASE_M;GAS_BASE_M-02-27;263;263;263;263;238;2;2;353472;319;
26.03.2026;GAS_BASE_M;GAS_BASE_M-03-27;0;0;0;0;222,6;0;0;0;0;
26.03.2026;GAS_BASE_M;GAS_BASE_M-04-26;245,3;247;245;248;220,37;31;63;11167416;3913;
26.03.2026;GAS_BASE_M;GAS_BASE_M-05-26;240,02;244;240;244,01;213,24;11;23;4141617,36;663;
26.03.2026;GAS_BASE_M;GAS_BASE_M-06-26;240;236;235;240;217,52;23;83;14146920;311;
26.03.2026;GAS_BASE_M;GAS_BASE_M-07-26;0;0;0;0;216,9;0;0;0;26;
26.03.2026;GAS_BASE_M;GAS_BASE_M-08-26;0;0;0;0;216,45;0;0;0;10;
26.03.2026;GAS_BASE_M;GAS_BASE_M-09-26;255,99;256,25;255,99;256,25;223,8;8;11;2028413;384;
26.03.2026;GAS_BASE_M;GAS_BASE_M-10-26;0;0;0;0;199,16;0;0;0;34;
26.03.2026;GAS_BASE_M;GAS_BASE_M-11-26;258,7;258,7;258,7;258,7;234;2;2;372528;1743;
26.03.2026;GAS_BASE_M;GAS_BASE_M-12-26;260,95;261;260,95;261;238,6;3;3;582478;1848;
26.03.2026;GAS_BASE_Q;GAS_BASE_Q-1-27;255;243;242;255;232,7;16;58;30942248;1487;
26.03.2026;GAS_BASE_Q;GAS_BASE_Q-2-26;0;0;0;0;217;0;0;0;7308;
26.03.2026;GAS_BASE_Q;GAS_BASE_Q-2-27;206,5;206,5;206,5;206,5;194;5;13;5862948;78;
26.03.2026;GAS_BASE_Q;GAS_BASE_Q-3-26;241,8;237;237;241,8;219;23;126;66116462;6290;
26.03.2026;GAS_BASE_Q;GAS_BASE_Q-3-27;0;0;0;0;192,44;0;0;0;28;
26.03.2026;GAS_BASE_Q;GAS_BASE_Q-4-26;250;238;238;250;223,8;33;119;64003279;8431;
26.03.2026;GAS_BASE_S;GAS_BASE_S-S-26;0;0;0;0;218,01;0;0;0;72;
26.03.2026;GAS_BASE_S;GAS_BASE_S-S-27;0;0;0;0;193,21;0;0;0;9;
26.03.2026;GAS_BASE_S;GAS_BASE_S-W-26;0;0;0;0;228,2;0;0;0;741;
26.03.2026;GAS_BASE_S;GAS_BASE_S-W-27;0;0;0;0;200,7;0;0;0;30;
26.03.2026;GAS_BASE_W;GAS_BASE_W-14-26;0;0;0;0;227,5;0;0;0;0;
26.03.2026;GAS_BASE_W;GAS_BASE_W-15-26;0;0;0;0;225,5;0;0;0;0;
26.03.2026;GAS_BASE_W;GAS_BASE_W-16-26;0;0;0;0;228,02;0;0;0;0;
26.03.2026;GAS_BASE_W;GAS_BASE_W-17-26;0;0;0;0;228,02;0;0;0;0;
26.03.2026;GAS_BASE_Y;GAS_BASE_Y-27;211;203,4;203,4;211,5;199,16;18;21;38691168;4246;
26.03.2026;GAS_BASE_Y;GAS_BASE_Y-28;157,5;157,75;157,5;158,5;153;11;23;31833216;704;
26.03.2026;GAS_BASE_Y;GAS_BASE_Y-29;0;0;0;0;128,5;0;0;0;75;
26.03.2026;GAS_BASE_Y;GAS_BASE_Y-30;0;0;0;0;140,62;0;0;0;5;
26.03.2026;GAS_RDB;GAS_RDB_26-03-26;254,9;240;240;254,9;0;56;9704;2389459,66;5167;
26.03.2026;GAS_WEEKEND;GAS_WEEKEND_13-26;0;0;0;0;0;0;0;0;0;
26.03.2026;GLW_BASE;GLW_BASE_27-03-26;0;0;0;0;0;0;0;0;0;
26.03.2026;GLW_RDB;GLW_RDB_26-03-26;0;0;0;0;0;0;0;0;0;
26.03.2026;KUK_A_WMA-03;KUK_A_WMA-03;0;0;0;0;0;0;0;0;0;
26.03.2026;OFFPEAK;OFFPEAK_27-03-26;0;0;0;0;0;0;0;0;0;
26.03.2026;OFFPEAK;OFFPEAK_28-03-26;0;0;0;0;0;0;0;0;0;
26.03.2026;OFFPEAK_M;OFFPEAK_M-04-26;0;0;0;0;389,73;0;0;0;0;
26.03.2026;OFFPEAK_M;OFFPEAK_M-05-26;0;0;0;0;410,61;0;0;0;0;
26.03.2026;OFFPEAK_M;OFFPEAK_M-06-26;0;0;0;0;431,51;0;0;0;0;
26.03.2026;OFFPEAK_M;OFFPEAK_M-07-26;0;0;0;0;427,69;0;0;0;0;
26.03.2026;OFFPEAK_M;OFFPEAK_M-08-26;0;0;0;0;453,22;0;0;0;0;
26.03.2026;OFFPEAK_M;OFFPEAK_M-09-26;0;0;0;0;488,41;0;0;0;0;
26.03.2026;OFFPEAK_Q;OFFPEAK_Q-1-27;0;0;0;0;390,61;0;0;0;0;
26.03.2026;OFFPEAK_Q;OFFPEAK_Q-2-26;0;0;0;0;410,62;0;0;0;0;
26.03.2026;OFFPEAK_Q;OFFPEAK_Q-2-27;0;0;0;0;358,9;0;0;0;0;
26.03.2026;OFFPEAK_Q;OFFPEAK_Q-3-26;0;0;0;0;456,12;0;0;0;0;
26.03.2026;OFFPEAK_Q;OFFPEAK_Q-3-27;0;0;0;0;391,1;0;0;0;0;
26.03.2026;OFFPEAK_Q;OFFPEAK_Q-4-26;0;0;0;0;402,87;0;0;0;0;
26.03.2026;OFFPEAK_W;OFFPEAK_W-14-26;0;0;0;0;334,99;0;0;0;0;
26.03.2026;OFFPEAK_W;OFFPEAK_W-15-26;0;0;0;0;397,59;0;0;0;0;
26.03.2026;OFFPEAK_W;OFFPEAK_W-16-26;0;0;0;0;397,92;0;0;0;0;
26.03.2026;OFFPEAK_W;OFFPEAK_W-17-26;0;0;0;0;395,16;0;0;0;0;
26.03.2026;OFFPEAK_W;OFFPEAK_W-18-26;0;0;0;0;393,36;0;0;0;0;
26.03.2026;OFFPEAK_Y;OFFPEAK_Y-27;0;0;0;0;392,01;0;0;0;0;
26.03.2026;OFFPEAK_Y;OFFPEAK_Y-28;0;0;0;0;379,2;0;0;0;0;
26.03.2026;OFFPEAK_Y;OFFPEAK_Y-29;0;0;0;0;376,07;0;0;0;0;
26.03.2026;OFFPEAK_Y;OFFPEAK_Y-30;0;0;0;0;317,71;0;0;0;0;
26.03.2026;OFFP_WEEKEND;OFFP_WEEKEND_13-26;0;0;0;0;0;0;0;0;0;
26.03.2026;PEAK;PEAK_27-03-26;0;0;0;0;0;0;0;0;0;
26.03.2026;PEAK;PEAK_28-03-26;0;0;0;0;0;0;0;0;0;
26.03.2026;PEAK5_M;PEAK5_M-04-26;435;436;435;436;428,4;13;19;2603790;62;
26.03.2026;PEAK5_M;PEAK5_M-05-26;0;0;0;0;426,83;0;0;0;5;
26.03.2026;PEAK5_M;PEAK5_M-06-26;444;444;444;444;437,57;4;4;559440;11;
26.03.2026;PEAK5_M;PEAK5_M-07-26;0;0;0;0;455;0;0;0;0;
26.03.2026;PEAK5_M;PEAK5_M-08-26;0;0;0;0;477,12;0;0;0;0;
26.03.2026;PEAK5_M;PEAK5_M-09-26;0;0;0;0;469,89;0;0;0;0;
26.03.2026;PEAK5_Q;PEAK5_Q-1-27;0;0;0;0;568,5;0;0;0;0;
26.03.2026;PEAK5_Q;PEAK5_Q-2-26;438,5;438,5;438,5;438,5;431;3;4;1631220;112;
26.03.2026;PEAK5_Q;PEAK5_Q-2-27;0;0;0;0;425;0;0;0;0;
26.03.2026;PEAK5_Q;PEAK5_Q-3-26;472;482;472;482;467;6;6;2833380;126;
26.03.2026;PEAK5_Q;PEAK5_Q-3-27;0;0;0;0;455,55;0;0;0;0;
26.03.2026;PEAK5_Q;PEAK5_Q-4-26;584;593;584;593;581,5;8;8;4528320;154;
26.03.2026;PEAK5_W;PEAK5_W-14-26;0;0;0;0;429,09;0;0;0;0;
26.03.2026;PEAK5_W;PEAK5_W-15-26;0;0;0;0;426,73;0;0;0;0;
26.03.2026;PEAK5_W;PEAK5_W-16-26;0;0;0;0;429,09;0;0;0;0;
26.03.2026;PEAK5_W;PEAK5_W-17-26;0;0;0;0;429,09;0;0;0;0;
26.03.2026;PEAK5_W;PEAK5_W-18-26;0;0;0;0;434,7;0;0;0;0;
26.03.2026;PEAK5_Y;PEAK5_Y-27;0;0;0;0;493,5;0;0;0;210;
26.03.2026;PEAK5_Y;PEAK5_Y-28;0;0;0;0;484,18;0;0;0;1;
26.03.2026;PEAK5_Y;PEAK5_Y-29;0;0;0;0;446,87;0;0;0;0;
26.03.2026;PEAK5_Y;PEAK5_Y-30;0;0;0;0;502,93;0;0;0;0;
26.03.2026;PEAK_WEEKEND;PEAK_WEEKEND_13-26;0;0;0;0;0;0;0;0;0;
26.03.2026;PMBG;PMBG;0;0;0;0;0;0;0;0;0;
26.03.2026;PMEF-2025;PMEF-2025;0;0;0;0;0;0;0;0;0;
26.03.2026;PMEF-2026;PMEF-2026;0;0;0;0;0;0;0;0;0;
26.03.2026;PMEF_F;PMEF_F;2329,99;2327,5;2327,05;2329,99;0;37;1358591;3163872782;96075704;
26.03.2026;PMOZE;PMOZE;0;0;0;0;0;0;0;0;0;
26.03.2026;PMOZE_A;PMOZE_A;28,01;28,1;28;28,3;0;77;63155999;1773889272;10167259144;
26.03.2026;PMOZE-BIO;PMOZE-BIO;310;302;302;320;0;11;2558380;787999528;574592413;
26.03.2026;PSZ_B_DLS-01;PSZ_B_DLS-01;0;0;0;0;0;0;0;0;0;
26.03.2026;PSZ_B_KUJ-01;PSZ_B_KUJ-01;0;0;0;0;0;0;0;0;0;
26.03.2026;PSZ_B_KUJ-02;PSZ_B_KUJ-02;0;0;0;0;0;0;0;0;0;
26.03.2026;PSZ_B_LBL-01;PSZ_B_LBL-01;0;0;0;0;0;0;0;0;0;
26.03.2026;PSZ_B_LBL-02;PSZ_B_LBL-02;0;0;0;0;0;0;0;0;0;
26.03.2026;PSZ_B_LBL-03;PSZ_B_LBL-03;0;0;0;0;0;0;0;0;0;
26.03.2026;PSZ_B_LBL-04;PSZ_B_LBL-04;0;0;0;0;0;0;0;0;0;
26.03.2026;PSZ_B_LBL-05;PSZ_B_LBL-05;0;0;0;0;0;0;0;0;0;
26.03.2026;PSZ_B_LBL-06;PSZ_B_LBL-06;0;0;0;0;0;0;0;0;0;
26.03.2026;PSZ_B_LBL-07;PSZ_B_LBL-07;0;0;0;0;0;0;0;0;0;
26.03.2026;PSZ_B_LBU-01;PSZ_B_LBU-01;0;0;0;0;0;0;0;0;0;
26.03.2026;PSZ_B_LBU-02;PSZ_B_LBU-02;0;0;0;0;0;0;0;0;0;
26.03.2026;PSZ_B_MAZ-01;PSZ_B_MAZ-01;0;0;0;0;0;0;0;0;0;
26.03.2026;PSZ_B_MAZ-02;PSZ_B_MAZ-02;0;0;0;0;0;0;0;0;0;
26.03.2026;PSZ_B_MAZ-03;PSZ_B_MAZ-03;0;0;0;0;0;0;0;0;0;
26.03.2026;PSZ_B_OPO-01;PSZ_B_OPO-01;0;0;0;0;0;0;0;0;0;
26.03.2026;PSZ_B_OPO-02;PSZ_B_OPO-02;0;0;0;0;0;0;0;0;0;
26.03.2026;PSZ_B_PDK-01;PSZ_B_PDK-01;0;0;0;0;0;0;0;0;0;
26.03.2026;PSZ_B_PDL-01;PSZ_B_PDL-01;0;0;0;0;0;0;0;0;0;
26.03.2026;PSZ_B_POM-01;PSZ_B_POM-01;0;0;0;0;0;0;0;0;0;
26.03.2026;PSZ_B_POM-02;PSZ_B_POM-02;0;0;0;0;0;0;0;0;0;
26.03.2026;PSZ_B_WLK-01;PSZ_B_WLK-01;0;0;0;0;0;0;0;0;0;
26.03.2026;PSZ_B_WLK-02;PSZ_B_WLK-02;0;0;0;0;0;0;0;0;0;
26.03.2026;PSZ_B_WLK-03;PSZ_B_WLK-03;0;0;0;0;0;0;0;0;0;
26.03.2026;PSZ_B_WLK-04;PSZ_B_WLK-04;0;0;0;0;0;0;0;0;0;
26.03.2026;PSZ_B_WMA-01;PSZ_B_WMA-01;0;0;0;0;0;0;0;0;0;
26.03.2026;PSZ_B_WMA-02;PSZ_B_WMA-02;0;0;0;0;0;0;0;0;0;
26.03.2026;PSZ_B_WMA-03;PSZ_B_WMA-03;0;0;0;0;0;0;0;0;0;
26.03.2026;PSZ_B_WMA-04;PSZ_B_WMA-04;0;0;0;0;0;0;0;0;0;
26.03.2026;PSZ_B_WMA-05;PSZ_B_WMA-05;0;0;0;0;0;0;0;0;0;
26.03.2026;PSZ_B_WMA-06;PSZ_B_WMA-06;0;0;0;0;0;0;0;0;0;
26.03.2026;PSZ_B_ZPO-01;PSZ_B_ZPO-01;0;0;0;0;0;0;0;0;0;
26.03.2026;PSZ_B_ZPO-02;PSZ_B_ZPO-02;0;0;0;0;0;0;0;0;0;
26.03.2026;PSZ_C_DLS-01;PSZ_C_DLS-01;0;0;0;0;0;0;0;0;0;
26.03.2026;PSZ_C_KUJ-01;PSZ_C_KUJ-01;0;0;0;0;0;0;0;0;0;
26.03.2026;PSZ_C_KUJ-02;PSZ_C_KUJ-02;0;0;0;0;0;0;0;0;0;
26.03.2026;PSZ_C_LBL-01;PSZ_C_LBL-01;0;0;0;0;0;0;0;0;0;
26.03.2026;PSZ_C_LBL-02;PSZ_C_LBL-02;0;0;0;0;0;0;0;0;0;
26.03.2026;PSZ_C_LBL-03;PSZ_C_LBL-03;0;0;0;0;0;0;0;0;0;
26.03.2026;PSZ_C_LBL-04;PSZ_C_LBL-04;0;0;0;0;0;0;0;0;0;
26.03.2026;PSZ_C_LBL-05;PSZ_C_LBL-05;0;0;0;0;0;0;0;0;0;
26.03.2026;PSZ_C_LBL-06;PSZ_C_LBL-06;0;0;0;0;0;0;0;0;0;
26.03.2026;PSZ_C_LBL-07;PSZ_C_LBL-07;0;0;0;0;0;0;0;0;0;
26.03.2026;PSZ_C_LBU-01;PSZ_C_LBU-01;0;0;0;0;0;0;0;0;0;
26.03.2026;PSZ_C_LBU-02;PSZ_C_LBU-02;0;0;0;0;0;0;0;0;0;
26.03.2026;PSZ_C_MAZ-01;PSZ_C_MAZ-01;0;0;0;0;0;0;0;0;0;
26.03.2026;PSZ_C_MAZ-02;PSZ_C_MAZ-02;0;0;0;0;0;0;0;0;0;
26.03.2026;PSZ_C_MAZ-03;PSZ_C_MAZ-03;0;0;0;0;0;0;0;0;0;
26.03.2026;PSZ_C_OPO-01;PSZ_C_OPO-01;0;0;0;0;0;0;0;0;0;
26.03.2026;PSZ_C_OPO-02;PSZ_C_OPO-02;0;0;0;0;0;0;0;0;0;
26.03.2026;PSZ_C_PDK-01;PSZ_C_PDK-01;0;0;0;0;0;0;0;0;0;
26.03.2026;PSZ_C_PDL-01;PSZ_C_PDL-01;0;0;0;0;0;0;0;0;0;
26.03.2026;PSZ_C_POM-01;PSZ_C_POM-01;0;0;0;0;0;0;0;0;0;
26.03.2026;PSZ_C_POM-02;PSZ_C_POM-02;0;0;0;0;0;0;0;0;0;
26.03.2026;PSZ_C_WLK-01;PSZ_C_WLK-01;0;0;0;0;0;0;0;0;0;
26.03.2026;PSZ_C_WLK-02;PSZ_C_WLK-02;0;0;0;0;0;0;0;0;0;
26.03.2026;PSZ_C_WLK-03;PSZ_C_WLK-03;0;0;0;0;0;0;0;0;0;
26.03.2026;PSZ_C_WLK-04;PSZ_C_WLK-04;0;0;0;0;0;0;0;0;0;
26.03.2026;PSZ_C_WMA-01;PSZ_C_WMA-01;0;0;0;0;0;0;0;0;0;
26.03.2026;PSZ_C_WMA-02;PSZ_C_WMA-02;0;0;0;0;0;0;0;0;0;
26.03.2026;PSZ_C_WMA-03;PSZ_C_WMA-03;0;0;0;0;0;0;0;0;0;
26.03.2026;PSZ_C_WMA-04;PSZ_C_WMA-04;0;0;0;0;0;0;0;0;0;
26.03.2026;PSZ_C_WMA-05;PSZ_C_WMA-05;0;0;0;0;0;0;0;0;0;
26.03.2026;PSZ_C_WMA-06;PSZ_C_WMA-06;0;0;0;0;0;0;0;0;0;
26.03.2026;PSZ_C_ZPO-01;PSZ_C_ZPO-01;0;0;0;0;0;0;0;0;0;
26.03.2026;PSZ_C_ZPO-02;PSZ_C_ZPO-02;0;0;0;0;0;0;0;0;0;
26.03.2026;RDN-1;RDN_27-03-26_H01;472;472;472;472;0;155;2840,7;1340810,4;2315;
26.03.2026;RDN-1;RDN_27-03-26_H02;456;461;456;461;0;164;2887,4;1316754,4;2496,9;
26.03.2026;RDN-1;RDN_27-03-26_H03;462,44;465;462,44;465;0;159;2752,2;1272778,568;2248,9;
26.03.2026;RDN-1;RDN_27-03-26_H04;466;468;466;468;0;154;2851,9;1329005,4;2344,6;
26.03.2026;RDN-1;RDN_27-03-26_H05;491;493;490;493;0;154;2810,2;1379798,2;2208,1;
26.03.2026;RDN-1;RDN_27-03-26_H06;541;570;541;570;0;161;3221,4;1742928,2;2561,8;
26.03.2026;RDN-1;RDN_27-03-26_H07;627,2;660;627,2;660;0;169;3703,5;2323160,36;3238,3;
26.03.2026;RDN-1;RDN_27-03-26_H08;616;625;616;625;0;166;3345,2;2060733,2;2866,5;
26.03.2026;RDN-1;RDN_27-03-26_H09;515,4;515,4;515,4;560;0;190;3544,5;1826986,94;3005,5;
26.03.2026;RDN-1;RDN_27-03-26_H10;409,5;424;409,5;424;0;187;3704,5;1517355,25;3043,8;
26.03.2026;RDN-1;RDN_27-03-26_H11;262;262;262;262;0;187;3831,9;1003957,8;3226,2;
26.03.2026;RDN-1;RDN_27-03-26_H12;185,05;175;175;185,05;0;179;4134,1;764914,705;3426,3;
26.03.2026;RDN-1;RDN_27-03-26_H13;171;180;171;180;0;171;4141,4;708269,4;3409,3;
26.03.2026;RDN-1;RDN_27-03-26_H14;205,7;205,7;205,7;205,7;0;174;3977,1;818089,47;3327,2;
26.03.2026;RDN-1;RDN_27-03-26_H15;288,54;288,54;288,54;288,54;0;160;3478,9;1003801,806;2959;
26.03.2026;RDN-1;RDN_27-03-26_H16;418,15;410;410;418,15;0;149;3113,3;1301719,395;2619;
26.03.2026;RDN-1;RDN_27-03-26_H17;499;499;499;499;0;166;3055,1;1524494,9;2537;
26.03.2026;RDN-1;RDN_27-03-26_H18;585,72;600;585,72;600;0;142;3471,4;2033768,208;2957,6;
26.03.2026;RDN-1;RDN_27-03-26_H19;684,18;684,18;684,18;684,18;0;139;4195,7;2870614,026;3665,4;
26.03.2026;RDN-1;RDN_27-03-26_H20;667,05;667,05;667,05;667,05;0;151;4467,4;2979979,17;4039,4;
26.03.2026;RDN-1;RDN_27-03-26_H21;590,4;590,4;590,4;590,4;0;148;4064,9;2399916,96;3673,2;
26.03.2026;RDN-1;RDN_27-03-26_H22;522;522;522;522;0;152;3354,4;1750996,8;3133,4;
26.03.2026;RDN-1;RDN_27-03-26_H23;520;520;520;520;0;166;3743,2;1946464;3335,1;
26.03.2026;RDN-1;RDN_27-03-26_H24;475,74;475,74;475,74;475,74;0;162;3327,9;1583215,146;2716,7;
26.03.2026;RZP_A_LBL-01;RZP_A_LBL-01;0;0;0;0;0;0;0;0;0;
26.03.2026;SGT_BASE;SGT_BASE_27-03-26;0;0;0;0;0;0;0;0;0;
26.03.2026;SGT_RDB;SGT_RDB_26-03-26;0;0;0;0;0;0;0;0;0;
26.03.2026;ZTO_B_KUJ-02;ZTO_B_KUJ-02;0;0;0;0;0;0;0;0;0;
26.03.2026;ZTO_B_LBL-01;ZTO_B_LBL-01;0;0;0;0;0;0;0;0;0;
26.03.2026;ZTO_B_LBU-01;ZTO_B_LBU-01;0;0;0;0;0;0;0;0;0;
26.03.2026;ZTO_B_MAZ-01;ZTO_B_MAZ-01;0;0;0;0;0;0;0;0;0;
26.03.2026;ZTO_B_PDL-01;ZTO_B_PDL-01;0;0;0;0;0;0;0;0;0;
26.03.2026;ZTO_B_WLK-01;ZTO_B_WLK-01;0;0;0;0;0;0;0;0;0;
26.03.2026;ZTO_B_WLK-02;ZTO_B_WLK-02;0;0;0;0;0;0;0;0;0;
26.03.2026;ZTO_B_WMA-01;ZTO_B_WMA-01;0;0;0;0;0;0;0;0;0;
26.03.2026;ZTO_B_WMA-02;ZTO_B_WMA-02;0;0;0;0;0;0;0;0;0;
26.03.2026;ZTO_B_WMA-03;ZTO_B_WMA-03;0;0;0;0;0;0;0;0;0;
26.03.2026;ZTO_C_KUJ-02;ZTO_C_KUJ-02;0;0;0;0;0;0;0;0;0;
26.03.2026;ZTO_C_LBL-01;ZTO_C_LBL-01;0;0;0;0;0;0;0;0;0;
26.03.2026;ZTO_C_LBU-01;ZTO_C_LBU-01;0;0;0;0;0;0;0;0;0;
26.03.2026;ZTO_C_MAZ-01;ZTO_C_MAZ-01;0;0;0;0;0;0;0;0;0;
26.03.2026;ZTO_C_PDL-01;ZTO_C_PDL-01;0;0;0;0;0;0;0;0;0;
26.03.2026;ZTO_C_WLK-01;ZTO_C_WLK-01;0;0;0;0;0;0;0;0;0;
26.03.2026;ZTO_C_WLK-02;ZTO_C_WLK-02;0;0;0;0;0;0;0;0;0;
26.03.2026;ZTO_C_WMA-01;ZTO_C_WMA-01;0;0;0;0;0;0;0;0;0;
26.03.2026;ZTO_C_WMA-02;ZTO_C_WMA-02;0;0;0;0;0;0;0;0;0;
26.03.2026;ZTO_C_WMA-03;ZTO_C_WMA-03;0;0;0;0;0;0;0;0;0;
27.03.2026;BASE;BASE_28-03-26;400;405;400;405;0;12;53;511008;44;
27.03.2026;BASE;BASE_29-03-26;0;0;0;0;0;0;0;0;0;
27.03.2026;BASE_M;BASE_M-04-26;418;415;415;418;414,94;47;55;16487661,6;872;
27.03.2026;BASE_M;BASE_M-05-26;424;420;419;424;424,96;22;29;9065714,4;201;
27.03.2026;BASE_M;BASE_M-06-26;440,5;441;439;441;442,02;13;15;4751158;183;
27.03.2026;BASE_M;BASE_M-07-26;0;0;0;0;452,01;0;0;0;4;
27.03.2026;BASE_M;BASE_M-08-26;0;0;0;0;475,6;0;0;0;0;
27.03.2026;BASE_M;BASE_M-09-26;0;0;0;0;492,62;0;0;0;0;
27.03.2026;BASE_Q;BASE_Q-1-27;471;475;471;476;473;8;8;8186928;55;
27.03.2026;BASE_Q;BASE_Q-2-26;426;427;425;427;427,28;37;45;41832685,44;947;
27.03.2026;BASE_Q;BASE_Q-2-27;396;396;396;396;392,5;1;1;864864;21;
27.03.2026;BASE_Q;BASE_Q-3-26;473,5;473;471;473,5;473,2;27;37;38610413;778;
27.03.2026;BASE_Q;BASE_Q-3-27;0;0;0;0;422,5;0;0;0;5;
27.03.2026;BASE_Q;BASE_Q-4-26;491,5;494;491;494;491,5;16;23;25022448;1076;
27.03.2026;BASE_W;BASE_W-14-26;405;409;404;409;389;19;33;2251536;65;
27.03.2026;BASE_W;BASE_W-15-26;410;410;410;410;405,63;1;3;206640;3;
27.03.2026;BASE_W;BASE_W-16-26;0;0;0;0;422,11;0;0;0;0;
27.03.2026;BASE_W;BASE_W-17-26;0;0;0;0;422,11;0;0;0;0;
27.03.2026;BASE_W;BASE_W-18-26;0;0;0;0;420,37;0;0;0;0;
27.03.2026;BASE_WEEKEND;BASE_WEEKEND_13-26;0;0;0;0;0;0;0;0;0;
27.03.2026;BASE_Y;BASE_Y-27;441;439;439;441;440;3;3;11554440;1095;
27.03.2026;BASE_Y;BASE_Y-28;428;429;428;429;426,4;9;9;33901409;270;
27.03.2026;BASE_Y;BASE_Y-29;408;410;408;410;408;2;2;7165680;26;
27.03.2026;BASE_Y;BASE_Y-30;0;0;0;0;405;0;0;0;1;
27.03.2026;GAS_BASE;GAS_BASE_28-03-26;243,75;243,5;243,5;246,5;0;43;751;4226106,25;746;
27.03.2026;GAS_BASE_M;GAS_BASE_M-01-27;263;263;263;263;263;4;5;978360;427;
27.03.2026;GAS_BASE_M;GAS_BASE_M-02-27;263;263;263;263;263;5;6;1060416;325;
27.03.2026;GAS_BASE_M;GAS_BASE_M-03-27;0;0;0;0;202,7;0;0;0;0;
27.03.2026;GAS_BASE_M;GAS_BASE_M-04-26;249,25;247;247;249,25;232,2;15;39;6956856;3934;
27.03.2026;GAS_BASE_M;GAS_BASE_M-05-26;242;238;238;242;235,11;7;22;3940596;672;
27.03.2026;GAS_BASE_M;GAS_BASE_M-06-26;241;236;235;241;229,28;16;73;12438720;380;
27.03.2026;GAS_BASE_M;GAS_BASE_M-07-26;0;0;0;0;235,46;0;0;0;26;
27.03.2026;GAS_BASE_M;GAS_BASE_M-08-26;0;0;0;0;221,16;0;0;0;10;
27.03.2026;GAS_BASE_M;GAS_BASE_M-09-26;259,5;253;253;259,5;256,15;7;23;4236480;407;
27.03.2026;GAS_BASE_M;GAS_BASE_M-10-26;235,11;235,22;235,11;235,22;196,02;8;18;3154218;51;
27.03.2026;GAS_BASE_M;GAS_BASE_M-11-26;260;255;255;260;257,7;4;17;3135600;1754;
27.03.2026;GAS_BASE_M;GAS_BASE_M-12-26;257;257;257;257;260,98;3;15;2868120;1848;
27.03.2026;GAS_BASE_Q;GAS_BASE_Q-1-27;247;248,5;247;248,5;242,25;11;61;32603275;1487;
27.03.2026;GAS_BASE_Q;GAS_BASE_Q-2-26;244;244;244;244;232,23;1;1;532896;7308;
27.03.2026;GAS_BASE_Q;GAS_BASE_Q-2-27;209,75;209,75;209,75;209,75;206,5;3;11;5039034;89;
27.03.2026;GAS_BASE_Q;GAS_BASE_Q-3-26;239;239;239;239;237,39;3;22;11609664;6290;
27.03.2026;GAS_BASE_Q;GAS_BASE_Q-3-27;0;0;0;0;202,74;0;0;0;28;
27.03.2026;GAS_BASE_Q;GAS_BASE_Q-4-26;247;245;245;248;238;23;145;78995386;8431;
27.03.2026;GAS_BASE_S;GAS_BASE_S-S-26;0;0;0;0;234,82;0;0;0;72;
27.03.2026;GAS_BASE_S;GAS_BASE_S-S-27;0;0;0;0;204,61;0;0;0;9;
27.03.2026;GAS_BASE_S;GAS_BASE_S-W-26;0;0;0;0;240,1;0;0;0;741;
27.03.2026;GAS_BASE_S;GAS_BASE_S-W-27;0;0;0;0;211,17;0;0;0;30;
27.03.2026;GAS_BASE_W;GAS_BASE_W-14-26;0;0;0;0;247;0;0;0;0;
27.03.2026;GAS_BASE_W;GAS_BASE_W-15-26;252;252;252;252;248,5;1;5;211680;5;
27.03.2026;GAS_BASE_W;GAS_BASE_W-16-26;0;0;0;0;247,02;0;0;0;0;
27.03.2026;GAS_BASE_W;GAS_BASE_W-17-26;0;0;0;0;247,02;0;0;0;0;
27.03.2026;GAS_BASE_Y;GAS_BASE_Y-27;208;216;208;216;209,08;6;16;29494920;4250;
27.03.2026;GAS_BASE_Y;GAS_BASE_Y-28;160,25;160,25;160,25;160,25;157,75;3;13;18299268;717;
27.03.2026;GAS_BASE_Y;GAS_BASE_Y-29;134;134;134;134;131,25;2;3;3521520;78;
27.03.2026;GAS_BASE_Y;GAS_BASE_Y-30;0;0;0;0;145,6;0;0;0;5;
27.03.2026;GAS_RDB;GAS_RDB_27-03-26;246,01;254;246,01;259,5;0;70;11531;2946677,24;8544;
27.03.2026;GAS_WEEKEND;GAS_WEEKEND_13-26;244;250;241;250;0;46;1365;15587411,35;1252;
27.03.2026;GLW_BASE;GLW_BASE_28-03-26;0;0;0;0;0;0;0;0;0;
27.03.2026;GLW_RDB;GLW_RDB_27-03-26;0;0;0;0;0;0;0;0;0;
27.03.2026;KUK_A_WMA-03;KUK_A_WMA-03;0;0;0;0;0;0;0;0;0;
27.03.2026;OFFPEAK;OFFPEAK_28-03-26;0;0;0;0;0;0;0;0;0;
27.03.2026;OFFPEAK;OFFPEAK_29-03-26;0;0;0;0;0;0;0;0;0;
27.03.2026;OFFPEAK_M;OFFPEAK_M-04-26;0;0;0;0;398,69;0;0;0;0;
27.03.2026;OFFPEAK_M;OFFPEAK_M-05-26;0;0;0;0;419,52;0;0;0;0;
27.03.2026;OFFPEAK_M;OFFPEAK_M-06-26;0;0;0;0;438,61;0;0;0;0;
27.03.2026;OFFPEAK_M;OFFPEAK_M-07-26;0;0;0;0;440,52;0;0;0;0;
27.03.2026;OFFPEAK_M;OFFPEAK_M-08-26;0;0;0;0;465,54;0;0;0;0;
27.03.2026;OFFPEAK_M;OFFPEAK_M-09-26;0;0;0;0;502,87;0;0;0;0;
27.03.2026;OFFPEAK_Q;OFFPEAK_Q-1-27;0;0;0;0;402,39;0;0;0;0;
27.03.2026;OFFPEAK_Q;OFFPEAK_Q-2-26;0;0;0;0;418,96;0;0;0;0;
27.03.2026;OFFPEAK_Q;OFFPEAK_Q-2-27;0;0;0;0;365,07;0;0;0;0;
27.03.2026;OFFPEAK_Q;OFFPEAK_Q-3-26;0;0;0;0;469,3;0;0;0;0;
27.03.2026;OFFPEAK_Q;OFFPEAK_Q-3-27;0;0;0;0;392,62;0;0;0;0;
27.03.2026;OFFPEAK_Q;OFFPEAK_Q-4-26;0;0;0;0;414,41;0;0;0;0;
27.03.2026;OFFPEAK_W;OFFPEAK_W-14-26;0;0;0;0;350,66;0;0;0;0;
27.03.2026;OFFPEAK_W;OFFPEAK_W-15-26;0;0;0;0;389,78;0;0;0;0;
27.03.2026;OFFPEAK_W;OFFPEAK_W-16-26;0;0;0;0;410,46;0;0;0;0;
27.03.2026;OFFPEAK_W;OFFPEAK_W-17-26;0;0;0;0;410,46;0;0;0;0;
27.03.2026;OFFPEAK_W;OFFPEAK_W-18-26;0;0;0;0;408,2;0;0;0;0;
27.03.2026;OFFPEAK_Y;OFFPEAK_Y-27;0;0;0;0;396,03;0;0;0;0;
27.03.2026;OFFPEAK_Y;OFFPEAK_Y-28;0;0;0;0;382,44;0;0;0;0;
27.03.2026;OFFPEAK_Y;OFFPEAK_Y-29;0;0;0;0;377,46;0;0;0;0;
27.03.2026;OFFPEAK_Y;OFFPEAK_Y-30;0;0;0;0;332,97;0;0;0;0;
27.03.2026;OFFP_WEEKEND;OFFP_WEEKEND_13-26;0;0;0;0;0;0;0;0;0;
27.03.2026;PEAK;PEAK_28-03-26;0;0;0;0;0;0;0;0;0;
27.03.2026;PEAK;PEAK_29-03-26;0;0;0;0;0;0;0;0;0;
27.03.2026;PEAK5_M;PEAK5_M-04-26;438;442;438;442;435,85;13;25;3452400;82;
27.03.2026;PEAK5_M;PEAK5_M-05-26;0;0;0;0;433;0;0;0;5;
27.03.2026;PEAK5_M;PEAK5_M-06-26;0;0;0;0;446,39;0;0;0;11;
27.03.2026;PEAK5_M;PEAK5_M-07-26;0;0;0;0;465,28;0;0;0;0;
27.03.2026;PEAK5_M;PEAK5_M-08-26;0;0;0;0;489,29;0;0;0;0;
27.03.2026;PEAK5_M;PEAK5_M-09-26;0;0;0;0;480,52;0;0;0;0;
27.03.2026;PEAK5_Q;PEAK5_Q-1-27;0;0;0;0;569;0;0;0;0;
27.03.2026;PEAK5_Q;PEAK5_Q-2-26;442;442;442;442;438,5;1;2;822120;115;
27.03.2026;PEAK5_Q;PEAK5_Q-2-27;0;0;0;0;428,47;0;0;0;0;
27.03.2026;PEAK5_Q;PEAK5_Q-3-26;0;0;0;0;478;0;0;0;126;
27.03.2026;PEAK5_Q;PEAK5_Q-3-27;0;0;0;0;459,27;0;0;0;0;
27.03.2026;PEAK5_Q;PEAK5_Q-4-26;0;0;0;0;591,8;0;0;0;154;
27.03.2026;PEAK5_W;PEAK5_W-14-26;0;0;0;0;436,55;0;0;0;0;
27.03.2026;PEAK5_W;PEAK5_W-15-26;0;0;0;0;434,15;0;0;0;0;
27.03.2026;PEAK5_W;PEAK5_W-16-26;0;0;0;0;436,55;0;0;0;0;
27.03.2026;PEAK5_W;PEAK5_W-17-26;0;0;0;0;436,55;0;0;0;0;
27.03.2026;PEAK5_W;PEAK5_W-18-26;0;0;0;0;442,26;0;0;0;0;
27.03.2026;PEAK5_Y;PEAK5_Y-27;498;497;497;498;497,53;5;5;9445755;215;
27.03.2026;PEAK5_Y;PEAK5_Y-28;0;0;0;0;485;0;0;0;1;
27.03.2026;PEAK5_Y;PEAK5_Y-29;0;0;0;0;448,51;0;0;0;0;
27.03.2026;PEAK5_Y;PEAK5_Y-30;0;0;0;0;501,23;0;0;0;0;
27.03.2026;PEAK_WEEKEND;PEAK_WEEKEND_13-26;0;0;0;0;0;0;0;0;0;
27.03.2026;PSZ_B_DLS-01;PSZ_B_DLS-01;0;0;0;0;0;0;0;0;0;
27.03.2026;PSZ_B_KUJ-01;PSZ_B_KUJ-01;0;0;0;0;0;0;0;0;0;
27.03.2026;PSZ_B_KUJ-02;PSZ_B_KUJ-02;0;0;0;0;0;0;0;0;0;
27.03.2026;PSZ_B_LBL-01;PSZ_B_LBL-01;0;0;0;0;0;0;0;0;0;
27.03.2026;PSZ_B_LBL-02;PSZ_B_LBL-02;0;0;0;0;0;0;0;0;0;
27.03.2026;PSZ_B_LBL-03;PSZ_B_LBL-03;0;0;0;0;0;0;0;0;0;
27.03.2026;PSZ_B_LBL-04;PSZ_B_LBL-04;0;0;0;0;0;0;0;0;0;
27.03.2026;PSZ_B_LBL-05;PSZ_B_LBL-05;0;0;0;0;0;0;0;0;0;
27.03.2026;PSZ_B_LBL-06;PSZ_B_LBL-06;0;0;0;0;0;0;0;0;0;
27.03.2026;PSZ_B_LBL-07;PSZ_B_LBL-07;0;0;0;0;0;0;0;0;0;
27.03.2026;PSZ_B_LBU-01;PSZ_B_LBU-01;0;0;0;0;0;0;0;0;0;
27.03.2026;PSZ_B_LBU-02;PSZ_B_LBU-02;0;0;0;0;0;0;0;0;0;
27.03.2026;PSZ_B_MAZ-01;PSZ_B_MAZ-01;0;0;0;0;0;0;0;0;0;
27.03.2026;PSZ_B_MAZ-02;PSZ_B_MAZ-02;0;0;0;0;0;0;0;0;0;
27.03.2026;PSZ_B_MAZ-03;PSZ_B_MAZ-03;0;0;0;0;0;0;0;0;0;
27.03.2026;PSZ_B_OPO-01;PSZ_B_OPO-01;0;0;0;0;0;0;0;0;0;
27.03.2026;PSZ_B_OPO-02;PSZ_B_OPO-02;0;0;0;0;0;0;0;0;0;
27.03.2026;PSZ_B_PDK-01;PSZ_B_PDK-01;0;0;0;0;0;0;0;0;0;
27.03.2026;PSZ_B_PDL-01;PSZ_B_PDL-01;0;0;0;0;0;0;0;0;0;
27.03.2026;PSZ_B_POM-01;PSZ_B_POM-01;0;0;0;0;0;0;0;0;0;
27.03.2026;PSZ_B_POM-02;PSZ_B_POM-02;0;0;0;0;0;0;0;0;0;
27.03.2026;PSZ_B_WLK-01;PSZ_B_WLK-01;0;0;0;0;0;0;0;0;0;
27.03.2026;PSZ_B_WLK-02;PSZ_B_WLK-02;0;0;0;0;0;0;0;0;0;
27.03.2026;PSZ_B_WLK-03;PSZ_B_WLK-03;0;0;0;0;0;0;0;0;0;
27.03.2026;PSZ_B_WLK-04;PSZ_B_WLK-04;0;0;0;0;0;0;0;0;0;
27.03.2026;PSZ_B_WMA-01;PSZ_B_WMA-01;0;0;0;0;0;0;0;0;0;
27.03.2026;PSZ_B_WMA-02;PSZ_B_WMA-02;0;0;0;0;0;0;0;0;0;
27.03.2026;PSZ_B_WMA-03;PSZ_B_WMA-03;0;0;0;0;0;0;0;0;0;
27.03.2026;PSZ_B_WMA-04;PSZ_B_WMA-04;0;0;0;0;0;0;0;0;0;
27.03.2026;PSZ_B_WMA-05;PSZ_B_WMA-05;0;0;0;0;0;0;0;0;0;
27.03.2026;PSZ_B_WMA-06;PSZ_B_WMA-06;0;0;0;0;0;0;0;0;0;
27.03.2026;PSZ_B_ZPO-01;PSZ_B_ZPO-01;0;0;0;0;0;0;0;0;0;
27.03.2026;PSZ_B_ZPO-02;PSZ_B_ZPO-02;0;0;0;0;0;0;0;0;0;
27.03.2026;PSZ_C_DLS-01;PSZ_C_DLS-01;0;0;0;0;0;0;0;0;0;
27.03.2026;PSZ_C_KUJ-01;PSZ_C_KUJ-01;0;0;0;0;0;0;0;0;0;
27.03.2026;PSZ_C_KUJ-02;PSZ_C_KUJ-02;0;0;0;0;0;0;0;0;0;
27.03.2026;PSZ_C_LBL-01;PSZ_C_LBL-01;0;0;0;0;0;0;0;0;0;
27.03.2026;PSZ_C_LBL-02;PSZ_C_LBL-02;0;0;0;0;0;0;0;0;0;
27.03.2026;PSZ_C_LBL-03;PSZ_C_LBL-03;0;0;0;0;0;0;0;0;0;
27.03.2026;PSZ_C_LBL-04;PSZ_C_LBL-04;0;0;0;0;0;0;0;0;0;
27.03.2026;PSZ_C_LBL-05;PSZ_C_LBL-05;0;0;0;0;0;0;0;0;0;
27.03.2026;PSZ_C_LBL-06;PSZ_C_LBL-06;0;0;0;0;0;0;0;0;0;
27.03.2026;PSZ_C_LBL-07;PSZ_C_LBL-07;0;0;0;0;0;0;0;0;0;
27.03.2026;PSZ_C_LBU-01;PSZ_C_LBU-01;0;0;0;0;0;0;0;0;0;
27.03.2026;PSZ_C_LBU-02;PSZ_C_LBU-02;0;0;0;0;0;0;0;0;0;
27.03.2026;PSZ_C_MAZ-01;PSZ_C_MAZ-01;0;0;0;0;0;0;0;0;0;
27.03.2026;PSZ_C_MAZ-02;PSZ_C_MAZ-02;0;0;0;0;0;0;0;0;0;
27.03.2026;PSZ_C_MAZ-03;PSZ_C_MAZ-03;0;0;0;0;0;0;0;0;0;
27.03.2026;PSZ_C_OPO-01;PSZ_C_OPO-01;0;0;0;0;0;0;0;0;0;
27.03.2026;PSZ_C_OPO-02;PSZ_C_OPO-02;0;0;0;0;0;0;0;0;0;
27.03.2026;PSZ_C_PDK-01;PSZ_C_PDK-01;0;0;0;0;0;0;0;0;0;
27.03.2026;PSZ_C_PDL-01;PSZ_C_PDL-01;0;0;0;0;0;0;0;0;0;
27.03.2026;PSZ_C_POM-01;PSZ_C_POM-01;0;0;0;0;0;0;0;0;0;
27.03.2026;PSZ_C_POM-02;PSZ_C_POM-02;0;0;0;0;0;0;0;0;0;
27.03.2026;PSZ_C_WLK-01;PSZ_C_WLK-01;0;0;0;0;0;0;0;0;0;
27.03.2026;PSZ_C_WLK-02;PSZ_C_WLK-02;0;0;0;0;0;0;0;0;0;
27.03.2026;PSZ_C_WLK-03;PSZ_C_WLK-03;0;0;0;0;0;0;0;0;0;
27.03.2026;PSZ_C_WLK-04;PSZ_C_WLK-04;0;0;0;0;0;0;0;0;0;
27.03.2026;PSZ_C_WMA-01;PSZ_C_WMA-01;0;0;0;0;0;0;0;0;0;
27.03.2026;PSZ_C_WMA-02;PSZ_C_WMA-02;0;0;0;0;0;0;0;0;0;
27.03.2026;PSZ_C_WMA-03;PSZ_C_WMA-03;0;0;0;0;0;0;0;0;0;
27.03.2026;PSZ_C_WMA-04;PSZ_C_WMA-04;0;0;0;0;0;0;0;0;0;
27.03.2026;PSZ_C_WMA-05;PSZ_C_WMA-05;0;0;0;0;0;0;0;0;0;
27.03.2026;PSZ_C_WMA-06;PSZ_C_WMA-06;0;0;0;0;0;0;0;0;0;
27.03.2026;PSZ_C_ZPO-01;PSZ_C_ZPO-01;0;0;0;0;0;0;0;0;0;
27.03.2026;PSZ_C_ZPO-02;PSZ_C_ZPO-02;0;0;0;0;0;0;0;0;0;
27.03.2026;RDN-1;RDN_28-03-26_H01;489,51;479,51;479,51;489,51;0;155;2511,9;1229300,169;2136,6;
27.03.2026;RDN-1;RDN_28-03-26_H02;466;456;456;466;0;150;2455,1;1143776,6;2052,6;
27.03.2026;RDN-1;RDN_28-03-26_H03;461,86;451,86;451,86;461,86;0;154;2432,9;1123359,194;2025,8;
27.03.2026;RDN-1;RDN_28-03-26_H04;462;452;452;462;0;158;2476,2;1143704,4;1958,1;
27.03.2026;RDN-1;RDN_28-03-26_H05;468;458;458;468;0;157;2509;1173912;1996,1;
27.03.2026;RDN-1;RDN_28-03-26_H06;480,32;470,32;470,32;480,32;0;159;2541;1220193,12;2043,1;
27.03.2026;RDN-1;RDN_28-03-26_H07;459;459;459;459;0;155;2530,8;1161637,2;2091,7;
27.03.2026;RDN-1;RDN_28-03-26_H08;415,51;405;405;415,51;0;157;2948,3;1224837,933;2461,8;
27.03.2026;RDN-1;RDN_28-03-26_H09;341,1;341,1;341,1;341,1;0;133;2925,1;997751,61;2374,1;
27.03.2026;RDN-1;RDN_28-03-26_H10;190,02;190,02;190,02;190,02;0;141;3182,2;604681,644;2779,2;
27.03.2026;RDN-1;RDN_28-03-26_H11;94,8;94,8;94,8;94,8;0;161;3602,9;341554,92;3128,9;
27.03.2026;RDN-1;RDN_28-03-26_H12;25,02;25,02;25,02;25,02;0;167;3917,5;98015,85;3362,2;
27.03.2026;RDN-1;RDN_28-03-26_H13;21,06;21,06;21,06;21,06;0;165;3816,7;80379,702;3257,3;
27.03.2026;RDN-1;RDN_28-03-26_H14;60;60;60;60;0;155;3555,3;213318;3032;
27.03.2026;RDN-1;RDN_28-03-26_H15;174;174;174;174;0;146;3157;549318;2360,5;
27.03.2026;RDN-1;RDN_28-03-26_H16;336;336;336;336;0;155;3291,8;1106044,8;2610,2;
27.03.2026;RDN-1;RDN_28-03-26_H17;465,86;465,86;465,86;465,86;0;170;3097;1442768,42;2675,8;
27.03.2026;RDN-1;RDN_28-03-26_H18;554;554;554;554;0;149;3266,6;1809696,4;2860,3;
27.03.2026;RDN-1;RDN_28-03-26_H19;658;658;658;658;0;153;4183,8;2752940,4;3628,7;
27.03.2026;RDN-1;RDN_28-03-26_H20;656,34;656,34;656,34;656,34;0;157;4274,7;2805656,598;3606,8;
27.03.2026;RDN-1;RDN_28-03-26_H21;598,17;598,17;598,17;598,17;0;149;3923,5;2346919,995;3368,3;
27.03.2026;RDN-1;RDN_28-03-26_H22;555;555;555;555;0;155;3526,8;1957374;3051,1;
27.03.2026;RDN-1;RDN_28-03-26_H23;510,03;510;510;510,03;0;160;3142,8;1602921,084;2637,7;
27.03.2026;RDN-1;RDN_28-03-26_H24;482;482;482;482;0;159;2574,7;1241005,4;2162,9;
27.03.2026;RZP_A_LBL-01;RZP_A_LBL-01;0;0;0;0;0;0;0;0;0;
27.03.2026;SGT_BASE;SGT_BASE_28-03-26;0;0;0;0;0;0;0;0;0;
27.03.2026;SGT_RDB;SGT_RDB_27-03-26;0;0;0;0;0;0;0;0;0;
27.03.2026;ZTO_B_KUJ-02;ZTO_B_KUJ-02;0;0;0;0;0;0;0;0;0;
27.03.2026;ZTO_B_LBL-01;ZTO_B_LBL-01;0;0;0;0;0;0;0;0;0;
27.03.2026;ZTO_B_LBU-01;ZTO_B_LBU-01;0;0;0;0;0;0;0;0;0;
27.03.2026;ZTO_B_MAZ-01;ZTO_B_MAZ-01;0;0;0;0;0;0;0;0;0;
27.03.2026;ZTO_B_PDL-01;ZTO_B_PDL-01;0;0;0;0;0;0;0;0;0;
27.03.2026;ZTO_B_WLK-01;ZTO_B_WLK-01;0;0;0;0;0;0;0;0;0;
27.03.2026;ZTO_B_WLK-02;ZTO_B_WLK-02;0;0;0;0;0;0;0;0;0;
27.03.2026;ZTO_B_WMA-01;ZTO_B_WMA-01;0;0;0;0;0;0;0;0;0;
27.03.2026;ZTO_B_WMA-02;ZTO_B_WMA-02;0;0;0;0;0;0;0;0;0;
27.03.2026;ZTO_B_WMA-03;ZTO_B_WMA-03;0;0;0;0;0;0;0;0;0;
27.03.2026;ZTO_C_KUJ-02;ZTO_C_KUJ-02;0;0;0;0;0;0;0;0;0;
27.03.2026;ZTO_C_LBL-01;ZTO_C_LBL-01;0;0;0;0;0;0;0;0;0;
27.03.2026;ZTO_C_LBU-01;ZTO_C_LBU-01;0;0;0;0;0;0;0;0;0;
27.03.2026;ZTO_C_MAZ-01;ZTO_C_MAZ-01;0;0;0;0;0;0;0;0;0;
27.03.2026;ZTO_C_PDL-01;ZTO_C_PDL-01;0;0;0;0;0;0;0;0;0;
27.03.2026;ZTO_C_WLK-01;ZTO_C_WLK-01;0;0;0;0;0;0;0;0;0;
27.03.2026;ZTO_C_WLK-02;ZTO_C_WLK-02;0;0;0;0;0;0;0;0;0;
27.03.2026;ZTO_C_WMA-01;ZTO_C_WMA-01;0;0;0;0;0;0;0;0;0;
27.03.2026;ZTO_C_WMA-02;ZTO_C_WMA-02;0;0;0;0;0;0;0;0;0;
27.03.2026;ZTO_C_WMA-03;ZTO_C_WMA-03;0;0;0;0;0;0;0;0;0;
28.03.2026;BASE;BASE_29-03-26;375;375;375;375;0;1;5;43125;5;
28.03.2026;BASE;BASE_30-03-26;0;0;0;0;0;0;0;0;0;
28.03.2026;GAS_BASE;GAS_BASE_29-03-26;253,99;246;240,01;253,99;0;32;880;5194753,44;865;
28.03.2026;GAS_RDB;GAS_RDB_28-03-26;255;250;250;255,5;0;55;13472;3398695,13;12345;
28.03.2026;GLW_BASE;GLW_BASE_29-03-26;0;0;0;0;0;0;0;0;0;
28.03.2026;GLW_RDB;GLW_RDB_28-03-26;0;0;0;0;0;0;0;0;0;
28.03.2026;OFFPEAK;OFFPEAK_29-03-26;0;0;0;0;0;0;0;0;0;
28.03.2026;OFFPEAK;OFFPEAK_30-03-26;0;0;0;0;0;0;0;0;0;
28.03.2026;PEAK;PEAK_29-03-26;0;0;0;0;0;0;0;0;0;
28.03.2026;PEAK;PEAK_30-03-26;0;0;0;0;0;0;0;0;0;
28.03.2026;RDN-1;RDN_29-03-26_H01;501,61;501,61;501,61;501,61;0;137;2514,6;1261348,506;1872,1;
28.03.2026;RDN-1;RDN_29-03-26_H03;458,82;458,82;458,82;458,82;0;128;2057,4;943976,268;1751;
28.03.2026;RDN-1;RDN_29-03-26_H04;454,55;454,55;454,55;454,55;0;125;2056;934554,8;1792,2;
28.03.2026;RDN-1;RDN_29-03-26_H05;446,67;446,67;446,67;446,67;0;123;2089;933093,63;1890,3;
28.03.2026;RDN-1;RDN_29-03-26_H06;448,09;448,09;448,09;448,09;0;129;2081,6;932744,144;1860,4;
28.03.2026;RDN-1;RDN_29-03-26_H07;441,33;441;441;441,33;0;132;2201,6;971631,468;2014,1;
28.03.2026;RDN-1;RDN_29-03-26_H08;454,45;454;454;454,45;0;147;2343,8;1065138,11;1995,6;
28.03.2026;RDN-1;RDN_29-03-26_H09;454,45;500;439,3;500;0;151;2600,5;1181835,25;2188,3;
28.03.2026;RDN-1;RDN_29-03-26_H10;420,67;410,67;410,67;420,67;0;156;2694,7;1133522,449;2236,2;
28.03.2026;RDN-1;RDN_29-03-26_H11;350;350;350;350;0;147;2600,9;910315;1910,7;
28.03.2026;RDN-1;RDN_29-03-26_H12;200;190;190;200;0;155;2920,7;583974;2438,9;
28.03.2026;RDN-1;RDN_29-03-26_H13;89,99;79,99;79,99;89,99;0;166;3024,3;272108,757;2603,7;
28.03.2026;RDN-1;RDN_29-03-26_H14;32;32;32;32;0;162;3125,6;100019,2;2623;
28.03.2026;RDN-1;RDN_29-03-26_H15;25;17,9;17,9;25;0;170;3094,3;77348,27;2665,3;
28.03.2026;RDN-1;RDN_29-03-26_H16;41;26;20;41;0;170;3017,5;121727,7;2508,5;
28.03.2026;RDN-1;RDN_29-03-26_H17;320;300;300;320;0;156;2798,5;895380;2360,4;
28.03.2026;RDN-1;RDN_29-03-26_H18;454,45;454,45;454,45;454,45;0;170;2836,9;1289229,205;2275;
28.03.2026;RDN-1;RDN_29-03-26_H19;509;499;499;509;0;166;3249,2;1653826,8;2665,6;
28.03.2026;RDN-1;RDN_29-03-26_H20;618,19;618,19;618,19;618,19;0;160;3644,9;2253240,731;3241,1;
28.03.2026;RDN-1;RDN_29-03-26_H21;632,2;632,2;632,2;632,2;0;168;3430,8;2168951,76;3013,5;
28.03.2026;RDN-1;RDN_29-03-26_H22;552,6;552,6;552,6;552,6;0;174;3094,2;1709854,92;2688,9;
28.03.2026;RDN-1;RDN_29-03-26_H23;517,47;507,47;507,47;517,47;0;177;2543,6;1316117,692;2080,5;
28.03.2026;RDN-1;RDN_29-03-26_H24;454,55;444,55;444,55;454,55;0;158;2071,3;941369,415;1668,3;
28.03.2026;SGT_BASE;SGT_BASE_29-03-26;0;0;0;0;0;0;0;0;0;
28.03.2026;SGT_RDB;SGT_RDB_28-03-26;0;0;0;0;0;0;0;0;0;
29.03.2026;BASE;BASE_30-03-26;450;470;450;470;0;25;150;1658880;110;
29.03.2026;BASE;BASE_31-03-26;0;0;0;0;0;0;0;0;0;
29.03.2026;GAS_BASE;GAS_BASE_30-03-26;256;255;251,5;256;0;71;1598;9731197,44;1381;
29.03.2026;GAS_RDB;GAS_RDB_29-03-26;248;245;236;254;0;69;11540;2892955,13;10036;
29.03.2026;GLW_BASE;GLW_BASE_30-03-26;0;0;0;0;0;0;0;0;0;
29.03.2026;GLW_RDB;GLW_RDB_29-03-26;0;0;0;0;0;0;0;0;0;
29.03.2026;OFFPEAK;OFFPEAK_30-03-26;0;0;0;0;0;0;0;0;0;
29.03.2026;OFFPEAK;OFFPEAK_31-03-26;0;0;0;0;0;0;0;0;0;
29.03.2026;PEAK;PEAK_30-03-26;0;0;0;0;0;0;0;0;0;
29.03.2026;PEAK;PEAK_31-03-26;0;0;0;0;0;0;0;0;0;
29.03.2026;RDN-1;RDN_30-03-26_H01;419;440;419;440;0;138;1926,6;807274,8;1597,9;
29.03.2026;RDN-1;RDN_30-03-26_H02;376,25;400;376,25;400;0;142;1716,4;645833,5;1351,8;
29.03.2026;RDN-1;RDN_30-03-26_H03;372,2;400;372,2;400;0;132;1815,6;675816,36;1360;
29.03.2026;RDN-1;RDN_30-03-26_H04;360;370;360;370;0;134;1862,9;670663;1412,6;
29.03.2026;RDN-1;RDN_30-03-26_H05;369;400;369;400;0;133;2140,2;789798,9;1712,1;
29.03.2026;RDN-1;RDN_30-03-26_H06;425,22;410,22;410,22;425,22;0;152;2815,7;1197066,338;2367,7;
29.03.2026;RDN-1;RDN_30-03-26_H07;541,55;590;541,55;590;0;183;3112,4;1685689,795;2389,8;
29.03.2026;RDN-1;RDN_30-03-26_H08;699,89;680;677,6;699,89;0;199;3685,2;2578275,346;3014,1;
29.03.2026;RDN-1;RDN_30-03-26_H09;545,2;530,2;500;545,2;0;181;3436,3;1873147,16;3001,2;
29.03.2026;RDN-1;RDN_30-03-26_H10;454,55;420;420;454,55;0;171;3063,2;1392225,78;2481,2;
29.03.2026;RDN-1;RDN_30-03-26_H11;369,79;370;369,79;370;0;155;3453,4;1277036,209;2727,7;
29.03.2026;RDN-1;RDN_30-03-26_H12;290,34;300;290,34;300;0;161;3502,8;1017181,662;2717,8;
29.03.2026;RDN-1;RDN_30-03-26_H13;268,45;270;268,45;270;0;161;3410,9;915683,075;2572;
29.03.2026;RDN-1;RDN_30-03-26_H14;335;335;335;335,01;0;160;3353,2;1123322,05;2499,6;
29.03.2026;RDN-1;RDN_30-03-26_H15;399;360;360;399;0;175;3108,1;1239722,4;2494,1;
29.03.2026;RDN-1;RDN_30-03-26_H16;425,22;423,9;423,9;425,22;0;161;3115,6;1324805,004;2536,3;
29.03.2026;RDN-1;RDN_30-03-26_H17;440,3;430;426;440,3;0;153;2580,5;1135983,81;2136,1;
29.03.2026;RDN-1;RDN_30-03-26_H18;525,29;570;525,29;570;0;161;3116,2;1636926,582;2449,8;
29.03.2026;RDN-1;RDN_30-03-26_H19;675;720;675;720;0;173;3841,8;2593319,834;3217,1;
29.03.2026;RDN-1;RDN_30-03-26_H20;874,26;874,26;874,26;874,26;0;191;4568,3;3993881,958;3872,6;
29.03.2026;RDN-1;RDN_30-03-26_H21;760,2;745,2;745,2;789;0;187;4470,2;3398288,52;3828,1;
29.03.2026;RDN-1;RDN_30-03-26_H22;586;620;586;620;0;143;3569,6;2091935,2;2899,4;
29.03.2026;RDN-1;RDN_30-03-26_H23;526,81;550;526,81;550;0;155;3491,7;1839543,642;2882,6;
29.03.2026;RDN-1;RDN_30-03-26_H24;486;520;486;520;0;164;2908,8;1413785,6;2280,3;
29.03.2026;SGT_BASE;SGT_BASE_30-03-26;0;0;0;0;0;0;0;0;0;
29.03.2026;SGT_RDB;SGT_RDB_29-03-26;0;0;0;0;0;0;0;0;0;
30.03.2026;BASE;BASE_01-04-26;0;0;0;0;0;0;0;0;0;
30.03.2026;BASE;BASE_31-03-26;530;530;530;530;0;27;226;2874720;205;
30.03.2026;BASE_M;BASE_M-05-26;430;430;430;431;423;8;12;3843504;198;
30.03.2026;BASE_M;BASE_M-06-26;446;446,5;444;447;441,04;8;10;3210840;189;
30.03.2026;BASE_M;BASE_M-07-26;0;0;0;0;451,91;0;0;0;4;
30.03.2026;BASE_M;BASE_M-08-26;0;0;0;0;475,5;0;0;0;0;
30.03.2026;BASE_M;BASE_M-09-26;0;0;0;0;492,52;0;0;0;0;
30.03.2026;BASE_M;BASE_M-10-26;0;0;0;0;0;0;0;0;0;
30.03.2026;BASE_Q;BASE_Q-1-27;484;484;484;484;475,25;1;1;1044956;56;
30.03.2026;BASE_Q;BASE_Q-2-27;0;0;0;0;396;0;0;0;21;
30.03.2026;BASE_Q;BASE_Q-3-26;0;0;0;0;473,1;0;0;0;777;
30.03.2026;BASE_Q;BASE_Q-3-27;0;0;0;0;423,5;0;0;0;5;
30.03.2026;BASE_Q;BASE_Q-4-26;498,61;498,5;498,5;498,61;493,7;4;9;9911385;1085;
30.03.2026;BASE_Q;BASE_Q-4-27;0;0;0;0;0;0;0;0;0;
30.03.2026;BASE_W;BASE_W-15-26;0;0;0;0;410;0;0;0;3;
30.03.2026;BASE_W;BASE_W-16-26;0;0;0;0;432,77;0;0;0;0;
30.03.2026;BASE_W;BASE_W-17-26;0;0;0;0;411,46;0;0;0;0;
30.03.2026;BASE_W;BASE_W-18-26;0;0;0;0;403,48;0;0;0;0;
30.03.2026;BASE_W;BASE_W-19-26;0;0;0;0;0;0;0;0;0;
30.03.2026;BASE_Y;BASE_Y-27;444;444;444;444;439;6;6;23336640;1096;
30.03.2026;BASE_Y;BASE_Y-28;428;430,05;428;431;428,94;6;6;22649983;273;
30.03.2026;BASE_Y;BASE_Y-29;0;0;0;0;409;0;0;0;26;
30.03.2026;BASE_Y;BASE_Y-30;0;0;0;0;408,76;0;0;0;1;
30.03.2026;GAS_BASE;GAS_BASE_31-03-26;255;253;249;255,5;0;100;2238;13507787,76;1970;
30.03.2026;GAS_BASE_M;GAS_BASE_M-01-27;263;260;260;263;263;4;4;778224;431;
30.03.2026;GAS_BASE_M;GAS_BASE_M-02-27;263;260;260;263;263;4;5;877632;330;
30.03.2026;GAS_BASE_M;GAS_BASE_M-03-27;0;0;0;0;217,97;0;0;0;0;
30.03.2026;GAS_BASE_M;GAS_BASE_M-04-26;251,5;247;247;251,5;247;29;62;11092320;3954;
30.03.2026;GAS_BASE_M;GAS_BASE_M-05-26;244;240;239;244;243,79;12;50;8943252;658;
30.03.2026;GAS_BASE_M;GAS_BASE_M-06-26;245,5;236;235;245,5;241,22;18;85;14525820;447;
30.03.2026;GAS_BASE_M;GAS_BASE_M-07-26;0;0;0;0;239,5;0;0;0;26;
30.03.2026;GAS_BASE_M;GAS_BASE_M-08-26;0;0;0;0;224,95;0;0;0;10;
30.03.2026;GAS_BASE_M;GAS_BASE_M-09-26;253;250;250;253;253;4;4;725760;411;
30.03.2026;GAS_BASE_M;GAS_BASE_M-10-26;0;0;0;0;233,93;0;0;0;52;
30.03.2026;GAS_BASE_M;GAS_BASE_M-11-26;260;254;254;260;249,79;5;11;2026800;1771;
30.03.2026;GAS_BASE_M;GAS_BASE_M-12-26;260;255;255;260;251,75;4;12;2290032;1875;
30.03.2026;GAS_BASE_Q;GAS_BASE_Q-1-27;254;240;240;254;247,5;14;66;34507297;1487;
30.03.2026;GAS_BASE_Q;GAS_BASE_Q-2-26;245;245;245;245;244;1;1;535080;7309;
30.03.2026;GAS_BASE_Q;GAS_BASE_Q-2-27;209;209;209;209;209,75;2;3;1369368;92;
30.03.2026;GAS_BASE_Q;GAS_BASE_Q-3-26;236;239,5;236;239,5;239;4;25;13076880;6293;
30.03.2026;GAS_BASE_Q;GAS_BASE_Q-3-27;0;0;0;0;209,44;0;0;0;28;
30.03.2026;GAS_BASE_Q;GAS_BASE_Q-4-26;254;240;240;254;245,1;20;135;72009203;8431;
30.03.2026;GAS_BASE_S;GAS_BASE_S-S-26;0;0;0;0;241,49;0;0;0;72;
30.03.2026;GAS_BASE_S;GAS_BASE_S-S-27;0;0;0;0;209,59;0;0;0;9;
30.03.2026;GAS_BASE_S;GAS_BASE_S-W-26;0;0;0;0;246,29;0;0;0;741;
30.03.2026;GAS_BASE_S;GAS_BASE_S-W-27;0;0;0;0;216,61;0;0;0;30;
30.03.2026;GAS_BASE_W;GAS_BASE_W-15-26;254,5;252;252;254,5;253;3;21;890316;25;
30.03.2026;GAS_BASE_W;GAS_BASE_W-16-26;252,5;252;252;252,5;247,02;2;20;847560;20;
30.03.2026;GAS_BASE_W;GAS_BASE_W-17-26;0;0;0;0;247,02;0;0;0;0;
30.03.2026;GAS_BASE_W;GAS_BASE_W-18-26;0;0;0;0;0;0;0;0;0;
30.03.2026;GAS_BASE_Y;GAS_BASE_Y-27;214;205,61;205,5;214;215,5;10;16;29126737;4249;
30.03.2026;GAS_BASE_Y;GAS_BASE_Y-28;161;160;160;161;160,25;5;8;11278656;725;
30.03.2026;GAS_BASE_Y;GAS_BASE_Y-29;0;0;0;0;134;0;0;0;78;
30.03.2026;GAS_BASE_Y;GAS_BASE_Y-30;0;0;0;0;148,96;0;0;0;5;
30.03.2026;GAS_RDB;GAS_RDB_30-03-26;255,9;251,95;250;256;0;100;16017;4054492,69;12596;
30.03.2026;GLW_BASE;GLW_BASE_31-03-26;0;0;0;0;0;0;0;0;0;
30.03.2026;GLW_RDB;GLW_RDB_30-03-26;0;0;0;0;0;0;0;0;0;
30.03.2026;KUK_A_WMA-03;KUK_A_WMA-03;0;0;0;0;0;0;0;0;0;
30.03.2026;OFFPEAK;OFFPEAK_01-04-26;0;0;0;0;0;0;0;0;0;
30.03.2026;OFFPEAK;OFFPEAK_31-03-26;0;0;0;0;0;0;0;0;0;
30.03.2026;OFFPEAK_M;OFFPEAK_M-05-26;0;0;0;0;415,66;0;0;0;0;
30.03.2026;OFFPEAK_M;OFFPEAK_M-06-26;0;0;0;0;436,5;0;0;0;0;
30.03.2026;OFFPEAK_M;OFFPEAK_M-07-26;0;0;0;0;436,41;0;0;0;0;
30.03.2026;OFFPEAK_M;OFFPEAK_M-08-26;0;0;0;0;464,57;0;0;0;0;
30.03.2026;OFFPEAK_M;OFFPEAK_M-09-26;0;0;0;0;498,7;0;0;0;0;
30.03.2026;OFFPEAK_M;OFFPEAK_M-10-26;0;0;0;0;0;0;0;0;0;
30.03.2026;OFFPEAK_Q;OFFPEAK_Q-1-27;0;0;0;0;431,43;0;0;0;0;
30.03.2026;OFFPEAK_Q;OFFPEAK_Q-2-27;0;0;0;0;371,58;0;0;0;0;
30.03.2026;OFFPEAK_Q;OFFPEAK_Q-3-26;0;0;0;0;466,27;0;0;0;0;
30.03.2026;OFFPEAK_Q;OFFPEAK_Q-3-27;0;0;0;0;394,82;0;0;0;0;
30.03.2026;OFFPEAK_Q;OFFPEAK_Q-4-26;0;0;0;0;416,61;0;0;0;0;
30.03.2026;OFFPEAK_Q;OFFPEAK_Q-4-27;0;0;0;0;0;0;0;0;0;
30.03.2026;OFFPEAK_W;OFFPEAK_W-15-26;0;0;0;0;391,59;0;0;0;0;
30.03.2026;OFFPEAK_W;OFFPEAK_W-16-26;0;0;0;0;422,44;0;0;0;0;
30.03.2026;OFFPEAK_W;OFFPEAK_W-17-26;0;0;0;0;383,94;0;0;0;0;
30.03.2026;OFFPEAK_W;OFFPEAK_W-18-26;0;0;0;0;376,86;0;0;0;0;
30.03.2026;OFFPEAK_W;OFFPEAK_W-19-26;0;0;0;0;0;0;0;0;0;
30.03.2026;OFFPEAK_Y;OFFPEAK_Y-27;0;0;0;0;394,67;0;0;0;0;
30.03.2026;OFFPEAK_Y;OFFPEAK_Y-28;0;0;0;0;386,89;0;0;0;0;
30.03.2026;OFFPEAK_Y;OFFPEAK_Y-29;0;0;0;0;378,39;0;0;0;0;
30.03.2026;OFFPEAK_Y;OFFPEAK_Y-30;0;0;0;0;339,75;0;0;0;0;
30.03.2026;PEAK;PEAK_01-04-26;0;0;0;0;0;0;0;0;0;
30.03.2026;PEAK;PEAK_31-03-26;0;0;0;0;0;0;0;0;0;
30.03.2026;PEAK5_M;PEAK5_M-05-26;0;0;0;0;433,86;0;0;0;5;
30.03.2026;PEAK5_M;PEAK5_M-06-26;0;0;0;0;446,88;0;0;0;11;
30.03.2026;PEAK5_M;PEAK5_M-07-26;0;0;0;0;469,84;0;0;0;0;
30.03.2026;PEAK5_M;PEAK5_M-08-26;0;0;0;0;490,38;0;0;0;0;
30.03.2026;PEAK5_M;PEAK5_M-09-26;0;0;0;0;485,22;0;0;0;0;
30.03.2026;PEAK5_M;PEAK5_M-10-26;0;0;0;0;0;0;0;0;0;
30.03.2026;PEAK5_Q;PEAK5_Q-1-27;0;0;0;0;534,82;0;0;0;0;
30.03.2026;PEAK5_Q;PEAK5_Q-2-27;0;0;0;0;428,02;0;0;0;0;
30.03.2026;PEAK5_Q;PEAK5_Q-3-26;0;0;0;0;481,5;0;0;0;126;
30.03.2026;PEAK5_Q;PEAK5_Q-3-27;0;0;0;0;458,78;0;0;0;0;
30.03.2026;PEAK5_Q;PEAK5_Q-4-26;0;0;0;0;594;0;0;0;154;
30.03.2026;PEAK5_Q;PEAK5_Q-4-27;0;0;0;0;0;0;0;0;0;
30.03.2026;PEAK5_W;PEAK5_W-15-26;0;0;0;0;443,14;0;0;0;0;
30.03.2026;PEAK5_W;PEAK5_W-16-26;0;0;0;0;445,58;0;0;0;0;
30.03.2026;PEAK5_W;PEAK5_W-17-26;0;0;0;0;445,58;0;0;0;0;
30.03.2026;PEAK5_W;PEAK5_W-18-26;0;0;0;0;451,41;0;0;0;0;
30.03.2026;PEAK5_W;PEAK5_W-19-26;0;0;0;0;0;0;0;0;0;
30.03.2026;PEAK5_Y;PEAK5_Y-27;0;0;0;0;497;0;0;0;215;
30.03.2026;PEAK5_Y;PEAK5_Y-28;0;0;0;0;485;0;0;0;1;
30.03.2026;PEAK5_Y;PEAK5_Y-29;0;0;0;0;449,61;0;0;0;0;
30.03.2026;PEAK5_Y;PEAK5_Y-30;0;0;0;0;500,96;0;0;0;0;
30.03.2026;PMBG;PMBG;0;0;0;0;0;0;0;0;0;
30.03.2026;PMEF-2025;PMEF-2025;0;0;0;0;0;0;0;0;0;
30.03.2026;PMEF-2026;PMEF-2026;0;0;0;0;0;0;0;0;0;
30.03.2026;PMEF_F;PMEF_F;0;0;0;0;0;0;0;0;96390004;
30.03.2026;PMOZE;PMOZE;0;0;0;0;0;0;0;0;0;
30.03.2026;PMOZE_A;PMOZE_A;0;0;0;0;0;3;21000000;0;10203486077;
30.03.2026;PMOZE-BIO;PMOZE-BIO;0;0;0;0;0;0;0;0;575453719;
30.03.2026;PSZ_B_DLS-01;PSZ_B_DLS-01;0;0;0;0;0;0;0;0;0;
30.03.2026;PSZ_B_KUJ-01;PSZ_B_KUJ-01;0;0;0;0;0;0;0;0;0;
30.03.2026;PSZ_B_KUJ-02;PSZ_B_KUJ-02;0;0;0;0;0;0;0;0;0;
30.03.2026;PSZ_B_LBL-01;PSZ_B_LBL-01;0;0;0;0;0;0;0;0;0;
30.03.2026;PSZ_B_LBL-02;PSZ_B_LBL-02;0;0;0;0;0;0;0;0;0;
30.03.2026;PSZ_B_LBL-03;PSZ_B_LBL-03;0;0;0;0;0;0;0;0;0;
30.03.2026;PSZ_B_LBL-04;PSZ_B_LBL-04;0;0;0;0;0;0;0;0;0;
30.03.2026;PSZ_B_LBL-05;PSZ_B_LBL-05;0;0;0;0;0;0;0;0;0;
30.03.2026;PSZ_B_LBL-06;PSZ_B_LBL-06;0;0;0;0;0;0;0;0;0;
30.03.2026;PSZ_B_LBL-07;PSZ_B_LBL-07;0;0;0;0;0;0;0;0;0;
30.03.2026;PSZ_B_LBU-01;PSZ_B_LBU-01;0;0;0;0;0;0;0;0;0;
30.03.2026;PSZ_B_LBU-02;PSZ_B_LBU-02;0;0;0;0;0;0;0;0;0;
30.03.2026;PSZ_B_MAZ-01;PSZ_B_MAZ-01;0;0;0;0;0;0;0;0;0;
30.03.2026;PSZ_B_MAZ-02;PSZ_B_MAZ-02;0;0;0;0;0;0;0;0;0;
30.03.2026;PSZ_B_MAZ-03;PSZ_B_MAZ-03;0;0;0;0;0;0;0;0;0;
30.03.2026;PSZ_B_OPO-01;PSZ_B_OPO-01;0;0;0;0;0;0;0;0;0;
30.03.2026;PSZ_B_OPO-02;PSZ_B_OPO-02;0;0;0;0;0;0;0;0;0;
30.03.2026;PSZ_B_PDK-01;PSZ_B_PDK-01;0;0;0;0;0;0;0;0;0;
30.03.2026;PSZ_B_PDL-01;PSZ_B_PDL-01;0;0;0;0;0;0;0;0;0;
30.03.2026;PSZ_B_POM-01;PSZ_B_POM-01;0;0;0;0;0;0;0;0;0;
30.03.2026;PSZ_B_POM-02;PSZ_B_POM-02;0;0;0;0;0;0;0;0;0;
30.03.2026;PSZ_B_WLK-01;PSZ_B_WLK-01;0;0;0;0;0;0;0;0;0;
30.03.2026;PSZ_B_WLK-02;PSZ_B_WLK-02;0;0;0;0;0;0;0;0;0;
30.03.2026;PSZ_B_WLK-03;PSZ_B_WLK-03;0;0;0;0;0;0;0;0;0;
30.03.2026;PSZ_B_WLK-04;PSZ_B_WLK-04;0;0;0;0;0;0;0;0;0;
30.03.2026;PSZ_B_WMA-01;PSZ_B_WMA-01;0;0;0;0;0;0;0;0;0;
30.03.2026;PSZ_B_WMA-02;PSZ_B_WMA-02;0;0;0;0;0;0;0;0;0;
30.03.2026;PSZ_B_WMA-03;PSZ_B_WMA-03;0;0;0;0;0;0;0;0;0;
30.03.2026;PSZ_B_WMA-04;PSZ_B_WMA-04;0;0;0;0;0;0;0;0;0;
30.03.2026;PSZ_B_WMA-05;PSZ_B_WMA-05;0;0;0;0;0;0;0;0;0;
30.03.2026;PSZ_B_WMA-06;PSZ_B_WMA-06;0;0;0;0;0;0;0;0;0;
30.03.2026;PSZ_B_ZPO-01;PSZ_B_ZPO-01;0;0;0;0;0;0;0;0;0;
30.03.2026;PSZ_B_ZPO-02;PSZ_B_ZPO-02;0;0;0;0;0;0;0;0;0;
30.03.2026;PSZ_C_DLS-01;PSZ_C_DLS-01;0;0;0;0;0;0;0;0;0;
30.03.2026;PSZ_C_KUJ-01;PSZ_C_KUJ-01;0;0;0;0;0;0;0;0;0;
30.03.2026;PSZ_C_KUJ-02;PSZ_C_KUJ-02;0;0;0;0;0;0;0;0;0;
30.03.2026;PSZ_C_LBL-01;PSZ_C_LBL-01;0;0;0;0;0;0;0;0;0;
30.03.2026;PSZ_C_LBL-02;PSZ_C_LBL-02;0;0;0;0;0;0;0;0;0;
30.03.2026;PSZ_C_LBL-03;PSZ_C_LBL-03;0;0;0;0;0;0;0;0;0;
30.03.2026;PSZ_C_LBL-04;PSZ_C_LBL-04;0;0;0;0;0;0;0;0;0;
30.03.2026;PSZ_C_LBL-05;PSZ_C_LBL-05;0;0;0;0;0;0;0;0;0;
30.03.2026;PSZ_C_LBL-06;PSZ_C_LBL-06;0;0;0;0;0;0;0;0;0;
30.03.2026;PSZ_C_LBL-07;PSZ_C_LBL-07;0;0;0;0;0;0;0;0;0;
30.03.2026;PSZ_C_LBU-01;PSZ_C_LBU-01;0;0;0;0;0;0;0;0;0;
30.03.2026;PSZ_C_LBU-02;PSZ_C_LBU-02;0;0;0;0;0;0;0;0;0;
30.03.2026;PSZ_C_MAZ-01;PSZ_C_MAZ-01;0;0;0;0;0;0;0;0;0;
30.03.2026;PSZ_C_MAZ-02;PSZ_C_MAZ-02;0;0;0;0;0;0;0;0;0;
30.03.2026;PSZ_C_MAZ-03;PSZ_C_MAZ-03;0;0;0;0;0;0;0;0;0;
30.03.2026;PSZ_C_OPO-01;PSZ_C_OPO-01;0;0;0;0;0;0;0;0;0;
30.03.2026;PSZ_C_OPO-02;PSZ_C_OPO-02;0;0;0;0;0;0;0;0;0;
30.03.2026;PSZ_C_PDK-01;PSZ_C_PDK-01;0;0;0;0;0;0;0;0;0;
30.03.2026;PSZ_C_PDL-01;PSZ_C_PDL-01;0;0;0;0;0;0;0;0;0;
30.03.2026;PSZ_C_POM-01;PSZ_C_POM-01;0;0;0;0;0;0;0;0;0;
30.03.2026;PSZ_C_POM-02;PSZ_C_POM-02;0;0;0;0;0;0;0;0;0;
30.03.2026;PSZ_C_WLK-01;PSZ_C_WLK-01;0;0;0;0;0;0;0;0;0;
30.03.2026;PSZ_C_WLK-02;PSZ_C_WLK-02;0;0;0;0;0;0;0;0;0;
30.03.2026;PSZ_C_WLK-03;PSZ_C_WLK-03;0;0;0;0;0;0;0;0;0;
30.03.2026;PSZ_C_WLK-04;PSZ_C_WLK-04;0;0;0;0;0;0;0;0;0;
30.03.2026;PSZ_C_WMA-01;PSZ_C_WMA-01;0;0;0;0;0;0;0;0;0;
30.03.2026;PSZ_C_WMA-02;PSZ_C_WMA-02;0;0;0;0;0;0;0;0;0;
30.03.2026;PSZ_C_WMA-03;PSZ_C_WMA-03;0;0;0;0;0;0;0;0;0;
30.03.2026;PSZ_C_WMA-04;PSZ_C_WMA-04;0;0;0;0;0;0;0;0;0;
30.03.2026;PSZ_C_WMA-05;PSZ_C_WMA-05;0;0;0;0;0;0;0;0;0;
30.03.2026;PSZ_C_WMA-06;PSZ_C_WMA-06;0;0;0;0;0;0;0;0;0;
30.03.2026;PSZ_C_ZPO-01;PSZ_C_ZPO-01;0;0;0;0;0;0;0;0;0;
30.03.2026;PSZ_C_ZPO-02;PSZ_C_ZPO-02;0;0;0;0;0;0;0;0;0;
30.03.2026;RDN-1;RDN_31-03-26_H01;471;471;471;471;0;158;2308,4;1087256,4;1891;
30.03.2026;RDN-1;RDN_31-03-26_H02;454,74;454,74;454,74;454,74;0;151;2276;1034988,24;1844,5;
30.03.2026;RDN-1;RDN_31-03-26_H03;450;450;450;450;0;156;2323,5;1045575;1885;
30.03.2026;RDN-1;RDN_31-03-26_H04;446,8;446,8;446,8;446,8;0;150;2449,3;1094347,24;1871,7;
30.03.2026;RDN-1;RDN_31-03-26_H05;454,74;454,74;454,74;454,74;0;149;2410,3;1096059,822;1863,3;
30.03.2026;RDN-1;RDN_31-03-26_H06;497,22;497,22;497,22;497,22;0;157;2671,3;1328223,786;2192,4;
30.03.2026;RDN-1;RDN_31-03-26_H07;617,72;617,72;617,72;617,72;0;167;3773,4;2330904,648;3111,1;
30.03.2026;RDN-1;RDN_31-03-26_H08;729;720;720;729;0;174;3599,3;2623861,8;3061,5;
30.03.2026;RDN-1;RDN_31-03-26_H09;677,1;720;677,1;720;0;172;3784,1;2562421,81;3164,5;
30.03.2026;RDN-1;RDN_31-03-26_H10;579,3;579,3;579,3;585;0;162;3525,7;2042495,01;2792,2;
30.03.2026;RDN-1;RDN_31-03-26_H11;518,86;530;518,86;530;0;167;3762,2;1952077,372;3205,8;
30.03.2026;RDN-1;RDN_31-03-26_H12;459,22;459,22;459,22;460;0;160;3636,6;1670005,692;2775,9;
30.03.2026;RDN-1;RDN_31-03-26_H13;454,84;454;454;454,84;0;162;3898,4;1773142,376;3091,1;
30.03.2026;RDN-1;RDN_31-03-26_H14;452,51;460;452,51;460;0;164;3891,3;1760927,063;3260,7;
30.03.2026;RDN-1;RDN_31-03-26_H15;450;450;450;450;0;161;3910,9;1759905;3296,1;
30.03.2026;RDN-1;RDN_31-03-26_H16;454,74;454,74;454,74;454,74;0;145;3485,2;1584859,848;3000,6;
30.03.2026;RDN-1;RDN_31-03-26_H17;484,02;484,02;484,02;484,02;0;144;2989,4;1446929,388;2415,2;
30.03.2026;RDN-1;RDN_31-03-26_H18;519,49;519,49;519,49;519,49;0;148;3548,3;1843306,367;3156,4;
30.03.2026;RDN-1;RDN_31-03-26_H19;641,38;641,38;641,38;641,38;0;148;3985,8;2556412,404;3324,5;
30.03.2026;RDN-1;RDN_31-03-26_H20;796,26;796,26;796,26;796,26;0;148;4585,5;3651250,23;4082,3;
30.03.2026;RDN-1;RDN_31-03-26_H21;772,07;772,07;772,07;772,07;0;158;4788,9;3697366,023;4200,4;
30.03.2026;RDN-1;RDN_31-03-26_H22;667,94;667,94;667,94;667,94;0;151;3841,3;2565757,922;3317,3;
30.03.2026;RDN-1;RDN_31-03-26_H23;620,83;620,83;620,83;620,83;0;146;3837,3;2382310,959;3489,3;
30.03.2026;RDN-1;RDN_31-03-26_H24;563;563;563;563;0;154;3554,4;2001127,2;2991,8;
30.03.2026;RZP_A_LBL-01;RZP_A_LBL-01;0;0;0;0;0;0;0;0;0;
30.03.2026;SGT_BASE;SGT_BASE_31-03-26;0;0;0;0;0;0;0;0;0;
30.03.2026;SGT_RDB;SGT_RDB_30-03-26;0;0;0;0;0;0;0;0;0;
30.03.2026;ZTO_B_KUJ-02;ZTO_B_KUJ-02;0;0;0;0;0;0;0;0;0;
30.03.2026;ZTO_B_LBL-01;ZTO_B_LBL-01;0;0;0;0;0;0;0;0;0;
30.03.2026;ZTO_B_LBU-01;ZTO_B_LBU-01;0;0;0;0;0;0;0;0;0;
30.03.2026;ZTO_B_MAZ-01;ZTO_B_MAZ-01;0;0;0;0;0;0;0;0;0;
30.03.2026;ZTO_B_PDL-01;ZTO_B_PDL-01;0;0;0;0;0;0;0;0;0;
30.03.2026;ZTO_B_WLK-01;ZTO_B_WLK-01;0;0;0;0;0;0;0;0;0;
30.03.2026;ZTO_B_WLK-02;ZTO_B_WLK-02;0;0;0;0;0;0;0;0;0;
30.03.2026;ZTO_B_WMA-01;ZTO_B_WMA-01;0;0;0;0;0;0;0;0;0;
30.03.2026;ZTO_B_WMA-02;ZTO_B_WMA-02;0;0;0;0;0;0;0;0;0;
30.03.2026;ZTO_B_WMA-03;ZTO_B_WMA-03;0;0;0;0;0;0;0;0;0;
30.03.2026;ZTO_C_KUJ-02;ZTO_C_KUJ-02;0;0;0;0;0;0;0;0;0;
30.03.2026;ZTO_C_LBL-01;ZTO_C_LBL-01;0;0;0;0;0;0;0;0;0;
30.03.2026;ZTO_C_LBU-01;ZTO_C_LBU-01;0;0;0;0;0;0;0;0;0;
30.03.2026;ZTO_C_MAZ-01;ZTO_C_MAZ-01;0;0;0;0;0;0;0;0;0;
30.03.2026;ZTO_C_PDL-01;ZTO_C_PDL-01;0;0;0;0;0;0;0;0;0;
30.03.2026;ZTO_C_WLK-01;ZTO_C_WLK-01;0;0;0;0;0;0;0;0;0;
30.03.2026;ZTO_C_WLK-02;ZTO_C_WLK-02;0;0;0;0;0;0;0;0;0;
30.03.2026;ZTO_C_WMA-01;ZTO_C_WMA-01;0;0;0;0;0;0;0;0;0;
30.03.2026;ZTO_C_WMA-02;ZTO_C_WMA-02;0;0;0;0;0;0;0;0;0;
30.03.2026;ZTO_C_WMA-03;ZTO_C_WMA-03;0;0;0;0;0;0;0;0;0;
31.03.2026;BASE;BASE_01-04-26;560;565;560;565;0;34;325;4380840;305;
31.03.2026;BASE;BASE_02-04-26;0;0;0;0;0;0;0;0;0;
31.03.2026;BASE_M;BASE_M-05-26;430;433;429,98;434;430;13;14;4501185,12;211;
31.03.2026;BASE_M;BASE_M-06-26;448;452;448;452;446,5;17;21;6813353;205;
31.03.2026;BASE_M;BASE_M-07-26;0;0;0;0;462,41;0;0;0;4;
31.03.2026;BASE_M;BASE_M-08-26;0;0;0;0;485,22;0;0;0;0;
31.03.2026;BASE_M;BASE_M-09-26;0;0;0;0;498,92;0;0;0;0;
31.03.2026;BASE_M;BASE_M-10-26;0;0;0;0;489,88;0;0;0;0;
31.03.2026;BASE_Q;BASE_Q-1-27;0;0;0;0;484;0;0;0;56;
31.03.2026;BASE_Q;BASE_Q-2-27;0;0;0;0;397,5;0;0;0;21;
31.03.2026;BASE_Q;BASE_Q-3-26;480,5;487;479;487;482;32;34;36276888;804;
31.03.2026;BASE_Q;BASE_Q-3-27;0;0;0;0;436,3;0;0;0;5;
31.03.2026;BASE_Q;BASE_Q-4-26;496;502;496;502;498,56;28;30;33106283;1101;
31.03.2026;BASE_Q;BASE_Q-4-27;0;0;0;0;458,57;0;0;0;0;
31.03.2026;BASE_W;BASE_W-15-26;0;0;0;0;407,5;0;0;0;3;
31.03.2026;BASE_W;BASE_W-16-26;0;0;0;0;440;0;0;0;0;
31.03.2026;BASE_W;BASE_W-17-26;0;0;0;0;440;0;0;0;0;
31.03.2026;BASE_W;BASE_W-18-26;0;0;0;0;419,98;0;0;0;0;
31.03.2026;BASE_W;BASE_W-19-26;0;0;0;0;439,16;0;0;0;0;
31.03.2026;BASE_Y;BASE_Y-27;445,99;446;445,99;446;444;2;3;11720792;1096;
31.03.2026;BASE_Y;BASE_Y-28;0;0;0;0;430,11;0;0;0;273;
31.03.2026;BASE_Y;BASE_Y-29;0;0;0;0;415,5;0;0;0;26;
31.03.2026;BASE_Y;BASE_Y-30;0;0;0;0;410;0;0;0;1;
31.03.2026;F-OZE;F-OZE_05-26;0;0;0;0;28,06;0;0;0;0;
31.03.2026;F-OZE;F-OZE_05-27;0;0;0;0;28,06;0;0;0;0;
31.03.2026;F-OZE;F-OZE_11-26;0;0;0;0;28,06;0;0;0;0;
31.03.2026;F-OZE;F-OZE_11-27;0;0;0;0;28,06;0;0;0;0;
31.03.2026;GAS_BASE;GAS_BASE_01-04-26;250;250,75;249;251;0;229;9108;54679790,4;8706;
31.03.2026;GAS_BASE_M;GAS_BASE_M-01-27;251;245;245;251;261,5;4;7;1293816;438;
31.03.2026;GAS_BASE_M;GAS_BASE_M-02-27;252;249;249;252;261,5;5;6;1007328;336;
31.03.2026;GAS_BASE_M;GAS_BASE_M-03-27;0;0;0;0;199,03;0;0;0;0;
31.03.2026;GAS_BASE_M;GAS_BASE_M-04-27;0;0;0;0;0;0;0;0;0;
31.03.2026;GAS_BASE_M;GAS_BASE_M-05-26;234;234;234;235,05;243,33;20;79;13788961,2;668;
31.03.2026;GAS_BASE_M;GAS_BASE_M-06-26;234;229;229;235;243,84;28;108;18166320;534;
31.03.2026;GAS_BASE_M;GAS_BASE_M-07-26;0;0;0;0;233,16;0;0;0;26;
31.03.2026;GAS_BASE_M;GAS_BASE_M-08-26;0;0;0;0;227,44;0;0;0;10;
31.03.2026;GAS_BASE_M;GAS_BASE_M-09-26;242;238;238;242;252;4;6;1035360;417;
31.03.2026;GAS_BASE_M;GAS_BASE_M-10-26;220,2;228;220,2;230;206,48;15;30;5124073;80;
31.03.2026;GAS_BASE_M;GAS_BASE_M-11-26;248;239;239;248;256,6;9;15;2624400;1786;
31.03.2026;GAS_BASE_M;GAS_BASE_M-12-26;248;239;239;248;257,5;8;17;3075696;1890;
31.03.2026;GAS_BASE_Q;GAS_BASE_Q-1-27;240;232;231;240;240;15;70;35297491;1538;
31.03.2026;GAS_BASE_Q;GAS_BASE_Q-2-27;201;201;201;201;209;3;4;1755936;96;
31.03.2026;GAS_BASE_Q;GAS_BASE_Q-3-26;233;230;230;233;237,38;9;28;14286312;6285;
31.03.2026;GAS_BASE_Q;GAS_BASE_Q-3-27;0;0;0;0;195,35;0;0;0;28;
31.03.2026;GAS_BASE_Q;GAS_BASE_Q-4-26;236;234;232,05;237;240;36;177;91865705;8431;
31.03.2026;GAS_BASE_Q;GAS_BASE_Q-4-27;0;0;0;0;0;0;0;0;0;
31.03.2026;GAS_BASE_S;GAS_BASE_S-S-27;0;0;0;0;202,14;0;0;0;9;
31.03.2026;GAS_BASE_S;GAS_BASE_S-S-28;0;0;0;0;0;0;0;0;0;
31.03.2026;GAS_BASE_S;GAS_BASE_S-W-26;234;234;234;234;240;1;1;1022112;740;
31.03.2026;GAS_BASE_S;GAS_BASE_S-W-27;0;0;0;0;211,08;0;0;0;30;
31.03.2026;GAS_BASE_W;GAS_BASE_W-15-26;250,25;250,25;250,25;250,25;251,5;1;10;420420;35;
31.03.2026;GAS_BASE_W;GAS_BASE_W-16-26;250,25;250,25;250,25;250,25;251,5;1;10;420420;30;
31.03.2026;GAS_BASE_W;GAS_BASE_W-17-26;0;0;0;0;247,22;0;0;0;0;
31.03.2026;GAS_BASE_W;GAS_BASE_W-18-26;0;0;0;0;239,23;0;0;0;0;
31.03.2026;GAS_BASE_Y;GAS_BASE_Y-27;200;198;198;200;205,85;3;8;13910880;4249;
31.03.2026;GAS_BASE_Y;GAS_BASE_Y-28;155,75;155,5;155;155,75;160;6;10;13652532;735;
31.03.2026;GAS_BASE_Y;GAS_BASE_Y-29;0;0;0;0;131,58;0;0;0;78;
31.03.2026;GAS_BASE_Y;GAS_BASE_Y-30;0;0;0;0;155,16;0;0;0;5;
31.03.2026;GAS_RDB;GAS_RDB_31-03-26;253;252,45;250,1;254,5;0;100;20473;5192806,95;18400;
31.03.2026;GLW_BASE;GLW_BASE_01-04-26;0;0;0;0;0;0;0;0;0;
31.03.2026;GLW_RDB;GLW_RDB_31-03-26;0;0;0;0;0;0;0;0;0;
31.03.2026;KUK_A_WMA-03;KUK_A_WMA-03;0;0;0;0;0;0;0;0;0;
31.03.2026;OFFPEAK;OFFPEAK_01-04-26;0;0;0;0;0;0;0;0;0;
31.03.2026;OFFPEAK;OFFPEAK_02-04-26;0;0;0;0;0;0;0;0;0;
31.03.2026;OFFPEAK_M;OFFPEAK_M-05-26;0;0;0;0;424,26;0;0;0;0;
31.03.2026;OFFPEAK_M;OFFPEAK_M-06-26;0;0;0;0;441,44;0;0;0;0;
31.03.2026;OFFPEAK_M;OFFPEAK_M-07-26;0;0;0;0;456,55;0;0;0;0;
31.03.2026;OFFPEAK_M;OFFPEAK_M-08-26;0;0;0;0;481,14;0;0;0;0;
31.03.2026;OFFPEAK_M;OFFPEAK_M-09-26;0;0;0;0;489,96;0;0;0;0;
31.03.2026;OFFPEAK_M;OFFPEAK_M-10-26;0;0;0;0;424,86;0;0;0;0;
31.03.2026;OFFPEAK_Q;OFFPEAK_Q-1-27;0;0;0;0;441,42;0;0;0;0;
31.03.2026;OFFPEAK_Q;OFFPEAK_Q-2-27;0;0;0;0;369,91;0;0;0;0;
31.03.2026;OFFPEAK_Q;OFFPEAK_Q-3-26;0;0;0;0;475,91;0;0;0;0;
31.03.2026;OFFPEAK_Q;OFFPEAK_Q-3-27;0;0;0;0;410,61;0;0;0;0;
31.03.2026;OFFPEAK_Q;OFFPEAK_Q-4-26;0;0;0;0;418,47;0;0;0;0;
31.03.2026;OFFPEAK_Q;OFFPEAK_Q-4-27;0;0;0;0;377,2;0;0;0;0;
31.03.2026;OFFPEAK_W;OFFPEAK_W-15-26;0;0;0;0;385,06;0;0;0;0;
31.03.2026;OFFPEAK_W;OFFPEAK_W-16-26;0;0;0;0;431,66;0;0;0;0;
31.03.2026;OFFPEAK_W;OFFPEAK_W-17-26;0;0;0;0;431,66;0;0;0;0;
31.03.2026;OFFPEAK_W;OFFPEAK_W-18-26;0;0;0;0;406,5;0;0;0;0;
31.03.2026;OFFPEAK_W;OFFPEAK_W-19-26;0;0;0;0;439,69;0;0;0;0;
31.03.2026;OFFPEAK_Y;OFFPEAK_Y-27;0;0;0;0;399,67;0;0;0;0;
31.03.2026;OFFPEAK_Y;OFFPEAK_Y-28;0;0;0;0;384,49;0;0;0;0;
31.03.2026;OFFPEAK_Y;OFFPEAK_Y-29;0;0;0;0;384,4;0;0;0;0;
31.03.2026;OFFPEAK_Y;OFFPEAK_Y-30;0;0;0;0;333,96;0;0;0;0;
31.03.2026;PEAK;PEAK_01-04-26;0;0;0;0;0;0;0;0;0;
31.03.2026;PEAK;PEAK_02-04-26;0;0;0;0;0;0;0;0;0;
31.03.2026;PEAK5_M;PEAK5_M-05-26;0;0;0;0;438,5;0;0;0;5;
31.03.2026;PEAK5_M;PEAK5_M-06-26;0;0;0;0;453;0;0;0;11;
31.03.2026;PEAK5_M;PEAK5_M-07-26;0;0;0;0;469,19;0;0;0;0;
31.03.2026;PEAK5_M;PEAK5_M-08-26;0;0;0;0;490,77;0;0;0;0;
31.03.2026;PEAK5_M;PEAK5_M-09-26;0;0;0;0;509,5;0;0;0;0;
31.03.2026;PEAK5_M;PEAK5_M-10-26;0;0;0;0;571,64;0;0;0;0;
31.03.2026;PEAK5_Q;PEAK5_Q-1-27;0;0;0;0;541,89;0;0;0;0;
31.03.2026;PEAK5_Q;PEAK5_Q-2-27;0;0;0;0;433,67;0;0;0;0;
31.03.2026;PEAK5_Q;PEAK5_Q-3-26;0;0;0;0;489,5;0;0;0;126;
31.03.2026;PEAK5_Q;PEAK5_Q-3-27;0;0;0;0;467,91;0;0;0;0;
31.03.2026;PEAK5_Q;PEAK5_Q-4-26;0;0;0;0;602,75;0;0;0;154;
31.03.2026;PEAK5_Q;PEAK5_Q-4-27;0;0;0;0;567,42;0;0;0;0;
31.03.2026;PEAK5_W;PEAK5_W-15-26;0;0;0;0;447,88;0;0;0;0;
31.03.2026;PEAK5_W;PEAK5_W-16-26;0;0;0;0;450,34;0;0;0;0;
31.03.2026;PEAK5_W;PEAK5_W-17-26;0;0;0;0;450,34;0;0;0;0;
31.03.2026;PEAK5_W;PEAK5_W-18-26;0;0;0;0;444,24;0;0;0;0;
31.03.2026;PEAK5_W;PEAK5_W-19-26;0;0;0;0;438,5;0;0;0;0;
31.03.2026;PEAK5_Y;PEAK5_Y-27;0;0;0;0;502;0;0;0;215;
31.03.2026;PEAK5_Y;PEAK5_Y-28;0;0;0;0;490,93;0;0;0;1;
31.03.2026;PEAK5_Y;PEAK5_Y-29;0;0;0;0;456,76;0;0;0;0;
31.03.2026;PEAK5_Y;PEAK5_Y-30;0;0;0;0;511,59;0;0;0;0;
31.03.2026;PMBG;PMBG;0;0;0;0;0;0;0;0;0;
31.03.2026;PMEF-2025;PMEF-2025;0;0;0;0;0;0;0;0;0;
31.03.2026;PMEF-2026;PMEF-2026;0;0;0;0;0;0;0;0;0;
31.03.2026;PMEF_F;PMEF_F;2329;2330;2328,01;2330;0;34;1022841;2382837946;96390004;
31.03.2026;PMOZE;PMOZE;0;0;0;0;0;0;0;0;0;
31.03.2026;PMOZE_A;PMOZE_A;28,3;28,61;28,1;29;0;75;50360657;1435432051;10224486077;
31.03.2026;PMOZE-BIO;PMOZE-BIO;310;310;301,2;310;0;35;3240764;990102116;575453719;
31.03.2026;PSZ_B_DLS-01;PSZ_B_DLS-01;0;0;0;0;0;0;0;0;0;
31.03.2026;PSZ_B_KUJ-01;PSZ_B_KUJ-01;0;0;0;0;0;0;0;0;0;
31.03.2026;PSZ_B_KUJ-02;PSZ_B_KUJ-02;0;0;0;0;0;0;0;0;0;
31.03.2026;PSZ_B_LBL-01;PSZ_B_LBL-01;0;0;0;0;0;0;0;0;0;
31.03.2026;PSZ_B_LBL-02;PSZ_B_LBL-02;0;0;0;0;0;0;0;0;0;
31.03.2026;PSZ_B_LBL-03;PSZ_B_LBL-03;0;0;0;0;0;0;0;0;0;
31.03.2026;PSZ_B_LBL-04;PSZ_B_LBL-04;0;0;0;0;0;0;0;0;0;
31.03.2026;PSZ_B_LBL-05;PSZ_B_LBL-05;0;0;0;0;0;0;0;0;0;
31.03.2026;PSZ_B_LBL-06;PSZ_B_LBL-06;0;0;0;0;0;0;0;0;0;
31.03.2026;PSZ_B_LBL-07;PSZ_B_LBL-07;0;0;0;0;0;0;0;0;0;
31.03.2026;PSZ_B_LBU-01;PSZ_B_LBU-01;0;0;0;0;0;0;0;0;0;
31.03.2026;PSZ_B_LBU-02;PSZ_B_LBU-02;0;0;0;0;0;0;0;0;0;
31.03.2026;PSZ_B_MAZ-01;PSZ_B_MAZ-01;0;0;0;0;0;0;0;0;0;
31.03.2026;PSZ_B_MAZ-02;PSZ_B_MAZ-02;0;0;0;0;0;0;0;0;0;
31.03.2026;PSZ_B_MAZ-03;PSZ_B_MAZ-03;0;0;0;0;0;0;0;0;0;
31.03.2026;PSZ_B_OPO-01;PSZ_B_OPO-01;0;0;0;0;0;0;0;0;0;
31.03.2026;PSZ_B_OPO-02;PSZ_B_OPO-02;0;0;0;0;0;0;0;0;0;
31.03.2026;PSZ_B_PDK-01;PSZ_B_PDK-01;0;0;0;0;0;0;0;0;0;
31.03.2026;PSZ_B_PDL-01;PSZ_B_PDL-01;0;0;0;0;0;0;0;0;0;
31.03.2026;PSZ_B_POM-01;PSZ_B_POM-01;0;0;0;0;0;0;0;0;0;
31.03.2026;PSZ_B_POM-02;PSZ_B_POM-02;0;0;0;0;0;0;0;0;0;
31.03.2026;PSZ_B_WLK-01;PSZ_B_WLK-01;0;0;0;0;0;0;0;0;0;
31.03.2026;PSZ_B_WLK-02;PSZ_B_WLK-02;0;0;0;0;0;0;0;0;0;
31.03.2026;PSZ_B_WLK-03;PSZ_B_WLK-03;0;0;0;0;0;0;0;0;0;
31.03.2026;PSZ_B_WLK-04;PSZ_B_WLK-04;0;0;0;0;0;0;0;0;0;
31.03.2026;PSZ_B_WMA-01;PSZ_B_WMA-01;0;0;0;0;0;0;0;0;0;
31.03.2026;PSZ_B_WMA-02;PSZ_B_WMA-02;0;0;0;0;0;0;0;0;0;
31.03.2026;PSZ_B_WMA-03;PSZ_B_WMA-03;0;0;0;0;0;0;0;0;0;
31.03.2026;PSZ_B_WMA-04;PSZ_B_WMA-04;0;0;0;0;0;0;0;0;0;
31.03.2026;PSZ_B_WMA-05;PSZ_B_WMA-05;0;0;0;0;0;0;0;0;0;
31.03.2026;PSZ_B_WMA-06;PSZ_B_WMA-06;0;0;0;0;0;0;0;0;0;
31.03.2026;PSZ_B_ZPO-01;PSZ_B_ZPO-01;0;0;0;0;0;0;0;0;0;
31.03.2026;PSZ_B_ZPO-02;PSZ_B_ZPO-02;0;0;0;0;0;0;0;0;0;
31.03.2026;PSZ_C_DLS-01;PSZ_C_DLS-01;0;0;0;0;0;0;0;0;0;
31.03.2026;PSZ_C_KUJ-01;PSZ_C_KUJ-01;0;0;0;0;0;0;0;0;0;
31.03.2026;PSZ_C_KUJ-02;PSZ_C_KUJ-02;0;0;0;0;0;0;0;0;0;
31.03.2026;PSZ_C_LBL-01;PSZ_C_LBL-01;0;0;0;0;0;0;0;0;0;
31.03.2026;PSZ_C_LBL-02;PSZ_C_LBL-02;0;0;0;0;0;0;0;0;0;
31.03.2026;PSZ_C_LBL-03;PSZ_C_LBL-03;0;0;0;0;0;0;0;0;0;
31.03.2026;PSZ_C_LBL-04;PSZ_C_LBL-04;0;0;0;0;0;0;0;0;0;
31.03.2026;PSZ_C_LBL-05;PSZ_C_LBL-05;0;0;0;0;0;0;0;0;0;
31.03.2026;PSZ_C_LBL-06;PSZ_C_LBL-06;0;0;0;0;0;0;0;0;0;
31.03.2026;PSZ_C_LBL-07;PSZ_C_LBL-07;0;0;0;0;0;0;0;0;0;
31.03.2026;PSZ_C_LBU-01;PSZ_C_LBU-01;0;0;0;0;0;0;0;0;0;
31.03.2026;PSZ_C_LBU-02;PSZ_C_LBU-02;0;0;0;0;0;0;0;0;0;
31.03.2026;PSZ_C_MAZ-01;PSZ_C_MAZ-01;0;0;0;0;0;0;0;0;0;
31.03.2026;PSZ_C_MAZ-02;PSZ_C_MAZ-02;0;0;0;0;0;0;0;0;0;
31.03.2026;PSZ_C_MAZ-03;PSZ_C_MAZ-03;0;0;0;0;0;0;0;0;0;
31.03.2026;PSZ_C_OPO-01;PSZ_C_OPO-01;0;0;0;0;0;0;0;0;0;
31.03.2026;PSZ_C_OPO-02;PSZ_C_OPO-02;0;0;0;0;0;0;0;0;0;
31.03.2026;PSZ_C_PDK-01;PSZ_C_PDK-01;0;0;0;0;0;0;0;0;0;
31.03.2026;PSZ_C_PDL-01;PSZ_C_PDL-01;0;0;0;0;0;0;0;0;0;
31.03.2026;PSZ_C_POM-01;PSZ_C_POM-01;0;0;0;0;0;0;0;0;0;
31.03.2026;PSZ_C_POM-02;PSZ_C_POM-02;0;0;0;0;0;0;0;0;0;
31.03.2026;PSZ_C_WLK-01;PSZ_C_WLK-01;0;0;0;0;0;0;0;0;0;
31.03.2026;PSZ_C_WLK-02;PSZ_C_WLK-02;0;0;0;0;0;0;0;0;0;
31.03.2026;PSZ_C_WLK-03;PSZ_C_WLK-03;0;0;0;0;0;0;0;0;0;
31.03.2026;PSZ_C_WLK-04;PSZ_C_WLK-04;0;0;0;0;0;0;0;0;0;
31.03.2026;PSZ_C_WMA-01;PSZ_C_WMA-01;0;0;0;0;0;0;0;0;0;
31.03.2026;PSZ_C_WMA-02;PSZ_C_WMA-02;0;0;0;0;0;0;0;0;0;
31.03.2026;PSZ_C_WMA-03;PSZ_C_WMA-03;0;0;0;0;0;0;0;0;0;
31.03.2026;PSZ_C_WMA-04;PSZ_C_WMA-04;0;0;0;0;0;0;0;0;0;
31.03.2026;PSZ_C_WMA-05;PSZ_C_WMA-05;0;0;0;0;0;0;0;0;0;
31.03.2026;PSZ_C_WMA-06;PSZ_C_WMA-06;0;0;0;0;0;0;0;0;0;
31.03.2026;PSZ_C_ZPO-01;PSZ_C_ZPO-01;0;0;0;0;0;0;0;0;0;
31.03.2026;PSZ_C_ZPO-02;PSZ_C_ZPO-02;0;0;0;0;0;0;0;0;0;
31.03.2026;RDN-1;RDN_01-04-26_H01;582;583;582;583;0;154;3589,9;2089331,8;3091,4;
31.03.2026;RDN-1;RDN_01-04-26_H02;550;565;550;565;0;157;3827,6;2105330;3357,3;
31.03.2026;RDN-1;RDN_01-04-26_H03;542,48;560;542,48;560;0;163;3817,2;2070859,368;3365,3;
31.03.2026;RDN-1;RDN_01-04-26_H04;540,3;545;540,3;550;0;164;3784,8;2045069,94;3298,6;
31.03.2026;RDN-1;RDN_01-04-26_H05;558,57;580;558,57;580;0;162;3903,7;2180609,016;3457,1;
31.03.2026;RDN-1;RDN_01-04-26_H06;602,36;603;602,36;603;0;157;3803,4;2291022,424;3401,1;
31.03.2026;RDN-1;RDN_01-04-26_H07;726;730;726;730;0;165;4275,6;3104145,6;3746,1;
31.03.2026;RDN-1;RDN_01-04-26_H08;850,58;880;850,58;880;0;169;4079,6;3470947,168;3549,9;
31.03.2026;RDN-1;RDN_01-04-26_H09;712;750;712;755;0;182;4414,4;3143945,3;3635,5;
31.03.2026;RDN-1;RDN_01-04-26_H10;593,92;595;593,92;595;0;181;3679,8;2185511,136;3018,9;
31.03.2026;RDN-1;RDN_01-04-26_H11;463,99;463,99;463,99;463,99;0;179;4038,3;1873730,817;3327,1;
31.03.2026;RDN-1;RDN_01-04-26_H12;396;396;396;396;0;163;4241,3;1679554,8;3422,9;
31.03.2026;RDN-1;RDN_01-04-26_H13;338,56;338,56;338,56;338,56;0;166;4287,2;1451474,432;3642,5;
31.03.2026;RDN-1;RDN_01-04-26_H14;270,79;300;270,79;300;0;170;4289,9;1161895,701;3781,7;
31.03.2026;RDN-1;RDN_01-04-26_H15;260,87;290;260,87;290;0;170;4138,2;1079765,274;3585,3;
31.03.2026;RDN-1;RDN_01-04-26_H16;324;324;324;324;0;164;3741,9;1212375,6;3192,1;
31.03.2026;RDN-1;RDN_01-04-26_H17;420;420;420;420;0;158;3579,5;1503390;2952,9;
31.03.2026;RDN-1;RDN_01-04-26_H18;544;538;538;544;0;156;3910,3;2127179,2;3351,8;
31.03.2026;RDN-1;RDN_01-04-26_H19;714,1;690;690;714,1;0;164;4776,2;3410343,96;4224,4;
31.03.2026;RDN-1;RDN_01-04-26_H20;890,6;880;880;890,6;0;168;5245,8;4671671,72;4675,8;
31.03.2026;RDN-1;RDN_01-04-26_H21;843,2;843,2;843,2;843,2;0;164;5511,7;4647465,44;4955,7;
31.03.2026;RDN-1;RDN_01-04-26_H22;698,6;695;695;698,6;0;158;5134,6;3586959,56;4424,3;
31.03.2026;RDN-1;RDN_01-04-26_H23;640,03;640,03;640,03;640,03;0;157;4819,4;3084560,582;4135;
31.03.2026;RDN-1;RDN_01-04-26_H24;582,07;582,07;582,07;582,07;0;161;4185,3;2436137,571;3606;
31.03.2026;RZP_A_LBL-01;RZP_A_LBL-01;0;0;0;0;0;0;0;0;0;
31.03.2026;SGT_BASE;SGT_BASE_01-04-26;0;0;0;0;0;0;0;0;0;
31.03.2026;SGT_RDB;SGT_RDB_31-03-26;0;0;0;0;0;0;0;0;0;
31.03.2026;ZTO_B_KUJ-02;ZTO_B_KUJ-02;0;0;0;0;0;0;0;0;0;
31.03.2026;ZTO_B_LBL-01;ZTO_B_LBL-01;0;0;0;0;0;0;0;0;0;
31.03.2026;ZTO_B_LBU-01;ZTO_B_LBU-01;0;0;0;0;0;0;0;0;0;
31.03.2026;ZTO_B_MAZ-01;ZTO_B_MAZ-01;0;0;0;0;0;0;0;0;0;
31.03.2026;ZTO_B_PDL-01;ZTO_B_PDL-01;0;0;0;0;0;0;0;0;0;
31.03.2026;ZTO_B_WLK-01;ZTO_B_WLK-01;0;0;0;0;0;0;0;0;0;
31.03.2026;ZTO_B_WLK-02;ZTO_B_WLK-02;0;0;0;0;0;0;0;0;0;
31.03.2026;ZTO_B_WMA-01;ZTO_B_WMA-01;0;0;0;0;0;0;0;0;0;
31.03.2026;ZTO_B_WMA-02;ZTO_B_WMA-02;0;0;0;0;0;0;0;0;0;
31.03.2026;ZTO_B_WMA-03;ZTO_B_WMA-03;0;0;0;0;0;0;0;0;0;
31.03.2026;ZTO_C_KUJ-02;ZTO_C_KUJ-02;0;0;0;0;0;0;0;0;0;
31.03.2026;ZTO_C_LBL-01;ZTO_C_LBL-01;0;0;0;0;0;0;0;0;0;
31.03.2026;ZTO_C_LBU-01;ZTO_C_LBU-01;0;0;0;0;0;0;0;0;0;
31.03.2026;ZTO_C_MAZ-01;ZTO_C_MAZ-01;0;0;0;0;0;0;0;0;0;
31.03.2026;ZTO_C_PDL-01;ZTO_C_PDL-01;0;0;0;0;0;0;0;0;0;
31.03.2026;ZTO_C_WLK-01;ZTO_C_WLK-01;0;0;0;0;0;0;0;0;0;
31.03.2026;ZTO_C_WLK-02;ZTO_C_WLK-02;0;0;0;0;0;0;0;0;0;
31.03.2026;ZTO_C_WMA-01;ZTO_C_WMA-01;0;0;0;0;0;0;0;0;0;
31.03.2026;ZTO_C_WMA-02;ZTO_C_WMA-02;0;0;0;0;0;0;0;0;0;
31.03.2026;ZTO_C_WMA-03;ZTO_C_WMA-03;0;0;0;0;0;0;0;0;0;
01.04.2026;BASE;BASE_02-04-26;505;490;488;505;0;36;188;2251728;83;
01.04.2026;BASE;BASE_03-04-26;0;0;0;0;0;0;0;0;0;
01.04.2026;BASE_M;BASE_M-05-26;426;428;426;428;433,8;20;22;6980952;227;
01.04.2026;BASE_M;BASE_M-06-26;0;0;0;0;451,8;0;0;0;207;
01.04.2026;BASE_M;BASE_M-07-26;0;0;0;0;467,11;0;0;0;4;
01.04.2026;BASE_M;BASE_M-08-26;0;0;0;0;490,15;0;0;0;0;
01.04.2026;BASE_M;BASE_M-09-26;0;0;0;0;503,99;0;0;0;0;
01.04.2026;BASE_M;BASE_M-10-26;0;0;0;0;472;0;0;0;0;
01.04.2026;BASE_Q;BASE_Q-1-27;485;485;485;485;490;1;1;1047115;56;
01.04.2026;BASE_Q;BASE_Q-2-27;0;0;0;0;397,78;0;0;0;21;
01.04.2026;BASE_Q;BASE_Q-3-26;0;0;0;0;486,9;0;0;0;807;
01.04.2026;BASE_Q;BASE_Q-3-27;0;0;0;0;429,31;0;0;0;5;
01.04.2026;BASE_Q;BASE_Q-4-26;491;490;490;491;502;3;5;5414701;1103;
01.04.2026;BASE_Q;BASE_Q-4-27;465;465;465;465;467,33;4;4;4108740;4;
01.04.2026;BASE_W;BASE_W-15-26;390;390;390;390;406,5;3;7;458640;10;
01.04.2026;BASE_W;BASE_W-16-26;0;0;0;0;437,5;0;0;0;0;
01.04.2026;BASE_W;BASE_W-17-26;0;0;0;0;437,5;0;0;0;0;
01.04.2026;BASE_W;BASE_W-18-26;0;0;0;0;423,69;0;0;0;0;
01.04.2026;BASE_W;BASE_W-19-26;0;0;0;0;443,04;0;0;0;0;
01.04.2026;BASE_Y;BASE_Y-27;443;441;440,9;443;446;12;12;46443768;1091;
01.04.2026;BASE_Y;BASE_Y-28;432;430,5;430,5;432;433,5;6;6;22745729;273;
01.04.2026;BASE_Y;BASE_Y-29;0;0;0;0;414,44;0;0;0;26;
01.04.2026;BASE_Y;BASE_Y-30;0;0;0;0;414,05;0;0;0;1;
01.04.2026;GAS_BASE;GAS_BASE_02-04-26;229;229;229;233,5;0;210;8100;44960149,2;7774;
01.04.2026;GAS_BASE_M;GAS_BASE_M-01-27;232;230;230;232;248,75;4;10;1712688;448;
01.04.2026;GAS_BASE_M;GAS_BASE_M-02-27;233;232;232;233;249,8;3;10;1562400;346;
01.04.2026;GAS_BASE_M;GAS_BASE_M-03-27;219,89;219,89;219,89;219,89;203,31;2;1;163378;1;
01.04.2026;GAS_BASE_M;GAS_BASE_M-04-27;0;0;0;0;204,92;0;0;0;0;
01.04.2026;GAS_BASE_M;GAS_BASE_M-05-26;214,84;216;213;216,5;234,2;30;99;15853114,8;7662;
01.04.2026;GAS_BASE_M;GAS_BASE_M-06-26;215;215;213;216,75;231;26;130;20109240;7202;
01.04.2026;GAS_BASE_M;GAS_BASE_M-07-26;220;220;220;220;227;1;1;163680;27;
01.04.2026;GAS_BASE_M;GAS_BASE_M-08-26;220;220;220;220;228;1;1;163680;11;
01.04.2026;GAS_BASE_M;GAS_BASE_M-09-26;218;218;218;218;238,23;10;25;3924000;442;
01.04.2026;GAS_BASE_M;GAS_BASE_M-10-26;213,03;213,03;213,03;213,03;226,82;2;3;476122;83;
01.04.2026;GAS_BASE_M;GAS_BASE_M-11-26;225;223,5;223;227;237,93;11;49;7963200;1832;
01.04.2026;GAS_BASE_M;GAS_BASE_M-12-26;228;227;225;228;239,02;13;54;9095958;1944;
01.04.2026;GAS_BASE_Q;GAS_BASE_Q-1-27;215,51;216;215;216;233,44;7;35;16284365;1573;
01.04.2026;GAS_BASE_Q;GAS_BASE_Q-2-27;186;186;186;186;201;6;11;4468464;107;
01.04.2026;GAS_BASE_Q;GAS_BASE_Q-3-26;212,01;216;212;216;231;11;32;15035597;6349;
01.04.2026;GAS_BASE_Q;GAS_BASE_Q-3-27;0;0;0;0;173,04;0;0;0;28;
01.04.2026;GAS_BASE_Q;GAS_BASE_Q-4-26;218,16;223;218,16;223;234,55;21;59;28725085;8431;
01.04.2026;GAS_BASE_Q;GAS_BASE_Q-4-27;186;186;186;186;187,99;2;2;821748;2;
01.04.2026;GAS_BASE_S;GAS_BASE_S-S-27;0;0;0;0;186,94;0;0;0;9;
01.04.2026;GAS_BASE_S;GAS_BASE_S-S-28;0;0;0;0;149,6;0;0;0;0;
01.04.2026;GAS_BASE_S;GAS_BASE_S-W-26;0;0;0;0;234;0;0;0;740;
01.04.2026;GAS_BASE_S;GAS_BASE_S-W-27;0;0;0;0;205,8;0;0;0;30;
01.04.2026;GAS_BASE_W;GAS_BASE_W-15-26;0;0;0;0;247,78;0;0;0;35;
01.04.2026;GAS_BASE_W;GAS_BASE_W-16-26;0;0;0;0;247,78;0;0;0;30;
01.04.2026;GAS_BASE_W;GAS_BASE_W-17-26;0;0;0;0;247,78;0;0;0;0;
01.04.2026;GAS_BASE_W;GAS_BASE_W-18-26;0;0;0;0;234,04;0;0;0;0;
01.04.2026;GAS_BASE_Y;GAS_BASE_Y-27;191;194,5;191;194,5;198,67;5;14;23656380;4253;
01.04.2026;GAS_BASE_Y;GAS_BASE_Y-28;147,25;148,5;147,25;149,25;155,4;13;33;42940584;767;
01.04.2026;GAS_BASE_Y;GAS_BASE_Y-29;129;129;129;129;125;1;1;1130040;79;
01.04.2026;GAS_BASE_Y;GAS_BASE_Y-30;0;0;0;0;140,08;0;0;0;5;
01.04.2026;GAS_RDB;GAS_RDB_01-04-26;232,95;233;230;234,25;0;88;18202;4237174,25;13668;
01.04.2026;GLW_BASE;GLW_BASE_02-04-26;0;0;0;0;0;0;0;0;0;
01.04.2026;GLW_RDB;GLW_RDB_01-04-26;0;0;0;0;0;0;0;0;0;
01.04.2026;KUK_A_WMA-03;KUK_A_WMA-03;0;0;0;0;0;0;0;0;0;
01.04.2026;OFFPEAK;OFFPEAK_02-04-26;0;0;0;0;0;0;0;0;0;
01.04.2026;OFFPEAK;OFFPEAK_03-04-26;0;0;0;0;0;0;0;0;0;
01.04.2026;OFFPEAK_M;OFFPEAK_M-05-26;0;0;0;0;425,89;0;0;0;0;
01.04.2026;OFFPEAK_M;OFFPEAK_M-06-26;0;0;0;0;446,59;0;0;0;0;
01.04.2026;OFFPEAK_M;OFFPEAK_M-07-26;0;0;0;0;446,57;0;0;0;0;
01.04.2026;OFFPEAK_M;OFFPEAK_M-08-26;0;0;0;0;480,9;0;0;0;0;
01.04.2026;OFFPEAK_M;OFFPEAK_M-09-26;0;0;0;0;488,81;0;0;0;0;
01.04.2026;OFFPEAK_M;OFFPEAK_M-10-26;0;0;0;0;390,5;0;0;0;0;
01.04.2026;OFFPEAK_Q;OFFPEAK_Q-1-27;0;0;0;0;452,43;0;0;0;0;
01.04.2026;OFFPEAK_Q;OFFPEAK_Q-2-27;0;0;0;0;370,91;0;0;0;0;
01.04.2026;OFFPEAK_Q;OFFPEAK_Q-3-26;0;0;0;0;472,19;0;0;0;0;
01.04.2026;OFFPEAK_Q;OFFPEAK_Q-3-27;0;0;0;0;398,49;0;0;0;0;
01.04.2026;OFFPEAK_Q;OFFPEAK_Q-4-26;0;0;0;0;422,26;0;0;0;0;
01.04.2026;OFFPEAK_Q;OFFPEAK_Q-4-27;0;0;0;0;393,14;0;0;0;0;
01.04.2026;OFFPEAK_W;OFFPEAK_W-15-26;0;0;0;0;379,54;0;0;0;0;
01.04.2026;OFFPEAK_W;OFFPEAK_W-16-26;0;0;0;0;421,35;0;0;0;0;
01.04.2026;OFFPEAK_W;OFFPEAK_W-17-26;0;0;0;0;421,35;0;0;0;0;
01.04.2026;OFFPEAK_W;OFFPEAK_W-18-26;0;0;0;0;408,33;0;0;0;0;
01.04.2026;OFFPEAK_W;OFFPEAK_W-19-26;0;0;0;0;441,06;0;0;0;0;
01.04.2026;OFFPEAK_Y;OFFPEAK_Y-27;0;0;0;0;403,76;0;0;0;0;
01.04.2026;OFFPEAK_Y;OFFPEAK_Y-28;0;0;0;0;387,52;0;0;0;0;
01.04.2026;OFFPEAK_Y;OFFPEAK_Y-29;0;0;0;0;383,42;0;0;0;0;
01.04.2026;OFFPEAK_Y;OFFPEAK_Y-30;0;0;0;0;341,62;0;0;0;0;
01.04.2026;PEAK;PEAK_02-04-26;0;0;0;0;0;0;0;0;0;
01.04.2026;PEAK;PEAK_03-04-26;0;0;0;0;0;0;0;0;0;
01.04.2026;PEAK5_M;PEAK5_M-05-26;0;0;0;0;445,5;0;0;0;5;
01.04.2026;PEAK5_M;PEAK5_M-06-26;0;0;0;0;458,5;0;0;0;11;
01.04.2026;PEAK5_M;PEAK5_M-07-26;0;0;0;0;490,87;0;0;0;0;
01.04.2026;PEAK5_M;PEAK5_M-08-26;0;0;0;0;502,74;0;0;0;0;
01.04.2026;PEAK5_M;PEAK5_M-09-26;0;0;0;0;521,93;0;0;0;0;
01.04.2026;PEAK5_M;PEAK5_M-10-26;0;0;0;0;574,49;0;0;0;0;
01.04.2026;PEAK5_Q;PEAK5_Q-1-27;0;0;0;0;541,08;0;0;0;0;
01.04.2026;PEAK5_Q;PEAK5_Q-2-27;0;0;0;0;433,02;0;0;0;0;
01.04.2026;PEAK5_Q;PEAK5_Q-3-26;499;500;499;500;505;2;2;989010;125;
01.04.2026;PEAK5_Q;PEAK5_Q-3-27;0;0;0;0;467,21;0;0;0;0;
01.04.2026;PEAK5_Q;PEAK5_Q-4-26;599;599;599;599;605,75;2;3;1725120;156;
01.04.2026;PEAK5_Q;PEAK5_Q-4-27;0;0;0;0;566,57;0;0;0;0;
01.04.2026;PEAK5_W;PEAK5_W-15-26;0;0;0;0;455,03;0;0;0;0;
01.04.2026;PEAK5_W;PEAK5_W-16-26;0;0;0;0;457,53;0;0;0;0;
01.04.2026;PEAK5_W;PEAK5_W-17-26;0;0;0;0;457,53;0;0;0;0;
01.04.2026;PEAK5_W;PEAK5_W-18-26;0;0;0;0;451,34;0;0;0;0;
01.04.2026;PEAK5_W;PEAK5_W-19-26;0;0;0;0;445,5;0;0;0;0;
01.04.2026;PEAK5_Y;PEAK5_Y-27;0;0;0;0;501,25;0;0;0;215;
01.04.2026;PEAK5_Y;PEAK5_Y-28;0;0;0;0;494,8;0;0;0;1;
01.04.2026;PEAK5_Y;PEAK5_Y-29;0;0;0;0;455,59;0;0;0;0;
01.04.2026;PEAK5_Y;PEAK5_Y-30;0;0;0;0;510,82;0;0;0;0;
01.04.2026;PMBG;PMBG;0;0;0;0;0;0;0;0;0;
01.04.2026;PMEF-2025;PMEF-2025;0;0;0;0;0;0;0;0;0;
01.04.2026;PMEF-2026;PMEF-2026;0;0;0;0;0;0;0;0;0;
01.04.2026;PMEF_F;PMEF_F;0;0;0;0;0;0;0;0;96490004;
01.04.2026;PMOZE;PMOZE;0;0;0;0;0;0;0;0;0;
01.04.2026;PMOZE_A;PMOZE_A;0;0;0;0;0;4;52000000;0;10251544394;
01.04.2026;PMOZE-BIO;PMOZE-BIO;0;0;0;0;0;0;0;0;576374481;
01.04.2026;PSZ_B_DLS-01;PSZ_B_DLS-01;0;0;0;0;0;0;0;0;0;
01.04.2026;PSZ_B_KUJ-01;PSZ_B_KUJ-01;0;0;0;0;0;0;0;0;0;
01.04.2026;PSZ_B_KUJ-02;PSZ_B_KUJ-02;0;0;0;0;0;0;0;0;0;
01.04.2026;PSZ_B_LBL-01;PSZ_B_LBL-01;0;0;0;0;0;0;0;0;0;
01.04.2026;PSZ_B_LBL-02;PSZ_B_LBL-02;0;0;0;0;0;0;0;0;0;
01.04.2026;PSZ_B_LBL-03;PSZ_B_LBL-03;0;0;0;0;0;0;0;0;0;
01.04.2026;PSZ_B_LBL-04;PSZ_B_LBL-04;0;0;0;0;0;0;0;0;0;
01.04.2026;PSZ_B_LBL-05;PSZ_B_LBL-05;0;0;0;0;0;0;0;0;0;
01.04.2026;PSZ_B_LBL-06;PSZ_B_LBL-06;0;0;0;0;0;0;0;0;0;
01.04.2026;PSZ_B_LBL-07;PSZ_B_LBL-07;0;0;0;0;0;0;0;0;0;
01.04.2026;PSZ_B_LBU-01;PSZ_B_LBU-01;0;0;0;0;0;0;0;0;0;
01.04.2026;PSZ_B_LBU-02;PSZ_B_LBU-02;0;0;0;0;0;0;0;0;0;
01.04.2026;PSZ_B_MAZ-01;PSZ_B_MAZ-01;0;0;0;0;0;0;0;0;0;
01.04.2026;PSZ_B_MAZ-02;PSZ_B_MAZ-02;0;0;0;0;0;0;0;0;0;
01.04.2026;PSZ_B_MAZ-03;PSZ_B_MAZ-03;0;0;0;0;0;0;0;0;0;
01.04.2026;PSZ_B_OPO-01;PSZ_B_OPO-01;0;0;0;0;0;0;0;0;0;
01.04.2026;PSZ_B_OPO-02;PSZ_B_OPO-02;0;0;0;0;0;0;0;0;0;
01.04.2026;PSZ_B_PDK-01;PSZ_B_PDK-01;0;0;0;0;0;0;0;0;0;
01.04.2026;PSZ_B_PDL-01;PSZ_B_PDL-01;0;0;0;0;0;0;0;0;0;
01.04.2026;PSZ_B_POM-01;PSZ_B_POM-01;0;0;0;0;0;0;0;0;0;
01.04.2026;PSZ_B_POM-02;PSZ_B_POM-02;0;0;0;0;0;0;0;0;0;
01.04.2026;PSZ_B_WLK-01;PSZ_B_WLK-01;0;0;0;0;0;0;0;0;0;
01.04.2026;PSZ_B_WLK-02;PSZ_B_WLK-02;0;0;0;0;0;0;0;0;0;
01.04.2026;PSZ_B_WLK-03;PSZ_B_WLK-03;0;0;0;0;0;0;0;0;0;
01.04.2026;PSZ_B_WLK-04;PSZ_B_WLK-04;0;0;0;0;0;0;0;0;0;
01.04.2026;PSZ_B_WMA-01;PSZ_B_WMA-01;0;0;0;0;0;0;0;0;0;
01.04.2026;PSZ_B_WMA-02;PSZ_B_WMA-02;0;0;0;0;0;0;0;0;0;
01.04.2026;PSZ_B_WMA-03;PSZ_B_WMA-03;0;0;0;0;0;0;0;0;0;
01.04.2026;PSZ_B_WMA-04;PSZ_B_WMA-04;0;0;0;0;0;0;0;0;0;
01.04.2026;PSZ_B_WMA-05;PSZ_B_WMA-05;0;0;0;0;0;0;0;0;0;
01.04.2026;PSZ_B_WMA-06;PSZ_B_WMA-06;0;0;0;0;0;0;0;0;0;
01.04.2026;PSZ_B_ZPO-01;PSZ_B_ZPO-01;0;0;0;0;0;0;0;0;0;
01.04.2026;PSZ_B_ZPO-02;PSZ_B_ZPO-02;0;0;0;0;0;0;0;0;0;
01.04.2026;PSZ_C_DLS-01;PSZ_C_DLS-01;0;0;0;0;0;0;0;0;0;
01.04.2026;PSZ_C_KUJ-01;PSZ_C_KUJ-01;0;0;0;0;0;0;0;0;0;
01.04.2026;PSZ_C_KUJ-02;PSZ_C_KUJ-02;0;0;0;0;0;0;0;0;0;
01.04.2026;PSZ_C_LBL-01;PSZ_C_LBL-01;0;0;0;0;0;0;0;0;0;
01.04.2026;PSZ_C_LBL-02;PSZ_C_LBL-02;0;0;0;0;0;0;0;0;0;
01.04.2026;PSZ_C_LBL-03;PSZ_C_LBL-03;0;0;0;0;0;0;0;0;0;
01.04.2026;PSZ_C_LBL-04;PSZ_C_LBL-04;0;0;0;0;0;0;0;0;0;
01.04.2026;PSZ_C_LBL-05;PSZ_C_LBL-05;0;0;0;0;0;0;0;0;0;
01.04.2026;PSZ_C_LBL-06;PSZ_C_LBL-06;0;0;0;0;0;0;0;0;0;
01.04.2026;PSZ_C_LBL-07;PSZ_C_LBL-07;0;0;0;0;0;0;0;0;0;
01.04.2026;PSZ_C_LBU-01;PSZ_C_LBU-01;0;0;0;0;0;0;0;0;0;
01.04.2026;PSZ_C_LBU-02;PSZ_C_LBU-02;0;0;0;0;0;0;0;0;0;
01.04.2026;PSZ_C_MAZ-01;PSZ_C_MAZ-01;0;0;0;0;0;0;0;0;0;
01.04.2026;PSZ_C_MAZ-02;PSZ_C_MAZ-02;0;0;0;0;0;0;0;0;0;
01.04.2026;PSZ_C_MAZ-03;PSZ_C_MAZ-03;0;0;0;0;0;0;0;0;0;
01.04.2026;PSZ_C_OPO-01;PSZ_C_OPO-01;0;0;0;0;0;0;0;0;0;
01.04.2026;PSZ_C_OPO-02;PSZ_C_OPO-02;0;0;0;0;0;0;0;0;0;
01.04.2026;PSZ_C_PDK-01;PSZ_C_PDK-01;0;0;0;0;0;0;0;0;0;
01.04.2026;PSZ_C_PDL-01;PSZ_C_PDL-01;0;0;0;0;0;0;0;0;0;
01.04.2026;PSZ_C_POM-01;PSZ_C_POM-01;0;0;0;0;0;0;0;0;0;
01.04.2026;PSZ_C_POM-02;PSZ_C_POM-02;0;0;0;0;0;0;0;0;0;
01.04.2026;PSZ_C_WLK-01;PSZ_C_WLK-01;0;0;0;0;0;0;0;0;0;
01.04.2026;PSZ_C_WLK-02;PSZ_C_WLK-02;0;0;0;0;0;0;0;0;0;
01.04.2026;PSZ_C_WLK-03;PSZ_C_WLK-03;0;0;0;0;0;0;0;0;0;
01.04.2026;PSZ_C_WLK-04;PSZ_C_WLK-04;0;0;0;0;0;0;0;0;0;
01.04.2026;PSZ_C_WMA-01;PSZ_C_WMA-01;0;0;0;0;0;0;0;0;0;
01.04.2026;PSZ_C_WMA-02;PSZ_C_WMA-02;0;0;0;0;0;0;0;0;0;
01.04.2026;PSZ_C_WMA-03;PSZ_C_WMA-03;0;0;0;0;0;0;0;0;0;
01.04.2026;PSZ_C_WMA-04;PSZ_C_WMA-04;0;0;0;0;0;0;0;0;0;
01.04.2026;PSZ_C_WMA-05;PSZ_C_WMA-05;0;0;0;0;0;0;0;0;0;
01.04.2026;PSZ_C_WMA-06;PSZ_C_WMA-06;0;0;0;0;0;0;0;0;0;
01.04.2026;PSZ_C_ZPO-01;PSZ_C_ZPO-01;0;0;0;0;0;0;0;0;0;
01.04.2026;PSZ_C_ZPO-02;PSZ_C_ZPO-02;0;0;0;0;0;0;0;0;0;
01.04.2026;RDN-1;RDN_02-04-26_H01;528,04;530;528;530;0;152;3246,1;1714089,644;2570,2;
01.04.2026;RDN-1;RDN_02-04-26_H02;500;500;500;500;0;153;3668,1;1834050;3132,1;
01.04.2026;RDN-1;RDN_02-04-26_H03;485,3;488;485,3;488;0;151;3597,3;1745810,19;3063,8;
01.04.2026;RDN-1;RDN_02-04-26_H04;478,14;483;478,14;483;0;148;3451,1;1650181,854;2940,3;
01.04.2026;RDN-1;RDN_02-04-26_H05;487,98;488;478,14;488;0;146;3622;1767316,26;3139;
01.04.2026;RDN-1;RDN_02-04-26_H06;525;525;525;525;0;155;4003,4;2101785;3533,9;
01.04.2026;RDN-1;RDN_02-04-26_H07;634,47;634,47;634,47;634,47;0;150;4295,4;2725302,438;3747,1;
01.04.2026;RDN-1;RDN_02-04-26_H08;701,8;701,8;701,8;701,8;0;153;4187,9;2939068,22;3792,4;
01.04.2026;RDN-1;RDN_02-04-26_H09;591,86;591,86;591,86;591,86;0;178;4842,9;2866318,794;3990,5;
01.04.2026;RDN-1;RDN_02-04-26_H10;459,19;459,19;459,19;459,19;0;152;4357,2;2000782,668;3857,8;
01.04.2026;RDN-1;RDN_02-04-26_H11;350;377;350;377;0;141;3850,3;1347875;3323,8;
01.04.2026;RDN-1;RDN_02-04-26_H12;210,77;210,77;210,77;210,77;0;166;4182;881440,14;3556,2;
01.04.2026;RDN-1;RDN_02-04-26_H13;167,08;180;167,08;180;0;156;4403,1;735845,66;3808,8;
01.04.2026;RDN-1;RDN_02-04-26_H14;75;80;75;80;0;169;4421,1;331653,5;3829,8;
01.04.2026;RDN-1;RDN_02-04-26_H15;151;180;151;180;0;159;3907,1;590697,1;3303,1;
01.04.2026;RDN-1;RDN_02-04-26_H16;278,42;300;278,42;300;0;152;3903;1087363,82;3229,3;
01.04.2026;RDN-1;RDN_02-04-26_H17;411,74;411,74;411,74;411,74;0;152;3634,8;1496592,552;2779,5;
01.04.2026;RDN-1;RDN_02-04-26_H18;490;490;490;490;0;143;3586,6;1757434;2946,8;
01.04.2026;RDN-1;RDN_02-04-26_H19;600;588;588;600;0;153;4443,5;2665500;3740,7;
01.04.2026;RDN-1;RDN_02-04-26_H20;741,99;741,99;741,99;741,99;0;145;4873,8;3616310,862;4367,6;
01.04.2026;RDN-1;RDN_02-04-26_H21;720;720;720;720;0;143;5180,4;3729888;4603,9;
01.04.2026;RDN-1;RDN_02-04-26_H22;620;620;620;620;0;143;4462,9;2766998;3987;
01.04.2026;RDN-1;RDN_02-04-26_H23;555,27;555,27;555,27;555,27;0;150;4660;2587558,2;4137,3;
01.04.2026;RDN-1;RDN_02-04-26_H24;501,4;501,4;501,4;501,4;0;148;4018,2;2014725,48;3359;
01.04.2026;RZP_A_LBL-01;RZP_A_LBL-01;0;0;0;0;0;0;0;0;0;
01.04.2026;SGT_BASE;SGT_BASE_02-04-26;0;0;0;0;0;0;0;0;0;
01.04.2026;SGT_RDB;SGT_RDB_01-04-26;0;0;0;0;0;0;0;0;0;
01.04.2026;ZTO_B_KUJ-02;ZTO_B_KUJ-02;0;0;0;0;0;0;0;0;0;
01.04.2026;ZTO_B_LBL-01;ZTO_B_LBL-01;0;0;0;0;0;0;0;0;0;
01.04.2026;ZTO_B_LBU-01;ZTO_B_LBU-01;0;0;0;0;0;0;0;0;0;
01.04.2026;ZTO_B_MAZ-01;ZTO_B_MAZ-01;0;0;0;0;0;0;0;0;0;
01.04.2026;ZTO_B_PDL-01;ZTO_B_PDL-01;0;0;0;0;0;0;0;0;0;
01.04.2026;ZTO_B_WLK-01;ZTO_B_WLK-01;0;0;0;0;0;0;0;0;0;
01.04.2026;ZTO_B_WLK-02;ZTO_B_WLK-02;0;0;0;0;0;0;0;0;0;
01.04.2026;ZTO_B_WMA-01;ZTO_B_WMA-01;0;0;0;0;0;0;0;0;0;
01.04.2026;ZTO_B_WMA-02;ZTO_B_WMA-02;0;0;0;0;0;0;0;0;0;
01.04.2026;ZTO_B_WMA-03;ZTO_B_WMA-03;0;0;0;0;0;0;0;0;0;
01.04.2026;ZTO_C_KUJ-02;ZTO_C_KUJ-02;0;0;0;0;0;0;0;0;0;
01.04.2026;ZTO_C_LBL-01;ZTO_C_LBL-01;0;0;0;0;0;0;0;0;0;
01.04.2026;ZTO_C_LBU-01;ZTO_C_LBU-01;0;0;0;0;0;0;0;0;0;
01.04.2026;ZTO_C_MAZ-01;ZTO_C_MAZ-01;0;0;0;0;0;0;0;0;0;
01.04.2026;ZTO_C_PDL-01;ZTO_C_PDL-01;0;0;0;0;0;0;0;0;0;
01.04.2026;ZTO_C_WLK-01;ZTO_C_WLK-01;0;0;0;0;0;0;0;0;0;
01.04.2026;ZTO_C_WLK-02;ZTO_C_WLK-02;0;0;0;0;0;0;0;0;0;
01.04.2026;ZTO_C_WMA-01;ZTO_C_WMA-01;0;0;0;0;0;0;0;0;0;
01.04.2026;ZTO_C_WMA-02;ZTO_C_WMA-02;0;0;0;0;0;0;0;0;0;
01.04.2026;ZTO_C_WMA-03;ZTO_C_WMA-03;0;0;0;0;0;0;0;0;0;
