deliveryDatetimePL,deliveryDatetimeUTC,fixing1,fixing2
2025-09-09 02:00:00+00:00,2025-09-09 00:00:00+00:00,440.0,446.52
2025-09-09 06:00:00+00:00,2025-09-09 04:00:00+00:00,675.51,781.65
2025-09-09 08:00:00+00:00,2025-09-09 06:00:00+00:00,675.91,820.36
2025-09-09 03:00:00+00:00,2025-09-09 01:00:00+00:00,434.09,437.77
2025-09-09 07:00:00+00:00,2025-09-09 05:00:00+00:00,800.0,1099.02
2025-09-09 19:00:00+00:00,2025-09-09 17:00:00+00:00,1500.0,1668.88
2025-09-09 21:00:00+00:00,2025-09-09 19:00:00+00:00,609.04,433.5
2025-09-09 17:00:00+00:00,2025-09-09 15:00:00+00:00,600.0,490.09
2025-09-09 04:00:00+00:00,2025-09-09 02:00:00+00:00,444.0,435.91
2025-09-09 16:00:00+00:00,2025-09-09 14:00:00+00:00,460.0,450.04
2025-09-09 23:00:00+00:00,2025-09-09 21:00:00+00:00,448.0,445.78
2025-09-09 20:00:00+00:00,2025-09-09 18:00:00+00:00,1071.0,943.97
2025-09-09 18:00:00+00:00,2025-09-09 16:00:00+00:00,904.5,877.96
2025-09-09 05:00:00+00:00,2025-09-09 03:00:00+00:00,489.0,471.1
2025-09-09 00:00:00+00:00,2025-09-08 22:00:00+00:00,470.88,449.62
2025-09-09 12:00:00+00:00,2025-09-09 10:00:00+00:00,337.99,359.85
2025-09-09 01:00:00+00:00,2025-09-08 23:00:00+00:00,445.5,460.64
2025-09-09 15:00:00+00:00,2025-09-09 13:00:00+00:00,400.02,403.52
2025-09-09 09:00:00+00:00,2025-09-09 07:00:00+00:00,520.0,533.07
2025-09-09 22:00:00+00:00,2025-09-09 20:00:00+00:00,480.0,474.34
2025-09-09 11:00:00+00:00,2025-09-09 09:00:00+00:00,366.5,407.68
2025-09-09 14:00:00+00:00,2025-09-09 12:00:00+00:00,355.99,371.99
2025-09-09 10:00:00+00:00,2025-09-09 08:00:00+00:00,430.43,435.89
2025-09-09 13:00:00+00:00,2025-09-09 11:00:00+00:00,337.4,358.02
2025-08-02 03:00:00+00:00,2025-08-02 01:00:00+00:00,424.0,425.47
2025-08-02 07:00:00+00:00,2025-08-02 05:00:00+00:00,415.9,400.44
2025-08-02 05:00:00+00:00,2025-08-02 03:00:00+00:00,410.0,390.89
2025-08-02 10:00:00+00:00,2025-08-02 08:00:00+00:00,209.46,135.55
2025-08-02 02:00:00+00:00,2025-08-02 00:00:00+00:00,422.94,420.78
2025-08-02 04:00:00+00:00,2025-08-02 02:00:00+00:00,420.82,425.47
2025-08-02 20:00:00+00:00,2025-08-02 18:00:00+00:00,639.3,617.46
2025-08-02 19:00:00+00:00,2025-08-02 17:00:00+00:00,554.92,539.71
2025-08-02 23:00:00+00:00,2025-08-02 21:00:00+00:00,438.99,410.2
2025-08-02 11:00:00+00:00,2025-08-02 09:00:00+00:00,129.99,24.36
2025-08-02 06:00:00+00:00,2025-08-02 04:00:00+00:00,422.0,384.85
2025-08-02 18:00:00+00:00,2025-08-02 16:00:00+00:00,490.0,475.52
2025-08-02 09:00:00+00:00,2025-08-02 07:00:00+00:00,315.77,264.77
2025-08-02 01:00:00+00:00,2025-08-01 23:00:00+00:00,437.0,436.32
2025-08-02 14:00:00+00:00,2025-08-02 12:00:00+00:00,130.0,5.04
2025-08-02 00:00:00+00:00,2025-08-01 22:00:00+00:00,450.16,457.79
2025-08-02 08:00:00+00:00,2025-08-02 06:00:00+00:00,404.0,450.59
2025-08-02 17:00:00+00:00,2025-08-02 15:00:00+00:00,477.29,496.33
2025-08-02 22:00:00+00:00,2025-08-02 20:00:00+00:00,487.04,467.58
2025-08-02 21:00:00+00:00,2025-08-02 19:00:00+00:00,569.99,514.3
2025-08-02 13:00:00+00:00,2025-08-02 11:00:00+00:00,50.0,0.0
2025-08-02 12:00:00+00:00,2025-08-02 10:00:00+00:00,45.0,12.65
2025-08-02 15:00:00+00:00,2025-08-02 13:00:00+00:00,297.99,348.37
2025-08-02 16:00:00+00:00,2025-08-02 14:00:00+00:00,384.3,434.78
2025-10-17 22:00:00+00:00,2025-10-17 20:00:00+00:00,450.0,430.0775
2025-10-17 21:00:00+00:00,2025-10-17 19:00:00+00:00,453.99,471.5675
2025-10-17 23:00:00+00:00,2025-10-17 21:00:00+00:00,429.0,450.50000000000006
2025-10-17 20:00:00+00:00,2025-10-17 18:00:00+00:00,532.4,568.1325
2025-10-17 19:00:00+00:00,2025-10-17 17:00:00+00:00,660.0,686.09
2025-10-17 07:00:00+00:00,2025-10-17 05:00:00+00:00,649.0,650.1625
2025-10-17 00:00:00+00:00,2025-10-16 22:00:00+00:00,444.0,450.52
2025-10-17 01:00:00+00:00,2025-10-16 23:00:00+00:00,450.0,452.5575
2025-10-17 05:00:00+00:00,2025-10-17 03:00:00+00:00,424.08,449.3775
2025-10-17 04:00:00+00:00,2025-10-17 02:00:00+00:00,438.45,496.03
2025-10-17 10:00:00+00:00,2025-10-17 08:00:00+00:00,482.0,502.97749999999996
2025-10-17 11:00:00+00:00,2025-10-17 09:00:00+00:00,440.0,450.5025
2025-10-17 06:00:00+00:00,2025-10-17 04:00:00+00:00,503.0,507.925
2025-10-17 08:00:00+00:00,2025-10-17 06:00:00+00:00,660.3,642.685
2025-10-17 02:00:00+00:00,2025-10-17 00:00:00+00:00,448.0,451.0525
2025-10-17 09:00:00+00:00,2025-10-17 07:00:00+00:00,574.3,549.365
2025-10-17 03:00:00+00:00,2025-10-17 01:00:00+00:00,444.0,450.53499999999997
2025-10-17 13:00:00+00:00,2025-10-17 11:00:00+00:00,420.0,459.27
2025-10-17 16:00:00+00:00,2025-10-17 14:00:00+00:00,480.0,625.7025
2025-10-17 14:00:00+00:00,2025-10-17 12:00:00+00:00,424.84,450.61749999999995
2025-10-17 15:00:00+00:00,2025-10-17 13:00:00+00:00,442.04,479.9625
2025-10-17 12:00:00+00:00,2025-10-17 10:00:00+00:00,424.84,467.735
2025-10-17 17:00:00+00:00,2025-10-17 15:00:00+00:00,569.0,668.675
2025-10-17 18:00:00+00:00,2025-10-17 16:00:00+00:00,647.0,700.785
2025-08-28 01:00:00+00:00,2025-08-27 23:00:00+00:00,414.1,392.87
2025-08-28 15:00:00+00:00,2025-08-28 13:00:00+00:00,411.75,288.46
2025-08-28 09:00:00+00:00,2025-08-28 07:00:00+00:00,467.85,344.37
2025-08-28 03:00:00+00:00,2025-08-28 01:00:00+00:00,406.2,384.93
2025-08-28 11:00:00+00:00,2025-08-28 09:00:00+00:00,382.32,235.49
2025-08-28 10:00:00+00:00,2025-08-28 08:00:00+00:00,423.7,273.07
2025-08-28 13:00:00+00:00,2025-08-28 11:00:00+00:00,350.0,205.22
2025-08-28 12:00:00+00:00,2025-08-28 10:00:00+00:00,352.4,220.99
2025-08-28 05:00:00+00:00,2025-08-28 03:00:00+00:00,432.0,420.69
2025-08-28 19:00:00+00:00,2025-08-28 17:00:00+00:00,867.0,821.16
2025-08-28 00:00:00+00:00,2025-08-27 22:00:00+00:00,434.0,414.89
2025-08-28 20:00:00+00:00,2025-08-28 18:00:00+00:00,821.12,647.26
2025-08-28 04:00:00+00:00,2025-08-28 02:00:00+00:00,410.3,388.83
2025-08-28 22:00:00+00:00,2025-08-28 20:00:00+00:00,471.04,456.84
2025-08-28 21:00:00+00:00,2025-08-28 19:00:00+00:00,534.0,527.21
2025-08-28 07:00:00+00:00,2025-08-28 05:00:00+00:00,557.04,585.48
2025-08-28 06:00:00+00:00,2025-08-28 04:00:00+00:00,506.3,517.49
2025-08-28 18:00:00+00:00,2025-08-28 16:00:00+00:00,660.0,670.48
2025-08-28 02:00:00+00:00,2025-08-28 00:00:00+00:00,404.0,386.38
2025-08-28 08:00:00+00:00,2025-08-28 06:00:00+00:00,545.0,533.89
2025-08-28 16:00:00+00:00,2025-08-28 14:00:00+00:00,464.93,389.88
2025-08-28 14:00:00+00:00,2025-08-28 12:00:00+00:00,362.83,232.28
2025-08-28 23:00:00+00:00,2025-08-28 21:00:00+00:00,432.6,392.44
2025-08-28 17:00:00+00:00,2025-08-28 15:00:00+00:00,530.0,543.05
2025-08-06 00:00:00+00:00,2025-08-05 22:00:00+00:00,430.0,489.83
2025-08-06 06:00:00+00:00,2025-08-06 04:00:00+00:00,442.5,494.49
2025-08-06 07:00:00+00:00,2025-08-06 05:00:00+00:00,430.0,486.53
2025-08-06 02:00:00+00:00,2025-08-06 00:00:00+00:00,386.9,426.31
2025-08-06 01:00:00+00:00,2025-08-05 23:00:00+00:00,404.46,467.59
2025-08-06 04:00:00+00:00,2025-08-06 02:00:00+00:00,365.29,406.44
2025-08-06 20:00:00+00:00,2025-08-06 18:00:00+00:00,733.1,753.01
2025-08-06 15:00:00+00:00,2025-08-06 13:00:00+00:00,0.01,42.06
2025-08-06 11:00:00+00:00,2025-08-06 09:00:00+00:00,-2.71,-2.96
2025-08-06 12:00:00+00:00,2025-08-06 10:00:00+00:00,-2.99,-10.49
2025-08-06 13:00:00+00:00,2025-08-06 11:00:00+00:00,-4.9,-18.73
2025-08-06 10:00:00+00:00,2025-08-06 08:00:00+00:00,0.01,-0.03
2025-08-06 14:00:00+00:00,2025-08-06 12:00:00+00:00,-2.71,-8.3
2025-08-06 19:00:00+00:00,2025-08-06 17:00:00+00:00,553.36,523.99
2025-08-06 22:00:00+00:00,2025-08-06 20:00:00+00:00,503.2,470.97
2025-08-06 05:00:00+00:00,2025-08-06 03:00:00+00:00,391.4,419.92
2025-08-06 23:00:00+00:00,2025-08-06 21:00:00+00:00,458.0,435.48
2025-08-06 21:00:00+00:00,2025-08-06 19:00:00+00:00,679.97,675.52
2025-08-06 16:00:00+00:00,2025-08-06 14:00:00+00:00,157.0,96.46
2025-08-06 03:00:00+00:00,2025-08-06 01:00:00+00:00,379.84,407.55
2025-08-06 08:00:00+00:00,2025-08-06 06:00:00+00:00,349.0,359.11
2025-08-06 09:00:00+00:00,2025-08-06 07:00:00+00:00,120.11,118.82
2025-08-06 17:00:00+00:00,2025-08-06 15:00:00+00:00,368.68,364.24
2025-08-06 18:00:00+00:00,2025-08-06 16:00:00+00:00,500.0,490.61
2025-09-12 08:00:00+00:00,2025-09-12 06:00:00+00:00,476.9,479.32
2025-09-12 07:00:00+00:00,2025-09-12 05:00:00+00:00,586.0,736.35
2025-09-12 03:00:00+00:00,2025-09-12 01:00:00+00:00,411.3,422.73
2025-09-12 00:00:00+00:00,2025-09-11 22:00:00+00:00,431.8,442.48
2025-09-12 23:00:00+00:00,2025-09-12 21:00:00+00:00,442.0,448.46
2025-09-12 06:00:00+00:00,2025-09-12 04:00:00+00:00,597.8,709.4
2025-09-12 02:00:00+00:00,2025-09-12 00:00:00+00:00,417.7,431.37
2025-09-12 04:00:00+00:00,2025-09-12 02:00:00+00:00,415.0,425.46
2025-09-12 01:00:00+00:00,2025-09-11 23:00:00+00:00,427.2,442.48
2025-09-12 22:00:00+00:00,2025-09-12 20:00:00+00:00,479.0,488.07
2025-09-12 19:00:00+00:00,2025-09-12 17:00:00+00:00,1119.99,1281.31
2025-09-12 21:00:00+00:00,2025-09-12 19:00:00+00:00,539.04,572.91
2025-09-12 18:00:00+00:00,2025-09-12 16:00:00+00:00,715.0,832.45
2025-09-12 17:00:00+00:00,2025-09-12 15:00:00+00:00,557.7,706.38
2025-09-12 13:00:00+00:00,2025-09-12 11:00:00+00:00,31.0,38.78
2025-09-12 10:00:00+00:00,2025-09-12 08:00:00+00:00,249.99,170.15
2025-09-12 11:00:00+00:00,2025-09-12 09:00:00+00:00,33.99,17.05
2025-09-12 05:00:00+00:00,2025-09-12 03:00:00+00:00,449.7,442.48
2025-09-12 14:00:00+00:00,2025-09-12 12:00:00+00:00,242.33,159.71
2025-09-12 12:00:00+00:00,2025-09-12 10:00:00+00:00,10.0,0.7
2025-09-12 09:00:00+00:00,2025-09-12 07:00:00+00:00,409.5,350.26
2025-09-12 20:00:00+00:00,2025-09-12 18:00:00+00:00,832.19,831.26
2025-09-12 15:00:00+00:00,2025-09-12 13:00:00+00:00,415.98,390.23
2025-09-12 16:00:00+00:00,2025-09-12 14:00:00+00:00,489.0,500.64
2025-11-03 16:00:00+00:00,2025-11-03 15:00:00+00:00,650.0,737.1999999999999
2025-11-03 09:00:00+00:00,2025-11-03 08:00:00+00:00,488.84,577.465
2025-11-03 06:00:00+00:00,2025-11-03 05:00:00+00:00,545.0,675.625
2025-11-03 05:00:00+00:00,2025-11-03 04:00:00+00:00,440.0,505.745
2025-11-03 17:00:00+00:00,2025-11-03 16:00:00+00:00,677.0,756.96
2025-11-03 20:00:00+00:00,2025-11-03 19:00:00+00:00,529.0,572.4375
2025-11-03 21:00:00+00:00,2025-11-03 20:00:00+00:00,430.56,457.65999999999997
2025-11-03 07:00:00+00:00,2025-11-03 06:00:00+00:00,549.0,678.4975000000001
2025-11-03 04:00:00+00:00,2025-11-03 03:00:00+00:00,421.99,435.45250000000004
2025-11-03 08:00:00+00:00,2025-11-03 07:00:00+00:00,537.0,714.45
2025-11-03 03:00:00+00:00,2025-11-03 02:00:00+00:00,425.99,426.98
2025-11-03 19:00:00+00:00,2025-11-03 18:00:00+00:00,551.01,623.9399999999999
2025-11-03 01:00:00+00:00,2025-11-03 00:00:00+00:00,428.16,429.51250000000005
2025-11-03 02:00:00+00:00,2025-11-03 01:00:00+00:00,428.16,435.0725
2025-11-03 18:00:00+00:00,2025-11-03 17:00:00+00:00,581.0,612.0025
2025-11-03 15:00:00+00:00,2025-11-03 14:00:00+00:00,551.0,643.115
2025-11-03 14:00:00+00:00,2025-11-03 13:00:00+00:00,480.4,551.23
2025-11-03 12:00:00+00:00,2025-11-03 11:00:00+00:00,437.99,510.77750000000003
2025-11-03 13:00:00+00:00,2025-11-03 12:00:00+00:00,432.04,506.93499999999995
2025-11-03 00:00:00+00:00,2025-11-02 23:00:00+00:00,412.82,412.8075
2025-11-03 10:00:00+00:00,2025-11-03 09:00:00+00:00,470.0,514.4
2025-11-03 11:00:00+00:00,2025-11-03 10:00:00+00:00,450.0,491.98
2025-11-03 23:00:00+00:00,2025-11-03 22:00:00+00:00,375.0,355.1675
2025-11-03 22:00:00+00:00,2025-11-03 21:00:00+00:00,400.0,424.2475
2025-10-02 09:00:00+00:00,2025-10-02 07:00:00+00:00,421.0,425.2825
2025-10-02 05:00:00+00:00,2025-10-02 03:00:00+00:00,440.0,412.62
2025-10-02 03:00:00+00:00,2025-10-02 01:00:00+00:00,400.59,397.22
2025-10-02 00:00:00+00:00,2025-10-01 22:00:00+00:00,418.38,389.89
2025-10-02 02:00:00+00:00,2025-10-02 00:00:00+00:00,400.59,399.4375
2025-10-02 01:00:00+00:00,2025-10-01 23:00:00+00:00,407.3,398.59749999999997
2025-10-02 06:00:00+00:00,2025-10-02 04:00:00+00:00,590.0,560.6274999999999
2025-10-02 23:00:00+00:00,2025-10-02 21:00:00+00:00,429.0,402.44
2025-10-02 22:00:00+00:00,2025-10-02 20:00:00+00:00,474.8,442.96500000000003
2025-10-02 08:00:00+00:00,2025-10-02 06:00:00+00:00,595.8,542.26
2025-10-02 04:00:00+00:00,2025-10-02 02:00:00+00:00,410.0,396.7775
2025-10-02 21:00:00+00:00,2025-10-02 19:00:00+00:00,494.4,489.46000000000004
2025-10-02 20:00:00+00:00,2025-10-02 18:00:00+00:00,693.3,642.4024999999999
2025-10-02 14:00:00+00:00,2025-10-02 12:00:00+00:00,371.52,393.2075
2025-10-02 10:00:00+00:00,2025-10-02 08:00:00+00:00,360.76,385.9225
2025-10-02 07:00:00+00:00,2025-10-02 05:00:00+00:00,752.99,777.3675000000001
2025-10-02 11:00:00+00:00,2025-10-02 09:00:00+00:00,300.9,339.4575
2025-10-02 16:00:00+00:00,2025-10-02 14:00:00+00:00,451.1,415.8775
2025-10-02 17:00:00+00:00,2025-10-02 15:00:00+00:00,650.0,642.4975000000001
2025-10-02 15:00:00+00:00,2025-10-02 13:00:00+00:00,420.08,413.64
2025-10-02 18:00:00+00:00,2025-10-02 16:00:00+00:00,999.99,804.225
2025-10-02 19:00:00+00:00,2025-10-02 17:00:00+00:00,1319.18,901.3725000000001
2025-10-02 12:00:00+00:00,2025-10-02 10:00:00+00:00,260.0,298.04
2025-10-02 13:00:00+00:00,2025-10-02 11:00:00+00:00,311.0,355.23249999999996
2025-09-05 19:00:00+00:00,2025-09-05 17:00:00+00:00,960.0,730.28
2025-09-05 09:00:00+00:00,2025-09-05 07:00:00+00:00,434.0,430.38
2025-09-05 06:00:00+00:00,2025-09-05 04:00:00+00:00,530.0,505.78
2025-09-05 00:00:00+00:00,2025-09-04 22:00:00+00:00,437.0,414.93
2025-09-05 01:00:00+00:00,2025-09-04 23:00:00+00:00,425.94,393.71
2025-09-05 20:00:00+00:00,2025-09-05 18:00:00+00:00,865.0,663.64
2025-09-05 11:00:00+00:00,2025-09-05 09:00:00+00:00,327.99,367.57
2025-09-05 08:00:00+00:00,2025-09-05 06:00:00+00:00,480.0,533.47
2025-09-05 07:00:00+00:00,2025-09-05 05:00:00+00:00,539.0,560.62
2025-09-05 10:00:00+00:00,2025-09-05 08:00:00+00:00,368.05,380.48
2025-09-05 17:00:00+00:00,2025-09-05 15:00:00+00:00,547.0,673.21
2025-09-05 14:00:00+00:00,2025-09-05 12:00:00+00:00,350.0,426.16
2025-09-05 12:00:00+00:00,2025-09-05 10:00:00+00:00,295.0,341.02
2025-09-05 03:00:00+00:00,2025-09-05 01:00:00+00:00,400.0,396.24
2025-09-05 04:00:00+00:00,2025-09-05 02:00:00+00:00,412.0,432.47
2025-09-05 05:00:00+00:00,2025-09-05 03:00:00+00:00,433.51,434.47
2025-09-05 16:00:00+00:00,2025-09-05 14:00:00+00:00,404.93,436.48
2025-09-05 15:00:00+00:00,2025-09-05 13:00:00+00:00,425.0,444.24
2025-09-05 02:00:00+00:00,2025-09-05 00:00:00+00:00,403.3,383.74
2025-09-05 13:00:00+00:00,2025-09-05 11:00:00+00:00,291.8,314.21
2025-09-05 22:00:00+00:00,2025-09-05 20:00:00+00:00,470.0,488.17
2025-09-05 21:00:00+00:00,2025-09-05 19:00:00+00:00,559.0,516.94
2025-09-05 23:00:00+00:00,2025-09-05 21:00:00+00:00,438.0,437.25
2025-09-05 18:00:00+00:00,2025-09-05 16:00:00+00:00,720.0,725.63
2025-08-09 09:00:00+00:00,2025-08-09 07:00:00+00:00,182.46,100.11
2025-08-09 10:00:00+00:00,2025-08-09 08:00:00+00:00,0.01,-0.08
2025-08-09 11:00:00+00:00,2025-08-09 09:00:00+00:00,-1.42,-4.26
2025-08-09 13:00:00+00:00,2025-08-09 11:00:00+00:00,-2.72,-68.05
2025-08-09 14:00:00+00:00,2025-08-09 12:00:00+00:00,-1.42,-65.46
2025-08-09 12:00:00+00:00,2025-08-09 10:00:00+00:00,-10.0,-35.69
2025-08-09 07:00:00+00:00,2025-08-09 05:00:00+00:00,410.0,404.45
2025-08-09 19:00:00+00:00,2025-08-09 17:00:00+00:00,617.1,585.1
2025-08-09 08:00:00+00:00,2025-08-09 06:00:00+00:00,384.08,401.44
2025-08-09 17:00:00+00:00,2025-08-09 15:00:00+00:00,438.5,464.02
2025-08-09 22:00:00+00:00,2025-08-09 20:00:00+00:00,479.0,475.53
2025-08-09 21:00:00+00:00,2025-08-09 19:00:00+00:00,579.7,532.48
2025-08-09 15:00:00+00:00,2025-08-09 13:00:00+00:00,59.58,-14.84
2025-08-09 16:00:00+00:00,2025-08-09 14:00:00+00:00,305.0,312.34
2025-08-09 20:00:00+00:00,2025-08-09 18:00:00+00:00,687.0,623.78
2025-08-09 23:00:00+00:00,2025-08-09 21:00:00+00:00,426.15,432.37
2025-08-09 05:00:00+00:00,2025-08-09 03:00:00+00:00,432.0,428.5
2025-08-09 00:00:00+00:00,2025-08-08 22:00:00+00:00,474.93,441.03
2025-08-09 06:00:00+00:00,2025-08-09 04:00:00+00:00,436.0,425.11
2025-08-09 03:00:00+00:00,2025-08-09 01:00:00+00:00,436.0,430.48
2025-08-09 01:00:00+00:00,2025-08-08 23:00:00+00:00,449.62,441.05
2025-08-09 04:00:00+00:00,2025-08-09 02:00:00+00:00,429.0,428.52
2025-08-09 18:00:00+00:00,2025-08-09 16:00:00+00:00,515.11,461.19
2025-08-09 02:00:00+00:00,2025-08-09 00:00:00+00:00,435.1,438.3
2025-08-25 05:00:00+00:00,2025-08-25 03:00:00+00:00,391.99,434.05
2025-08-25 08:00:00+00:00,2025-08-25 06:00:00+00:00,438.57,464.25
2025-08-25 07:00:00+00:00,2025-08-25 05:00:00+00:00,478.1,526.99
2025-08-25 10:00:00+00:00,2025-08-25 08:00:00+00:00,244.42,296.32
2025-08-25 13:00:00+00:00,2025-08-25 11:00:00+00:00,10.0,25.26
2025-08-25 01:00:00+00:00,2025-08-24 23:00:00+00:00,363.99,370.48
2025-08-25 00:00:00+00:00,2025-08-24 22:00:00+00:00,385.99,405.61
2025-08-25 14:00:00+00:00,2025-08-25 12:00:00+00:00,20.0,28.85
2025-08-25 11:00:00+00:00,2025-08-25 09:00:00+00:00,131.0,149.09
2025-08-25 20:00:00+00:00,2025-08-25 18:00:00+00:00,792.3,975.42
2025-08-25 19:00:00+00:00,2025-08-25 17:00:00+00:00,636.93,670.91
2025-08-25 12:00:00+00:00,2025-08-25 10:00:00+00:00,27.0,42.57
2025-08-25 18:00:00+00:00,2025-08-25 16:00:00+00:00,451.29,475.83
2025-08-25 17:00:00+00:00,2025-08-25 15:00:00+00:00,375.9,373.37
2025-08-25 15:00:00+00:00,2025-08-25 13:00:00+00:00,159.99,120.6
2025-08-25 06:00:00+00:00,2025-08-25 04:00:00+00:00,471.04,487.7
2025-08-25 02:00:00+00:00,2025-08-25 00:00:00+00:00,356.96,355.81
2025-08-25 04:00:00+00:00,2025-08-25 02:00:00+00:00,363.52,352.47
2025-08-25 16:00:00+00:00,2025-08-25 14:00:00+00:00,301.0,301.17
2025-08-25 03:00:00+00:00,2025-08-25 01:00:00+00:00,354.16,349.09
2025-08-25 23:00:00+00:00,2025-08-25 21:00:00+00:00,447.05,447.62
2025-08-25 09:00:00+00:00,2025-08-25 07:00:00+00:00,363.77,391.51
2025-08-25 21:00:00+00:00,2025-08-25 19:00:00+00:00,610.17,585.8
2025-08-25 22:00:00+00:00,2025-08-25 20:00:00+00:00,493.27,489.72
2025-10-29 18:00:00+00:00,2025-10-29 17:00:00+00:00,721.36,632.5674999999999
2025-10-29 11:00:00+00:00,2025-10-29 10:00:00+00:00,315.08,304.42
2025-10-29 17:00:00+00:00,2025-10-29 16:00:00+00:00,887.11,810.7625
2025-10-29 10:00:00+00:00,2025-10-29 09:00:00+00:00,327.22,311.3025
2025-10-29 08:00:00+00:00,2025-10-29 07:00:00+00:00,449.97,425.27000000000004
2025-10-29 07:00:00+00:00,2025-10-29 06:00:00+00:00,450.0,461.16
2025-10-29 06:00:00+00:00,2025-10-29 05:00:00+00:00,433.18,450.35249999999996
2025-10-29 03:00:00+00:00,2025-10-29 02:00:00+00:00,222.25,276.93
2025-10-29 04:00:00+00:00,2025-10-29 03:00:00+00:00,261.6,283.0825
2025-10-29 00:00:00+00:00,2025-10-28 23:00:00+00:00,283.0,295.24
2025-10-29 02:00:00+00:00,2025-10-29 01:00:00+00:00,220.8,268.5625
2025-10-29 01:00:00+00:00,2025-10-29 00:00:00+00:00,238.7,271.1725
2025-10-29 14:00:00+00:00,2025-10-29 13:00:00+00:00,447.99,447.9225
2025-10-29 15:00:00+00:00,2025-10-29 14:00:00+00:00,550.0,528.1975
2025-10-29 21:00:00+00:00,2025-10-29 20:00:00+00:00,442.5,438.855
2025-10-29 09:00:00+00:00,2025-10-29 08:00:00+00:00,376.25,365.75
2025-10-29 22:00:00+00:00,2025-10-29 21:00:00+00:00,449.94,453.3775
2025-10-29 05:00:00+00:00,2025-10-29 04:00:00+00:00,326.04,327.605
2025-10-29 13:00:00+00:00,2025-10-29 12:00:00+00:00,383.99,375.19750000000005
2025-10-29 23:00:00+00:00,2025-10-29 22:00:00+00:00,431.0,426.5075
2025-10-29 12:00:00+00:00,2025-10-29 11:00:00+00:00,322.1,304.24250000000006
2025-10-29 19:00:00+00:00,2025-10-29 18:00:00+00:00,637.0,651.3449999999999
2025-10-29 20:00:00+00:00,2025-10-29 19:00:00+00:00,539.4,581.3774999999999
2025-10-29 16:00:00+00:00,2025-10-29 15:00:00+00:00,745.0,708.585
2025-08-27 01:00:00+00:00,2025-08-26 23:00:00+00:00,404.82,387.39
2025-08-27 07:00:00+00:00,2025-08-27 05:00:00+00:00,512.32,493.19
2025-08-27 02:00:00+00:00,2025-08-27 00:00:00+00:00,401.67,372.56
2025-08-27 06:00:00+00:00,2025-08-27 04:00:00+00:00,495.0,471.29
2025-08-27 09:00:00+00:00,2025-08-27 07:00:00+00:00,444.0,434.21
2025-08-27 16:00:00+00:00,2025-08-27 14:00:00+00:00,427.83,410.44
2025-08-27 14:00:00+00:00,2025-08-27 12:00:00+00:00,284.63,229.4
2025-08-27 13:00:00+00:00,2025-08-27 11:00:00+00:00,236.1,250.28
2025-08-27 11:00:00+00:00,2025-08-27 09:00:00+00:00,350.1,395.09
2025-08-27 23:00:00+00:00,2025-08-27 21:00:00+00:00,431.0,442.51
2025-08-27 03:00:00+00:00,2025-08-27 01:00:00+00:00,400.0,375.71
2025-08-27 05:00:00+00:00,2025-08-27 03:00:00+00:00,434.0,420.95
2025-08-27 10:00:00+00:00,2025-08-27 08:00:00+00:00,408.57,386.74
2025-08-27 00:00:00+00:00,2025-08-26 22:00:00+00:00,440.0,440.48
2025-08-27 04:00:00+00:00,2025-08-27 02:00:00+00:00,408.7,387.72
2025-08-27 15:00:00+00:00,2025-08-27 13:00:00+00:00,366.75,331.37
2025-08-27 12:00:00+00:00,2025-08-27 10:00:00+00:00,270.0,305.35
2025-08-27 08:00:00+00:00,2025-08-27 06:00:00+00:00,478.7,485.53
2025-08-27 22:00:00+00:00,2025-08-27 20:00:00+00:00,465.0,485.48
2025-08-27 19:00:00+00:00,2025-08-27 17:00:00+00:00,910.0,938.27
2025-08-27 18:00:00+00:00,2025-08-27 16:00:00+00:00,598.28,572.02
2025-08-27 20:00:00+00:00,2025-08-27 18:00:00+00:00,948.0,937.07
2025-08-27 21:00:00+00:00,2025-08-27 19:00:00+00:00,559.7,547.69
2025-08-27 17:00:00+00:00,2025-08-27 15:00:00+00:00,460.0,452.32
2025-09-26 06:00:00+00:00,2025-09-26 04:00:00+00:00,478.81,454.02
2025-09-26 19:00:00+00:00,2025-09-26 17:00:00+00:00,632.3,566.38
2025-09-26 05:00:00+00:00,2025-09-26 03:00:00+00:00,395.0,367.61
2025-09-26 01:00:00+00:00,2025-09-25 23:00:00+00:00,337.37,319.74
2025-09-26 22:00:00+00:00,2025-09-26 20:00:00+00:00,435.73,419.72
2025-09-26 02:00:00+00:00,2025-09-26 00:00:00+00:00,331.01,311.62
2025-09-26 00:00:00+00:00,2025-09-25 22:00:00+00:00,337.14,334.22
2025-09-26 07:00:00+00:00,2025-09-26 05:00:00+00:00,519.2,512.37
2025-09-26 04:00:00+00:00,2025-09-26 02:00:00+00:00,353.99,319.88
2025-09-26 23:00:00+00:00,2025-09-26 21:00:00+00:00,386.15,382.84
2025-09-26 10:00:00+00:00,2025-09-26 08:00:00+00:00,49.0,192.11
2025-09-26 11:00:00+00:00,2025-09-26 09:00:00+00:00,0.0,164.84
2025-09-26 09:00:00+00:00,2025-09-26 07:00:00+00:00,390.0,394.49
2025-09-26 21:00:00+00:00,2025-09-26 19:00:00+00:00,451.8,452.29
2025-09-26 14:00:00+00:00,2025-09-26 12:00:00+00:00,0.01,145.6
2025-09-26 20:00:00+00:00,2025-09-26 18:00:00+00:00,504.03,509.36
2025-09-26 12:00:00+00:00,2025-09-26 10:00:00+00:00,0.0,82.56
2025-09-26 03:00:00+00:00,2025-09-26 01:00:00+00:00,317.97,311.73
2025-09-26 16:00:00+00:00,2025-09-26 14:00:00+00:00,387.9,425.85
2025-09-26 15:00:00+00:00,2025-09-26 13:00:00+00:00,270.87,282.41
2025-09-26 17:00:00+00:00,2025-09-26 15:00:00+00:00,504.0,472.15
2025-09-26 08:00:00+00:00,2025-09-26 06:00:00+00:00,497.2,506.48
2025-09-26 13:00:00+00:00,2025-09-26 11:00:00+00:00,-0.01,107.22
2025-09-26 18:00:00+00:00,2025-09-26 16:00:00+00:00,541.0,530.66
2025-09-18 04:00:00+00:00,2025-09-18 02:00:00+00:00,428.0,370.31
2025-09-18 08:00:00+00:00,2025-09-18 06:00:00+00:00,559.77,484.68
2025-09-18 07:00:00+00:00,2025-09-18 05:00:00+00:00,632.1,505.3
2025-09-18 16:00:00+00:00,2025-09-18 14:00:00+00:00,605.8,528.79
2025-09-18 11:00:00+00:00,2025-09-18 09:00:00+00:00,432.41,365.94
2025-09-18 03:00:00+00:00,2025-09-18 01:00:00+00:00,400.0,363.18
2025-09-18 02:00:00+00:00,2025-09-18 00:00:00+00:00,380.0,353.69
2025-09-18 13:00:00+00:00,2025-09-18 11:00:00+00:00,439.0,374.36
2025-09-18 00:00:00+00:00,2025-09-17 22:00:00+00:00,393.09,377.5
2025-09-18 14:00:00+00:00,2025-09-18 12:00:00+00:00,509.51,451.42
2025-09-18 01:00:00+00:00,2025-09-17 23:00:00+00:00,377.89,366.78
2025-09-18 09:00:00+00:00,2025-09-18 07:00:00+00:00,467.73,426.86
2025-09-18 06:00:00+00:00,2025-09-18 04:00:00+00:00,582.78,579.54
2025-09-18 12:00:00+00:00,2025-09-18 10:00:00+00:00,410.13,357.42
2025-09-18 20:00:00+00:00,2025-09-18 18:00:00+00:00,809.0,793.46
2025-09-18 10:00:00+00:00,2025-09-18 08:00:00+00:00,433.83,376.3
2025-09-18 23:00:00+00:00,2025-09-18 21:00:00+00:00,429.0,439.39
2025-09-18 22:00:00+00:00,2025-09-18 20:00:00+00:00,450.0,450.49
2025-09-18 19:00:00+00:00,2025-09-18 17:00:00+00:00,1358.13,1611.04
2025-09-18 17:00:00+00:00,2025-09-18 15:00:00+00:00,716.47,804.73
2025-09-18 05:00:00+00:00,2025-09-18 03:00:00+00:00,442.0,447.45
2025-09-18 18:00:00+00:00,2025-09-18 16:00:00+00:00,882.5,891.66
2025-09-18 21:00:00+00:00,2025-09-18 19:00:00+00:00,481.36,468.82
2025-09-18 15:00:00+00:00,2025-09-18 13:00:00+00:00,620.0,625.62
2025-09-29 01:00:00+00:00,2025-09-28 23:00:00+00:00,371.63,386.55
2025-09-29 00:00:00+00:00,2025-09-28 22:00:00+00:00,378.68,395.56
2025-09-29 03:00:00+00:00,2025-09-29 01:00:00+00:00,372.48,383.69
2025-09-29 02:00:00+00:00,2025-09-29 00:00:00+00:00,375.0,382.98
2025-09-29 13:00:00+00:00,2025-09-29 11:00:00+00:00,391.99,398.88
2025-09-29 14:00:00+00:00,2025-09-29 12:00:00+00:00,397.99,416.37
2025-09-29 07:00:00+00:00,2025-09-29 05:00:00+00:00,784.49,908.17
2025-09-29 18:00:00+00:00,2025-09-29 16:00:00+00:00,1041.1,1217.47
2025-09-29 17:00:00+00:00,2025-09-29 15:00:00+00:00,620.0,644.07
2025-09-29 15:00:00+00:00,2025-09-29 13:00:00+00:00,399.99,381.41
2025-09-29 11:00:00+00:00,2025-09-29 09:00:00+00:00,389.13,369.05
2025-09-29 12:00:00+00:00,2025-09-29 10:00:00+00:00,389.13,383.68
2025-09-29 23:00:00+00:00,2025-09-29 21:00:00+00:00,431.64,390.7
2025-09-29 10:00:00+00:00,2025-09-29 08:00:00+00:00,417.0,389.97
2025-09-29 21:00:00+00:00,2025-09-29 19:00:00+00:00,550.92,520.12
2025-09-29 22:00:00+00:00,2025-09-29 20:00:00+00:00,471.04,443.17
2025-09-29 06:00:00+00:00,2025-09-29 04:00:00+00:00,578.67,554.61
2025-09-29 20:00:00+00:00,2025-09-29 18:00:00+00:00,856.87,707.68
2025-09-29 09:00:00+00:00,2025-09-29 07:00:00+00:00,511.0,517.15
2025-09-29 05:00:00+00:00,2025-09-29 03:00:00+00:00,420.0,427.94
2025-09-29 08:00:00+00:00,2025-09-29 06:00:00+00:00,691.0,705.12
2025-09-29 04:00:00+00:00,2025-09-29 02:00:00+00:00,399.99,387.64
2025-09-29 19:00:00+00:00,2025-09-29 17:00:00+00:00,1739.29,1753.93
2025-09-29 16:00:00+00:00,2025-09-29 14:00:00+00:00,470.0,448.49
2025-10-20 02:00:00+00:00,2025-10-20 00:00:00+00:00,400.23,387.965
2025-10-20 10:00:00+00:00,2025-10-20 08:00:00+00:00,283.02,201.8825
2025-10-20 09:00:00+00:00,2025-10-20 07:00:00+00:00,399.0,366.64750000000004
2025-10-20 03:00:00+00:00,2025-10-20 01:00:00+00:00,391.43,383.65999999999997
2025-10-20 12:00:00+00:00,2025-10-20 10:00:00+00:00,140.0,69.71000000000001
2025-10-20 19:00:00+00:00,2025-10-20 17:00:00+00:00,579.7,439.41249999999997
2025-10-20 13:00:00+00:00,2025-10-20 11:00:00+00:00,127.7,113.6175
2025-10-20 22:00:00+00:00,2025-10-20 20:00:00+00:00,397.0,459.4525
2025-10-20 01:00:00+00:00,2025-10-19 23:00:00+00:00,397.81,403.0825
2025-10-20 04:00:00+00:00,2025-10-20 02:00:00+00:00,384.1,384.1925
2025-10-20 11:00:00+00:00,2025-10-20 09:00:00+00:00,208.0,230.8025
2025-10-20 08:00:00+00:00,2025-10-20 06:00:00+00:00,455.3,527.1225000000001
2025-10-20 05:00:00+00:00,2025-10-20 03:00:00+00:00,405.0,433.5525
2025-10-20 07:00:00+00:00,2025-10-20 05:00:00+00:00,735.5,940.875
2025-10-20 23:00:00+00:00,2025-10-20 21:00:00+00:00,324.48,337.76500000000004
2025-10-20 16:00:00+00:00,2025-10-20 14:00:00+00:00,438.63,478.78249999999997
2025-10-20 21:00:00+00:00,2025-10-20 19:00:00+00:00,359.87,410.27
2025-10-20 00:00:00+00:00,2025-10-19 22:00:00+00:00,404.0,407.105
2025-10-20 06:00:00+00:00,2025-10-20 04:00:00+00:00,480.0,526.07
2025-10-20 17:00:00+00:00,2025-10-20 15:00:00+00:00,554.3,516.1725
2025-10-20 18:00:00+00:00,2025-10-20 16:00:00+00:00,568.99,473.1625
2025-10-20 20:00:00+00:00,2025-10-20 18:00:00+00:00,440.04,407.7275
2025-10-20 15:00:00+00:00,2025-10-20 13:00:00+00:00,370.63,417.68999999999994
2025-10-20 14:00:00+00:00,2025-10-20 12:00:00+00:00,245.99,273.2575
2025-09-15 08:00:00+00:00,2025-09-15 06:00:00+00:00,514.38,581.61
2025-09-15 11:00:00+00:00,2025-09-15 09:00:00+00:00,15.01,115.27
2025-09-15 09:00:00+00:00,2025-09-15 07:00:00+00:00,431.0,463.83
2025-09-15 07:00:00+00:00,2025-09-15 05:00:00+00:00,764.0,912.07
2025-09-15 10:00:00+00:00,2025-09-15 08:00:00+00:00,251.33,318.04
2025-09-15 19:00:00+00:00,2025-09-15 17:00:00+00:00,839.08,886.4
2025-09-15 04:00:00+00:00,2025-09-15 02:00:00+00:00,351.16,380.19
2025-09-15 03:00:00+00:00,2025-09-15 01:00:00+00:00,344.4,381.6
2025-09-15 00:00:00+00:00,2025-09-14 22:00:00+00:00,356.16,381.58
2025-09-15 18:00:00+00:00,2025-09-15 16:00:00+00:00,702.0,796.06
2025-09-15 02:00:00+00:00,2025-09-15 00:00:00+00:00,347.3,375.84
2025-09-15 01:00:00+00:00,2025-09-14 23:00:00+00:00,358.11,384.15
2025-09-15 17:00:00+00:00,2025-09-15 15:00:00+00:00,517.06,511.16
2025-09-15 20:00:00+00:00,2025-09-15 18:00:00+00:00,675.0,664.39
2025-09-15 23:00:00+00:00,2025-09-15 21:00:00+00:00,344.3,367.04
2025-09-15 05:00:00+00:00,2025-09-15 03:00:00+00:00,386.59,372.24
2025-09-15 06:00:00+00:00,2025-09-15 04:00:00+00:00,616.9,604.32
2025-09-15 15:00:00+00:00,2025-09-15 13:00:00+00:00,181.99,300.67
2025-09-15 22:00:00+00:00,2025-09-15 20:00:00+00:00,395.5,410.49
2025-09-15 14:00:00+00:00,2025-09-15 12:00:00+00:00,0.01,15.12
2025-09-15 12:00:00+00:00,2025-09-15 10:00:00+00:00,0.01,19.38
2025-09-15 13:00:00+00:00,2025-09-15 11:00:00+00:00,0.0,15.92
2025-09-15 21:00:00+00:00,2025-09-15 19:00:00+00:00,420.0,440.97
2025-09-15 16:00:00+00:00,2025-09-15 14:00:00+00:00,365.33,359.53
2025-10-28 05:00:00+00:00,2025-10-28 04:00:00+00:00,255.64,185.275
2025-10-28 03:00:00+00:00,2025-10-28 02:00:00+00:00,170.11,121.80250000000001
2025-10-28 00:00:00+00:00,2025-10-27 23:00:00+00:00,364.5,280.995
2025-10-28 04:00:00+00:00,2025-10-28 03:00:00+00:00,189.99,125.91
2025-10-28 15:00:00+00:00,2025-10-28 14:00:00+00:00,548.0,467.805
2025-10-28 22:00:00+00:00,2025-10-28 21:00:00+00:00,441.89,396.5125
2025-10-28 19:00:00+00:00,2025-10-28 18:00:00+00:00,501.0,460.01750000000004
2025-10-28 18:00:00+00:00,2025-10-28 17:00:00+00:00,563.4,507.54249999999996
2025-10-28 02:00:00+00:00,2025-10-28 01:00:00+00:00,208.52,148.11
2025-10-28 20:00:00+00:00,2025-10-28 19:00:00+00:00,435.0,427.4425
2025-10-28 01:00:00+00:00,2025-10-28 00:00:00+00:00,282.99,180.1325
2025-10-28 17:00:00+00:00,2025-10-28 16:00:00+00:00,622.59,593.0425
2025-10-28 23:00:00+00:00,2025-10-28 22:00:00+00:00,395.99,351.35249999999996
2025-10-28 10:00:00+00:00,2025-10-28 09:00:00+00:00,360.12,368.53249999999997
2025-10-28 11:00:00+00:00,2025-10-28 10:00:00+00:00,358.99,394.5325
2025-10-28 21:00:00+00:00,2025-10-28 20:00:00+00:00,400.0,405.41499999999996
2025-10-28 08:00:00+00:00,2025-10-28 07:00:00+00:00,453.99,415.7575
2025-10-28 06:00:00+00:00,2025-10-28 05:00:00+00:00,441.99,376.1975
2025-10-28 07:00:00+00:00,2025-10-28 06:00:00+00:00,460.12,415.4175
2025-10-28 14:00:00+00:00,2025-10-28 13:00:00+00:00,482.94,448.48
2025-10-28 09:00:00+00:00,2025-10-28 08:00:00+00:00,411.16,401.59749999999997
2025-10-28 16:00:00+00:00,2025-10-28 15:00:00+00:00,620.0,556.0925
2025-10-28 13:00:00+00:00,2025-10-28 12:00:00+00:00,435.08,465.0625
2025-10-28 12:00:00+00:00,2025-10-28 11:00:00+00:00,408.0,441.8775
2025-09-20 00:00:00+00:00,2025-09-19 22:00:00+00:00,448.0,383.64
2025-09-20 09:00:00+00:00,2025-09-20 07:00:00+00:00,159.05,106.45
2025-09-20 07:00:00+00:00,2025-09-20 05:00:00+00:00,488.1,450.51
2025-09-20 08:00:00+00:00,2025-09-20 06:00:00+00:00,372.65,330.36
2025-09-20 20:00:00+00:00,2025-09-20 18:00:00+00:00,470.2,442.48
2025-09-20 17:00:00+00:00,2025-09-20 15:00:00+00:00,570.0,505.05
2025-09-20 12:00:00+00:00,2025-09-20 10:00:00+00:00,-1.5,-29.91
2025-09-20 15:00:00+00:00,2025-09-20 13:00:00+00:00,22.93,0.25
2025-09-20 21:00:00+00:00,2025-09-20 19:00:00+00:00,442.13,440.73
2025-09-20 14:00:00+00:00,2025-09-20 12:00:00+00:00,0.0,-20.33
2025-09-20 16:00:00+00:00,2025-09-20 14:00:00+00:00,400.0,372.88
2025-09-20 19:00:00+00:00,2025-09-20 17:00:00+00:00,598.0,596.77
2025-09-20 23:00:00+00:00,2025-09-20 21:00:00+00:00,354.45,301.57
2025-09-20 10:00:00+00:00,2025-09-20 08:00:00+00:00,1.0,4.41
2025-09-20 06:00:00+00:00,2025-09-20 04:00:00+00:00,450.0,459.14
2025-09-20 04:00:00+00:00,2025-09-20 02:00:00+00:00,442.13,459.12
2025-09-20 03:00:00+00:00,2025-09-20 01:00:00+00:00,432.52,455.17
2025-09-20 02:00:00+00:00,2025-09-20 00:00:00+00:00,442.13,448.67
2025-09-20 05:00:00+00:00,2025-09-20 03:00:00+00:00,442.23,459.12
2025-09-20 18:00:00+00:00,2025-09-20 16:00:00+00:00,544.22,554.02
2025-09-20 11:00:00+00:00,2025-09-20 09:00:00+00:00,-1.42,-2.91
2025-09-20 01:00:00+00:00,2025-09-19 23:00:00+00:00,450.0,443.07
2025-09-20 13:00:00+00:00,2025-09-20 11:00:00+00:00,-9.0,-44.12
2025-09-20 22:00:00+00:00,2025-09-20 20:00:00+00:00,415.64,379.31
2025-08-07 09:00:00+00:00,2025-08-07 07:00:00+00:00,311.74,225.25
2025-08-07 00:00:00+00:00,2025-08-06 22:00:00+00:00,442.0,419.13
2025-08-07 07:00:00+00:00,2025-08-07 05:00:00+00:00,459.0,455.61
2025-08-07 06:00:00+00:00,2025-08-07 04:00:00+00:00,475.62,475.53
2025-08-07 17:00:00+00:00,2025-08-07 15:00:00+00:00,441.0,369.89
2025-08-07 04:00:00+00:00,2025-08-07 02:00:00+00:00,406.0,397.93
2025-08-07 05:00:00+00:00,2025-08-07 03:00:00+00:00,420.0,408.95
2025-08-07 23:00:00+00:00,2025-08-07 21:00:00+00:00,449.0,434.24
2025-08-07 20:00:00+00:00,2025-08-07 18:00:00+00:00,800.0,685.68
2025-08-07 22:00:00+00:00,2025-08-07 20:00:00+00:00,500.4,471.63
2025-08-07 21:00:00+00:00,2025-08-07 19:00:00+00:00,624.96,553.24
2025-08-07 01:00:00+00:00,2025-08-06 23:00:00+00:00,416.6,420.54
2025-08-07 08:00:00+00:00,2025-08-07 06:00:00+00:00,430.0,450.5
2025-08-07 02:00:00+00:00,2025-08-07 00:00:00+00:00,401.0,403.44
2025-08-07 03:00:00+00:00,2025-08-07 01:00:00+00:00,403.0,403.44
2025-08-07 11:00:00+00:00,2025-08-07 09:00:00+00:00,0.01,-0.02
2025-08-07 16:00:00+00:00,2025-08-07 14:00:00+00:00,350.0,371.46
2025-08-07 19:00:00+00:00,2025-08-07 17:00:00+00:00,614.87,599.12
2025-08-07 10:00:00+00:00,2025-08-07 08:00:00+00:00,50.11,30.98
2025-08-07 15:00:00+00:00,2025-08-07 13:00:00+00:00,209.99,278.73
2025-08-07 14:00:00+00:00,2025-08-07 12:00:00+00:00,4.35,0.51
2025-08-07 13:00:00+00:00,2025-08-07 11:00:00+00:00,0.0,-11.18
2025-08-07 12:00:00+00:00,2025-08-07 10:00:00+00:00,-0.01,-0.62
2025-08-07 18:00:00+00:00,2025-08-07 16:00:00+00:00,501.4,500.55
2025-08-20 11:00:00+00:00,2025-08-20 09:00:00+00:00,230.0,277.75
2025-08-20 08:00:00+00:00,2025-08-20 06:00:00+00:00,416.0,437.5
2025-08-20 10:00:00+00:00,2025-08-20 08:00:00+00:00,292.27,327.97
2025-08-20 14:00:00+00:00,2025-08-20 12:00:00+00:00,210.63,178.11
2025-08-20 13:00:00+00:00,2025-08-20 11:00:00+00:00,165.99,148.7
2025-08-20 19:00:00+00:00,2025-08-20 17:00:00+00:00,630.0,578.81
2025-08-20 06:00:00+00:00,2025-08-20 04:00:00+00:00,470.0,465.05
2025-08-20 18:00:00+00:00,2025-08-20 16:00:00+00:00,480.0,485.82
2025-08-20 22:00:00+00:00,2025-08-20 20:00:00+00:00,444.0,447.96
2025-08-20 17:00:00+00:00,2025-08-20 15:00:00+00:00,415.07,441.96
2025-08-20 03:00:00+00:00,2025-08-20 01:00:00+00:00,365.49,363.81
2025-08-20 05:00:00+00:00,2025-08-20 03:00:00+00:00,420.0,419.93
2025-08-20 01:00:00+00:00,2025-08-19 23:00:00+00:00,388.18,395.27
2025-08-20 09:00:00+00:00,2025-08-20 07:00:00+00:00,357.63,374.5
2025-08-20 02:00:00+00:00,2025-08-20 00:00:00+00:00,370.52,371.99
2025-08-20 00:00:00+00:00,2025-08-19 22:00:00+00:00,409.0,414.67
2025-08-20 07:00:00+00:00,2025-08-20 05:00:00+00:00,465.14,466.41
2025-08-20 04:00:00+00:00,2025-08-20 02:00:00+00:00,379.78,380.99
2025-08-20 23:00:00+00:00,2025-08-20 21:00:00+00:00,412.0,420.58
2025-08-20 21:00:00+00:00,2025-08-20 19:00:00+00:00,507.88,508.52
2025-08-20 20:00:00+00:00,2025-08-20 18:00:00+00:00,710.0,650.73
2025-08-20 15:00:00+00:00,2025-08-20 13:00:00+00:00,305.0,308.15
2025-08-20 16:00:00+00:00,2025-08-20 14:00:00+00:00,350.0,343.89
2025-08-20 12:00:00+00:00,2025-08-20 10:00:00+00:00,173.72,206.5
2025-09-16 03:00:00+00:00,2025-09-16 01:00:00+00:00,319.68,353.39
2025-09-16 11:00:00+00:00,2025-09-16 09:00:00+00:00,0.01,124.4
2025-09-16 10:00:00+00:00,2025-09-16 08:00:00+00:00,59.0,113.77
2025-09-16 04:00:00+00:00,2025-09-16 02:00:00+00:00,333.99,353.52
2025-09-16 02:00:00+00:00,2025-09-16 00:00:00+00:00,323.86,355.07
2025-09-16 12:00:00+00:00,2025-09-16 10:00:00+00:00,0.0,76.5
2025-09-16 13:00:00+00:00,2025-09-16 11:00:00+00:00,0.0,80.76
2025-09-16 14:00:00+00:00,2025-09-16 12:00:00+00:00,0.01,131.62
2025-09-16 15:00:00+00:00,2025-09-16 13:00:00+00:00,71.1,117.3
2025-09-16 23:00:00+00:00,2025-09-16 21:00:00+00:00,315.01,315.56
2025-09-16 09:00:00+00:00,2025-09-16 07:00:00+00:00,282.76,280.87
2025-09-16 16:00:00+00:00,2025-09-16 14:00:00+00:00,264.0,253.23
2025-09-16 17:00:00+00:00,2025-09-16 15:00:00+00:00,430.0,356.39
2025-09-16 05:00:00+00:00,2025-09-16 03:00:00+00:00,368.85,373.69
2025-09-16 00:00:00+00:00,2025-09-15 22:00:00+00:00,364.0,366.44
2025-09-16 08:00:00+00:00,2025-09-16 06:00:00+00:00,430.91,380.66
2025-09-16 01:00:00+00:00,2025-09-15 23:00:00+00:00,347.99,355.57
2025-09-16 22:00:00+00:00,2025-09-16 20:00:00+00:00,391.99,392.1
2025-09-16 07:00:00+00:00,2025-09-16 05:00:00+00:00,604.82,500.56
2025-09-16 06:00:00+00:00,2025-09-16 04:00:00+00:00,530.0,486.42
2025-09-16 21:00:00+00:00,2025-09-16 19:00:00+00:00,439.0,385.67
2025-09-16 18:00:00+00:00,2025-09-16 16:00:00+00:00,470.0,392.73
2025-09-16 20:00:00+00:00,2025-09-16 18:00:00+00:00,564.0,492.19
2025-09-16 19:00:00+00:00,2025-09-16 17:00:00+00:00,699.0,661.72
2025-09-01 09:00:00+00:00,2025-09-01 07:00:00+00:00,404.19,424.47
2025-09-01 13:00:00+00:00,2025-09-01 11:00:00+00:00,229.14,240.68
2025-09-01 20:00:00+00:00,2025-09-01 18:00:00+00:00,799.0,937.09
2025-09-01 19:00:00+00:00,2025-09-01 17:00:00+00:00,840.0,1042.95
2025-09-01 18:00:00+00:00,2025-09-01 16:00:00+00:00,643.2,751.59
2025-09-01 15:00:00+00:00,2025-09-01 13:00:00+00:00,357.71,326.3
2025-09-01 16:00:00+00:00,2025-09-01 14:00:00+00:00,391.7,363.63
2025-09-01 22:00:00+00:00,2025-09-01 20:00:00+00:00,460.0,477.42
2025-09-01 10:00:00+00:00,2025-09-01 08:00:00+00:00,356.51,344.58
2025-09-01 14:00:00+00:00,2025-09-01 12:00:00+00:00,307.99,320.83
2025-09-01 21:00:00+00:00,2025-09-01 19:00:00+00:00,535.62,539.91
2025-09-01 04:00:00+00:00,2025-09-01 02:00:00+00:00,369.0,360.13
2025-09-01 03:00:00+00:00,2025-09-01 01:00:00+00:00,361.98,353.59
2025-09-01 00:00:00+00:00,2025-08-31 22:00:00+00:00,398.99,368.28
2025-09-01 02:00:00+00:00,2025-09-01 00:00:00+00:00,368.54,357.38
2025-09-01 01:00:00+00:00,2025-08-31 23:00:00+00:00,383.0,360.44
2025-09-01 11:00:00+00:00,2025-09-01 09:00:00+00:00,302.0,294.82
2025-09-01 06:00:00+00:00,2025-09-01 04:00:00+00:00,491.2,519.52
2025-09-01 08:00:00+00:00,2025-09-01 06:00:00+00:00,465.4,489.33
2025-09-01 07:00:00+00:00,2025-09-01 05:00:00+00:00,520.0,573.53
2025-09-01 17:00:00+00:00,2025-09-01 15:00:00+00:00,480.0,473.84
2025-09-01 23:00:00+00:00,2025-09-01 21:00:00+00:00,422.1,426.13
2025-09-01 05:00:00+00:00,2025-09-01 03:00:00+00:00,408.79,406.68
2025-09-01 12:00:00+00:00,2025-09-01 10:00:00+00:00,251.7,205.81
2025-08-04 21:00:00+00:00,2025-08-04 19:00:00+00:00,584.7,617.27
2025-08-04 19:00:00+00:00,2025-08-04 17:00:00+00:00,673.0,701.56
2025-08-04 14:00:00+00:00,2025-08-04 12:00:00+00:00,307.27,357.83
2025-08-04 13:00:00+00:00,2025-08-04 11:00:00+00:00,320.8,361.69
2025-08-04 20:00:00+00:00,2025-08-04 18:00:00+00:00,779.0,812.06
2025-08-04 05:00:00+00:00,2025-08-04 03:00:00+00:00,380.0,357.51
2025-08-04 02:00:00+00:00,2025-08-04 00:00:00+00:00,339.0,300.58
2025-08-04 04:00:00+00:00,2025-08-04 02:00:00+00:00,360.0,324.22
2025-08-04 07:00:00+00:00,2025-08-04 05:00:00+00:00,485.97,438.83
2025-08-04 16:00:00+00:00,2025-08-04 14:00:00+00:00,369.0,364.97
2025-08-04 01:00:00+00:00,2025-08-03 23:00:00+00:00,356.1,333.13
2025-08-04 00:00:00+00:00,2025-08-03 22:00:00+00:00,379.2,353.52
2025-08-04 03:00:00+00:00,2025-08-04 01:00:00+00:00,339.0,319.44
2025-08-04 11:00:00+00:00,2025-08-04 09:00:00+00:00,345.77,345.49
2025-08-04 06:00:00+00:00,2025-08-04 04:00:00+00:00,443.23,410.85
2025-08-04 09:00:00+00:00,2025-08-04 07:00:00+00:00,435.1,440.98
2025-08-04 10:00:00+00:00,2025-08-04 08:00:00+00:00,381.0,372.73
2025-08-04 15:00:00+00:00,2025-08-04 13:00:00+00:00,332.0,360.81
2025-08-04 22:00:00+00:00,2025-08-04 20:00:00+00:00,464.0,447.34
2025-08-04 08:00:00+00:00,2025-08-04 06:00:00+00:00,480.0,425.16
2025-08-04 12:00:00+00:00,2025-08-04 10:00:00+00:00,332.0,364.13
2025-08-04 17:00:00+00:00,2025-08-04 15:00:00+00:00,391.6,398.42
2025-08-04 18:00:00+00:00,2025-08-04 16:00:00+00:00,500.0,531.35
2025-08-04 23:00:00+00:00,2025-08-04 21:00:00+00:00,405.0,435.58
2025-08-11 01:00:00+00:00,2025-08-10 23:00:00+00:00,379.99,399.85
2025-08-11 00:00:00+00:00,2025-08-10 22:00:00+00:00,395.0,434.94
2025-08-11 11:00:00+00:00,2025-08-11 09:00:00+00:00,9.99,10.85
2025-08-11 04:00:00+00:00,2025-08-11 02:00:00+00:00,384.0,403.89
2025-08-11 05:00:00+00:00,2025-08-11 03:00:00+00:00,416.2,452.33
2025-08-11 20:00:00+00:00,2025-08-11 18:00:00+00:00,1000.0,1102.46
2025-08-11 16:00:00+00:00,2025-08-11 14:00:00+00:00,251.01,302.11
2025-08-11 21:00:00+00:00,2025-08-11 19:00:00+00:00,720.0,606.48
2025-08-11 14:00:00+00:00,2025-08-11 12:00:00+00:00,0.01,0.0
2025-08-11 22:00:00+00:00,2025-08-11 20:00:00+00:00,520.3,464.34
2025-08-11 15:00:00+00:00,2025-08-11 13:00:00+00:00,68.11,44.53
2025-08-11 03:00:00+00:00,2025-08-11 01:00:00+00:00,373.4,368.91
2025-08-11 23:00:00+00:00,2025-08-11 21:00:00+00:00,460.0,409.44
2025-08-11 18:00:00+00:00,2025-08-11 16:00:00+00:00,533.95,517.37
2025-08-11 08:00:00+00:00,2025-08-11 06:00:00+00:00,434.7,447.82
2025-08-11 19:00:00+00:00,2025-08-11 17:00:00+00:00,750.0,794.78
2025-08-11 09:00:00+00:00,2025-08-11 07:00:00+00:00,314.3,261.6
2025-08-11 07:00:00+00:00,2025-08-11 05:00:00+00:00,504.23,567.01
2025-08-11 17:00:00+00:00,2025-08-11 15:00:00+00:00,397.99,406.9
2025-08-11 02:00:00+00:00,2025-08-11 00:00:00+00:00,375.2,378.85
2025-08-11 06:00:00+00:00,2025-08-11 04:00:00+00:00,494.0,568.13
2025-08-11 10:00:00+00:00,2025-08-11 08:00:00+00:00,135.99,103.67
2025-08-11 13:00:00+00:00,2025-08-11 11:00:00+00:00,0.01,-0.01
2025-08-11 12:00:00+00:00,2025-08-11 10:00:00+00:00,0.01,0.0
2025-09-22 23:00:00+00:00,2025-09-22 21:00:00+00:00,443.5,397.01
2025-09-22 11:00:00+00:00,2025-09-22 09:00:00+00:00,428.0,363.23
2025-09-22 16:00:00+00:00,2025-09-22 14:00:00+00:00,534.96,381.61
2025-09-22 09:00:00+00:00,2025-09-22 07:00:00+00:00,557.67,456.05
2025-09-22 13:00:00+00:00,2025-09-22 11:00:00+00:00,424.0,384.83
2025-09-22 07:00:00+00:00,2025-09-22 05:00:00+00:00,714.92,569.3
2025-09-22 05:00:00+00:00,2025-09-22 03:00:00+00:00,400.0,392.68
2025-09-22 14:00:00+00:00,2025-09-22 12:00:00+00:00,432.0,366.81
2025-09-22 18:00:00+00:00,2025-09-22 16:00:00+00:00,990.0,774.92
2025-09-22 15:00:00+00:00,2025-09-22 13:00:00+00:00,438.0,366.81
2025-09-22 10:00:00+00:00,2025-09-22 08:00:00+00:00,465.75,362.71
2025-09-22 08:00:00+00:00,2025-09-22 06:00:00+00:00,648.89,553.95
2025-09-22 06:00:00+00:00,2025-09-22 04:00:00+00:00,525.33,513.71
2025-09-22 21:00:00+00:00,2025-09-22 19:00:00+00:00,564.16,494.55
2025-09-22 19:00:00+00:00,2025-09-22 17:00:00+00:00,1800.0,1601.65
2025-09-22 22:00:00+00:00,2025-09-22 20:00:00+00:00,481.07,435.83
2025-09-22 20:00:00+00:00,2025-09-22 18:00:00+00:00,1000.0,783.1
2025-09-22 00:00:00+00:00,2025-09-21 22:00:00+00:00,336.28,363.86
2025-09-22 04:00:00+00:00,2025-09-22 02:00:00+00:00,324.07,367.73
2025-09-22 02:00:00+00:00,2025-09-22 00:00:00+00:00,290.0,330.94
2025-09-22 01:00:00+00:00,2025-09-21 23:00:00+00:00,300.0,347.85
2025-09-22 03:00:00+00:00,2025-09-22 01:00:00+00:00,287.3,329.58
2025-09-22 17:00:00+00:00,2025-09-22 15:00:00+00:00,733.86,741.08
2025-09-22 12:00:00+00:00,2025-09-22 10:00:00+00:00,424.0,366.81
2025-10-30 03:00:00+00:00,2025-10-30 02:00:00+00:00,282.82,288.6175
2025-10-30 02:00:00+00:00,2025-10-30 01:00:00+00:00,297.99,302.9375
2025-10-30 21:00:00+00:00,2025-10-30 20:00:00+00:00,390.0,401.6575
2025-10-30 07:00:00+00:00,2025-10-30 06:00:00+00:00,451.99,457.12
2025-10-30 01:00:00+00:00,2025-10-30 00:00:00+00:00,347.99,309.35
2025-10-30 00:00:00+00:00,2025-10-29 23:00:00+00:00,390.0,361.59250000000003
2025-10-30 04:00:00+00:00,2025-10-30 03:00:00+00:00,309.0,261.4975
2025-10-30 08:00:00+00:00,2025-10-30 07:00:00+00:00,439.0,427.605
2025-10-30 18:00:00+00:00,2025-10-30 17:00:00+00:00,472.54,457.985
2025-10-30 20:00:00+00:00,2025-10-30 19:00:00+00:00,425.0,414.83000000000004
2025-10-30 19:00:00+00:00,2025-10-30 18:00:00+00:00,466.74,452.7625
2025-10-30 23:00:00+00:00,2025-10-30 22:00:00+00:00,340.0,330.0325
2025-10-30 06:00:00+00:00,2025-10-30 05:00:00+00:00,455.57,477.77
2025-10-30 09:00:00+00:00,2025-10-30 08:00:00+00:00,425.08,419.975
2025-10-30 10:00:00+00:00,2025-10-30 09:00:00+00:00,389.59,402.3075
2025-10-30 11:00:00+00:00,2025-10-30 10:00:00+00:00,388.52,404.41999999999996
2025-10-30 05:00:00+00:00,2025-10-30 04:00:00+00:00,369.0,337.15
2025-10-30 22:00:00+00:00,2025-10-30 21:00:00+00:00,379.5,389.495
2025-10-30 12:00:00+00:00,2025-10-30 11:00:00+00:00,380.26,402.5475
2025-10-30 13:00:00+00:00,2025-10-30 12:00:00+00:00,383.99,404.52750000000003
2025-10-30 16:00:00+00:00,2025-10-30 15:00:00+00:00,458.02,445.325
2025-10-30 14:00:00+00:00,2025-10-30 13:00:00+00:00,399.99,413.0925
2025-10-30 17:00:00+00:00,2025-10-30 16:00:00+00:00,500.0,464.3175
2025-10-30 15:00:00+00:00,2025-10-30 14:00:00+00:00,425.08,424.85249999999996
2025-08-17 10:00:00+00:00,2025-08-17 08:00:00+00:00,0.01,20.46
2025-08-17 23:00:00+00:00,2025-08-17 21:00:00+00:00,416.0,437.62
2025-08-17 04:00:00+00:00,2025-08-17 02:00:00+00:00,369.0,371.82
2025-08-17 00:00:00+00:00,2025-08-16 22:00:00+00:00,394.0,395.13
2025-08-17 06:00:00+00:00,2025-08-17 04:00:00+00:00,370.0,379.84
2025-08-17 13:00:00+00:00,2025-08-17 11:00:00+00:00,-20.0,-3.55
2025-08-17 17:00:00+00:00,2025-08-17 15:00:00+00:00,280.0,303.18
2025-08-17 08:00:00+00:00,2025-08-17 06:00:00+00:00,292.81,320.69
2025-08-17 16:00:00+00:00,2025-08-17 14:00:00+00:00,13.99,43.42
2025-08-17 11:00:00+00:00,2025-08-17 09:00:00+00:00,-2.71,1.04
2025-08-17 05:00:00+00:00,2025-08-17 03:00:00+00:00,368.41,380.74
2025-08-17 15:00:00+00:00,2025-08-17 13:00:00+00:00,0.0,2.78
2025-08-17 12:00:00+00:00,2025-08-17 10:00:00+00:00,-15.0,-0.48
2025-08-17 20:00:00+00:00,2025-08-17 18:00:00+00:00,509.0,475.03
2025-08-17 14:00:00+00:00,2025-08-17 12:00:00+00:00,-2.99,-5.24
2025-08-17 01:00:00+00:00,2025-08-16 23:00:00+00:00,377.35,375.84
2025-08-17 03:00:00+00:00,2025-08-17 01:00:00+00:00,369.0,367.93
2025-08-17 02:00:00+00:00,2025-08-17 00:00:00+00:00,371.99,369.23
2025-08-17 22:00:00+00:00,2025-08-17 20:00:00+00:00,451.0,448.75
2025-08-17 21:00:00+00:00,2025-08-17 19:00:00+00:00,491.31,470.43
2025-08-17 19:00:00+00:00,2025-08-17 17:00:00+00:00,489.94,470.47
2025-08-17 07:00:00+00:00,2025-08-17 05:00:00+00:00,365.7,401.89
2025-08-17 09:00:00+00:00,2025-08-17 07:00:00+00:00,117.0,118.1
2025-08-17 18:00:00+00:00,2025-08-17 16:00:00+00:00,441.1,471.45
2025-10-01 22:00:00+00:00,2025-10-01 20:00:00+00:00,476.0,422.8225
2025-10-01 07:00:00+00:00,2025-10-01 05:00:00+00:00,905.27,751.725
2025-10-01 23:00:00+00:00,2025-10-01 21:00:00+00:00,448.0,388.82500000000005
2025-10-01 09:00:00+00:00,2025-10-01 07:00:00+00:00,504.0,450.0275
2025-10-01 17:00:00+00:00,2025-10-01 15:00:00+00:00,749.0,631.0074999999999
2025-10-01 08:00:00+00:00,2025-10-01 06:00:00+00:00,750.0,593.0725
2025-10-01 05:00:00+00:00,2025-10-01 03:00:00+00:00,458.0,415.495
2025-10-01 20:00:00+00:00,2025-10-01 18:00:00+00:00,853.88,657.8525
2025-10-01 06:00:00+00:00,2025-10-01 04:00:00+00:00,662.56,546.1274999999999
2025-10-01 21:00:00+00:00,2025-10-01 19:00:00+00:00,538.0,488.085
2025-10-01 18:00:00+00:00,2025-10-01 16:00:00+00:00,1200.01,1094.6675
2025-10-01 19:00:00+00:00,2025-10-01 17:00:00+00:00,1857.52,1487.7675000000002
2025-10-01 00:00:00+00:00,2025-09-30 22:00:00+00:00,430.06,400.4325
2025-10-01 03:00:00+00:00,2025-10-01 01:00:00+00:00,430.0,400.4375
2025-10-01 02:00:00+00:00,2025-10-01 00:00:00+00:00,432.0,425.0
2025-10-01 11:00:00+00:00,2025-10-01 09:00:00+00:00,375.02,368.1775
2025-10-01 04:00:00+00:00,2025-10-01 02:00:00+00:00,430.0,405.7275
2025-10-01 01:00:00+00:00,2025-09-30 23:00:00+00:00,436.0,418.635
2025-10-01 10:00:00+00:00,2025-10-01 08:00:00+00:00,411.1,394.055
2025-10-01 15:00:00+00:00,2025-10-01 13:00:00+00:00,439.0,413.7825
2025-10-01 13:00:00+00:00,2025-10-01 11:00:00+00:00,389.99,389.6725
2025-10-01 12:00:00+00:00,2025-10-01 10:00:00+00:00,371.44,360.95
2025-10-01 16:00:00+00:00,2025-10-01 14:00:00+00:00,490.0,453.675
2025-10-01 14:00:00+00:00,2025-10-01 12:00:00+00:00,401.0,400.4375
2025-11-02 17:00:00+00:00,2025-11-02 16:00:00+00:00,570.0,563.26
2025-11-02 11:00:00+00:00,2025-11-02 10:00:00+00:00,479.39,478.645
2025-11-02 10:00:00+00:00,2025-11-02 09:00:00+00:00,451.0,474.03499999999997
2025-11-02 18:00:00+00:00,2025-11-02 17:00:00+00:00,540.0,555.1125
2025-11-02 20:00:00+00:00,2025-11-02 19:00:00+00:00,486.7,565.4575
2025-11-02 09:00:00+00:00,2025-11-02 08:00:00+00:00,433.27,453.3825
2025-11-02 19:00:00+00:00,2025-11-02 18:00:00+00:00,509.8,509.35749999999996
2025-11-02 22:00:00+00:00,2025-11-02 21:00:00+00:00,428.18,441.01
2025-11-02 21:00:00+00:00,2025-11-02 20:00:00+00:00,448.39,461.09499999999997
2025-11-02 05:00:00+00:00,2025-11-02 04:00:00+00:00,401.0,469.0575
2025-11-02 04:00:00+00:00,2025-11-02 03:00:00+00:00,376.0,451.8175
2025-11-02 00:00:00+00:00,2025-11-01 23:00:00+00:00,286.96,330.6725
2025-11-02 03:00:00+00:00,2025-11-02 02:00:00+00:00,367.99,400.22749999999996
2025-11-02 07:00:00+00:00,2025-11-02 06:00:00+00:00,405.99,439.9925
2025-11-02 06:00:00+00:00,2025-11-02 05:00:00+00:00,406.59,451.825
2025-11-02 16:00:00+00:00,2025-11-02 15:00:00+00:00,530.0,512.2625
2025-11-02 14:00:00+00:00,2025-11-02 13:00:00+00:00,460.0,437.805
2025-11-02 13:00:00+00:00,2025-11-02 12:00:00+00:00,518.3,447.40999999999997
2025-11-02 08:00:00+00:00,2025-11-02 07:00:00+00:00,425.0,419.58500000000004
2025-11-02 02:00:00+00:00,2025-11-02 01:00:00+00:00,353.99,349.78
2025-11-02 01:00:00+00:00,2025-11-02 00:00:00+00:00,349.0,340.0225
2025-11-02 12:00:00+00:00,2025-11-02 11:00:00+00:00,462.13,513.255
2025-11-02 23:00:00+00:00,2025-11-02 22:00:00+00:00,410.96,387.005
2025-11-02 15:00:00+00:00,2025-11-02 14:00:00+00:00,501.01,486.3625
2025-08-08 13:00:00+00:00,2025-08-08 11:00:00+00:00,101.0,199.56
2025-08-08 11:00:00+00:00,2025-08-08 09:00:00+00:00,253.6,300.42
2025-08-08 10:00:00+00:00,2025-08-08 08:00:00+00:00,330.0,330.37
2025-08-08 12:00:00+00:00,2025-08-08 10:00:00+00:00,160.0,277.08
2025-08-08 22:00:00+00:00,2025-08-08 20:00:00+00:00,505.88,528.19
2025-08-08 20:00:00+00:00,2025-08-08 18:00:00+00:00,730.0,812.25
2025-08-08 07:00:00+00:00,2025-08-08 05:00:00+00:00,457.96,441.93
2025-08-08 00:00:00+00:00,2025-08-07 22:00:00+00:00,413.52,404.34
2025-08-08 01:00:00+00:00,2025-08-07 23:00:00+00:00,394.0,386.5
2025-08-08 08:00:00+00:00,2025-08-08 06:00:00+00:00,447.4,404.18
2025-08-08 02:00:00+00:00,2025-08-08 00:00:00+00:00,376.76,371.35
2025-08-08 09:00:00+00:00,2025-08-08 07:00:00+00:00,411.0,443.15
2025-08-08 19:00:00+00:00,2025-08-08 17:00:00+00:00,591.0,640.34
2025-08-08 21:00:00+00:00,2025-08-08 19:00:00+00:00,648.56,680.22
2025-08-08 23:00:00+00:00,2025-08-08 21:00:00+00:00,458.3,466.04
2025-08-08 18:00:00+00:00,2025-08-08 16:00:00+00:00,500.6,486.77
2025-08-08 05:00:00+00:00,2025-08-08 03:00:00+00:00,395.73,391.09
2025-08-08 17:00:00+00:00,2025-08-08 15:00:00+00:00,409.0,386.42
2025-08-08 06:00:00+00:00,2025-08-08 04:00:00+00:00,452.0,432.78
2025-08-08 03:00:00+00:00,2025-08-08 01:00:00+00:00,372.1,358.29
2025-08-08 04:00:00+00:00,2025-08-08 02:00:00+00:00,383.3,350.96
2025-08-08 16:00:00+00:00,2025-08-08 14:00:00+00:00,355.43,361.77
2025-08-08 15:00:00+00:00,2025-08-08 13:00:00+00:00,219.04,274.93
2025-08-08 14:00:00+00:00,2025-08-08 12:00:00+00:00,101.0,219.7
2025-09-28 08:00:00+00:00,2025-09-28 06:00:00+00:00,423.61,419.18
2025-09-28 17:00:00+00:00,2025-09-28 15:00:00+00:00,499.01,449.0
2025-09-28 19:00:00+00:00,2025-09-28 17:00:00+00:00,657.1,624.61
2025-09-28 04:00:00+00:00,2025-09-28 02:00:00+00:00,426.53,414.57
2025-09-28 15:00:00+00:00,2025-09-28 13:00:00+00:00,293.99,269.41
2025-09-28 16:00:00+00:00,2025-09-28 14:00:00+00:00,400.0,397.39
2025-09-28 10:00:00+00:00,2025-09-28 08:00:00+00:00,211.0,355.6
2025-09-28 09:00:00+00:00,2025-09-28 07:00:00+00:00,339.0,396.23
2025-09-28 01:00:00+00:00,2025-09-27 23:00:00+00:00,427.0,428.97
2025-09-28 20:00:00+00:00,2025-09-28 18:00:00+00:00,520.11,561.84
2025-09-28 21:00:00+00:00,2025-09-28 19:00:00+00:00,461.0,474.91
2025-09-28 23:00:00+00:00,2025-09-28 21:00:00+00:00,422.67,423.84
2025-09-28 11:00:00+00:00,2025-09-28 09:00:00+00:00,4.0,160.82
2025-09-28 06:00:00+00:00,2025-09-28 04:00:00+00:00,438.82,425.72
2025-09-28 18:00:00+00:00,2025-09-28 16:00:00+00:00,568.76,573.85
2025-09-28 03:00:00+00:00,2025-09-28 01:00:00+00:00,410.11,399.88
2025-09-28 02:00:00+00:00,2025-09-28 00:00:00+00:00,415.0,414.36
2025-09-28 05:00:00+00:00,2025-09-28 03:00:00+00:00,426.53,424.6
2025-09-28 22:00:00+00:00,2025-09-28 20:00:00+00:00,441.55,446.91
2025-09-28 00:00:00+00:00,2025-09-27 22:00:00+00:00,428.7,424.85
2025-09-28 07:00:00+00:00,2025-09-28 05:00:00+00:00,432.0,448.68
2025-09-28 14:00:00+00:00,2025-09-28 12:00:00+00:00,30.1,55.46
2025-09-28 12:00:00+00:00,2025-09-28 10:00:00+00:00,0.0,72.99
2025-09-28 13:00:00+00:00,2025-09-28 11:00:00+00:00,0.01,36.37
2025-10-21 10:00:00+00:00,2025-10-21 08:00:00+00:00,298.6,229.1875
2025-10-21 11:00:00+00:00,2025-10-21 09:00:00+00:00,276.3,146.9375
2025-10-21 03:00:00+00:00,2025-10-21 01:00:00+00:00,215.0,187.48000000000002
2025-10-21 04:00:00+00:00,2025-10-21 02:00:00+00:00,241.5,212.20499999999998
2025-10-21 12:00:00+00:00,2025-10-21 10:00:00+00:00,243.4,111.575
2025-10-21 22:00:00+00:00,2025-10-21 20:00:00+00:00,449.7,522.1450000000001
2025-10-21 05:00:00+00:00,2025-10-21 03:00:00+00:00,360.0,374.385
2025-10-21 01:00:00+00:00,2025-10-20 23:00:00+00:00,229.0,232.94750000000002
2025-10-21 00:00:00+00:00,2025-10-20 22:00:00+00:00,282.99,291.66999999999996
2025-10-21 02:00:00+00:00,2025-10-21 00:00:00+00:00,215.0,218.98999999999998
2025-10-21 23:00:00+00:00,2025-10-21 21:00:00+00:00,393.0,421.39250000000004
2025-10-21 06:00:00+00:00,2025-10-21 04:00:00+00:00,449.8,492.545
2025-10-21 17:00:00+00:00,2025-10-21 15:00:00+00:00,525.75,620.7825
2025-10-21 09:00:00+00:00,2025-10-21 07:00:00+00:00,378.45,387.49
2025-10-21 21:00:00+00:00,2025-10-21 19:00:00+00:00,396.77,480.14750000000004
2025-10-21 08:00:00+00:00,2025-10-21 06:00:00+00:00,420.3,480.15
2025-10-21 07:00:00+00:00,2025-10-21 05:00:00+00:00,449.7,495.65250000000003
2025-10-21 16:00:00+00:00,2025-10-21 14:00:00+00:00,453.99,471.7525
2025-10-21 15:00:00+00:00,2025-10-21 13:00:00+00:00,407.99,393.4425
2025-10-21 14:00:00+00:00,2025-10-21 12:00:00+00:00,301.99,239.03249999999997
2025-10-21 19:00:00+00:00,2025-10-21 17:00:00+00:00,518.6,565.2375
2025-10-21 18:00:00+00:00,2025-10-21 16:00:00+00:00,554.0,567.9575
2025-10-21 20:00:00+00:00,2025-10-21 18:00:00+00:00,444.77,507.62750000000005
2025-10-21 13:00:00+00:00,2025-10-21 11:00:00+00:00,212.6,109.1975
2025-10-13 09:00:00+00:00,2025-10-13 07:00:00+00:00,583.43,627.1524999999999
2025-10-13 19:00:00+00:00,2025-10-13 17:00:00+00:00,933.53,1188.5275
2025-10-13 18:00:00+00:00,2025-10-13 16:00:00+00:00,899.0,1216.1175
2025-10-13 20:00:00+00:00,2025-10-13 18:00:00+00:00,620.0,718.4000000000001
2025-10-13 08:00:00+00:00,2025-10-13 06:00:00+00:00,872.66,831.405
2025-10-13 07:00:00+00:00,2025-10-13 05:00:00+00:00,950.0,872.4075
2025-10-13 05:00:00+00:00,2025-10-13 03:00:00+00:00,468.0,426.5175
2025-10-13 06:00:00+00:00,2025-10-13 04:00:00+00:00,660.01,523.61
2025-10-13 21:00:00+00:00,2025-10-13 19:00:00+00:00,523.0,533.03
2025-10-13 17:00:00+00:00,2025-10-13 15:00:00+00:00,745.26,698.8199999999999
2025-10-13 16:00:00+00:00,2025-10-13 14:00:00+00:00,508.0,473.4025
2025-10-13 11:00:00+00:00,2025-10-13 09:00:00+00:00,400.0,454.18249999999995
2025-10-13 10:00:00+00:00,2025-10-13 08:00:00+00:00,420.0,527.8975
2025-10-13 00:00:00+00:00,2025-10-12 22:00:00+00:00,421.99,450.995
2025-10-13 01:00:00+00:00,2025-10-12 23:00:00+00:00,419.99,458.98
2025-10-13 03:00:00+00:00,2025-10-13 01:00:00+00:00,420.0,448.335
2025-10-13 02:00:00+00:00,2025-10-13 00:00:00+00:00,425.99,446.9925
2025-10-13 04:00:00+00:00,2025-10-13 02:00:00+00:00,428.0,426.0825
2025-10-13 22:00:00+00:00,2025-10-13 20:00:00+00:00,476.6,518.5025
2025-10-13 23:00:00+00:00,2025-10-13 21:00:00+00:00,454.0,474.66499999999996
2025-10-13 13:00:00+00:00,2025-10-13 11:00:00+00:00,382.22,388.1775
2025-10-13 12:00:00+00:00,2025-10-13 10:00:00+00:00,375.99,407.9325
2025-10-13 14:00:00+00:00,2025-10-13 12:00:00+00:00,383.28,400.88250000000005
2025-10-13 15:00:00+00:00,2025-10-13 13:00:00+00:00,429.99,443.2525
2025-08-15 09:00:00+00:00,2025-08-15 07:00:00+00:00,281.0,326.35
2025-08-15 10:00:00+00:00,2025-08-15 08:00:00+00:00,107.71,136.29
2025-08-15 11:00:00+00:00,2025-08-15 09:00:00+00:00,0.01,12.77
2025-08-15 04:00:00+00:00,2025-08-15 02:00:00+00:00,403.0,390.7
2025-08-15 15:00:00+00:00,2025-08-15 13:00:00+00:00,25.0,7.24
2025-08-15 22:00:00+00:00,2025-08-15 20:00:00+00:00,460.0,451.11
2025-08-15 20:00:00+00:00,2025-08-15 18:00:00+00:00,700.2,577.86
2025-08-15 16:00:00+00:00,2025-08-15 14:00:00+00:00,189.4,110.46
2025-08-15 00:00:00+00:00,2025-08-14 22:00:00+00:00,434.5,424.95
2025-08-15 19:00:00+00:00,2025-08-15 17:00:00+00:00,599.92,522.79
2025-08-15 06:00:00+00:00,2025-08-15 04:00:00+00:00,437.7,431.32
2025-08-15 17:00:00+00:00,2025-08-15 15:00:00+00:00,405.6,429.14
2025-08-15 14:00:00+00:00,2025-08-15 12:00:00+00:00,0.0,0.01
2025-08-15 08:00:00+00:00,2025-08-15 06:00:00+00:00,396.98,408.27
2025-08-15 07:00:00+00:00,2025-08-15 05:00:00+00:00,424.98,429.96
2025-08-15 21:00:00+00:00,2025-08-15 19:00:00+00:00,508.9,483.03
2025-08-15 18:00:00+00:00,2025-08-15 16:00:00+00:00,496.0,499.45
2025-08-15 23:00:00+00:00,2025-08-15 21:00:00+00:00,424.98,433.93
2025-08-15 13:00:00+00:00,2025-08-15 11:00:00+00:00,-1.43,0.0
2025-08-15 05:00:00+00:00,2025-08-15 03:00:00+00:00,410.0,411.52
2025-08-15 01:00:00+00:00,2025-08-14 23:00:00+00:00,418.5,422.13
2025-08-15 02:00:00+00:00,2025-08-15 00:00:00+00:00,405.16,399.15
2025-08-15 03:00:00+00:00,2025-08-15 01:00:00+00:00,401.73,402.54
2025-08-15 12:00:00+00:00,2025-08-15 10:00:00+00:00,-1.43,0.35
2025-09-25 08:00:00+00:00,2025-09-25 06:00:00+00:00,472.2,529.64
2025-09-25 09:00:00+00:00,2025-09-25 07:00:00+00:00,375.55,421.47
2025-09-25 15:00:00+00:00,2025-09-25 13:00:00+00:00,201.99,269.14
2025-09-25 18:00:00+00:00,2025-09-25 16:00:00+00:00,504.68,505.24
2025-09-25 07:00:00+00:00,2025-09-25 05:00:00+00:00,504.68,515.04
2025-09-25 16:00:00+00:00,2025-09-25 14:00:00+00:00,360.0,412.75
2025-09-25 17:00:00+00:00,2025-09-25 15:00:00+00:00,439.0,627.84
2025-09-25 12:00:00+00:00,2025-09-25 10:00:00+00:00,0.0,-12.68
2025-09-25 10:00:00+00:00,2025-09-25 08:00:00+00:00,119.15,40.56
2025-09-25 14:00:00+00:00,2025-09-25 12:00:00+00:00,10.0,19.71
2025-09-25 06:00:00+00:00,2025-09-25 04:00:00+00:00,478.01,470.42
2025-09-25 11:00:00+00:00,2025-09-25 09:00:00+00:00,0.01,-250.33
2025-09-25 00:00:00+00:00,2025-09-24 22:00:00+00:00,429.02,438.47
2025-09-25 02:00:00+00:00,2025-09-25 00:00:00+00:00,381.71,388.55
2025-09-25 03:00:00+00:00,2025-09-25 01:00:00+00:00,372.02,379.74
2025-09-25 04:00:00+00:00,2025-09-25 02:00:00+00:00,388.12,394.06
2025-09-25 01:00:00+00:00,2025-09-24 23:00:00+00:00,405.0,405.44
2025-09-25 05:00:00+00:00,2025-09-25 03:00:00+00:00,436.68,437.17
2025-09-25 13:00:00+00:00,2025-09-25 11:00:00+00:00,0.01,-100.11
2025-09-25 22:00:00+00:00,2025-09-25 20:00:00+00:00,429.78,446.68
2025-09-25 23:00:00+00:00,2025-09-25 21:00:00+00:00,378.46,386.96
2025-09-25 20:00:00+00:00,2025-09-25 18:00:00+00:00,504.68,528.39
2025-09-25 19:00:00+00:00,2025-09-25 17:00:00+00:00,668.07,713.49
2025-09-25 21:00:00+00:00,2025-09-25 19:00:00+00:00,437.66,437.22
2025-10-04 10:00:00+00:00,2025-10-04 08:00:00+00:00,-1.42,16.03
2025-10-04 21:00:00+00:00,2025-10-04 19:00:00+00:00,303.99,357.44750000000005
2025-10-04 09:00:00+00:00,2025-10-04 07:00:00+00:00,0.01,44.794999999999995
2025-10-04 19:00:00+00:00,2025-10-04 17:00:00+00:00,403.0,447.4225
2025-10-04 20:00:00+00:00,2025-10-04 18:00:00+00:00,345.99,395.97
2025-10-04 11:00:00+00:00,2025-10-04 09:00:00+00:00,-5.0,2.0324999999999998
2025-10-04 16:00:00+00:00,2025-10-04 14:00:00+00:00,175.57,298.6025
2025-10-04 18:00:00+00:00,2025-10-04 16:00:00+00:00,365.99,405.1675
2025-10-04 12:00:00+00:00,2025-10-04 10:00:00+00:00,-16.7,0.5125
2025-10-04 14:00:00+00:00,2025-10-04 12:00:00+00:00,-1.49,33.550000000000004
2025-10-04 17:00:00+00:00,2025-10-04 15:00:00+00:00,359.39,398.34000000000003
2025-10-04 15:00:00+00:00,2025-10-04 13:00:00+00:00,0.01,66.9575
2025-10-04 13:00:00+00:00,2025-10-04 11:00:00+00:00,-2.99,3.71
2025-10-04 04:00:00+00:00,2025-10-04 02:00:00+00:00,389.99,413.595
2025-10-04 00:00:00+00:00,2025-10-03 22:00:00+00:00,428.14,425.2525
2025-10-04 06:00:00+00:00,2025-10-04 04:00:00+00:00,387.99,368.08
2025-10-04 07:00:00+00:00,2025-10-04 05:00:00+00:00,385.99,368.075
2025-10-04 01:00:00+00:00,2025-10-03 23:00:00+00:00,397.99,395.6625
2025-10-04 05:00:00+00:00,2025-10-04 03:00:00+00:00,380.0,403.44
2025-10-04 03:00:00+00:00,2025-10-04 01:00:00+00:00,381.99,403.445
2025-10-04 02:00:00+00:00,2025-10-04 00:00:00+00:00,377.25,403.445
2025-10-04 08:00:00+00:00,2025-10-04 06:00:00+00:00,232.11,279.935
2025-10-04 23:00:00+00:00,2025-10-04 21:00:00+00:00,15.0,16.017500000000002
2025-10-04 22:00:00+00:00,2025-10-04 20:00:00+00:00,199.99,239.69500000000002
2025-08-31 10:00:00+00:00,2025-08-31 08:00:00+00:00,305.99,367.94
2025-08-31 13:00:00+00:00,2025-08-31 11:00:00+00:00,70.0,241.34
2025-08-31 00:00:00+00:00,2025-08-30 22:00:00+00:00,416.5,451.0
2025-08-31 04:00:00+00:00,2025-08-31 02:00:00+00:00,379.89,404.44
2025-08-31 11:00:00+00:00,2025-08-31 09:00:00+00:00,180.0,253.85
2025-08-31 14:00:00+00:00,2025-08-31 12:00:00+00:00,127.0,298.44
2025-08-31 15:00:00+00:00,2025-08-31 13:00:00+00:00,306.67,371.84
2025-08-31 16:00:00+00:00,2025-08-31 14:00:00+00:00,420.98,441.13
2025-08-31 20:00:00+00:00,2025-08-31 18:00:00+00:00,658.0,606.09
2025-08-31 09:00:00+00:00,2025-08-31 07:00:00+00:00,400.0,430.95
2025-08-31 08:00:00+00:00,2025-08-31 06:00:00+00:00,432.0,453.01
2025-08-31 07:00:00+00:00,2025-08-31 05:00:00+00:00,420.98,416.92
2025-08-31 18:00:00+00:00,2025-08-31 16:00:00+00:00,524.0,524.07
2025-08-31 17:00:00+00:00,2025-08-31 15:00:00+00:00,599.0,688.44
2025-08-31 05:00:00+00:00,2025-08-31 03:00:00+00:00,381.1,442.15
2025-08-31 06:00:00+00:00,2025-08-31 04:00:00+00:00,387.0,442.15
2025-08-31 02:00:00+00:00,2025-08-31 00:00:00+00:00,380.0,441.0
2025-08-31 03:00:00+00:00,2025-08-31 01:00:00+00:00,380.0,416.92
2025-08-31 01:00:00+00:00,2025-08-30 23:00:00+00:00,394.0,442.16
2025-08-31 19:00:00+00:00,2025-08-31 17:00:00+00:00,600.0,628.11
2025-08-31 12:00:00+00:00,2025-08-31 10:00:00+00:00,87.99,117.07
2025-08-31 21:00:00+00:00,2025-08-31 19:00:00+00:00,530.0,511.14
2025-08-31 22:00:00+00:00,2025-08-31 20:00:00+00:00,459.54,454.08
2025-08-31 23:00:00+00:00,2025-08-31 21:00:00+00:00,431.65,410.85
2025-09-06 19:00:00+00:00,2025-09-06 17:00:00+00:00,684.0,798.12
2025-09-06 23:00:00+00:00,2025-09-06 21:00:00+00:00,427.17,452.67
2025-09-06 22:00:00+00:00,2025-09-06 20:00:00+00:00,460.4,464.57
2025-09-06 04:00:00+00:00,2025-09-06 02:00:00+00:00,434.93,418.55
2025-09-06 21:00:00+00:00,2025-09-06 19:00:00+00:00,529.0,490.42
2025-09-06 10:00:00+00:00,2025-09-06 08:00:00+00:00,489.0,500.76
2025-09-06 11:00:00+00:00,2025-09-06 09:00:00+00:00,427.27,464.44
2025-09-06 18:00:00+00:00,2025-09-06 16:00:00+00:00,537.74,533.85
2025-09-06 20:00:00+00:00,2025-09-06 18:00:00+00:00,645.9,645.57
2025-09-06 01:00:00+00:00,2025-09-05 23:00:00+00:00,445.0,430.76
2025-09-06 02:00:00+00:00,2025-09-06 00:00:00+00:00,439.6,427.21
2025-09-06 07:00:00+00:00,2025-09-06 05:00:00+00:00,492.7,428.72
2025-09-06 06:00:00+00:00,2025-09-06 04:00:00+00:00,470.35,436.29
2025-09-06 08:00:00+00:00,2025-09-06 06:00:00+00:00,475.76,427.64
2025-09-06 00:00:00+00:00,2025-09-05 22:00:00+00:00,450.0,432.41
2025-09-06 03:00:00+00:00,2025-09-06 01:00:00+00:00,432.33,420.8
2025-09-06 09:00:00+00:00,2025-09-06 07:00:00+00:00,490.0,500.55
2025-09-06 05:00:00+00:00,2025-09-06 03:00:00+00:00,446.89,421.22
2025-09-06 16:00:00+00:00,2025-09-06 14:00:00+00:00,460.0,451.9
2025-09-06 14:00:00+00:00,2025-09-06 12:00:00+00:00,409.98,430.69
2025-09-06 15:00:00+00:00,2025-09-06 13:00:00+00:00,427.17,432.55
2025-09-06 17:00:00+00:00,2025-09-06 15:00:00+00:00,516.0,525.59
2025-09-06 13:00:00+00:00,2025-09-06 11:00:00+00:00,409.21,436.02
2025-09-06 12:00:00+00:00,2025-09-06 10:00:00+00:00,424.0,434.88
2025-09-10 06:00:00+00:00,2025-09-10 04:00:00+00:00,662.8,566.69
2025-09-10 08:00:00+00:00,2025-09-10 06:00:00+00:00,728.0,700.09
2025-09-10 05:00:00+00:00,2025-09-10 03:00:00+00:00,471.04,465.77
2025-09-10 11:00:00+00:00,2025-09-10 09:00:00+00:00,361.04,340.39
2025-09-10 23:00:00+00:00,2025-09-10 21:00:00+00:00,450.65,443.5
2025-09-10 20:00:00+00:00,2025-09-10 18:00:00+00:00,899.32,819.06
2025-09-10 12:00:00+00:00,2025-09-10 10:00:00+00:00,333.18,249.73
2025-09-10 22:00:00+00:00,2025-09-10 20:00:00+00:00,471.04,436.03
2025-09-10 19:00:00+00:00,2025-09-10 17:00:00+00:00,1400.0,1248.83
2025-09-10 13:00:00+00:00,2025-09-10 11:00:00+00:00,331.0,292.19
2025-09-10 10:00:00+00:00,2025-09-10 08:00:00+00:00,401.0,428.33
2025-09-10 00:00:00+00:00,2025-09-09 22:00:00+00:00,440.0,443.5
2025-09-10 14:00:00+00:00,2025-09-10 12:00:00+00:00,355.99,359.59
2025-09-10 07:00:00+00:00,2025-09-10 05:00:00+00:00,825.0,926.71
2025-09-10 02:00:00+00:00,2025-09-10 00:00:00+00:00,430.0,424.85
2025-09-10 04:00:00+00:00,2025-09-10 02:00:00+00:00,436.0,426.15
2025-09-10 01:00:00+00:00,2025-09-09 23:00:00+00:00,435.59,437.28
2025-09-10 03:00:00+00:00,2025-09-10 01:00:00+00:00,430.0,428.37
2025-09-10 21:00:00+00:00,2025-09-10 19:00:00+00:00,504.16,527.43
2025-09-10 16:00:00+00:00,2025-09-10 14:00:00+00:00,453.73,471.11
2025-09-10 17:00:00+00:00,2025-09-10 15:00:00+00:00,561.84,569.48
2025-09-10 09:00:00+00:00,2025-09-10 07:00:00+00:00,501.0,505.38
2025-09-10 15:00:00+00:00,2025-09-10 13:00:00+00:00,400.0,409.24
2025-09-10 18:00:00+00:00,2025-09-10 16:00:00+00:00,812.8,808.6
2025-09-03 07:00:00+00:00,2025-09-03 05:00:00+00:00,570.0,611.1
2025-09-03 10:00:00+00:00,2025-09-03 08:00:00+00:00,401.99,424.46
2025-09-03 06:00:00+00:00,2025-09-03 04:00:00+00:00,550.0,629.06
2025-09-03 01:00:00+00:00,2025-09-02 23:00:00+00:00,402.0,424.46
2025-09-03 00:00:00+00:00,2025-09-02 22:00:00+00:00,420.0,426.46
2025-09-03 20:00:00+00:00,2025-09-03 18:00:00+00:00,1007.97,1044.79
2025-09-03 16:00:00+00:00,2025-09-03 14:00:00+00:00,420.16,478.24
2025-09-03 19:00:00+00:00,2025-09-03 17:00:00+00:00,1102.4,1253.78
2025-09-03 22:00:00+00:00,2025-09-03 20:00:00+00:00,438.9,464.41
2025-09-03 17:00:00+00:00,2025-09-03 15:00:00+00:00,520.0,545.6
2025-09-03 23:00:00+00:00,2025-09-03 21:00:00+00:00,396.1,429.46
2025-09-03 15:00:00+00:00,2025-09-03 13:00:00+00:00,420.16,430.47
2025-09-03 12:00:00+00:00,2025-09-03 10:00:00+00:00,325.99,340.27
2025-09-03 21:00:00+00:00,2025-09-03 19:00:00+00:00,570.0,597.08
2025-09-03 11:00:00+00:00,2025-09-03 09:00:00+00:00,361.99,349.34
2025-09-03 18:00:00+00:00,2025-09-03 16:00:00+00:00,701.7,690.65
2025-09-03 08:00:00+00:00,2025-09-03 06:00:00+00:00,490.0,479.5
2025-09-03 02:00:00+00:00,2025-09-03 00:00:00+00:00,392.67,424.47
2025-09-03 09:00:00+00:00,2025-09-03 07:00:00+00:00,410.0,428.47
2025-09-03 14:00:00+00:00,2025-09-03 12:00:00+00:00,368.0,359.53
2025-09-03 13:00:00+00:00,2025-09-03 11:00:00+00:00,325.99,338.45
2025-09-03 04:00:00+00:00,2025-09-03 02:00:00+00:00,397.0,428.47
2025-09-03 05:00:00+00:00,2025-09-03 03:00:00+00:00,430.0,434.95
2025-09-03 03:00:00+00:00,2025-09-03 01:00:00+00:00,399.0,426.56
2025-10-19 00:00:00+00:00,2025-10-18 22:00:00+00:00,443.11,474.0525
2025-10-19 06:00:00+00:00,2025-10-19 04:00:00+00:00,435.99,459.2625
2025-10-19 09:00:00+00:00,2025-10-19 07:00:00+00:00,399.99,425.94500000000005
2025-10-19 20:00:00+00:00,2025-10-19 18:00:00+00:00,504.4,578.3025
2025-10-19 18:00:00+00:00,2025-10-19 16:00:00+00:00,650.01,667.9675
2025-10-19 19:00:00+00:00,2025-10-19 17:00:00+00:00,623.15,701.9275
2025-10-19 21:00:00+00:00,2025-10-19 19:00:00+00:00,464.7,502.09000000000003
2025-10-19 08:00:00+00:00,2025-10-19 06:00:00+00:00,451.47,429.06000000000006
2025-10-19 10:00:00+00:00,2025-10-19 08:00:00+00:00,365.22,351.9075
2025-10-19 23:00:00+00:00,2025-10-19 21:00:00+00:00,422.52,418.6975
2025-10-19 22:00:00+00:00,2025-10-19 20:00:00+00:00,451.5,438.9875
2025-10-19 11:00:00+00:00,2025-10-19 09:00:00+00:00,294.26,263.5725
2025-10-19 07:00:00+00:00,2025-10-19 05:00:00+00:00,459.0,422.99
2025-10-19 04:00:00+00:00,2025-10-19 02:00:00+00:00,430.0,436.605
2025-10-19 02:00:00+00:00,2025-10-19 00:00:00+00:00,417.99,416.52500000000003
2025-10-19 03:00:00+00:00,2025-10-19 01:00:00+00:00,417.99,420.7275
2025-10-19 01:00:00+00:00,2025-10-18 23:00:00+00:00,417.99,428.0225
2025-10-19 05:00:00+00:00,2025-10-19 03:00:00+00:00,459.99,451.59000000000003
2025-10-19 17:00:00+00:00,2025-10-19 15:00:00+00:00,619.0,601.345
2025-10-19 12:00:00+00:00,2025-10-19 10:00:00+00:00,211.1,148.21000000000004
2025-10-19 13:00:00+00:00,2025-10-19 11:00:00+00:00,213.6,121.35
2025-10-19 14:00:00+00:00,2025-10-19 12:00:00+00:00,294.26,230.51500000000001
2025-10-19 15:00:00+00:00,2025-10-19 13:00:00+00:00,382.26,368.155
2025-10-19 16:00:00+00:00,2025-10-19 14:00:00+00:00,495.0,464.555
2025-08-18 21:00:00+00:00,2025-08-18 19:00:00+00:00,720.0,540.62
2025-08-18 08:00:00+00:00,2025-08-18 06:00:00+00:00,476.86,467.33
2025-08-18 06:00:00+00:00,2025-08-18 04:00:00+00:00,546.6,502.73
2025-08-18 02:00:00+00:00,2025-08-18 00:00:00+00:00,390.0,358.65
2025-08-18 05:00:00+00:00,2025-08-18 03:00:00+00:00,423.55,422.99
2025-08-18 04:00:00+00:00,2025-08-18 02:00:00+00:00,397.66,377.61
2025-08-18 23:00:00+00:00,2025-08-18 21:00:00+00:00,465.36,433.98
2025-08-18 00:00:00+00:00,2025-08-17 22:00:00+00:00,407.36,391.08
2025-08-18 01:00:00+00:00,2025-08-17 23:00:00+00:00,394.81,371.55
2025-08-18 03:00:00+00:00,2025-08-18 01:00:00+00:00,388.99,355.03
2025-08-18 18:00:00+00:00,2025-08-18 16:00:00+00:00,536.7,476.57
2025-08-18 19:00:00+00:00,2025-08-18 17:00:00+00:00,1048.0,825.36
2025-08-18 20:00:00+00:00,2025-08-18 18:00:00+00:00,1270.12,1036.8
2025-08-18 22:00:00+00:00,2025-08-18 20:00:00+00:00,525.0,458.63
2025-08-18 07:00:00+00:00,2025-08-18 05:00:00+00:00,550.7,558.57
2025-08-18 15:00:00+00:00,2025-08-18 13:00:00+00:00,412.45,451.17
2025-08-18 13:00:00+00:00,2025-08-18 11:00:00+00:00,372.07,390.53
2025-08-18 14:00:00+00:00,2025-08-18 12:00:00+00:00,397.0,414.92
2025-08-18 12:00:00+00:00,2025-08-18 10:00:00+00:00,388.01,392.87
2025-08-18 10:00:00+00:00,2025-08-18 08:00:00+00:00,400.0,398.93
2025-08-18 11:00:00+00:00,2025-08-18 09:00:00+00:00,400.0,382.78
2025-08-18 17:00:00+00:00,2025-08-18 15:00:00+00:00,421.9,399.76
2025-08-18 09:00:00+00:00,2025-08-18 07:00:00+00:00,435.82,399.39
2025-08-18 16:00:00+00:00,2025-08-18 14:00:00+00:00,412.45,417.61
2025-11-05 02:00:00+00:00,2025-11-05 01:00:00+00:00,393.99,406.86249999999995
2025-11-05 08:00:00+00:00,2025-11-05 07:00:00+00:00,427.27,486.72249999999997
2025-11-05 01:00:00+00:00,2025-11-05 00:00:00+00:00,400.0,415.8125
2025-11-05 14:00:00+00:00,2025-11-05 13:00:00+00:00,442.92,448.6825
2025-11-05 00:00:00+00:00,2025-11-04 23:00:00+00:00,410.0,438.4375
2025-11-05 22:00:00+00:00,2025-11-05 21:00:00+00:00,432.0,408.39250000000004
2025-11-05 18:00:00+00:00,2025-11-05 17:00:00+00:00,572.88,535.2275
2025-11-05 23:00:00+00:00,2025-11-05 22:00:00+00:00,410.0,385.5575
2025-11-05 10:00:00+00:00,2025-11-05 09:00:00+00:00,358.33,342.4125
2025-11-05 11:00:00+00:00,2025-11-05 10:00:00+00:00,358.33,338.5575
2025-11-05 09:00:00+00:00,2025-11-05 08:00:00+00:00,363.6,387.4675
2025-11-05 05:00:00+00:00,2025-11-05 04:00:00+00:00,416.45,436.575
2025-11-05 12:00:00+00:00,2025-11-05 11:00:00+00:00,364.23,375.1825
2025-11-05 06:00:00+00:00,2025-11-05 05:00:00+00:00,502.0,514.4350000000001
2025-11-05 07:00:00+00:00,2025-11-05 06:00:00+00:00,500.0,486.84749999999997
2025-11-05 03:00:00+00:00,2025-11-05 02:00:00+00:00,400.0,410.445
2025-11-05 04:00:00+00:00,2025-11-05 03:00:00+00:00,409.06,431.2075
2025-11-05 15:00:00+00:00,2025-11-05 14:00:00+00:00,530.0,532.4250000000001
2025-11-05 20:00:00+00:00,2025-11-05 19:00:00+00:00,509.53,444.7825
2025-11-05 17:00:00+00:00,2025-11-05 16:00:00+00:00,694.69,637.56
2025-11-05 21:00:00+00:00,2025-11-05 20:00:00+00:00,448.94,427.98749999999995
2025-11-05 19:00:00+00:00,2025-11-05 18:00:00+00:00,554.13,471.78
2025-11-05 16:00:00+00:00,2025-11-05 15:00:00+00:00,641.0,660.7
2025-11-05 13:00:00+00:00,2025-11-05 12:00:00+00:00,397.99,430.2
2025-09-13 10:00:00+00:00,2025-09-13 08:00:00+00:00,437.7,470.19
2025-09-13 11:00:00+00:00,2025-09-13 09:00:00+00:00,437.66,380.19
2025-09-13 09:00:00+00:00,2025-09-13 07:00:00+00:00,469.15,480.64
2025-09-13 08:00:00+00:00,2025-09-13 06:00:00+00:00,553.0,513.38
2025-09-13 07:00:00+00:00,2025-09-13 05:00:00+00:00,452.88,440.66
2025-09-13 15:00:00+00:00,2025-09-13 13:00:00+00:00,618.0,614.87
2025-09-13 16:00:00+00:00,2025-09-13 14:00:00+00:00,648.8,800.89
2025-09-13 23:00:00+00:00,2025-09-13 21:00:00+00:00,426.61,461.79
2025-09-13 02:00:00+00:00,2025-09-13 00:00:00+00:00,430.0,438.3
2025-09-13 06:00:00+00:00,2025-09-13 04:00:00+00:00,440.4,438.96
2025-09-13 04:00:00+00:00,2025-09-13 02:00:00+00:00,439.0,430.55
2025-09-13 03:00:00+00:00,2025-09-13 01:00:00+00:00,432.14,433.06
2025-09-13 05:00:00+00:00,2025-09-13 03:00:00+00:00,454.8,451.88
2025-09-13 19:00:00+00:00,2025-09-13 17:00:00+00:00,780.0,830.08
2025-09-13 01:00:00+00:00,2025-09-12 23:00:00+00:00,434.87,442.89
2025-09-13 00:00:00+00:00,2025-09-12 22:00:00+00:00,461.26,476.04
2025-09-13 22:00:00+00:00,2025-09-13 20:00:00+00:00,439.0,495.69
2025-09-13 21:00:00+00:00,2025-09-13 19:00:00+00:00,490.71,525.58
2025-09-13 20:00:00+00:00,2025-09-13 18:00:00+00:00,620.0,645.06
2025-09-13 17:00:00+00:00,2025-09-13 15:00:00+00:00,609.0,678.08
2025-09-13 18:00:00+00:00,2025-09-13 16:00:00+00:00,634.84,684.92
2025-09-13 14:00:00+00:00,2025-09-13 12:00:00+00:00,500.0,485.18
2025-09-13 12:00:00+00:00,2025-09-13 10:00:00+00:00,437.66,362.15
2025-09-13 13:00:00+00:00,2025-09-13 11:00:00+00:00,439.05,372.95
2025-10-15 01:00:00+00:00,2025-10-14 23:00:00+00:00,460.0,485.01
2025-10-15 03:00:00+00:00,2025-10-15 01:00:00+00:00,458.0,465.52
2025-10-15 04:00:00+00:00,2025-10-15 02:00:00+00:00,452.0,477.52250000000004
2025-10-15 08:00:00+00:00,2025-10-15 06:00:00+00:00,1094.0,1186.05
2025-10-15 00:00:00+00:00,2025-10-14 22:00:00+00:00,477.76,498.90250000000003
2025-10-15 09:00:00+00:00,2025-10-15 07:00:00+00:00,769.0,772.7075
2025-10-15 11:00:00+00:00,2025-10-15 09:00:00+00:00,520.26,546.6374999999999
2025-10-15 07:00:00+00:00,2025-10-15 05:00:00+00:00,1201.6,1225.9924999999998
2025-10-15 10:00:00+00:00,2025-10-15 08:00:00+00:00,579.9,586.7425000000001
2025-10-15 05:00:00+00:00,2025-10-15 03:00:00+00:00,473.22,492.09000000000003
2025-10-15 02:00:00+00:00,2025-10-15 00:00:00+00:00,462.0,477.52
2025-10-15 06:00:00+00:00,2025-10-15 04:00:00+00:00,702.8,662.9675
2025-10-15 22:00:00+00:00,2025-10-15 20:00:00+00:00,489.3,435.6625
2025-10-15 21:00:00+00:00,2025-10-15 19:00:00+00:00,523.81,472.6925
2025-10-15 23:00:00+00:00,2025-10-15 21:00:00+00:00,452.6,451.4125
2025-10-15 20:00:00+00:00,2025-10-15 18:00:00+00:00,759.0,580.415
2025-10-15 13:00:00+00:00,2025-10-15 11:00:00+00:00,470.0,492.23749999999995
2025-10-15 15:00:00+00:00,2025-10-15 13:00:00+00:00,531.58,540.58
2025-10-15 14:00:00+00:00,2025-10-15 12:00:00+00:00,500.0,550.645
2025-10-15 12:00:00+00:00,2025-10-15 10:00:00+00:00,471.0,519.0625
2025-10-15 16:00:00+00:00,2025-10-15 14:00:00+00:00,654.2,605.0075
2025-10-15 18:00:00+00:00,2025-10-15 16:00:00+00:00,1100.01,872.43
2025-10-15 19:00:00+00:00,2025-10-15 17:00:00+00:00,1193.0,885.85
2025-10-15 17:00:00+00:00,2025-10-15 15:00:00+00:00,849.0,673.1
2025-11-10 14:00:00+00:00,2025-11-10 13:00:00+00:00,650.0,698.095
2025-11-10 20:00:00+00:00,2025-11-10 19:00:00+00:00,666.4,736.9075
2025-11-10 16:00:00+00:00,2025-11-10 15:00:00+00:00,865.1,997.0274999999999
2025-11-10 22:00:00+00:00,2025-11-10 21:00:00+00:00,473.26,491.505
2025-11-10 23:00:00+00:00,2025-11-10 22:00:00+00:00,432.0,435.925
2025-11-10 15:00:00+00:00,2025-11-10 14:00:00+00:00,780.0,812.17
2025-11-10 11:00:00+00:00,2025-11-10 10:00:00+00:00,574.2,509.475
2025-11-10 10:00:00+00:00,2025-11-10 09:00:00+00:00,597.3,558.4100000000001
2025-11-10 01:00:00+00:00,2025-11-10 00:00:00+00:00,426.55,377.82
2025-11-10 00:00:00+00:00,2025-11-09 23:00:00+00:00,430.0,383.6625
2025-11-10 05:00:00+00:00,2025-11-10 04:00:00+00:00,436.0,402.095
2025-11-10 09:00:00+00:00,2025-11-10 08:00:00+00:00,665.39,619.335
2025-11-10 04:00:00+00:00,2025-11-10 03:00:00+00:00,426.0,378.645
2025-11-10 08:00:00+00:00,2025-11-10 07:00:00+00:00,797.27,678.9549999999999
2025-11-10 21:00:00+00:00,2025-11-10 20:00:00+00:00,500.0,508.94
2025-11-10 19:00:00+00:00,2025-11-10 18:00:00+00:00,778.0,701.4425
2025-11-10 07:00:00+00:00,2025-11-10 06:00:00+00:00,738.0,620.1325
2025-11-10 17:00:00+00:00,2025-11-10 16:00:00+00:00,999.0,841.19
2025-11-10 18:00:00+00:00,2025-11-10 17:00:00+00:00,892.6,785.2550000000001
2025-11-10 06:00:00+00:00,2025-11-10 05:00:00+00:00,589.0,503.5475
2025-11-10 03:00:00+00:00,2025-11-10 02:00:00+00:00,419.55,379.83
2025-11-10 02:00:00+00:00,2025-11-10 01:00:00+00:00,426.0,383.5175
2025-11-10 12:00:00+00:00,2025-11-10 11:00:00+00:00,558.99,475.005
2025-11-10 13:00:00+00:00,2025-11-10 12:00:00+00:00,580.0,562.0375
2025-08-14 11:00:00+00:00,2025-08-14 09:00:00+00:00,220.0,287.29
2025-08-14 10:00:00+00:00,2025-08-14 08:00:00+00:00,286.36,334.66
2025-08-14 02:00:00+00:00,2025-08-14 00:00:00+00:00,404.0,404.44
2025-08-14 04:00:00+00:00,2025-08-14 02:00:00+00:00,404.0,404.28
2025-08-14 03:00:00+00:00,2025-08-14 01:00:00+00:00,404.0,404.44
2025-08-14 14:00:00+00:00,2025-08-14 12:00:00+00:00,208.87,234.18
2025-08-14 01:00:00+00:00,2025-08-13 23:00:00+00:00,412.1,408.44
2025-08-14 15:00:00+00:00,2025-08-14 13:00:00+00:00,310.89,296.16
2025-08-14 13:00:00+00:00,2025-08-14 11:00:00+00:00,155.96,177.34
2025-08-14 12:00:00+00:00,2025-08-14 10:00:00+00:00,154.11,225.35
2025-08-14 16:00:00+00:00,2025-08-14 14:00:00+00:00,391.0,408.44
2025-08-14 19:00:00+00:00,2025-08-14 17:00:00+00:00,1110.0,1066.71
2025-08-14 20:00:00+00:00,2025-08-14 18:00:00+00:00,1220.66,1216.8
2025-08-14 07:00:00+00:00,2025-08-14 05:00:00+00:00,494.1,471.14
2025-08-14 08:00:00+00:00,2025-08-14 06:00:00+00:00,466.0,427.2
2025-08-14 00:00:00+00:00,2025-08-13 22:00:00+00:00,430.0,418.45
2025-08-14 06:00:00+00:00,2025-08-14 04:00:00+00:00,500.0,477.7
2025-08-14 22:00:00+00:00,2025-08-14 20:00:00+00:00,520.0,516.17
2025-08-14 17:00:00+00:00,2025-08-14 15:00:00+00:00,451.9,461.61
2025-08-14 09:00:00+00:00,2025-08-14 07:00:00+00:00,378.6,391.44
2025-08-14 05:00:00+00:00,2025-08-14 03:00:00+00:00,425.75,420.46
2025-08-14 18:00:00+00:00,2025-08-14 16:00:00+00:00,663.54,650.31
2025-08-14 21:00:00+00:00,2025-08-14 19:00:00+00:00,700.0,664.66
2025-08-14 23:00:00+00:00,2025-08-14 21:00:00+00:00,450.0,451.92
2025-10-26 15:00:00+00:00,2025-10-26 14:00:00+00:00,379.18,384.8925
2025-10-26 21:00:00+00:00,2025-10-26 20:00:00+00:00,351.82,452.8325
2025-10-26 14:00:00+00:00,2025-10-26 13:00:00+00:00,119.0,199.62
2025-10-26 16:00:00+00:00,2025-10-26 15:00:00+00:00,409.99,478.31499999999994
2025-10-26 00:00:00+00:00,2025-10-25 22:00:00+00:00,182.12,316.90999999999997
2025-10-26 02:00:00+00:00,2025-10-26 00:00:00+00:00,0.02,170.35750000000002
2025-10-26 03:00:00+00:00,2025-10-26 02:00:00+00:00,1.0,119.5925
2025-10-26 01:00:00+00:00,2025-10-25 23:00:00+00:00,22.0,199.20000000000002
2025-10-26 12:00:00+00:00,2025-10-26 11:00:00+00:00,0.0,18.33
2025-10-26 22:00:00+00:00,2025-10-26 21:00:00+00:00,279.01,333.78000000000003
2025-10-26 09:00:00+00:00,2025-10-26 08:00:00+00:00,0.0,96.9
2025-10-26 02:00:00+00:00,2025-10-26 01:00:00+00:00,2.67,129.97
2025-10-26 23:00:00+00:00,2025-10-26 22:00:00+00:00,62.0,99.83250000000001
2025-10-26 05:00:00+00:00,2025-10-26 04:00:00+00:00,5.0,161.8525
2025-10-26 18:00:00+00:00,2025-10-26 17:00:00+00:00,401.0,474.03249999999997
2025-10-26 20:00:00+00:00,2025-10-26 19:00:00+00:00,362.24,417.69
2025-10-26 08:00:00+00:00,2025-10-26 07:00:00+00:00,7.68,106.54249999999999
2025-10-26 11:00:00+00:00,2025-10-26 10:00:00+00:00,-1.27,24.425
2025-10-26 06:00:00+00:00,2025-10-26 05:00:00+00:00,50.01,180.94
2025-10-26 17:00:00+00:00,2025-10-26 16:00:00+00:00,409.6,525.6550000000001
2025-10-26 04:00:00+00:00,2025-10-26 03:00:00+00:00,1.0,117.57500000000002
2025-10-26 10:00:00+00:00,2025-10-26 09:00:00+00:00,-1.0,44.44
2025-10-26 07:00:00+00:00,2025-10-26 06:00:00+00:00,57.99,143.09
2025-10-26 19:00:00+00:00,2025-10-26 18:00:00+00:00,390.0,444.61
2025-10-26 13:00:00+00:00,2025-10-26 12:00:00+00:00,0.01,29.877499999999998
2025-07-29 05:00:00+00:00,2025-07-29 03:00:00+00:00,361.0,405.86
2025-07-29 15:00:00+00:00,2025-07-29 13:00:00+00:00,205.9,105.22
2025-07-29 21:00:00+00:00,2025-07-29 19:00:00+00:00,650.0,584.78
2025-07-29 10:00:00+00:00,2025-07-29 08:00:00+00:00,298.37,291.63
2025-07-29 23:00:00+00:00,2025-07-29 21:00:00+00:00,459.7,443.66
2025-07-29 12:00:00+00:00,2025-07-29 10:00:00+00:00,195.21,100.11
2025-07-29 17:00:00+00:00,2025-07-29 15:00:00+00:00,438.0,393.89
2025-07-29 13:00:00+00:00,2025-07-29 11:00:00+00:00,129.41,31.89
2025-07-29 00:00:00+00:00,2025-07-28 22:00:00+00:00,381.0,374.97
2025-07-29 20:00:00+00:00,2025-07-29 18:00:00+00:00,838.12,812.06
2025-07-29 09:00:00+00:00,2025-07-29 07:00:00+00:00,362.0,348.81
2025-07-29 19:00:00+00:00,2025-07-29 17:00:00+00:00,672.72,623.55
2025-07-29 08:00:00+00:00,2025-07-29 06:00:00+00:00,420.0,415.87
2025-07-29 01:00:00+00:00,2025-07-28 23:00:00+00:00,352.67,365.49
2025-07-29 06:00:00+00:00,2025-07-29 04:00:00+00:00,433.4,433.88
2025-07-29 11:00:00+00:00,2025-07-29 09:00:00+00:00,237.66,229.97
2025-07-29 14:00:00+00:00,2025-07-29 12:00:00+00:00,120.0,57.95
2025-07-29 22:00:00+00:00,2025-07-29 20:00:00+00:00,532.22,492.35
2025-07-29 18:00:00+00:00,2025-07-29 16:00:00+00:00,518.0,480.1
2025-07-29 02:00:00+00:00,2025-07-29 00:00:00+00:00,342.56,360.13
2025-07-29 04:00:00+00:00,2025-07-29 02:00:00+00:00,352.67,366.44
2025-07-29 03:00:00+00:00,2025-07-29 01:00:00+00:00,349.2,357.27
2025-07-29 07:00:00+00:00,2025-07-29 05:00:00+00:00,435.8,465.22
2025-07-29 16:00:00+00:00,2025-07-29 14:00:00+00:00,342.2,301.34
2025-08-19 00:00:00+00:00,2025-08-18 22:00:00+00:00,435.0,430.2
2025-08-19 08:00:00+00:00,2025-08-19 06:00:00+00:00,431.0,417.86
2025-08-19 02:00:00+00:00,2025-08-19 00:00:00+00:00,400.0,375.3
2025-08-19 04:00:00+00:00,2025-08-19 02:00:00+00:00,402.0,383.12
2025-08-19 06:00:00+00:00,2025-08-19 04:00:00+00:00,514.0,473.09
2025-08-19 01:00:00+00:00,2025-08-18 23:00:00+00:00,411.87,403.51
2025-08-19 07:00:00+00:00,2025-08-19 05:00:00+00:00,489.0,467.57
2025-08-19 22:00:00+00:00,2025-08-19 20:00:00+00:00,467.63,445.71
2025-08-19 20:00:00+00:00,2025-08-19 18:00:00+00:00,1094.72,1019.45
2025-08-19 03:00:00+00:00,2025-08-19 01:00:00+00:00,399.73,367.4
2025-08-19 21:00:00+00:00,2025-08-19 19:00:00+00:00,590.0,536.76
2025-08-19 05:00:00+00:00,2025-08-19 03:00:00+00:00,428.0,436.18
2025-08-19 09:00:00+00:00,2025-08-19 07:00:00+00:00,361.38,377.43
2025-08-19 10:00:00+00:00,2025-08-19 08:00:00+00:00,253.5,296.76
2025-08-19 18:00:00+00:00,2025-08-19 16:00:00+00:00,530.1,661.46
2025-08-19 19:00:00+00:00,2025-08-19 17:00:00+00:00,938.0,941.89
2025-08-19 11:00:00+00:00,2025-08-19 09:00:00+00:00,177.4,184.21
2025-08-19 16:00:00+00:00,2025-08-19 14:00:00+00:00,381.0,415.42
2025-08-19 15:00:00+00:00,2025-08-19 13:00:00+00:00,319.0,332.36
2025-08-19 14:00:00+00:00,2025-08-19 12:00:00+00:00,202.3,295.18
2025-08-19 12:00:00+00:00,2025-08-19 10:00:00+00:00,75.0,108.66
2025-08-19 13:00:00+00:00,2025-08-19 11:00:00+00:00,165.99,213.01
2025-08-19 17:00:00+00:00,2025-08-19 15:00:00+00:00,402.0,411.23
2025-08-19 23:00:00+00:00,2025-08-19 21:00:00+00:00,409.44,418.72
2025-08-13 17:00:00+00:00,2025-08-13 15:00:00+00:00,485.72,412.32
2025-08-13 03:00:00+00:00,2025-08-13 01:00:00+00:00,400.0,371.86
2025-08-13 02:00:00+00:00,2025-08-13 00:00:00+00:00,405.0,378.24
2025-08-13 04:00:00+00:00,2025-08-13 02:00:00+00:00,405.0,375.41
2025-08-13 05:00:00+00:00,2025-08-13 03:00:00+00:00,414.59,401.05
2025-08-13 01:00:00+00:00,2025-08-12 23:00:00+00:00,420.0,383.99
2025-08-13 09:00:00+00:00,2025-08-13 07:00:00+00:00,355.0,332.37
2025-08-13 06:00:00+00:00,2025-08-13 04:00:00+00:00,475.0,465.42
2025-08-13 00:00:00+00:00,2025-08-12 22:00:00+00:00,435.8,414.21
2025-08-13 11:00:00+00:00,2025-08-13 09:00:00+00:00,101.0,172.04
2025-08-13 14:00:00+00:00,2025-08-13 12:00:00+00:00,50.0,176.72
2025-08-13 12:00:00+00:00,2025-08-13 10:00:00+00:00,15.01,100.85
2025-08-13 16:00:00+00:00,2025-08-13 14:00:00+00:00,360.0,364.72
2025-08-13 13:00:00+00:00,2025-08-13 11:00:00+00:00,11.0,78.86
2025-08-13 22:00:00+00:00,2025-08-13 20:00:00+00:00,508.0,525.68
2025-08-13 15:00:00+00:00,2025-08-13 13:00:00+00:00,222.3,302.49
2025-08-13 07:00:00+00:00,2025-08-13 05:00:00+00:00,467.0,460.26
2025-08-13 08:00:00+00:00,2025-08-13 06:00:00+00:00,433.04,447.66
2025-08-13 10:00:00+00:00,2025-08-13 08:00:00+00:00,205.11,201.06
2025-08-13 23:00:00+00:00,2025-08-13 21:00:00+00:00,444.0,453.4
2025-08-13 21:00:00+00:00,2025-08-13 19:00:00+00:00,680.0,660.77
2025-08-13 19:00:00+00:00,2025-08-13 17:00:00+00:00,1100.07,971.08
2025-08-13 18:00:00+00:00,2025-08-13 16:00:00+00:00,650.0,590.66
2025-08-13 20:00:00+00:00,2025-08-13 18:00:00+00:00,1200.7,1113.23
2025-08-24 09:00:00+00:00,2025-08-24 07:00:00+00:00,15.0,-9.35
2025-08-24 08:00:00+00:00,2025-08-24 06:00:00+00:00,257.9,232.47
2025-08-24 21:00:00+00:00,2025-08-24 19:00:00+00:00,490.52,486.66
2025-08-24 05:00:00+00:00,2025-08-24 03:00:00+00:00,360.41,386.79
2025-08-24 06:00:00+00:00,2025-08-24 04:00:00+00:00,355.01,383.13
2025-08-24 02:00:00+00:00,2025-08-24 00:00:00+00:00,375.01,401.3
2025-08-24 01:00:00+00:00,2025-08-23 23:00:00+00:00,385.0,404.93
2025-08-24 03:00:00+00:00,2025-08-24 01:00:00+00:00,369.0,391.47
2025-08-24 07:00:00+00:00,2025-08-24 05:00:00+00:00,337.19,361.55
2025-08-24 04:00:00+00:00,2025-08-24 02:00:00+00:00,363.99,387.42
2025-08-24 18:00:00+00:00,2025-08-24 16:00:00+00:00,398.4,428.59
2025-08-24 00:00:00+00:00,2025-08-23 22:00:00+00:00,417.4,427.85
2025-08-24 19:00:00+00:00,2025-08-24 17:00:00+00:00,458.6,470.87
2025-08-24 23:00:00+00:00,2025-08-24 21:00:00+00:00,416.4,427.91
2025-08-24 20:00:00+00:00,2025-08-24 18:00:00+00:00,498.95,499.12
2025-08-24 22:00:00+00:00,2025-08-24 20:00:00+00:00,436.4,457.63
2025-08-24 15:00:00+00:00,2025-08-24 13:00:00+00:00,-10.4,-0.43
2025-08-24 12:00:00+00:00,2025-08-24 10:00:00+00:00,-40.12,-8.42
2025-08-24 13:00:00+00:00,2025-08-24 11:00:00+00:00,-57.5,-31.7
2025-08-24 10:00:00+00:00,2025-08-24 08:00:00+00:00,-7.99,-0.03
2025-08-24 17:00:00+00:00,2025-08-24 15:00:00+00:00,199.05,276.68
2025-08-24 11:00:00+00:00,2025-08-24 09:00:00+00:00,-32.01,-0.3
2025-08-24 16:00:00+00:00,2025-08-24 14:00:00+00:00,0.01,0.0
2025-08-24 14:00:00+00:00,2025-08-24 12:00:00+00:00,-44.2,-31.5
2025-10-03 07:00:00+00:00,2025-10-03 05:00:00+00:00,755.9,806.795
2025-10-03 02:00:00+00:00,2025-10-03 00:00:00+00:00,415.0,430.47
2025-10-03 03:00:00+00:00,2025-10-03 01:00:00+00:00,415.96,420.79
2025-10-03 04:00:00+00:00,2025-10-03 02:00:00+00:00,425.57,427.795
2025-10-03 01:00:00+00:00,2025-10-02 23:00:00+00:00,425.0,431.97
2025-10-03 00:00:00+00:00,2025-10-02 22:00:00+00:00,428.53,404.1925
2025-10-03 05:00:00+00:00,2025-10-03 03:00:00+00:00,460.58,435.4125
2025-10-03 22:00:00+00:00,2025-10-03 20:00:00+00:00,437.97,426.52500000000003
2025-10-03 11:00:00+00:00,2025-10-03 09:00:00+00:00,284.0,217.89
2025-10-03 19:00:00+00:00,2025-10-03 17:00:00+00:00,913.8,861.165
2025-10-03 10:00:00+00:00,2025-10-03 08:00:00+00:00,349.99,284.1575
2025-10-03 09:00:00+00:00,2025-10-03 07:00:00+00:00,395.0,411.9175
2025-10-03 20:00:00+00:00,2025-10-03 18:00:00+00:00,592.4,618.0825
2025-10-03 16:00:00+00:00,2025-10-03 14:00:00+00:00,451.35,451.85
2025-10-03 06:00:00+00:00,2025-10-03 04:00:00+00:00,650.0,670.145
2025-10-03 08:00:00+00:00,2025-10-03 06:00:00+00:00,520.0,526.1525
2025-10-03 12:00:00+00:00,2025-10-03 10:00:00+00:00,301.46,262.165
2025-10-03 17:00:00+00:00,2025-10-03 15:00:00+00:00,642.2,633.6025
2025-10-03 23:00:00+00:00,2025-10-03 21:00:00+00:00,379.0,402.44
2025-10-03 21:00:00+00:00,2025-10-03 19:00:00+00:00,448.59,475.52250000000004
2025-10-03 15:00:00+00:00,2025-10-03 13:00:00+00:00,428.63,443.01
2025-10-03 14:00:00+00:00,2025-10-03 12:00:00+00:00,389.0,384.0125
2025-10-03 18:00:00+00:00,2025-10-03 16:00:00+00:00,819.99,824.8874999999999
2025-10-03 13:00:00+00:00,2025-10-03 11:00:00+00:00,355.99,371.6575
2025-09-24 21:00:00+00:00,2025-09-24 19:00:00+00:00,434.69,413.61
2025-09-24 09:00:00+00:00,2025-09-24 07:00:00+00:00,450.0,420.29
2025-09-24 14:00:00+00:00,2025-09-24 12:00:00+00:00,190.0,146.86
2025-09-24 17:00:00+00:00,2025-09-24 15:00:00+00:00,525.06,472.22
2025-09-24 10:00:00+00:00,2025-09-24 08:00:00+00:00,377.2,310.59
2025-09-24 08:00:00+00:00,2025-09-24 06:00:00+00:00,527.44,513.3
2025-09-24 20:00:00+00:00,2025-09-24 18:00:00+00:00,588.85,509.94
2025-09-24 11:00:00+00:00,2025-09-24 09:00:00+00:00,290.0,231.56
2025-09-24 18:00:00+00:00,2025-09-24 16:00:00+00:00,638.9,543.11
2025-09-24 12:00:00+00:00,2025-09-24 10:00:00+00:00,190.0,135.3
2025-09-24 13:00:00+00:00,2025-09-24 11:00:00+00:00,150.0,86.21
2025-09-24 19:00:00+00:00,2025-09-24 17:00:00+00:00,884.41,808.52
2025-09-24 05:00:00+00:00,2025-09-24 03:00:00+00:00,427.11,449.66
2025-09-24 03:00:00+00:00,2025-09-24 01:00:00+00:00,400.0,433.29
2025-09-24 04:00:00+00:00,2025-09-24 02:00:00+00:00,400.0,433.44
2025-09-24 22:00:00+00:00,2025-09-24 20:00:00+00:00,439.0,454.66
2025-09-24 15:00:00+00:00,2025-09-24 13:00:00+00:00,314.0,359.15
2025-09-24 01:00:00+00:00,2025-09-23 23:00:00+00:00,410.2,439.65
2025-09-24 00:00:00+00:00,2025-09-23 22:00:00+00:00,427.11,441.66
2025-09-24 02:00:00+00:00,2025-09-24 00:00:00+00:00,400.0,436.47
2025-09-24 07:00:00+00:00,2025-09-24 05:00:00+00:00,585.47,665.93
2025-09-24 23:00:00+00:00,2025-09-24 21:00:00+00:00,396.0,440.56
2025-09-24 06:00:00+00:00,2025-09-24 04:00:00+00:00,530.0,529.73
2025-09-24 16:00:00+00:00,2025-09-24 14:00:00+00:00,400.0,387.3
2025-10-05 23:00:00+00:00,2025-10-05 21:00:00+00:00,147.99,173.38
2025-10-05 04:00:00+00:00,2025-10-05 02:00:00+00:00,0.0,-0.39249999999999996
2025-10-05 11:00:00+00:00,2025-10-05 09:00:00+00:00,-1.9,13.1525
2025-10-05 17:00:00+00:00,2025-10-05 15:00:00+00:00,379.7,452.51
2025-10-05 10:00:00+00:00,2025-10-05 08:00:00+00:00,-1.5,14.9925
2025-10-05 07:00:00+00:00,2025-10-05 05:00:00+00:00,0.0,3.5749999999999993
2025-10-05 01:00:00+00:00,2025-10-04 23:00:00+00:00,0.0,6.8475
2025-10-05 02:00:00+00:00,2025-10-05 00:00:00+00:00,0.0,-0.2825
2025-10-05 03:00:00+00:00,2025-10-05 01:00:00+00:00,0.0,-0.39250000000000007
2025-10-05 08:00:00+00:00,2025-10-05 06:00:00+00:00,0.0,0.0050000000000000044
2025-10-05 00:00:00+00:00,2025-10-04 22:00:00+00:00,0.0,20.875
2025-10-05 09:00:00+00:00,2025-10-05 07:00:00+00:00,-1.49,18.295
2025-10-05 05:00:00+00:00,2025-10-05 03:00:00+00:00,-0.99,0.08750000000000001
2025-10-05 06:00:00+00:00,2025-10-05 04:00:00+00:00,-0.01,-0.49
2025-10-05 21:00:00+00:00,2025-10-05 19:00:00+00:00,381.81,380.8375
2025-10-05 18:00:00+00:00,2025-10-05 16:00:00+00:00,400.0,416.19250000000005
2025-10-05 22:00:00+00:00,2025-10-05 20:00:00+00:00,311.0,298.5
2025-10-05 16:00:00+00:00,2025-10-05 14:00:00+00:00,178.58,349.8025
2025-10-05 12:00:00+00:00,2025-10-05 10:00:00+00:00,-1.5,17.534999999999997
2025-10-05 19:00:00+00:00,2025-10-05 17:00:00+00:00,431.26,440.725
2025-10-05 14:00:00+00:00,2025-10-05 12:00:00+00:00,-1.42,11.437499999999998
2025-10-05 15:00:00+00:00,2025-10-05 13:00:00+00:00,0.01,20.0775
2025-10-05 13:00:00+00:00,2025-10-05 11:00:00+00:00,-1.5,12.7925
2025-10-05 20:00:00+00:00,2025-10-05 18:00:00+00:00,366.64,386.15000000000003
2025-08-29 05:00:00+00:00,2025-08-29 03:00:00+00:00,428.0,403.85
2025-08-29 22:00:00+00:00,2025-08-29 20:00:00+00:00,485.5,465.52
2025-08-29 16:00:00+00:00,2025-08-29 14:00:00+00:00,428.0,490.54
2025-08-29 19:00:00+00:00,2025-08-29 17:00:00+00:00,830.0,750.84
2025-08-29 21:00:00+00:00,2025-08-29 19:00:00+00:00,630.0,597.91
2025-08-29 18:00:00+00:00,2025-08-29 16:00:00+00:00,667.0,687.77
2025-08-29 09:00:00+00:00,2025-08-29 07:00:00+00:00,447.0,468.7
2025-08-29 08:00:00+00:00,2025-08-29 06:00:00+00:00,493.2,505.56
2025-08-29 06:00:00+00:00,2025-08-29 04:00:00+00:00,474.44,490.54
2025-08-29 07:00:00+00:00,2025-08-29 05:00:00+00:00,501.4,512.67
2025-08-29 23:00:00+00:00,2025-08-29 21:00:00+00:00,440.0,415.46
2025-08-29 00:00:00+00:00,2025-08-28 22:00:00+00:00,398.99,372.88
2025-08-29 01:00:00+00:00,2025-08-28 23:00:00+00:00,385.21,365.68
2025-08-29 20:00:00+00:00,2025-08-29 18:00:00+00:00,890.0,815.9
2025-08-29 03:00:00+00:00,2025-08-29 01:00:00+00:00,389.0,372.88
2025-08-29 02:00:00+00:00,2025-08-29 00:00:00+00:00,380.0,363.19
2025-08-29 10:00:00+00:00,2025-08-29 08:00:00+00:00,434.0,428.47
2025-08-29 11:00:00+00:00,2025-08-29 09:00:00+00:00,435.5,427.98
2025-08-29 04:00:00+00:00,2025-08-29 02:00:00+00:00,404.4,405.44
2025-08-29 15:00:00+00:00,2025-08-29 13:00:00+00:00,434.97,460.9
2025-08-29 17:00:00+00:00,2025-08-29 15:00:00+00:00,500.0,463.98
2025-08-29 12:00:00+00:00,2025-08-29 10:00:00+00:00,434.0,375.43
2025-08-29 14:00:00+00:00,2025-08-29 12:00:00+00:00,434.97,419.75
2025-08-29 13:00:00+00:00,2025-08-29 11:00:00+00:00,432.0,398.63
2025-08-01 13:00:00+00:00,2025-08-01 11:00:00+00:00,311.99,325.19
2025-08-01 19:00:00+00:00,2025-08-01 17:00:00+00:00,600.0,618.1
2025-08-01 21:00:00+00:00,2025-08-01 19:00:00+00:00,590.0,610.44
2025-08-01 14:00:00+00:00,2025-08-01 12:00:00+00:00,311.99,340.37
2025-08-01 12:00:00+00:00,2025-08-01 10:00:00+00:00,291.8,308.34
2025-08-01 10:00:00+00:00,2025-08-01 08:00:00+00:00,342.0,334.21
2025-08-01 11:00:00+00:00,2025-08-01 09:00:00+00:00,332.42,312.08
2025-08-01 18:00:00+00:00,2025-08-01 16:00:00+00:00,505.0,500.56
2025-08-01 20:00:00+00:00,2025-08-01 18:00:00+00:00,728.0,656.66
2025-08-01 00:00:00+00:00,2025-07-31 22:00:00+00:00,450.0,450.51
2025-08-01 23:00:00+00:00,2025-08-01 21:00:00+00:00,457.82,448.94
2025-08-01 22:00:00+00:00,2025-08-01 20:00:00+00:00,506.8,501.66
2025-08-01 01:00:00+00:00,2025-07-31 23:00:00+00:00,429.47,421.84
2025-08-01 04:00:00+00:00,2025-08-01 02:00:00+00:00,412.5,402.83
2025-08-01 02:00:00+00:00,2025-08-01 00:00:00+00:00,417.1,393.2
2025-08-01 05:00:00+00:00,2025-08-01 03:00:00+00:00,432.9,431.74
2025-08-01 06:00:00+00:00,2025-08-01 04:00:00+00:00,482.0,456.38
2025-08-01 03:00:00+00:00,2025-08-01 01:00:00+00:00,416.0,379.14
2025-08-01 09:00:00+00:00,2025-08-01 07:00:00+00:00,402.44,422.6
2025-08-01 08:00:00+00:00,2025-08-01 06:00:00+00:00,448.0,453.91
2025-08-01 07:00:00+00:00,2025-08-01 05:00:00+00:00,463.0,471.4
2025-08-01 15:00:00+00:00,2025-08-01 13:00:00+00:00,376.7,376.73
2025-08-01 17:00:00+00:00,2025-08-01 15:00:00+00:00,411.0,387.72
2025-08-01 16:00:00+00:00,2025-08-01 14:00:00+00:00,397.0,358.87
2025-10-24 10:00:00+00:00,2025-10-24 08:00:00+00:00,458.33,469.565
2025-10-24 06:00:00+00:00,2025-10-24 04:00:00+00:00,483.76,485.56000000000006
2025-10-24 21:00:00+00:00,2025-10-24 19:00:00+00:00,339.0,382.3475
2025-10-24 20:00:00+00:00,2025-10-24 18:00:00+00:00,400.0,423.31
2025-10-24 15:00:00+00:00,2025-10-24 13:00:00+00:00,430.43,465.25
2025-10-24 16:00:00+00:00,2025-10-24 14:00:00+00:00,475.57,512.275
2025-10-24 13:00:00+00:00,2025-10-24 11:00:00+00:00,488.8,505.5675
2025-10-24 12:00:00+00:00,2025-10-24 10:00:00+00:00,450.0,477.82
2025-10-24 17:00:00+00:00,2025-10-24 15:00:00+00:00,575.26,644.2925
2025-10-24 22:00:00+00:00,2025-10-24 20:00:00+00:00,347.29,364.315
2025-10-24 05:00:00+00:00,2025-10-24 03:00:00+00:00,445.95,407.96500000000003
2025-10-24 07:00:00+00:00,2025-10-24 05:00:00+00:00,700.0,600.6750000000001
2025-10-24 09:00:00+00:00,2025-10-24 07:00:00+00:00,615.82,535.255
2025-10-24 11:00:00+00:00,2025-10-24 09:00:00+00:00,459.0,458.105
2025-10-24 03:00:00+00:00,2025-10-24 01:00:00+00:00,401.0,381.88250000000005
2025-10-24 02:00:00+00:00,2025-10-24 00:00:00+00:00,409.0,381.7775
2025-10-24 00:00:00+00:00,2025-10-23 22:00:00+00:00,445.86,423.625
2025-10-24 04:00:00+00:00,2025-10-24 02:00:00+00:00,427.68,387.67499999999995
2025-10-24 01:00:00+00:00,2025-10-23 23:00:00+00:00,409.0,407.0675
2025-10-24 14:00:00+00:00,2025-10-24 12:00:00+00:00,490.0,468.87750000000005
2025-10-24 18:00:00+00:00,2025-10-24 16:00:00+00:00,550.0,540.7850000000001
2025-10-24 08:00:00+00:00,2025-10-24 06:00:00+00:00,750.0,623.5325
2025-10-24 23:00:00+00:00,2025-10-24 21:00:00+00:00,281.99,275.495
2025-10-24 19:00:00+00:00,2025-10-24 17:00:00+00:00,477.0,497.0625
2025-09-17 07:00:00+00:00,2025-09-17 05:00:00+00:00,552.67,591.52
2025-09-17 08:00:00+00:00,2025-09-17 06:00:00+00:00,505.16,578.96
2025-09-17 06:00:00+00:00,2025-09-17 04:00:00+00:00,529.0,615.1
2025-09-17 04:00:00+00:00,2025-09-17 02:00:00+00:00,379.4,434.88
2025-09-17 20:00:00+00:00,2025-09-17 18:00:00+00:00,641.29,742.11
2025-09-17 21:00:00+00:00,2025-09-17 19:00:00+00:00,445.11,450.48
2025-09-17 18:00:00+00:00,2025-09-17 16:00:00+00:00,515.69,582.7
2025-09-17 19:00:00+00:00,2025-09-17 17:00:00+00:00,786.3,1102.65
2025-09-17 23:00:00+00:00,2025-09-17 21:00:00+00:00,398.35,401.44
2025-09-17 11:00:00+00:00,2025-09-17 09:00:00+00:00,205.0,184.06
2025-09-17 15:00:00+00:00,2025-09-17 13:00:00+00:00,239.0,195.12
2025-09-17 10:00:00+00:00,2025-09-17 08:00:00+00:00,323.58,294.62
2025-09-17 14:00:00+00:00,2025-09-17 12:00:00+00:00,120.0,49.66
2025-09-17 09:00:00+00:00,2025-09-17 07:00:00+00:00,431.32,427.64
2025-09-17 13:00:00+00:00,2025-09-17 11:00:00+00:00,90.11,35.92
2025-09-17 12:00:00+00:00,2025-09-17 10:00:00+00:00,110.76,50.39
2025-09-17 16:00:00+00:00,2025-09-17 14:00:00+00:00,367.4,356.7
2025-09-17 01:00:00+00:00,2025-09-16 23:00:00+00:00,365.0,366.61
2025-09-17 22:00:00+00:00,2025-09-17 20:00:00+00:00,459.0,438.48
2025-09-17 02:00:00+00:00,2025-09-17 00:00:00+00:00,366.67,366.69
2025-09-17 03:00:00+00:00,2025-09-17 01:00:00+00:00,370.0,378.75
2025-09-17 05:00:00+00:00,2025-09-17 03:00:00+00:00,431.43,468.32
2025-09-17 00:00:00+00:00,2025-09-16 22:00:00+00:00,383.99,379.81
2025-09-17 17:00:00+00:00,2025-09-17 15:00:00+00:00,445.2,460.51
2025-09-08 08:00:00+00:00,2025-09-08 06:00:00+00:00,505.4,532.36
2025-09-08 06:00:00+00:00,2025-09-08 04:00:00+00:00,541.68,648.13
2025-09-08 09:00:00+00:00,2025-09-08 07:00:00+00:00,427.78,434.38
2025-09-08 11:00:00+00:00,2025-09-08 09:00:00+00:00,320.0,326.91
2025-09-08 14:00:00+00:00,2025-09-08 12:00:00+00:00,341.0,347.44
2025-09-08 07:00:00+00:00,2025-09-08 05:00:00+00:00,610.0,673.5
2025-09-08 10:00:00+00:00,2025-09-08 08:00:00+00:00,365.21,365.82
2025-09-08 12:00:00+00:00,2025-09-08 10:00:00+00:00,295.99,314.86
2025-09-08 13:00:00+00:00,2025-09-08 11:00:00+00:00,290.0,326.99
2025-09-08 19:00:00+00:00,2025-09-08 17:00:00+00:00,1504.17,1904.27
2025-09-08 20:00:00+00:00,2025-09-08 18:00:00+00:00,1294.94,1475.37
2025-09-08 23:00:00+00:00,2025-09-08 21:00:00+00:00,449.5,458.45
2025-09-08 16:00:00+00:00,2025-09-08 14:00:00+00:00,424.03,432.7
2025-09-08 18:00:00+00:00,2025-09-08 16:00:00+00:00,899.0,1087.87
2025-09-08 17:00:00+00:00,2025-09-08 15:00:00+00:00,584.01,661.48
2025-09-08 22:00:00+00:00,2025-09-08 20:00:00+00:00,508.0,503.6
2025-09-08 15:00:00+00:00,2025-09-08 13:00:00+00:00,409.0,410.02
2025-09-08 21:00:00+00:00,2025-09-08 19:00:00+00:00,647.8,650.06
2025-09-08 04:00:00+00:00,2025-09-08 02:00:00+00:00,380.45,379.33
2025-09-08 02:00:00+00:00,2025-09-08 00:00:00+00:00,374.12,366.56
2025-09-08 03:00:00+00:00,2025-09-08 01:00:00+00:00,370.35,362.75
2025-09-08 01:00:00+00:00,2025-09-07 23:00:00+00:00,379.14,383.03
2025-09-08 05:00:00+00:00,2025-09-08 03:00:00+00:00,407.99,427.97
2025-09-08 00:00:00+00:00,2025-09-07 22:00:00+00:00,399.0,397.33
2025-09-07 01:00:00+00:00,2025-09-06 23:00:00+00:00,384.89,417.05
2025-09-07 20:00:00+00:00,2025-09-07 18:00:00+00:00,653.1,812.41
2025-09-07 21:00:00+00:00,2025-09-07 19:00:00+00:00,530.4,661.33
2025-09-07 23:00:00+00:00,2025-09-07 21:00:00+00:00,425.0,447.35
2025-09-07 22:00:00+00:00,2025-09-07 20:00:00+00:00,479.0,554.05
2025-09-07 19:00:00+00:00,2025-09-07 17:00:00+00:00,683.2,774.79
2025-09-07 18:00:00+00:00,2025-09-07 16:00:00+00:00,519.0,592.4
2025-09-07 06:00:00+00:00,2025-09-07 04:00:00+00:00,381.0,368.05
2025-09-07 11:00:00+00:00,2025-09-07 09:00:00+00:00,250.01,179.47
2025-09-07 10:00:00+00:00,2025-09-07 08:00:00+00:00,337.98,338.71
2025-09-07 15:00:00+00:00,2025-09-07 13:00:00+00:00,352.4,340.77
2025-09-07 13:00:00+00:00,2025-09-07 11:00:00+00:00,184.0,117.46
2025-09-07 12:00:00+00:00,2025-09-07 10:00:00+00:00,166.8,119.59
2025-09-07 14:00:00+00:00,2025-09-07 12:00:00+00:00,250.01,200.42
2025-09-07 17:00:00+00:00,2025-09-07 15:00:00+00:00,502.0,416.16
2025-09-07 09:00:00+00:00,2025-09-07 07:00:00+00:00,414.7,367.17
2025-09-07 08:00:00+00:00,2025-09-07 06:00:00+00:00,438.0,364.81
2025-09-07 07:00:00+00:00,2025-09-07 05:00:00+00:00,388.98,391.44
2025-09-07 04:00:00+00:00,2025-09-07 02:00:00+00:00,379.5,375.11
2025-09-07 00:00:00+00:00,2025-09-06 22:00:00+00:00,400.0,378.5
2025-09-07 02:00:00+00:00,2025-09-07 00:00:00+00:00,380.0,394.81
2025-09-07 05:00:00+00:00,2025-09-07 03:00:00+00:00,372.1,372.74
2025-09-07 03:00:00+00:00,2025-09-07 01:00:00+00:00,375.0,377.03
2025-09-07 16:00:00+00:00,2025-09-07 14:00:00+00:00,446.37,352.83
2025-10-16 16:00:00+00:00,2025-10-16 14:00:00+00:00,503.08,531.1925
2025-10-16 11:00:00+00:00,2025-10-16 09:00:00+00:00,407.99,435.3
2025-10-16 04:00:00+00:00,2025-10-16 02:00:00+00:00,442.0,459.15250000000003
2025-10-16 13:00:00+00:00,2025-10-16 11:00:00+00:00,431.4,433.53999999999996
2025-10-16 20:00:00+00:00,2025-10-16 18:00:00+00:00,511.0,555.62
2025-10-16 14:00:00+00:00,2025-10-16 12:00:00+00:00,446.13,466.13750000000005
2025-10-16 21:00:00+00:00,2025-10-16 19:00:00+00:00,459.99,484.9725
2025-10-16 18:00:00+00:00,2025-10-16 16:00:00+00:00,637.53,640.64
2025-10-16 17:00:00+00:00,2025-10-16 15:00:00+00:00,550.0,569.15
2025-10-16 10:00:00+00:00,2025-10-16 08:00:00+00:00,456.0,429.5775
2025-10-16 12:00:00+00:00,2025-10-16 10:00:00+00:00,420.0,412.97
2025-10-16 07:00:00+00:00,2025-10-16 05:00:00+00:00,570.1,506.34
2025-10-16 06:00:00+00:00,2025-10-16 04:00:00+00:00,504.7,517.4375
2025-10-16 08:00:00+00:00,2025-10-16 06:00:00+00:00,588.7,564.7225000000001
2025-10-16 09:00:00+00:00,2025-10-16 07:00:00+00:00,513.18,512.9325
2025-10-16 03:00:00+00:00,2025-10-16 01:00:00+00:00,452.0,448.4725
2025-10-16 19:00:00+00:00,2025-10-16 17:00:00+00:00,664.51,623.7950000000001
2025-10-16 22:00:00+00:00,2025-10-16 20:00:00+00:00,449.0,450.0475
2025-10-16 02:00:00+00:00,2025-10-16 00:00:00+00:00,452.0,450.1675
2025-10-16 00:00:00+00:00,2025-10-15 22:00:00+00:00,452.0,457.5775
2025-10-16 05:00:00+00:00,2025-10-16 03:00:00+00:00,439.0,453.2275
2025-10-16 15:00:00+00:00,2025-10-16 13:00:00+00:00,478.26,478.7975
2025-10-16 01:00:00+00:00,2025-10-15 23:00:00+00:00,450.0,451.65999999999997
2025-10-16 23:00:00+00:00,2025-10-16 21:00:00+00:00,442.0,451.7025
2025-11-06 22:00:00+00:00,2025-11-06 21:00:00+00:00,442.0,429.5575
2025-11-06 04:00:00+00:00,2025-11-06 03:00:00+00:00,438.0,436.7325
2025-11-06 07:00:00+00:00,2025-11-06 06:00:00+00:00,617.2,526.7075
2025-11-06 02:00:00+00:00,2025-11-06 01:00:00+00:00,433.0,433.65000000000003
2025-11-06 03:00:00+00:00,2025-11-06 02:00:00+00:00,436.85,432.95
2025-11-06 11:00:00+00:00,2025-11-06 10:00:00+00:00,371.0,360.15250000000003
2025-11-06 06:00:00+00:00,2025-11-06 05:00:00+00:00,562.0,518.12
2025-11-06 09:00:00+00:00,2025-11-06 08:00:00+00:00,396.99,388.8325
2025-11-06 10:00:00+00:00,2025-11-06 09:00:00+00:00,367.59,367.0875
2025-11-06 08:00:00+00:00,2025-11-06 07:00:00+00:00,494.99,501.0275
2025-11-06 05:00:00+00:00,2025-11-06 04:00:00+00:00,450.0,466.9375
2025-11-06 01:00:00+00:00,2025-11-06 00:00:00+00:00,433.0,434.4575
2025-11-06 00:00:00+00:00,2025-11-05 23:00:00+00:00,426.03,426.92249999999996
2025-11-06 15:00:00+00:00,2025-11-06 14:00:00+00:00,611.06,556.1475
2025-11-06 23:00:00+00:00,2025-11-06 22:00:00+00:00,413.0,393.1875
2025-11-06 14:00:00+00:00,2025-11-06 13:00:00+00:00,471.0,440.40250000000003
2025-11-06 13:00:00+00:00,2025-11-06 12:00:00+00:00,419.68,381.8225
2025-11-06 16:00:00+00:00,2025-11-06 15:00:00+00:00,712.37,625.46
2025-11-06 18:00:00+00:00,2025-11-06 17:00:00+00:00,631.0,604.3149999999999
2025-11-06 12:00:00+00:00,2025-11-06 11:00:00+00:00,391.0,362.5475
2025-11-06 21:00:00+00:00,2025-11-06 20:00:00+00:00,443.99,435.8025
2025-11-06 19:00:00+00:00,2025-11-06 18:00:00+00:00,562.5,561.7249999999999
2025-11-06 17:00:00+00:00,2025-11-06 16:00:00+00:00,718.21,676.5074999999999
2025-11-06 20:00:00+00:00,2025-11-06 19:00:00+00:00,524.49,489.81999999999994
2025-10-12 06:00:00+00:00,2025-10-12 04:00:00+00:00,354.5,379.6025
2025-10-12 14:00:00+00:00,2025-10-12 12:00:00+00:00,381.93,395.3525
2025-10-12 13:00:00+00:00,2025-10-12 11:00:00+00:00,380.0,388.465
2025-10-12 19:00:00+00:00,2025-10-12 17:00:00+00:00,589.0,465.0
2025-10-12 08:00:00+00:00,2025-10-12 06:00:00+00:00,398.99,379.4975
2025-10-12 18:00:00+00:00,2025-10-12 16:00:00+00:00,552.24,437.8825
2025-10-12 00:00:00+00:00,2025-10-11 22:00:00+00:00,420.6,411.62249999999995
2025-10-12 09:00:00+00:00,2025-10-12 07:00:00+00:00,380.0,379.1375
2025-10-12 20:00:00+00:00,2025-10-12 18:00:00+00:00,532.01,464.7875
2025-10-12 10:00:00+00:00,2025-10-12 08:00:00+00:00,380.0,369.225
2025-10-12 11:00:00+00:00,2025-10-12 09:00:00+00:00,370.01,363.07500000000005
2025-10-12 05:00:00+00:00,2025-10-12 03:00:00+00:00,365.99,381.88
2025-10-12 04:00:00+00:00,2025-10-12 02:00:00+00:00,370.01,376.88250000000005
2025-10-12 12:00:00+00:00,2025-10-12 10:00:00+00:00,371.99,369.02
2025-10-12 15:00:00+00:00,2025-10-12 13:00:00+00:00,403.99,384.1825
2025-10-12 22:00:00+00:00,2025-10-12 20:00:00+00:00,490.01,464.16499999999996
2025-10-12 17:00:00+00:00,2025-10-12 15:00:00+00:00,490.0,457.97749999999996
2025-10-12 23:00:00+00:00,2025-10-12 21:00:00+00:00,452.92,419.5975
2025-10-12 07:00:00+00:00,2025-10-12 05:00:00+00:00,380.14,382.4825
2025-10-12 02:00:00+00:00,2025-10-12 00:00:00+00:00,381.7,382.5575
2025-10-12 01:00:00+00:00,2025-10-11 23:00:00+00:00,397.9,396.83500000000004
2025-10-12 03:00:00+00:00,2025-10-12 01:00:00+00:00,375.4,371.9675
2025-10-12 16:00:00+00:00,2025-10-12 14:00:00+00:00,452.82,428.46000000000004
2025-10-12 21:00:00+00:00,2025-10-12 19:00:00+00:00,506.7,464.955
2025-10-06 22:00:00+00:00,2025-10-06 20:00:00+00:00,452.0,508.8125
2025-10-06 00:00:00+00:00,2025-10-05 22:00:00+00:00,67.6,145.0075
2025-10-06 06:00:00+00:00,2025-10-06 04:00:00+00:00,370.0,377.45500000000004
2025-10-06 11:00:00+00:00,2025-10-06 09:00:00+00:00,355.99,387.8325
2025-10-06 14:00:00+00:00,2025-10-06 12:00:00+00:00,370.0,419.51
2025-10-06 05:00:00+00:00,2025-10-06 03:00:00+00:00,236.45,247.66000000000003
2025-10-06 08:00:00+00:00,2025-10-06 06:00:00+00:00,447.06,487.295
2025-10-06 07:00:00+00:00,2025-10-06 05:00:00+00:00,435.24,445.2975
2025-10-06 09:00:00+00:00,2025-10-06 07:00:00+00:00,414.61,514.2149999999999
2025-10-06 10:00:00+00:00,2025-10-06 08:00:00+00:00,371.89,432.73
2025-10-06 23:00:00+00:00,2025-10-06 21:00:00+00:00,409.0,451.59000000000003
2025-10-06 15:00:00+00:00,2025-10-06 13:00:00+00:00,400.0,436.8225
2025-10-06 12:00:00+00:00,2025-10-06 10:00:00+00:00,335.0,386.2125
2025-10-06 13:00:00+00:00,2025-10-06 11:00:00+00:00,345.99,388.2125
2025-10-06 21:00:00+00:00,2025-10-06 19:00:00+00:00,425.99,512.815
2025-10-06 16:00:00+00:00,2025-10-06 14:00:00+00:00,441.26,514.7075
2025-10-06 01:00:00+00:00,2025-10-05 23:00:00+00:00,168.7,156.8175
2025-10-06 03:00:00+00:00,2025-10-06 01:00:00+00:00,135.99,92.05
2025-10-06 04:00:00+00:00,2025-10-06 02:00:00+00:00,176.48,84.5525
2025-10-06 18:00:00+00:00,2025-10-06 16:00:00+00:00,628.5,555.8425
2025-10-06 19:00:00+00:00,2025-10-06 17:00:00+00:00,813.3,682.64
2025-10-06 02:00:00+00:00,2025-10-06 00:00:00+00:00,120.0,123.59750000000001
2025-10-06 17:00:00+00:00,2025-10-06 15:00:00+00:00,561.7,568.8425
2025-10-06 20:00:00+00:00,2025-10-06 18:00:00+00:00,559.0,546.3375
2025-08-10 15:00:00+00:00,2025-08-10 13:00:00+00:00,-172.5,-90.07
2025-08-10 05:00:00+00:00,2025-08-10 03:00:00+00:00,335.99,361.44
2025-08-10 07:00:00+00:00,2025-08-10 05:00:00+00:00,227.38,309.25
2025-08-10 09:00:00+00:00,2025-08-10 07:00:00+00:00,-25.0,-0.04
2025-08-10 10:00:00+00:00,2025-08-10 08:00:00+00:00,-100.0,-14.02
2025-08-10 11:00:00+00:00,2025-08-10 09:00:00+00:00,-195.8,-66.54
2025-08-10 06:00:00+00:00,2025-08-10 04:00:00+00:00,301.0,354.35
2025-08-10 12:00:00+00:00,2025-08-10 10:00:00+00:00,-275.0,-168.23
2025-08-10 08:00:00+00:00,2025-08-10 06:00:00+00:00,46.2,112.52
2025-08-10 16:00:00+00:00,2025-08-10 14:00:00+00:00,-57.0,-10.59
2025-08-10 13:00:00+00:00,2025-08-10 11:00:00+00:00,-360.0,-262.4
2025-08-10 14:00:00+00:00,2025-08-10 12:00:00+00:00,-334.32,-224.46
2025-08-10 23:00:00+00:00,2025-08-10 21:00:00+00:00,435.8,423.04
2025-08-10 01:00:00+00:00,2025-08-09 23:00:00+00:00,373.79,356.86
2025-08-10 03:00:00+00:00,2025-08-10 01:00:00+00:00,354.72,350.79
2025-08-10 00:00:00+00:00,2025-08-09 22:00:00+00:00,398.0,362.47
2025-08-10 21:00:00+00:00,2025-08-10 19:00:00+00:00,515.2,518.44
2025-08-10 04:00:00+00:00,2025-08-10 02:00:00+00:00,350.5,352.29
2025-08-10 17:00:00+00:00,2025-08-10 15:00:00+00:00,0.0,2.61
2025-08-10 02:00:00+00:00,2025-08-10 00:00:00+00:00,357.01,357.36
2025-08-10 19:00:00+00:00,2025-08-10 17:00:00+00:00,453.26,481.43
2025-08-10 20:00:00+00:00,2025-08-10 18:00:00+00:00,512.8,536.68
2025-08-10 22:00:00+00:00,2025-08-10 20:00:00+00:00,486.5,457.97
2025-08-10 18:00:00+00:00,2025-08-10 16:00:00+00:00,334.1,366.53
2025-11-01 06:00:00+00:00,2025-11-01 05:00:00+00:00,333.28,312.8725
2025-11-01 03:00:00+00:00,2025-11-01 02:00:00+00:00,339.99,325.8925
2025-11-01 07:00:00+00:00,2025-11-01 06:00:00+00:00,338.21,229.32999999999998
2025-11-01 04:00:00+00:00,2025-11-01 03:00:00+00:00,345.0,289.505
2025-11-01 09:00:00+00:00,2025-11-01 08:00:00+00:00,131.99,112.52250000000001
2025-11-01 02:00:00+00:00,2025-11-01 01:00:00+00:00,345.48,319.52
2025-11-01 00:00:00+00:00,2025-10-31 23:00:00+00:00,383.98,469.32499999999993
2025-11-01 10:00:00+00:00,2025-11-01 09:00:00+00:00,10.0,78.01249999999999
2025-11-01 05:00:00+00:00,2025-11-01 04:00:00+00:00,341.99,316.61
2025-11-01 01:00:00+00:00,2025-11-01 00:00:00+00:00,373.28,381.14
2025-11-01 11:00:00+00:00,2025-11-01 10:00:00+00:00,10.11,67.175
2025-11-01 08:00:00+00:00,2025-11-01 07:00:00+00:00,241.41,178.28
2025-11-01 12:00:00+00:00,2025-11-01 11:00:00+00:00,50.62,89.59
2025-11-01 13:00:00+00:00,2025-11-01 12:00:00+00:00,150.0,134.3725
2025-11-01 14:00:00+00:00,2025-11-01 13:00:00+00:00,338.27,325.62
2025-11-01 23:00:00+00:00,2025-11-01 22:00:00+00:00,280.03,337.73749999999995
2025-11-01 21:00:00+00:00,2025-11-01 20:00:00+00:00,377.29,417.65500000000003
2025-11-01 19:00:00+00:00,2025-11-01 18:00:00+00:00,370.1,379.805
2025-11-01 20:00:00+00:00,2025-11-01 19:00:00+00:00,389.99,389.4325
2025-11-01 22:00:00+00:00,2025-11-01 21:00:00+00:00,352.25,369.135
2025-11-01 18:00:00+00:00,2025-11-01 17:00:00+00:00,373.7,411.31
2025-11-01 17:00:00+00:00,2025-11-01 16:00:00+00:00,380.75,417.22999999999996
2025-11-01 16:00:00+00:00,2025-11-01 15:00:00+00:00,380.75,431.765
2025-11-01 15:00:00+00:00,2025-11-01 14:00:00+00:00,427.99,420.2225
2025-09-11 20:00:00+00:00,2025-09-11 18:00:00+00:00,850.0,926.02
2025-09-11 07:00:00+00:00,2025-09-11 05:00:00+00:00,539.09,570.8
2025-09-11 19:00:00+00:00,2025-09-11 17:00:00+00:00,1319.2,1395.74
2025-09-11 18:00:00+00:00,2025-09-11 16:00:00+00:00,770.0,835.16
2025-09-11 05:00:00+00:00,2025-09-11 03:00:00+00:00,401.37,385.18
2025-09-11 03:00:00+00:00,2025-09-11 01:00:00+00:00,370.0,366.16
2025-09-11 06:00:00+00:00,2025-09-11 04:00:00+00:00,471.01,443.92
2025-09-11 11:00:00+00:00,2025-09-11 09:00:00+00:00,434.98,413.9
2025-09-11 01:00:00+00:00,2025-09-10 23:00:00+00:00,400.0,384.4
2025-09-11 02:00:00+00:00,2025-09-11 00:00:00+00:00,369.7,364.2
2025-09-11 09:00:00+00:00,2025-09-11 07:00:00+00:00,467.2,447.72
2025-09-11 00:00:00+00:00,2025-09-10 22:00:00+00:00,411.62,395.94
2025-09-11 16:00:00+00:00,2025-09-11 14:00:00+00:00,438.97,443.65
2025-09-11 04:00:00+00:00,2025-09-11 02:00:00+00:00,365.75,369.81
2025-09-11 08:00:00+00:00,2025-09-11 06:00:00+00:00,505.87,518.94
2025-09-11 10:00:00+00:00,2025-09-11 08:00:00+00:00,438.97,423.24
2025-09-11 17:00:00+00:00,2025-09-11 15:00:00+00:00,484.96,486.45
2025-09-11 12:00:00+00:00,2025-09-11 10:00:00+00:00,400.0,440.48
2025-09-11 23:00:00+00:00,2025-09-11 21:00:00+00:00,435.0,446.49
2025-09-11 14:00:00+00:00,2025-09-11 12:00:00+00:00,361.99,368.0
2025-09-11 15:00:00+00:00,2025-09-11 13:00:00+00:00,400.02,438.9
2025-09-11 13:00:00+00:00,2025-09-11 11:00:00+00:00,362.0,377.41
2025-09-11 22:00:00+00:00,2025-09-11 20:00:00+00:00,458.0,460.53
2025-09-11 21:00:00+00:00,2025-09-11 19:00:00+00:00,520.0,589.04
2025-08-16 18:00:00+00:00,2025-08-16 16:00:00+00:00,450.0,349.18
2025-08-16 08:00:00+00:00,2025-08-16 06:00:00+00:00,374.52,342.3
2025-08-16 21:00:00+00:00,2025-08-16 19:00:00+00:00,489.84,452.39
2025-08-16 23:00:00+00:00,2025-08-16 21:00:00+00:00,403.39,384.44
2025-08-16 03:00:00+00:00,2025-08-16 01:00:00+00:00,365.71,375.84
2025-08-16 10:00:00+00:00,2025-08-16 08:00:00+00:00,33.02,108.59
2025-08-16 01:00:00+00:00,2025-08-15 23:00:00+00:00,398.86,403.9
2025-08-16 22:00:00+00:00,2025-08-16 20:00:00+00:00,430.0,410.32
2025-08-16 00:00:00+00:00,2025-08-15 22:00:00+00:00,412.1,410.32
2025-08-16 11:00:00+00:00,2025-08-16 09:00:00+00:00,0.0,16.24
2025-08-16 05:00:00+00:00,2025-08-16 03:00:00+00:00,370.0,373.53
2025-08-16 12:00:00+00:00,2025-08-16 10:00:00+00:00,-2.71,0.72
2025-08-16 02:00:00+00:00,2025-08-16 00:00:00+00:00,376.3,394.44
2025-08-16 06:00:00+00:00,2025-08-16 04:00:00+00:00,382.46,388.28
2025-08-16 13:00:00+00:00,2025-08-16 11:00:00+00:00,-15.24,-0.03
2025-08-16 09:00:00+00:00,2025-08-16 07:00:00+00:00,201.0,284.58
2025-08-16 19:00:00+00:00,2025-08-16 17:00:00+00:00,487.33,448.6
2025-08-16 16:00:00+00:00,2025-08-16 14:00:00+00:00,5.0,-23.52
2025-08-16 15:00:00+00:00,2025-08-16 13:00:00+00:00,0.0,-0.1
2025-08-16 17:00:00+00:00,2025-08-16 15:00:00+00:00,337.0,330.72
2025-08-16 07:00:00+00:00,2025-08-16 05:00:00+00:00,378.87,384.19
2025-08-16 04:00:00+00:00,2025-08-16 02:00:00+00:00,366.4,368.32
2025-08-16 14:00:00+00:00,2025-08-16 12:00:00+00:00,-7.99,-0.04
2025-08-16 20:00:00+00:00,2025-08-16 18:00:00+00:00,546.0,481.33
2025-10-31 09:00:00+00:00,2025-10-31 08:00:00+00:00,409.0,364.15999999999997
2025-10-31 12:00:00+00:00,2025-10-31 11:00:00+00:00,350.0,330.0925
2025-10-31 10:00:00+00:00,2025-10-31 09:00:00+00:00,355.99,328.90250000000003
2025-10-31 08:00:00+00:00,2025-10-31 07:00:00+00:00,512.0,470.74
2025-10-31 15:00:00+00:00,2025-10-31 14:00:00+00:00,695.9,592.3275
2025-10-31 14:00:00+00:00,2025-10-31 13:00:00+00:00,527.99,482.29499999999996
2025-10-31 01:00:00+00:00,2025-10-31 00:00:00+00:00,283.49,185.2425
2025-10-31 03:00:00+00:00,2025-10-31 02:00:00+00:00,310.0,250.28250000000003
2025-10-31 05:00:00+00:00,2025-10-31 04:00:00+00:00,382.7,380.79
2025-10-31 02:00:00+00:00,2025-10-31 01:00:00+00:00,286.56,176.215
2025-10-31 00:00:00+00:00,2025-10-30 23:00:00+00:00,283.02,252.88
2025-10-31 21:00:00+00:00,2025-10-31 20:00:00+00:00,416.23,518.8
2025-10-31 23:00:00+00:00,2025-10-31 22:00:00+00:00,400.11,432.3225
2025-10-31 04:00:00+00:00,2025-10-31 03:00:00+00:00,329.13,330.29999999999995
2025-10-31 06:00:00+00:00,2025-10-31 05:00:00+00:00,544.0,528.7225
2025-10-31 17:00:00+00:00,2025-10-31 16:00:00+00:00,996.81,1235.7175
2025-10-31 19:00:00+00:00,2025-10-31 18:00:00+00:00,680.0,781.525
2025-10-31 11:00:00+00:00,2025-10-31 10:00:00+00:00,322.95,322.3
2025-10-31 07:00:00+00:00,2025-10-31 06:00:00+00:00,524.37,509.78749999999997
2025-10-31 20:00:00+00:00,2025-10-31 19:00:00+00:00,469.0,616.9225000000001
2025-10-31 18:00:00+00:00,2025-10-31 17:00:00+00:00,739.41,813.6299999999999
2025-10-31 16:00:00+00:00,2025-10-31 15:00:00+00:00,858.5,989.3125
2025-10-31 22:00:00+00:00,2025-10-31 21:00:00+00:00,424.05,455.4925
2025-10-31 13:00:00+00:00,2025-10-31 12:00:00+00:00,409.99,374.99249999999995
2025-10-18 05:00:00+00:00,2025-10-18 03:00:00+00:00,387.63,353.175
2025-10-18 02:00:00+00:00,2025-10-18 00:00:00+00:00,389.99,353.515
2025-10-18 06:00:00+00:00,2025-10-18 04:00:00+00:00,394.0,370.755
2025-10-18 19:00:00+00:00,2025-10-18 17:00:00+00:00,670.0,496.285
2025-10-18 03:00:00+00:00,2025-10-18 01:00:00+00:00,378.61,354.8425
2025-10-18 01:00:00+00:00,2025-10-17 23:00:00+00:00,401.0,365.08
2025-10-18 20:00:00+00:00,2025-10-18 18:00:00+00:00,500.0,458.195
2025-10-18 17:00:00+00:00,2025-10-18 15:00:00+00:00,552.72,510.7675
2025-10-18 00:00:00+00:00,2025-10-17 22:00:00+00:00,431.1,392.52500000000003
2025-10-18 18:00:00+00:00,2025-10-18 16:00:00+00:00,662.82,534.5875
2025-10-18 04:00:00+00:00,2025-10-18 02:00:00+00:00,385.99,362.5325
2025-10-18 22:00:00+00:00,2025-10-18 20:00:00+00:00,439.46,428.4775
2025-10-18 15:00:00+00:00,2025-10-18 13:00:00+00:00,375.7,366.7225
2025-10-18 16:00:00+00:00,2025-10-18 14:00:00+00:00,453.08,428.6375
2025-10-18 07:00:00+00:00,2025-10-18 05:00:00+00:00,433.6,442.28000000000003
2025-10-18 14:00:00+00:00,2025-10-18 12:00:00+00:00,291.99,325.79
2025-10-18 13:00:00+00:00,2025-10-18 11:00:00+00:00,284.0,306.87250000000006
2025-10-18 23:00:00+00:00,2025-10-18 21:00:00+00:00,413.99,431.01
2025-10-18 11:00:00+00:00,2025-10-18 09:00:00+00:00,313.99,349.615
2025-10-18 08:00:00+00:00,2025-10-18 06:00:00+00:00,448.77,451.2825
2025-10-18 09:00:00+00:00,2025-10-18 07:00:00+00:00,403.99,394.525
2025-10-18 10:00:00+00:00,2025-10-18 08:00:00+00:00,365.0,355.1025
2025-10-18 12:00:00+00:00,2025-10-18 10:00:00+00:00,282.0,326.09749999999997
2025-10-18 21:00:00+00:00,2025-10-18 19:00:00+00:00,457.71,427.53499999999997
2025-08-12 19:00:00+00:00,2025-08-12 17:00:00+00:00,944.78,946.46
2025-08-12 20:00:00+00:00,2025-08-12 18:00:00+00:00,1197.0,1253.29
2025-08-12 18:00:00+00:00,2025-08-12 16:00:00+00:00,559.01,584.66
2025-08-12 03:00:00+00:00,2025-08-12 01:00:00+00:00,416.8,363.74
2025-08-12 04:00:00+00:00,2025-08-12 02:00:00+00:00,420.0,371.21
2025-08-12 00:00:00+00:00,2025-08-11 22:00:00+00:00,446.94,396.23
2025-08-12 07:00:00+00:00,2025-08-12 05:00:00+00:00,510.0,448.87
2025-08-12 01:00:00+00:00,2025-08-11 23:00:00+00:00,427.42,382.06
2025-08-12 15:00:00+00:00,2025-08-12 13:00:00+00:00,208.11,149.35
2025-08-12 02:00:00+00:00,2025-08-12 00:00:00+00:00,416.0,363.9
2025-08-12 05:00:00+00:00,2025-08-12 03:00:00+00:00,444.0,404.71
2025-08-12 14:00:00+00:00,2025-08-12 12:00:00+00:00,29.0,21.94
2025-08-12 22:00:00+00:00,2025-08-12 20:00:00+00:00,519.0,486.84
2025-08-12 23:00:00+00:00,2025-08-12 21:00:00+00:00,450.0,417.35
2025-08-12 16:00:00+00:00,2025-08-12 14:00:00+00:00,371.0,362.77
2025-08-12 17:00:00+00:00,2025-08-12 15:00:00+00:00,442.69,428.88
2025-08-12 21:00:00+00:00,2025-08-12 19:00:00+00:00,697.0,671.28
2025-08-12 08:00:00+00:00,2025-08-12 06:00:00+00:00,450.0,418.39
2025-08-12 06:00:00+00:00,2025-08-12 04:00:00+00:00,535.0,462.11
2025-08-12 10:00:00+00:00,2025-08-12 08:00:00+00:00,185.99,179.93
2025-08-12 11:00:00+00:00,2025-08-12 09:00:00+00:00,41.0,103.82
2025-08-12 09:00:00+00:00,2025-08-12 07:00:00+00:00,340.0,365.5
2025-08-12 13:00:00+00:00,2025-08-12 11:00:00+00:00,5.0,12.78
2025-08-12 12:00:00+00:00,2025-08-12 10:00:00+00:00,1.0,35.69
2025-07-31 15:00:00+00:00,2025-07-31 13:00:00+00:00,376.78,402.16
2025-07-31 05:00:00+00:00,2025-07-31 03:00:00+00:00,438.0,414.56
2025-07-31 11:00:00+00:00,2025-07-31 09:00:00+00:00,365.6,305.85
2025-07-31 04:00:00+00:00,2025-07-31 02:00:00+00:00,419.0,407.4
2025-07-31 14:00:00+00:00,2025-07-31 12:00:00+00:00,365.84,342.37
2025-07-31 09:00:00+00:00,2025-07-31 07:00:00+00:00,435.84,390.44
2025-07-31 07:00:00+00:00,2025-07-31 05:00:00+00:00,459.77,432.96
2025-07-31 10:00:00+00:00,2025-07-31 08:00:00+00:00,382.14,315.32
2025-07-31 08:00:00+00:00,2025-07-31 06:00:00+00:00,450.0,402.07
2025-07-31 03:00:00+00:00,2025-07-31 01:00:00+00:00,430.0,416.45
2025-07-31 02:00:00+00:00,2025-07-31 00:00:00+00:00,419.0,416.45
2025-07-31 00:00:00+00:00,2025-07-30 22:00:00+00:00,445.66,454.81
2025-07-31 17:00:00+00:00,2025-07-31 15:00:00+00:00,440.0,390.21
2025-07-31 19:00:00+00:00,2025-07-31 17:00:00+00:00,661.2,585.88
2025-07-31 20:00:00+00:00,2025-07-31 18:00:00+00:00,759.0,665.21
2025-07-31 06:00:00+00:00,2025-07-31 04:00:00+00:00,472.71,462.38
2025-07-31 01:00:00+00:00,2025-07-30 23:00:00+00:00,438.0,434.47
2025-07-31 12:00:00+00:00,2025-07-31 10:00:00+00:00,305.2,265.96
2025-07-31 13:00:00+00:00,2025-07-31 11:00:00+00:00,320.0,258.77
2025-07-31 21:00:00+00:00,2025-07-31 19:00:00+00:00,622.3,573.19
2025-07-31 22:00:00+00:00,2025-07-31 20:00:00+00:00,515.9,528.89
2025-07-31 18:00:00+00:00,2025-07-31 16:00:00+00:00,508.1,480.72
2025-07-31 16:00:00+00:00,2025-07-31 14:00:00+00:00,415.02,415.22
2025-07-31 23:00:00+00:00,2025-07-31 21:00:00+00:00,450.9,440.67
2025-10-14 04:00:00+00:00,2025-10-14 02:00:00+00:00,460.0,454.4825
2025-10-14 06:00:00+00:00,2025-10-14 04:00:00+00:00,600.0,570.6275
2025-10-14 07:00:00+00:00,2025-10-14 05:00:00+00:00,818.4,885.0125
2025-10-14 08:00:00+00:00,2025-10-14 06:00:00+00:00,827.0,901.6775
2025-10-14 11:00:00+00:00,2025-10-14 09:00:00+00:00,491.15,517.4775
2025-10-14 05:00:00+00:00,2025-10-14 03:00:00+00:00,470.0,456.46000000000004
2025-10-14 10:00:00+00:00,2025-10-14 08:00:00+00:00,538.5,572.9449999999999
2025-10-14 09:00:00+00:00,2025-10-14 07:00:00+00:00,652.0,705.0849999999999
2025-10-14 03:00:00+00:00,2025-10-14 01:00:00+00:00,464.0,452.81
2025-10-14 02:00:00+00:00,2025-10-14 00:00:00+00:00,464.0,454.46750000000003
2025-10-14 01:00:00+00:00,2025-10-13 23:00:00+00:00,460.0,455.8625
2025-10-14 00:00:00+00:00,2025-10-13 22:00:00+00:00,470.0,474.09000000000003
2025-10-14 16:00:00+00:00,2025-10-14 14:00:00+00:00,711.0,811.9124999999999
2025-10-14 18:00:00+00:00,2025-10-14 16:00:00+00:00,1310.42,1686.305
2025-10-14 14:00:00+00:00,2025-10-14 12:00:00+00:00,500.0,511.6375
2025-10-14 20:00:00+00:00,2025-10-14 18:00:00+00:00,936.78,963.6374999999999
2025-10-14 12:00:00+00:00,2025-10-14 10:00:00+00:00,481.84,470.645
2025-10-14 13:00:00+00:00,2025-10-14 11:00:00+00:00,480.0,466.83000000000004
2025-10-14 23:00:00+00:00,2025-10-14 21:00:00+00:00,493.55,488.8
2025-10-14 22:00:00+00:00,2025-10-14 20:00:00+00:00,554.0,541.2725
2025-10-14 15:00:00+00:00,2025-10-14 13:00:00+00:00,561.1,601.0275
2025-10-14 19:00:00+00:00,2025-10-14 17:00:00+00:00,1449.0,1751.12
2025-10-14 21:00:00+00:00,2025-10-14 19:00:00+00:00,651.57,648.4725
2025-10-14 17:00:00+00:00,2025-10-14 15:00:00+00:00,880.0,1037.025
2025-11-09 04:00:00+00:00,2025-11-09 03:00:00+00:00,417.48,425.30249999999995
2025-11-09 03:00:00+00:00,2025-11-09 02:00:00+00:00,406.0,424.97
2025-11-09 01:00:00+00:00,2025-11-09 00:00:00+00:00,410.0,425.32000000000005
2025-11-09 02:00:00+00:00,2025-11-09 01:00:00+00:00,407.0,424.91999999999996
2025-11-09 07:00:00+00:00,2025-11-09 06:00:00+00:00,442.0,422.59250000000003
2025-11-09 11:00:00+00:00,2025-11-09 10:00:00+00:00,476.0,428.9875
2025-11-09 10:00:00+00:00,2025-11-09 09:00:00+00:00,451.6,428.4725
2025-11-09 09:00:00+00:00,2025-11-09 08:00:00+00:00,450.36,430.995
2025-11-09 08:00:00+00:00,2025-11-09 07:00:00+00:00,450.34,433.985
2025-11-09 15:00:00+00:00,2025-11-09 14:00:00+00:00,523.96,518.5675
2025-11-09 13:00:00+00:00,2025-11-09 12:00:00+00:00,468.0,453.74
2025-11-09 12:00:00+00:00,2025-11-09 11:00:00+00:00,478.0,448.5175
2025-11-09 14:00:00+00:00,2025-11-09 13:00:00+00:00,480.0,453.5475
2025-11-09 05:00:00+00:00,2025-11-09 04:00:00+00:00,420.0,424.9375
2025-11-09 06:00:00+00:00,2025-11-09 05:00:00+00:00,432.75,422.4125
2025-11-09 00:00:00+00:00,2025-11-08 23:00:00+00:00,420.0,421.9
2025-11-09 17:00:00+00:00,2025-11-09 16:00:00+00:00,603.97,580.9275
2025-11-09 18:00:00+00:00,2025-11-09 17:00:00+00:00,580.0,556.3525000000001
2025-11-09 21:00:00+00:00,2025-11-09 20:00:00+00:00,478.01,499.535
2025-11-09 23:00:00+00:00,2025-11-09 22:00:00+00:00,420.84,425.8825
2025-11-09 20:00:00+00:00,2025-11-09 19:00:00+00:00,509.0,544.4275
2025-11-09 22:00:00+00:00,2025-11-09 21:00:00+00:00,441.82,461.3275
2025-11-09 19:00:00+00:00,2025-11-09 18:00:00+00:00,564.0,590.6275
2025-11-09 16:00:00+00:00,2025-11-09 15:00:00+00:00,582.08,590.5975
2025-10-10 04:00:00+00:00,2025-10-10 02:00:00+00:00,260.0,325.065
2025-10-10 03:00:00+00:00,2025-10-10 01:00:00+00:00,251.0,323.5525
2025-10-10 07:00:00+00:00,2025-10-10 05:00:00+00:00,446.13,481.85
2025-10-10 08:00:00+00:00,2025-10-10 06:00:00+00:00,460.0,519.6425
2025-10-10 14:00:00+00:00,2025-10-10 12:00:00+00:00,305.99,351.1375
2025-10-10 10:00:00+00:00,2025-10-10 08:00:00+00:00,347.28,396.8325
2025-10-10 09:00:00+00:00,2025-10-10 07:00:00+00:00,420.0,459.0725
2025-10-10 11:00:00+00:00,2025-10-10 09:00:00+00:00,310.0,351.93
2025-10-10 23:00:00+00:00,2025-10-10 21:00:00+00:00,356.5,389.77
2025-10-10 12:00:00+00:00,2025-10-10 10:00:00+00:00,281.95,330.71000000000004
2025-10-10 20:00:00+00:00,2025-10-10 18:00:00+00:00,429.0,451.7725
2025-10-10 22:00:00+00:00,2025-10-10 20:00:00+00:00,390.3,407.8525
2025-10-10 17:00:00+00:00,2025-10-10 15:00:00+00:00,439.0,473.8125
2025-10-10 21:00:00+00:00,2025-10-10 19:00:00+00:00,380.27,427.1825
2025-10-10 15:00:00+00:00,2025-10-10 13:00:00+00:00,360.0,388.1625
2025-10-10 16:00:00+00:00,2025-10-10 14:00:00+00:00,409.0,460.03000000000003
2025-10-10 13:00:00+00:00,2025-10-10 11:00:00+00:00,270.0,329.13
2025-10-10 18:00:00+00:00,2025-10-10 16:00:00+00:00,480.0,459.3175
2025-10-10 19:00:00+00:00,2025-10-10 17:00:00+00:00,475.0,468.7425
2025-10-10 05:00:00+00:00,2025-10-10 03:00:00+00:00,321.3,311.3225
2025-10-10 02:00:00+00:00,2025-10-10 00:00:00+00:00,275.98,336.0225
2025-10-10 00:00:00+00:00,2025-10-09 22:00:00+00:00,350.01,367.39250000000004
2025-10-10 01:00:00+00:00,2025-10-09 23:00:00+00:00,313.99,356.60249999999996
2025-10-10 06:00:00+00:00,2025-10-10 04:00:00+00:00,416.2,415.79499999999996
2025-10-09 11:00:00+00:00,2025-10-09 09:00:00+00:00,418.99,424.02
2025-10-09 13:00:00+00:00,2025-10-09 11:00:00+00:00,401.99,449.02750000000003
2025-10-09 10:00:00+00:00,2025-10-09 08:00:00+00:00,464.0,474.41499999999996
2025-10-09 05:00:00+00:00,2025-10-09 03:00:00+00:00,456.0,456.02
2025-10-09 09:00:00+00:00,2025-10-09 07:00:00+00:00,551.3,567.15
2025-10-09 21:00:00+00:00,2025-10-09 19:00:00+00:00,394.4,442.755
2025-10-09 14:00:00+00:00,2025-10-09 12:00:00+00:00,416.96,454.495
2025-10-09 22:00:00+00:00,2025-10-09 20:00:00+00:00,400.0,452.85
2025-10-09 12:00:00+00:00,2025-10-09 10:00:00+00:00,409.9,417.9625
2025-10-09 07:00:00+00:00,2025-10-09 05:00:00+00:00,730.0,644.48
2025-10-09 08:00:00+00:00,2025-10-09 06:00:00+00:00,710.0,653.345
2025-10-09 06:00:00+00:00,2025-10-09 04:00:00+00:00,542.0,540.0875000000001
2025-10-09 18:00:00+00:00,2025-10-09 16:00:00+00:00,545.0,515.05
2025-10-09 17:00:00+00:00,2025-10-09 15:00:00+00:00,519.55,493.685
2025-10-09 19:00:00+00:00,2025-10-09 17:00:00+00:00,632.0,489.9075
2025-10-09 00:00:00+00:00,2025-10-08 22:00:00+00:00,451.1,453.61
2025-10-09 23:00:00+00:00,2025-10-09 21:00:00+00:00,371.43,387.9025
2025-10-09 20:00:00+00:00,2025-10-09 18:00:00+00:00,486.0,454.9025
2025-10-09 04:00:00+00:00,2025-10-09 02:00:00+00:00,452.0,451.5425
2025-10-09 01:00:00+00:00,2025-10-08 23:00:00+00:00,452.0,455.24
2025-10-09 02:00:00+00:00,2025-10-09 00:00:00+00:00,452.0,454.3025
2025-10-09 03:00:00+00:00,2025-10-09 01:00:00+00:00,450.0,453.4375
2025-10-09 16:00:00+00:00,2025-10-09 14:00:00+00:00,459.93,466.65749999999997
2025-10-09 15:00:00+00:00,2025-10-09 13:00:00+00:00,438.64,469.385
2025-08-30 04:00:00+00:00,2025-08-30 02:00:00+00:00,402.16,375.69
2025-08-30 03:00:00+00:00,2025-08-30 01:00:00+00:00,402.12,375.75
2025-08-30 19:00:00+00:00,2025-08-30 17:00:00+00:00,590.0,555.34
2025-08-30 21:00:00+00:00,2025-08-30 19:00:00+00:00,530.0,521.58
2025-08-30 23:00:00+00:00,2025-08-30 21:00:00+00:00,417.0,405.46
2025-08-30 07:00:00+00:00,2025-08-30 05:00:00+00:00,439.03,418.02
2025-08-30 20:00:00+00:00,2025-08-30 18:00:00+00:00,620.12,587.61
2025-08-30 22:00:00+00:00,2025-08-30 20:00:00+00:00,457.0,457.45
2025-08-30 18:00:00+00:00,2025-08-30 16:00:00+00:00,536.0,503.56
2025-08-30 06:00:00+00:00,2025-08-30 04:00:00+00:00,425.97,405.45
2025-08-30 17:00:00+00:00,2025-08-30 15:00:00+00:00,469.89,471.35
2025-08-30 10:00:00+00:00,2025-08-30 08:00:00+00:00,400.0,460.62
2025-08-30 11:00:00+00:00,2025-08-30 09:00:00+00:00,395.38,417.83
2025-08-30 02:00:00+00:00,2025-08-30 00:00:00+00:00,406.49,372.23
2025-08-30 08:00:00+00:00,2025-08-30 06:00:00+00:00,420.0,398.48
2025-08-30 01:00:00+00:00,2025-08-29 23:00:00+00:00,412.0,372.53
2025-08-30 05:00:00+00:00,2025-08-30 03:00:00+00:00,410.0,379.8
2025-08-30 00:00:00+00:00,2025-08-29 22:00:00+00:00,424.0,397.41
2025-08-30 09:00:00+00:00,2025-08-30 07:00:00+00:00,410.99,417.15
2025-08-30 15:00:00+00:00,2025-08-30 13:00:00+00:00,420.0,494.99
2025-08-30 12:00:00+00:00,2025-08-30 10:00:00+00:00,343.61,401.04
2025-08-30 14:00:00+00:00,2025-08-30 12:00:00+00:00,366.95,421.2
2025-08-30 13:00:00+00:00,2025-08-30 11:00:00+00:00,349.0,400.8
2025-08-30 16:00:00+00:00,2025-08-30 14:00:00+00:00,426.0,460.47
2025-08-22 22:00:00+00:00,2025-08-22 20:00:00+00:00,444.2,438.78
2025-08-22 23:00:00+00:00,2025-08-22 21:00:00+00:00,424.0,421.57
2025-08-22 20:00:00+00:00,2025-08-22 18:00:00+00:00,539.0,483.31
2025-08-22 19:00:00+00:00,2025-08-22 17:00:00+00:00,473.93,448.57
2025-08-22 15:00:00+00:00,2025-08-22 13:00:00+00:00,134.4,17.16
2025-08-22 06:00:00+00:00,2025-08-22 04:00:00+00:00,454.3,447.33
2025-08-22 21:00:00+00:00,2025-08-22 19:00:00+00:00,482.78,457.89
2025-08-22 18:00:00+00:00,2025-08-22 16:00:00+00:00,455.0,434.74
2025-08-22 02:00:00+00:00,2025-08-22 00:00:00+00:00,382.32,401.36
2025-08-22 01:00:00+00:00,2025-08-21 23:00:00+00:00,400.0,418.45
2025-08-22 08:00:00+00:00,2025-08-22 06:00:00+00:00,435.0,437.78
2025-08-22 11:00:00+00:00,2025-08-22 09:00:00+00:00,140.11,175.5
2025-08-22 03:00:00+00:00,2025-08-22 01:00:00+00:00,380.0,406.44
2025-08-22 04:00:00+00:00,2025-08-22 02:00:00+00:00,386.0,400.44
2025-08-22 07:00:00+00:00,2025-08-22 05:00:00+00:00,460.7,454.24
2025-08-22 00:00:00+00:00,2025-08-21 22:00:00+00:00,418.0,412.39
2025-08-22 05:00:00+00:00,2025-08-22 03:00:00+00:00,411.0,406.44
2025-08-22 10:00:00+00:00,2025-08-22 08:00:00+00:00,254.56,312.18
2025-08-22 09:00:00+00:00,2025-08-22 07:00:00+00:00,372.3,391.41
2025-08-22 17:00:00+00:00,2025-08-22 15:00:00+00:00,352.4,362.14
2025-08-22 16:00:00+00:00,2025-08-22 14:00:00+00:00,221.79,230.26
2025-08-22 12:00:00+00:00,2025-08-22 10:00:00+00:00,90.64,58.19
2025-08-22 14:00:00+00:00,2025-08-22 12:00:00+00:00,51.0,-0.6
2025-08-22 13:00:00+00:00,2025-08-22 11:00:00+00:00,51.0,14.6
2025-09-23 17:00:00+00:00,2025-09-23 15:00:00+00:00,700.06,845.99
2025-09-23 16:00:00+00:00,2025-09-23 14:00:00+00:00,481.84,520.85
2025-09-23 18:00:00+00:00,2025-09-23 16:00:00+00:00,900.0,897.97
2025-09-23 08:00:00+00:00,2025-09-23 06:00:00+00:00,699.99,687.65
2025-09-23 22:00:00+00:00,2025-09-23 20:00:00+00:00,471.04,496.59
2025-09-23 23:00:00+00:00,2025-09-23 21:00:00+00:00,421.7,434.47
2025-09-23 21:00:00+00:00,2025-09-23 19:00:00+00:00,550.0,534.59
2025-09-23 09:00:00+00:00,2025-09-23 07:00:00+00:00,545.14,518.38
2025-09-23 10:00:00+00:00,2025-09-23 08:00:00+00:00,458.2,388.68
2025-09-23 07:00:00+00:00,2025-09-23 05:00:00+00:00,880.0,784.31
2025-09-23 04:00:00+00:00,2025-09-23 02:00:00+00:00,423.5,387.21
2025-09-23 14:00:00+00:00,2025-09-23 12:00:00+00:00,433.31,471.62
2025-09-23 06:00:00+00:00,2025-09-23 04:00:00+00:00,595.2,606.64
2025-09-23 13:00:00+00:00,2025-09-23 11:00:00+00:00,433.21,440.48
2025-09-23 02:00:00+00:00,2025-09-23 00:00:00+00:00,403.2,370.06
2025-09-23 01:00:00+00:00,2025-09-22 23:00:00+00:00,413.0,379.81
2025-09-23 11:00:00+00:00,2025-09-23 09:00:00+00:00,430.0,437.3
2025-09-23 00:00:00+00:00,2025-09-22 22:00:00+00:00,428.98,383.83
2025-09-23 03:00:00+00:00,2025-09-23 01:00:00+00:00,408.04,372.09
2025-09-23 05:00:00+00:00,2025-09-23 03:00:00+00:00,444.0,440.48
2025-09-23 15:00:00+00:00,2025-09-23 13:00:00+00:00,439.0,468.98
2025-09-23 20:00:00+00:00,2025-09-23 18:00:00+00:00,900.0,800.89
2025-09-23 19:00:00+00:00,2025-09-23 17:00:00+00:00,1791.84,1772.95
2025-09-23 12:00:00+00:00,2025-09-23 10:00:00+00:00,430.0,434.47
2025-07-30 17:00:00+00:00,2025-07-30 15:00:00+00:00,415.97,352.5
2025-07-30 16:00:00+00:00,2025-07-30 14:00:00+00:00,371.3,255.23
2025-07-30 13:00:00+00:00,2025-07-30 11:00:00+00:00,190.0,75.77
2025-07-30 06:00:00+00:00,2025-07-30 04:00:00+00:00,459.4,441.77
2025-07-30 09:00:00+00:00,2025-07-30 07:00:00+00:00,360.0,316.26
2025-07-30 07:00:00+00:00,2025-07-30 05:00:00+00:00,454.0,425.56
2025-07-30 00:00:00+00:00,2025-07-29 22:00:00+00:00,424.15,410.85
2025-07-30 10:00:00+00:00,2025-07-30 08:00:00+00:00,296.99,251.02
2025-07-30 14:00:00+00:00,2025-07-30 12:00:00+00:00,210.0,200.23
2025-07-30 15:00:00+00:00,2025-07-30 13:00:00+00:00,270.0,184.04
2025-07-30 01:00:00+00:00,2025-07-29 23:00:00+00:00,408.89,393.47
2025-07-30 05:00:00+00:00,2025-07-30 03:00:00+00:00,414.34,414.5
2025-07-30 02:00:00+00:00,2025-07-30 00:00:00+00:00,399.0,400.44
2025-07-30 03:00:00+00:00,2025-07-30 01:00:00+00:00,400.0,405.67
2025-07-30 11:00:00+00:00,2025-07-30 09:00:00+00:00,245.0,173.25
2025-07-30 12:00:00+00:00,2025-07-30 10:00:00+00:00,181.28,106.18
2025-07-30 04:00:00+00:00,2025-07-30 02:00:00+00:00,403.27,400.75
2025-07-30 08:00:00+00:00,2025-07-30 06:00:00+00:00,430.01,393.2
2025-07-30 23:00:00+00:00,2025-07-30 21:00:00+00:00,450.0,446.25
2025-07-30 19:00:00+00:00,2025-07-30 17:00:00+00:00,676.0,664.43
2025-07-30 18:00:00+00:00,2025-07-30 16:00:00+00:00,524.08,498.54
2025-07-30 20:00:00+00:00,2025-07-30 18:00:00+00:00,846.69,824.18
2025-07-30 21:00:00+00:00,2025-07-30 19:00:00+00:00,671.7,660.31
2025-07-30 22:00:00+00:00,2025-07-30 20:00:00+00:00,520.0,497.8
2025-08-23 18:00:00+00:00,2025-08-23 16:00:00+00:00,489.62,530.28
2025-08-23 20:00:00+00:00,2025-08-23 18:00:00+00:00,540.0,544.45
2025-08-23 09:00:00+00:00,2025-08-23 07:00:00+00:00,225.03,238.55
2025-08-23 16:00:00+00:00,2025-08-23 14:00:00+00:00,285.82,310.34
2025-08-23 14:00:00+00:00,2025-08-23 12:00:00+00:00,25.93,58.92
2025-08-23 19:00:00+00:00,2025-08-23 17:00:00+00:00,489.62,494.39
2025-08-23 15:00:00+00:00,2025-08-23 13:00:00+00:00,108.86,125.15
2025-08-23 17:00:00+00:00,2025-08-23 15:00:00+00:00,412.13,466.01
2025-08-23 10:00:00+00:00,2025-08-23 08:00:00+00:00,86.9,49.74
2025-08-23 11:00:00+00:00,2025-08-23 09:00:00+00:00,61.03,14.12
2025-08-23 12:00:00+00:00,2025-08-23 10:00:00+00:00,18.7,5.57
2025-08-23 13:00:00+00:00,2025-08-23 11:00:00+00:00,12.76,5.01
2025-08-23 07:00:00+00:00,2025-08-23 05:00:00+00:00,410.0,393.48
2025-08-23 06:00:00+00:00,2025-08-23 04:00:00+00:00,401.0,375.41
2025-08-23 00:00:00+00:00,2025-08-22 22:00:00+00:00,418.4,407.3
2025-08-23 01:00:00+00:00,2025-08-22 23:00:00+00:00,393.1,381.63
2025-08-23 23:00:00+00:00,2025-08-23 21:00:00+00:00,453.75,455.51
2025-08-23 08:00:00+00:00,2025-08-23 06:00:00+00:00,365.91,356.24
2025-08-23 02:00:00+00:00,2025-08-23 00:00:00+00:00,383.03,374.75
2025-08-23 05:00:00+00:00,2025-08-23 03:00:00+00:00,390.0,365.51
2025-08-23 03:00:00+00:00,2025-08-23 01:00:00+00:00,377.27,363.83
2025-08-23 04:00:00+00:00,2025-08-23 02:00:00+00:00,376.0,365.26
2025-08-23 21:00:00+00:00,2025-08-23 19:00:00+00:00,515.78,514.34
2025-08-23 22:00:00+00:00,2025-08-23 20:00:00+00:00,469.0,474.93
2025-10-25 10:00:00+00:00,2025-10-25 08:00:00+00:00,283.01,221.47
2025-10-25 18:00:00+00:00,2025-10-25 16:00:00+00:00,530.0,523.0925
2025-10-25 19:00:00+00:00,2025-10-25 17:00:00+00:00,499.99,425.2675
2025-10-25 20:00:00+00:00,2025-10-25 18:00:00+00:00,447.38,407.2625
2025-10-25 16:00:00+00:00,2025-10-25 14:00:00+00:00,550.0,459.0375
2025-10-25 13:00:00+00:00,2025-10-25 11:00:00+00:00,199.0,73.10249999999999
2025-10-25 21:00:00+00:00,2025-10-25 19:00:00+00:00,441.99,455.435
2025-10-25 22:00:00+00:00,2025-10-25 20:00:00+00:00,409.0,419.2675
2025-10-25 07:00:00+00:00,2025-10-25 05:00:00+00:00,475.17,526.82
2025-10-25 03:00:00+00:00,2025-10-25 01:00:00+00:00,213.0,283.4525
2025-10-25 08:00:00+00:00,2025-10-25 06:00:00+00:00,455.16,487.105
2025-10-25 05:00:00+00:00,2025-10-25 03:00:00+00:00,305.7,376.7375
2025-10-25 06:00:00+00:00,2025-10-25 04:00:00+00:00,424.7,472.025
2025-10-25 00:00:00+00:00,2025-10-24 22:00:00+00:00,339.02,382.66
2025-10-25 04:00:00+00:00,2025-10-25 02:00:00+00:00,273.99,356.865
2025-10-25 09:00:00+00:00,2025-10-25 07:00:00+00:00,400.0,393.8825
2025-10-25 02:00:00+00:00,2025-10-25 00:00:00+00:00,212.5,242.9325
2025-10-25 01:00:00+00:00,2025-10-24 23:00:00+00:00,283.02,276.36
2025-10-25 23:00:00+00:00,2025-10-25 21:00:00+00:00,341.99,335.3775
2025-10-25 11:00:00+00:00,2025-10-25 09:00:00+00:00,87.87,85.25
2025-10-25 14:00:00+00:00,2025-10-25 12:00:00+00:00,347.18,319.185
2025-10-25 12:00:00+00:00,2025-10-25 10:00:00+00:00,53.7,50.625
2025-10-25 15:00:00+00:00,2025-10-25 13:00:00+00:00,441.99,406.385
2025-10-25 17:00:00+00:00,2025-10-25 15:00:00+00:00,510.77,498.4625
2025-10-11 07:00:00+00:00,2025-10-11 05:00:00+00:00,441.0,412.7575
2025-10-11 08:00:00+00:00,2025-10-11 06:00:00+00:00,465.9,432.69500000000005
2025-10-11 09:00:00+00:00,2025-10-11 07:00:00+00:00,448.92,438.185
2025-10-11 19:00:00+00:00,2025-10-11 17:00:00+00:00,576.4,556.25
2025-10-11 18:00:00+00:00,2025-10-11 16:00:00+00:00,565.0,536.345
2025-10-11 13:00:00+00:00,2025-10-11 11:00:00+00:00,398.44,447.81
2025-10-11 17:00:00+00:00,2025-10-11 15:00:00+00:00,521.38,521.9575
2025-10-11 16:00:00+00:00,2025-10-11 14:00:00+00:00,487.76,500.55499999999995
2025-10-11 12:00:00+00:00,2025-10-11 10:00:00+00:00,401.0,435.4875
2025-10-11 11:00:00+00:00,2025-10-11 09:00:00+00:00,401.0,451.16
2025-10-11 10:00:00+00:00,2025-10-11 08:00:00+00:00,428.12,445.5125
2025-10-11 03:00:00+00:00,2025-10-11 01:00:00+00:00,353.99,360.6275
2025-10-11 04:00:00+00:00,2025-10-11 02:00:00+00:00,353.4,352.2675
2025-10-11 06:00:00+00:00,2025-10-11 04:00:00+00:00,387.04,385.0725
2025-10-11 01:00:00+00:00,2025-10-10 23:00:00+00:00,384.1,378.82
2025-10-11 02:00:00+00:00,2025-10-11 00:00:00+00:00,365.0,374.0425
2025-10-11 05:00:00+00:00,2025-10-11 03:00:00+00:00,368.0,362.595
2025-10-11 00:00:00+00:00,2025-10-10 22:00:00+00:00,399.4,395.9525
2025-10-11 14:00:00+00:00,2025-10-11 12:00:00+00:00,417.79,457.405
2025-10-11 15:00:00+00:00,2025-10-11 13:00:00+00:00,430.0,451.0875
2025-10-11 23:00:00+00:00,2025-10-11 21:00:00+00:00,430.01,419.78499999999997
2025-10-11 22:00:00+00:00,2025-10-11 20:00:00+00:00,462.64,462.66499999999996
2025-10-11 20:00:00+00:00,2025-10-11 18:00:00+00:00,519.08,515.8
2025-10-11 21:00:00+00:00,2025-10-11 19:00:00+00:00,487.76,489.3625
2025-09-19 18:00:00+00:00,2025-09-19 16:00:00+00:00,838.6,1099.11
2025-09-19 19:00:00+00:00,2025-09-19 17:00:00+00:00,1400.0,1803.11
2025-09-19 05:00:00+00:00,2025-09-19 03:00:00+00:00,385.56,391.09
2025-09-19 14:00:00+00:00,2025-09-19 12:00:00+00:00,50.0,96.26
2025-09-19 10:00:00+00:00,2025-09-19 08:00:00+00:00,281.0,290.9
2025-09-19 09:00:00+00:00,2025-09-19 07:00:00+00:00,382.37,416.96
2025-09-19 11:00:00+00:00,2025-09-19 09:00:00+00:00,162.27,236.37
2025-09-19 00:00:00+00:00,2025-09-18 22:00:00+00:00,359.99,379.65
2025-09-19 04:00:00+00:00,2025-09-19 02:00:00+00:00,357.99,364.93
2025-09-19 13:00:00+00:00,2025-09-19 11:00:00+00:00,33.57,82.52
2025-09-19 07:00:00+00:00,2025-09-19 05:00:00+00:00,573.93,605.94
2025-09-19 06:00:00+00:00,2025-09-19 04:00:00+00:00,475.53,509.53
2025-09-19 08:00:00+00:00,2025-09-19 06:00:00+00:00,475.0,517.46
2025-09-19 01:00:00+00:00,2025-09-18 23:00:00+00:00,349.99,370.1
2025-09-19 12:00:00+00:00,2025-09-19 10:00:00+00:00,64.4,124.94
2025-09-19 17:00:00+00:00,2025-09-19 15:00:00+00:00,505.9,509.68
2025-09-19 15:00:00+00:00,2025-09-19 13:00:00+00:00,270.5,330.37
2025-09-19 16:00:00+00:00,2025-09-19 14:00:00+00:00,382.37,443.27
2025-09-19 03:00:00+00:00,2025-09-19 01:00:00+00:00,344.38,369.8
2025-09-19 23:00:00+00:00,2025-09-19 21:00:00+00:00,415.34,350.49
2025-09-19 02:00:00+00:00,2025-09-19 00:00:00+00:00,345.99,360.24
2025-09-19 22:00:00+00:00,2025-09-19 20:00:00+00:00,454.67,452.89
2025-09-19 21:00:00+00:00,2025-09-19 19:00:00+00:00,503.4,473.3
2025-09-19 20:00:00+00:00,2025-09-19 18:00:00+00:00,809.0,727.2
2025-09-30 02:00:00+00:00,2025-09-30 00:00:00+00:00,439.0,417.86
2025-09-30 03:00:00+00:00,2025-09-30 01:00:00+00:00,441.7,425.47
2025-09-30 04:00:00+00:00,2025-09-30 02:00:00+00:00,443.69,426.19
2025-09-30 20:00:00+00:00,2025-09-30 18:00:00+00:00,723.0,594.26
2025-09-30 11:00:00+00:00,2025-09-30 09:00:00+00:00,471.69,420.46
2025-09-30 23:00:00+00:00,2025-09-30 21:00:00+00:00,430.0,393.56
2025-09-30 05:00:00+00:00,2025-09-30 03:00:00+00:00,464.0,447.78
2025-09-30 01:00:00+00:00,2025-09-29 23:00:00+00:00,458.7,425.48
2025-09-30 17:00:00+00:00,2025-09-30 15:00:00+00:00,750.84,719.67
2025-09-30 22:00:00+00:00,2025-09-30 20:00:00+00:00,471.04,430.42
2025-09-30 21:00:00+00:00,2025-09-30 19:00:00+00:00,523.4,458.73
2025-09-30 16:00:00+00:00,2025-09-30 14:00:00+00:00,566.24,528.58
2025-09-30 18:00:00+00:00,2025-09-30 16:00:00+00:00,1175.0,1138.89
2025-09-30 08:00:00+00:00,2025-09-30 06:00:00+00:00,788.8,930.95
2025-09-30 07:00:00+00:00,2025-09-30 05:00:00+00:00,830.0,1070.97
2025-09-30 10:00:00+00:00,2025-09-30 08:00:00+00:00,474.26,498.33
2025-09-30 00:00:00+00:00,2025-09-29 22:00:00+00:00,433.3,433.42
2025-09-30 19:00:00+00:00,2025-09-30 17:00:00+00:00,1655.44,1683.83
2025-09-30 06:00:00+00:00,2025-09-30 04:00:00+00:00,595.5,607.92
2025-09-30 09:00:00+00:00,2025-09-30 07:00:00+00:00,590.6,591.19
2025-09-30 12:00:00+00:00,2025-09-30 10:00:00+00:00,449.0,424.46
2025-09-30 13:00:00+00:00,2025-09-30 11:00:00+00:00,474.26,475.53
2025-09-30 14:00:00+00:00,2025-09-30 12:00:00+00:00,474.26,465.52
2025-09-30 15:00:00+00:00,2025-09-30 13:00:00+00:00,474.36,438.48
2025-08-26 10:00:00+00:00,2025-08-26 08:00:00+00:00,337.99,345.67
2025-08-26 16:00:00+00:00,2025-08-26 14:00:00+00:00,401.17,412.45
2025-08-26 11:00:00+00:00,2025-08-26 09:00:00+00:00,294.09,303.39
2025-08-26 18:00:00+00:00,2025-08-26 16:00:00+00:00,550.0,567.91
2025-08-26 19:00:00+00:00,2025-08-26 17:00:00+00:00,804.0,831.44
2025-08-26 08:00:00+00:00,2025-08-26 06:00:00+00:00,469.25,455.77
2025-08-26 21:00:00+00:00,2025-08-26 19:00:00+00:00,610.0,547.25
2025-08-26 06:00:00+00:00,2025-08-26 04:00:00+00:00,529.21,528.52
2025-08-26 17:00:00+00:00,2025-08-26 15:00:00+00:00,440.0,456.24
2025-08-26 02:00:00+00:00,2025-08-26 00:00:00+00:00,411.4,417.03
2025-08-26 04:00:00+00:00,2025-08-26 02:00:00+00:00,410.5,417.84
2025-08-26 03:00:00+00:00,2025-08-26 01:00:00+00:00,406.7,410.21
2025-08-26 01:00:00+00:00,2025-08-25 23:00:00+00:00,420.0,431.25
2025-08-26 05:00:00+00:00,2025-08-26 03:00:00+00:00,448.99,451.75
2025-08-26 07:00:00+00:00,2025-08-26 05:00:00+00:00,527.0,525.89
2025-08-26 09:00:00+00:00,2025-08-26 07:00:00+00:00,410.55,384.35
2025-08-26 23:00:00+00:00,2025-08-26 21:00:00+00:00,444.0,438.29
2025-08-26 22:00:00+00:00,2025-08-26 20:00:00+00:00,500.0,470.33
2025-08-26 20:00:00+00:00,2025-08-26 18:00:00+00:00,1004.0,851.79
2025-08-26 00:00:00+00:00,2025-08-25 22:00:00+00:00,440.0,450.91
2025-08-26 15:00:00+00:00,2025-08-26 13:00:00+00:00,348.23,348.87
2025-08-26 12:00:00+00:00,2025-08-26 10:00:00+00:00,250.0,277.58
2025-08-26 14:00:00+00:00,2025-08-26 12:00:00+00:00,251.32,284.62
2025-08-26 13:00:00+00:00,2025-08-26 11:00:00+00:00,243.49,303.18
2025-08-05 00:00:00+00:00,2025-08-04 22:00:00+00:00,411.8,361.58
2025-08-05 11:00:00+00:00,2025-08-05 09:00:00+00:00,186.17,169.49
2025-08-05 08:00:00+00:00,2025-08-05 06:00:00+00:00,407.43,399.02
2025-08-05 09:00:00+00:00,2025-08-05 07:00:00+00:00,333.0,332.37
2025-08-05 03:00:00+00:00,2025-08-05 01:00:00+00:00,361.19,350.39
2025-08-05 02:00:00+00:00,2025-08-05 00:00:00+00:00,362.83,358.63
2025-08-05 01:00:00+00:00,2025-08-04 23:00:00+00:00,390.0,372.23
2025-08-05 04:00:00+00:00,2025-08-05 02:00:00+00:00,358.24,350.39
2025-08-05 06:00:00+00:00,2025-08-05 04:00:00+00:00,414.0,402.62
2025-08-05 05:00:00+00:00,2025-08-05 03:00:00+00:00,375.69,363.91
2025-08-05 07:00:00+00:00,2025-08-05 05:00:00+00:00,410.0,408.23
2025-08-05 17:00:00+00:00,2025-08-05 15:00:00+00:00,478.0,478.53
2025-08-05 10:00:00+00:00,2025-08-05 08:00:00+00:00,227.83,274.68
2025-08-05 12:00:00+00:00,2025-08-05 10:00:00+00:00,180.26,296.11
2025-08-05 19:00:00+00:00,2025-08-05 17:00:00+00:00,616.7,707.35
2025-08-05 14:00:00+00:00,2025-08-05 12:00:00+00:00,363.06,385.6
2025-08-05 13:00:00+00:00,2025-08-05 11:00:00+00:00,270.0,370.84
2025-08-05 18:00:00+00:00,2025-08-05 16:00:00+00:00,536.4,581.63
2025-08-05 15:00:00+00:00,2025-08-05 13:00:00+00:00,400.0,408.06
2025-08-05 23:00:00+00:00,2025-08-05 21:00:00+00:00,376.2,364.19
2025-08-05 22:00:00+00:00,2025-08-05 20:00:00+00:00,440.0,435.73
2025-08-05 21:00:00+00:00,2025-08-05 19:00:00+00:00,527.0,494.92
2025-08-05 20:00:00+00:00,2025-08-05 18:00:00+00:00,693.5,728.98
2025-08-05 16:00:00+00:00,2025-08-05 14:00:00+00:00,435.82,420.99
2025-09-14 08:00:00+00:00,2025-09-14 06:00:00+00:00,419.5,460.76
2025-09-14 07:00:00+00:00,2025-09-14 05:00:00+00:00,426.17,444.51
2025-09-14 20:00:00+00:00,2025-09-14 18:00:00+00:00,557.04,567.9
2025-09-14 18:00:00+00:00,2025-09-14 16:00:00+00:00,514.0,576.89
2025-09-14 19:00:00+00:00,2025-09-14 17:00:00+00:00,590.0,666.73
2025-09-14 22:00:00+00:00,2025-09-14 20:00:00+00:00,432.0,343.03
2025-09-14 21:00:00+00:00,2025-09-14 19:00:00+00:00,471.0,412.53
2025-09-14 11:00:00+00:00,2025-09-14 09:00:00+00:00,439.0,376.22
2025-09-14 01:00:00+00:00,2025-09-13 23:00:00+00:00,418.04,432.65
2025-09-14 03:00:00+00:00,2025-09-14 01:00:00+00:00,426.17,425.42
2025-09-14 05:00:00+00:00,2025-09-14 03:00:00+00:00,426.17,425.15
2025-09-14 02:00:00+00:00,2025-09-14 00:00:00+00:00,423.98,432.95
2025-09-14 04:00:00+00:00,2025-09-14 02:00:00+00:00,426.17,421.16
2025-09-14 17:00:00+00:00,2025-09-14 15:00:00+00:00,438.8,418.35
2025-09-14 12:00:00+00:00,2025-09-14 10:00:00+00:00,426.17,425.95
2025-09-14 13:00:00+00:00,2025-09-14 11:00:00+00:00,447.0,425.79
2025-09-14 14:00:00+00:00,2025-09-14 12:00:00+00:00,441.2,427.39
2025-09-14 23:00:00+00:00,2025-09-14 21:00:00+00:00,380.08,355.14
2025-09-14 00:00:00+00:00,2025-09-13 22:00:00+00:00,404.06,368.49
2025-09-14 06:00:00+00:00,2025-09-14 04:00:00+00:00,426.17,425.64
2025-09-14 09:00:00+00:00,2025-09-14 07:00:00+00:00,413.3,374.65
2025-09-14 10:00:00+00:00,2025-09-14 08:00:00+00:00,429.6,368.06
2025-09-14 15:00:00+00:00,2025-09-14 13:00:00+00:00,452.0,451.55
2025-09-14 16:00:00+00:00,2025-09-14 14:00:00+00:00,459.0,425.95
2025-10-22 20:00:00+00:00,2025-10-22 18:00:00+00:00,755.0,786.425
2025-10-22 04:00:00+00:00,2025-10-22 02:00:00+00:00,409.0,418.4025
2025-10-22 16:00:00+00:00,2025-10-22 14:00:00+00:00,610.5,717.31
2025-10-22 18:00:00+00:00,2025-10-22 16:00:00+00:00,1056.02,1251.88
2025-10-22 17:00:00+00:00,2025-10-22 15:00:00+00:00,825.9,906.0124999999999
2025-10-22 19:00:00+00:00,2025-10-22 17:00:00+00:00,1050.0,1167.3225
2025-10-22 03:00:00+00:00,2025-10-22 01:00:00+00:00,426.0,406.19
2025-10-22 15:00:00+00:00,2025-10-22 13:00:00+00:00,516.0,503.115
2025-10-22 08:00:00+00:00,2025-10-22 06:00:00+00:00,622.63,605.8625
2025-10-22 14:00:00+00:00,2025-10-22 12:00:00+00:00,478.15,427.4825
2025-10-22 09:00:00+00:00,2025-10-22 07:00:00+00:00,540.31,535.3475
2025-10-22 11:00:00+00:00,2025-10-22 09:00:00+00:00,473.7,413.035
2025-10-22 10:00:00+00:00,2025-10-22 08:00:00+00:00,490.0,451.0475
2025-10-22 13:00:00+00:00,2025-10-22 11:00:00+00:00,468.21,411.9425
2025-10-22 12:00:00+00:00,2025-10-22 10:00:00+00:00,453.64,411.7875
2025-10-22 21:00:00+00:00,2025-10-22 19:00:00+00:00,594.0,581.0649999999999
2025-10-22 06:00:00+00:00,2025-10-22 04:00:00+00:00,499.0,500.5625
2025-10-22 23:00:00+00:00,2025-10-22 21:00:00+00:00,460.0,472.0375
2025-10-22 22:00:00+00:00,2025-10-22 20:00:00+00:00,504.0,532.2725
2025-10-22 01:00:00+00:00,2025-10-21 23:00:00+00:00,400.0,395.09499999999997
2025-10-22 05:00:00+00:00,2025-10-22 03:00:00+00:00,446.27,455.235
2025-10-22 07:00:00+00:00,2025-10-22 05:00:00+00:00,676.99,720.8
2025-10-22 00:00:00+00:00,2025-10-21 22:00:00+00:00,401.99,390.215
2025-10-22 02:00:00+00:00,2025-10-22 00:00:00+00:00,403.5,400.95000000000005
2025-10-08 15:00:00+00:00,2025-10-08 13:00:00+00:00,470.0,450.5025
2025-10-08 18:00:00+00:00,2025-10-08 16:00:00+00:00,908.9,775.2475
2025-10-08 07:00:00+00:00,2025-10-08 05:00:00+00:00,730.1,660.82
2025-10-08 06:00:00+00:00,2025-10-08 04:00:00+00:00,539.0,498.2825
2025-10-08 19:00:00+00:00,2025-10-08 17:00:00+00:00,1077.9,857.3699999999999
2025-10-08 20:00:00+00:00,2025-10-08 18:00:00+00:00,699.99,599.585
2025-10-08 21:00:00+00:00,2025-10-08 19:00:00+00:00,505.4,482.46500000000003
2025-10-08 22:00:00+00:00,2025-10-08 20:00:00+00:00,517.2,463.96500000000003
2025-10-08 13:00:00+00:00,2025-10-08 11:00:00+00:00,444.45,461.0
2025-10-08 10:00:00+00:00,2025-10-08 08:00:00+00:00,471.0,485.585
2025-10-08 09:00:00+00:00,2025-10-08 07:00:00+00:00,545.2,557.1925
2025-10-08 08:00:00+00:00,2025-10-08 06:00:00+00:00,731.0,708.15
2025-10-08 14:00:00+00:00,2025-10-08 12:00:00+00:00,456.0,453.5
2025-10-08 23:00:00+00:00,2025-10-08 21:00:00+00:00,460.0,427.455
2025-10-08 12:00:00+00:00,2025-10-08 10:00:00+00:00,430.25,452.495
2025-10-08 05:00:00+00:00,2025-10-08 03:00:00+00:00,447.38,457.0625
2025-10-08 03:00:00+00:00,2025-10-08 01:00:00+00:00,448.0,455.99
2025-10-08 00:00:00+00:00,2025-10-07 22:00:00+00:00,448.0,473.52250000000004
2025-10-08 11:00:00+00:00,2025-10-08 09:00:00+00:00,447.38,460.52250000000004
2025-10-08 04:00:00+00:00,2025-10-08 02:00:00+00:00,448.0,455.045
2025-10-08 16:00:00+00:00,2025-10-08 14:00:00+00:00,516.1,513.9875
2025-10-08 02:00:00+00:00,2025-10-08 00:00:00+00:00,450.12,456.06
2025-10-08 01:00:00+00:00,2025-10-07 23:00:00+00:00,458.0,469.5525
2025-10-08 17:00:00+00:00,2025-10-08 15:00:00+00:00,670.0,644.3275
2025-09-04 11:00:00+00:00,2025-09-04 09:00:00+00:00,209.34,56.1
2025-09-04 10:00:00+00:00,2025-09-04 08:00:00+00:00,279.99,195.45
2025-09-04 20:00:00+00:00,2025-09-04 18:00:00+00:00,1609.0,1216.97
2025-09-04 07:00:00+00:00,2025-09-04 05:00:00+00:00,549.37,520.56
2025-09-04 22:00:00+00:00,2025-09-04 20:00:00+00:00,525.0,482.98
2025-09-04 23:00:00+00:00,2025-09-04 21:00:00+00:00,455.0,446.94
2025-09-04 08:00:00+00:00,2025-09-04 06:00:00+00:00,483.99,465.91
2025-09-04 21:00:00+00:00,2025-09-04 19:00:00+00:00,797.0,629.32
2025-09-04 18:00:00+00:00,2025-09-04 16:00:00+00:00,1087.18,809.77
2025-09-04 12:00:00+00:00,2025-09-04 10:00:00+00:00,180.42,39.3
2025-09-04 15:00:00+00:00,2025-09-04 13:00:00+00:00,418.42,356.87
2025-09-04 19:00:00+00:00,2025-09-04 17:00:00+00:00,1725.0,1464.08
2025-09-04 13:00:00+00:00,2025-09-04 11:00:00+00:00,191.9,60.72
2025-09-04 16:00:00+00:00,2025-09-04 14:00:00+00:00,451.0,492.04
2025-09-04 17:00:00+00:00,2025-09-04 15:00:00+00:00,630.0,693.6
2025-09-04 01:00:00+00:00,2025-09-03 23:00:00+00:00,421.0,438.47
2025-09-04 04:00:00+00:00,2025-09-04 02:00:00+00:00,410.91,436.48
2025-09-04 03:00:00+00:00,2025-09-04 01:00:00+00:00,425.0,432.47
2025-09-04 02:00:00+00:00,2025-09-04 00:00:00+00:00,420.0,432.47
2025-09-04 05:00:00+00:00,2025-09-04 03:00:00+00:00,440.0,410.45
2025-09-04 06:00:00+00:00,2025-09-04 04:00:00+00:00,550.0,548.4
2025-09-04 00:00:00+00:00,2025-09-03 22:00:00+00:00,437.5,432.47
2025-09-04 09:00:00+00:00,2025-09-04 07:00:00+00:00,400.0,363.93
2025-09-04 14:00:00+00:00,2025-09-04 12:00:00+00:00,305.99,301.78
2025-10-07 11:00:00+00:00,2025-10-07 09:00:00+00:00,467.37,505.4175
2025-10-07 09:00:00+00:00,2025-10-07 07:00:00+00:00,688.8,870.115
2025-10-07 01:00:00+00:00,2025-10-06 23:00:00+00:00,408.81,452.70000000000005
2025-10-07 15:00:00+00:00,2025-10-07 13:00:00+00:00,454.0,491.015
2025-10-07 07:00:00+00:00,2025-10-07 05:00:00+00:00,894.31,984.13
2025-10-07 02:00:00+00:00,2025-10-07 00:00:00+00:00,410.12,453.5
2025-10-07 10:00:00+00:00,2025-10-07 08:00:00+00:00,530.5,588.5125
2025-10-07 00:00:00+00:00,2025-10-06 22:00:00+00:00,407.23,452.8425
2025-10-07 03:00:00+00:00,2025-10-07 01:00:00+00:00,417.28,452.4925
2025-10-07 05:00:00+00:00,2025-10-07 03:00:00+00:00,459.0,414.08250000000004
2025-10-07 04:00:00+00:00,2025-10-07 02:00:00+00:00,451.77,443.9525
2025-10-07 23:00:00+00:00,2025-10-07 21:00:00+00:00,460.0,415.08500000000004
2025-10-07 06:00:00+00:00,2025-10-07 04:00:00+00:00,606.8,573.24
2025-10-07 08:00:00+00:00,2025-10-07 06:00:00+00:00,992.25,1186.8175
2025-10-07 21:00:00+00:00,2025-10-07 19:00:00+00:00,547.0,524.7675
2025-10-07 18:00:00+00:00,2025-10-07 16:00:00+00:00,968.61,902.95
2025-10-07 16:00:00+00:00,2025-10-07 14:00:00+00:00,540.0,530.5975
2025-10-07 17:00:00+00:00,2025-10-07 15:00:00+00:00,739.89,649.2249999999999
2025-10-07 19:00:00+00:00,2025-10-07 17:00:00+00:00,1334.0,972.0825
2025-10-07 20:00:00+00:00,2025-10-07 18:00:00+00:00,692.97,624.0699999999999
2025-10-07 22:00:00+00:00,2025-10-07 20:00:00+00:00,482.0,457.41249999999997
2025-10-07 13:00:00+00:00,2025-10-07 11:00:00+00:00,421.99,460.7375
2025-10-07 12:00:00+00:00,2025-10-07 10:00:00+00:00,429.6,474.5725
2025-10-07 14:00:00+00:00,2025-10-07 12:00:00+00:00,431.0,457.52
2025-09-02 05:00:00+00:00,2025-09-02 03:00:00+00:00,427.2,451.58
2025-09-02 08:00:00+00:00,2025-09-02 06:00:00+00:00,540.0,631.03
2025-09-02 17:00:00+00:00,2025-09-02 15:00:00+00:00,494.2,565.05
2025-09-02 18:00:00+00:00,2025-09-02 16:00:00+00:00,700.0,759.69
2025-09-02 20:00:00+00:00,2025-09-02 18:00:00+00:00,950.16,1107.72
2025-09-02 02:00:00+00:00,2025-09-02 00:00:00+00:00,396.5,418.45
2025-09-02 03:00:00+00:00,2025-09-02 01:00:00+00:00,394.9,418.45
2025-09-02 04:00:00+00:00,2025-09-02 02:00:00+00:00,410.0,422.46
2025-09-02 09:00:00+00:00,2025-09-02 07:00:00+00:00,455.3,492.05
2025-09-02 01:00:00+00:00,2025-09-01 23:00:00+00:00,400.0,422.46
2025-09-02 00:00:00+00:00,2025-09-01 22:00:00+00:00,418.2,420.46
2025-09-02 14:00:00+00:00,2025-09-02 12:00:00+00:00,371.99,460.84
2025-09-02 16:00:00+00:00,2025-09-02 14:00:00+00:00,420.48,432.46
2025-09-02 13:00:00+00:00,2025-09-02 11:00:00+00:00,340.42,366.05
2025-09-02 19:00:00+00:00,2025-09-02 17:00:00+00:00,1059.41,1299.34
2025-09-02 15:00:00+00:00,2025-09-02 13:00:00+00:00,416.88,496.54
2025-09-02 10:00:00+00:00,2025-09-02 08:00:00+00:00,417.0,385.44
2025-09-02 23:00:00+00:00,2025-09-02 21:00:00+00:00,425.6,400.49
2025-09-02 11:00:00+00:00,2025-09-02 09:00:00+00:00,380.55,346.38
2025-09-02 12:00:00+00:00,2025-09-02 10:00:00+00:00,353.2,346.38
2025-09-02 06:00:00+00:00,2025-09-02 04:00:00+00:00,558.7,556.39
2025-09-02 07:00:00+00:00,2025-09-02 05:00:00+00:00,609.0,648.51
2025-09-02 22:00:00+00:00,2025-09-02 20:00:00+00:00,479.0,468.76
2025-09-02 21:00:00+00:00,2025-09-02 19:00:00+00:00,588.06,592.37
2025-08-03 04:00:00+00:00,2025-08-03 02:00:00+00:00,352.09,284.25
2025-08-03 01:00:00+00:00,2025-08-02 23:00:00+00:00,394.61,332.76
2025-08-03 23:00:00+00:00,2025-08-03 21:00:00+00:00,415.8,364.43
2025-08-03 05:00:00+00:00,2025-08-03 03:00:00+00:00,350.0,320.3
2025-08-03 02:00:00+00:00,2025-08-03 00:00:00+00:00,374.99,307.65
2025-08-03 03:00:00+00:00,2025-08-03 01:00:00+00:00,361.04,296.65
2025-08-03 00:00:00+00:00,2025-08-02 22:00:00+00:00,417.12,376.48
2025-08-03 18:00:00+00:00,2025-08-03 16:00:00+00:00,443.8,370.44
2025-08-03 10:00:00+00:00,2025-08-03 08:00:00+00:00,256.28,322.48
2025-08-03 09:00:00+00:00,2025-08-03 07:00:00+00:00,330.5,380.46
2025-08-03 13:00:00+00:00,2025-08-03 11:00:00+00:00,149.99,327.15
2025-08-03 08:00:00+00:00,2025-08-03 06:00:00+00:00,391.04,423.29
2025-08-03 07:00:00+00:00,2025-08-03 05:00:00+00:00,391.04,414.2
2025-08-03 11:00:00+00:00,2025-08-03 09:00:00+00:00,200.0,227.17
2025-08-03 14:00:00+00:00,2025-08-03 12:00:00+00:00,289.92,390.79
2025-08-03 12:00:00+00:00,2025-08-03 10:00:00+00:00,199.0,278.39
2025-08-03 17:00:00+00:00,2025-08-03 15:00:00+00:00,407.0,409.63
2025-08-03 15:00:00+00:00,2025-08-03 13:00:00+00:00,344.24,391.91
2025-08-03 06:00:00+00:00,2025-08-03 04:00:00+00:00,351.49,325.46
2025-08-03 19:00:00+00:00,2025-08-03 17:00:00+00:00,475.89,411.25
2025-08-03 20:00:00+00:00,2025-08-03 18:00:00+00:00,538.3,490.1
2025-08-03 21:00:00+00:00,2025-08-03 19:00:00+00:00,488.0,450.65
2025-08-03 22:00:00+00:00,2025-08-03 20:00:00+00:00,444.88,436.99
2025-08-03 16:00:00+00:00,2025-08-03 14:00:00+00:00,372.0,384.24
2025-09-27 14:00:00+00:00,2025-09-27 12:00:00+00:00,60.0,210.54
2025-09-27 13:00:00+00:00,2025-09-27 11:00:00+00:00,0.0,156.16
2025-09-27 12:00:00+00:00,2025-09-27 10:00:00+00:00,0.0,233.89
2025-09-27 11:00:00+00:00,2025-09-27 09:00:00+00:00,0.01,300.38
2025-09-27 15:00:00+00:00,2025-09-27 13:00:00+00:00,284.5,339.68
2025-09-27 10:00:00+00:00,2025-09-27 08:00:00+00:00,228.0,381.22
2025-09-27 03:00:00+00:00,2025-09-27 01:00:00+00:00,382.21,354.33
2025-09-27 06:00:00+00:00,2025-09-27 04:00:00+00:00,449.0,390.35
2025-09-27 04:00:00+00:00,2025-09-27 02:00:00+00:00,401.0,366.65
2025-09-27 05:00:00+00:00,2025-09-27 03:00:00+00:00,424.0,394.08
2025-09-27 02:00:00+00:00,2025-09-27 00:00:00+00:00,380.95,354.84
2025-09-27 01:00:00+00:00,2025-09-26 23:00:00+00:00,380.0,356.83
2025-09-27 17:00:00+00:00,2025-09-27 15:00:00+00:00,574.0,529.58
2025-09-27 16:00:00+00:00,2025-09-27 14:00:00+00:00,431.0,404.47
2025-09-27 19:00:00+00:00,2025-09-27 17:00:00+00:00,678.0,635.24
2025-09-27 07:00:00+00:00,2025-09-27 05:00:00+00:00,468.26,447.49
2025-09-27 18:00:00+00:00,2025-09-27 16:00:00+00:00,599.0,581.53
2025-09-27 23:00:00+00:00,2025-09-27 21:00:00+00:00,437.9,424.36
2025-09-27 22:00:00+00:00,2025-09-27 20:00:00+00:00,466.3,452.1
2025-09-27 00:00:00+00:00,2025-09-26 22:00:00+00:00,386.5,373.15
2025-09-27 20:00:00+00:00,2025-09-27 18:00:00+00:00,558.26,514.94
2025-09-27 09:00:00+00:00,2025-09-27 07:00:00+00:00,339.0,414.71
2025-09-27 08:00:00+00:00,2025-09-27 06:00:00+00:00,426.53,467.66
2025-09-27 21:00:00+00:00,2025-09-27 19:00:00+00:00,511.9,473.96
2025-11-07 08:00:00+00:00,2025-11-07 07:00:00+00:00,519.2,537.8575
2025-11-07 05:00:00+00:00,2025-11-07 04:00:00+00:00,428.0,430.915
2025-11-07 16:00:00+00:00,2025-11-07 15:00:00+00:00,698.0,751.4999999999999
2025-11-07 14:00:00+00:00,2025-11-07 13:00:00+00:00,448.0,448.35
2025-11-07 12:00:00+00:00,2025-11-07 11:00:00+00:00,376.67,381.4275
2025-11-07 21:00:00+00:00,2025-11-07 20:00:00+00:00,457.63,432.79
2025-11-07 15:00:00+00:00,2025-11-07 14:00:00+00:00,563.6,548.4075
2025-11-07 20:00:00+00:00,2025-11-07 19:00:00+00:00,526.35,474.22
2025-11-07 19:00:00+00:00,2025-11-07 18:00:00+00:00,579.32,547.4200000000001
2025-11-07 18:00:00+00:00,2025-11-07 17:00:00+00:00,689.76,626.665
2025-11-07 07:00:00+00:00,2025-11-07 06:00:00+00:00,573.27,571.76
2025-11-07 11:00:00+00:00,2025-11-07 10:00:00+00:00,372.0,385.685
2025-11-07 22:00:00+00:00,2025-11-07 21:00:00+00:00,448.51,429.8375
2025-11-07 02:00:00+00:00,2025-11-07 01:00:00+00:00,385.93,385.84000000000003
2025-11-07 04:00:00+00:00,2025-11-07 03:00:00+00:00,410.78,391.28
2025-11-07 03:00:00+00:00,2025-11-07 02:00:00+00:00,390.0,387.355
2025-11-07 23:00:00+00:00,2025-11-07 22:00:00+00:00,424.3,410.8875
2025-11-07 06:00:00+00:00,2025-11-07 05:00:00+00:00,503.23,496.86250000000007
2025-11-07 00:00:00+00:00,2025-11-06 23:00:00+00:00,411.01,385.9675
2025-11-07 01:00:00+00:00,2025-11-07 00:00:00+00:00,391.0,382.0925
2025-11-07 10:00:00+00:00,2025-11-07 09:00:00+00:00,382.59,398.1225
2025-11-07 09:00:00+00:00,2025-11-07 08:00:00+00:00,422.43,463.34749999999997
2025-11-07 17:00:00+00:00,2025-11-07 16:00:00+00:00,786.2,827.99
2025-11-07 13:00:00+00:00,2025-11-07 12:00:00+00:00,403.99,397.63
2025-09-21 07:00:00+00:00,2025-09-21 05:00:00+00:00,157.76,22.36
2025-09-21 01:00:00+00:00,2025-09-20 23:00:00+00:00,185.0,3.17
2025-09-21 17:00:00+00:00,2025-09-21 15:00:00+00:00,514.0,510.24
2025-09-21 18:00:00+00:00,2025-09-21 16:00:00+00:00,514.0,479.07
2025-09-21 22:00:00+00:00,2025-09-21 20:00:00+00:00,421.98,416.59
2025-09-21 19:00:00+00:00,2025-09-21 17:00:00+00:00,558.3,521.82
2025-09-21 16:00:00+00:00,2025-09-21 14:00:00+00:00,309.0,215.36
2025-09-21 20:00:00+00:00,2025-09-21 18:00:00+00:00,492.0,505.5
2025-09-21 21:00:00+00:00,2025-09-21 19:00:00+00:00,439.0,443.55
2025-09-21 23:00:00+00:00,2025-09-21 21:00:00+00:00,383.6,387.99
2025-09-21 00:00:00+00:00,2025-09-20 22:00:00+00:00,223.56,293.97
2025-09-21 11:00:00+00:00,2025-09-21 09:00:00+00:00,-22.97,-29.27
2025-09-21 15:00:00+00:00,2025-09-21 13:00:00+00:00,28.4,-0.19
2025-09-21 13:00:00+00:00,2025-09-21 11:00:00+00:00,-24.8,-43.58
2025-09-21 10:00:00+00:00,2025-09-21 08:00:00+00:00,-1.5,-0.66
2025-09-21 09:00:00+00:00,2025-09-21 07:00:00+00:00,0.0,1.75
2025-09-21 04:00:00+00:00,2025-09-21 02:00:00+00:00,89.48,4.99
2025-09-21 03:00:00+00:00,2025-09-21 01:00:00+00:00,71.5,1.95
2025-09-21 08:00:00+00:00,2025-09-21 06:00:00+00:00,41.07,13.38
2025-09-21 02:00:00+00:00,2025-09-21 00:00:00+00:00,100.0,10.73
2025-09-21 06:00:00+00:00,2025-09-21 04:00:00+00:00,126.37,18.85
2025-09-21 05:00:00+00:00,2025-09-21 03:00:00+00:00,106.17,0.62
2025-09-21 12:00:00+00:00,2025-09-21 10:00:00+00:00,-44.0,-42.48
2025-09-21 14:00:00+00:00,2025-09-21 12:00:00+00:00,-1.5,-11.63
2025-08-21 03:00:00+00:00,2025-08-21 01:00:00+00:00,391.75,382.12
2025-08-21 20:00:00+00:00,2025-08-21 18:00:00+00:00,842.1,765.85
2025-08-21 05:00:00+00:00,2025-08-21 03:00:00+00:00,426.0,459.07
2025-08-21 08:00:00+00:00,2025-08-21 06:00:00+00:00,445.3,455.83
2025-08-21 07:00:00+00:00,2025-08-21 05:00:00+00:00,485.0,493.2
2025-08-21 10:00:00+00:00,2025-08-21 08:00:00+00:00,345.0,373.39
2025-08-21 12:00:00+00:00,2025-08-21 10:00:00+00:00,262.73,304.29
2025-08-21 09:00:00+00:00,2025-08-21 07:00:00+00:00,408.1,420.58
2025-08-21 17:00:00+00:00,2025-08-21 15:00:00+00:00,440.0,464.74
2025-08-21 11:00:00+00:00,2025-08-21 09:00:00+00:00,302.6,339.52
2025-08-21 02:00:00+00:00,2025-08-21 00:00:00+00:00,399.0,368.74
2025-08-21 01:00:00+00:00,2025-08-20 23:00:00+00:00,404.43,380.61
2025-08-21 04:00:00+00:00,2025-08-21 02:00:00+00:00,400.0,387.65
2025-08-21 06:00:00+00:00,2025-08-21 04:00:00+00:00,487.83,487.86
2025-08-21 00:00:00+00:00,2025-08-20 22:00:00+00:00,418.0,415.09
2025-08-21 14:00:00+00:00,2025-08-21 12:00:00+00:00,320.0,329.08
2025-08-21 16:00:00+00:00,2025-08-21 14:00:00+00:00,383.0,380.42
2025-08-21 15:00:00+00:00,2025-08-21 13:00:00+00:00,390.58,406.12
2025-08-21 18:00:00+00:00,2025-08-21 16:00:00+00:00,554.0,601.0
2025-08-21 13:00:00+00:00,2025-08-21 11:00:00+00:00,265.93,295.41
2025-08-21 21:00:00+00:00,2025-08-21 19:00:00+00:00,542.7,511.82
2025-08-21 23:00:00+00:00,2025-08-21 21:00:00+00:00,401.5,407.58
2025-08-21 19:00:00+00:00,2025-08-21 17:00:00+00:00,786.8,756.11
2025-08-21 22:00:00+00:00,2025-08-21 20:00:00+00:00,450.0,456.62
2025-10-27 03:00:00+00:00,2025-10-27 02:00:00+00:00,0.01,73.08500000000001
2025-10-27 04:00:00+00:00,2025-10-27 03:00:00+00:00,20.0,111.55000000000001
2025-10-27 09:00:00+00:00,2025-10-27 08:00:00+00:00,381.46,447.295
2025-10-27 08:00:00+00:00,2025-10-27 07:00:00+00:00,415.99,454.215
2025-10-27 20:00:00+00:00,2025-10-27 19:00:00+00:00,461.0,536.0899999999999
2025-10-27 13:00:00+00:00,2025-10-27 12:00:00+00:00,416.82,419.02
2025-10-27 00:00:00+00:00,2025-10-26 23:00:00+00:00,22.0,88.85
2025-10-27 14:00:00+00:00,2025-10-27 13:00:00+00:00,442.48,466.66499999999996
2025-10-27 11:00:00+00:00,2025-10-27 10:00:00+00:00,400.0,435.045
2025-10-27 10:00:00+00:00,2025-10-27 09:00:00+00:00,374.44,425.91749999999996
2025-10-27 21:00:00+00:00,2025-10-27 20:00:00+00:00,393.93,471.615
2025-10-27 16:00:00+00:00,2025-10-27 15:00:00+00:00,709.0,812.5875
2025-10-27 17:00:00+00:00,2025-10-27 16:00:00+00:00,818.6,867.9025
2025-10-27 15:00:00+00:00,2025-10-27 14:00:00+00:00,550.0,645.985
2025-10-27 12:00:00+00:00,2025-10-27 11:00:00+00:00,424.02,448.185
2025-10-27 19:00:00+00:00,2025-10-27 18:00:00+00:00,657.7,593.8050000000001
2025-10-27 06:00:00+00:00,2025-10-27 05:00:00+00:00,391.99,382.76
2025-10-27 22:00:00+00:00,2025-10-27 21:00:00+00:00,429.0,419.07
2025-10-27 18:00:00+00:00,2025-10-27 17:00:00+00:00,699.0,589.35
2025-10-27 01:00:00+00:00,2025-10-27 00:00:00+00:00,10.0,82.23250000000002
2025-10-27 23:00:00+00:00,2025-10-27 22:00:00+00:00,402.36,418.185
2025-10-27 02:00:00+00:00,2025-10-27 01:00:00+00:00,1.51,76.48
2025-10-27 05:00:00+00:00,2025-10-27 04:00:00+00:00,110.0,147.595
2025-10-27 07:00:00+00:00,2025-10-27 06:00:00+00:00,439.99,440.96000000000004
2025-11-08 02:00:00+00:00,2025-11-08 01:00:00+00:00,420.0,425.54499999999996
2025-11-08 01:00:00+00:00,2025-11-08 00:00:00+00:00,421.0,425.14
2025-11-08 00:00:00+00:00,2025-11-07 23:00:00+00:00,415.0,425.63750000000005
2025-11-08 04:00:00+00:00,2025-11-08 03:00:00+00:00,432.0,433.8925
2025-11-08 03:00:00+00:00,2025-11-08 02:00:00+00:00,427.99,432.45250000000004
2025-11-08 13:00:00+00:00,2025-11-08 12:00:00+00:00,436.51,461.05
2025-11-08 08:00:00+00:00,2025-11-08 07:00:00+00:00,469.8,449.4125
2025-11-08 07:00:00+00:00,2025-11-08 06:00:00+00:00,482.0,436.71
2025-11-08 10:00:00+00:00,2025-11-08 09:00:00+00:00,433.3,423.905
2025-11-08 11:00:00+00:00,2025-11-08 10:00:00+00:00,432.0,398.53999999999996
2025-11-08 09:00:00+00:00,2025-11-08 08:00:00+00:00,438.0,437.3025
2025-11-08 12:00:00+00:00,2025-11-08 11:00:00+00:00,436.0,426.5075
2025-11-08 05:00:00+00:00,2025-11-08 04:00:00+00:00,436.51,449.28499999999997
2025-11-08 14:00:00+00:00,2025-11-08 13:00:00+00:00,499.0,551.0225
2025-11-08 17:00:00+00:00,2025-11-08 16:00:00+00:00,749.99,581.0625
2025-11-08 19:00:00+00:00,2025-11-08 18:00:00+00:00,641.0,562.2625
2025-11-08 20:00:00+00:00,2025-11-08 19:00:00+00:00,574.8,527.1724999999999
2025-11-08 16:00:00+00:00,2025-11-08 15:00:00+00:00,730.0,572.0649999999999
2025-11-08 18:00:00+00:00,2025-11-08 17:00:00+00:00,668.8,579.6925000000001
2025-11-08 21:00:00+00:00,2025-11-08 20:00:00+00:00,499.0,486.1125
2025-11-08 06:00:00+00:00,2025-11-08 05:00:00+00:00,453.87,432.445
2025-11-08 23:00:00+00:00,2025-11-08 22:00:00+00:00,438.4,435.0425
2025-11-08 15:00:00+00:00,2025-11-08 14:00:00+00:00,603.9,520.5925
2025-11-08 22:00:00+00:00,2025-11-08 21:00:00+00:00,474.0,455.1625
2025-11-04 09:00:00+00:00,2025-11-04 08:00:00+00:00,389.5,357.99249999999995
2025-11-04 11:00:00+00:00,2025-11-04 10:00:00+00:00,361.18,325.05
2025-11-04 04:00:00+00:00,2025-11-04 03:00:00+00:00,400.0,334.05999999999995
2025-11-04 10:00:00+00:00,2025-11-04 09:00:00+00:00,350.0,310.04999999999995
2025-11-04 13:00:00+00:00,2025-11-04 12:00:00+00:00,401.82,340.57
2025-11-04 02:00:00+00:00,2025-11-04 01:00:00+00:00,387.0,321.41
2025-11-04 22:00:00+00:00,2025-11-04 21:00:00+00:00,478.0,462.5675
2025-11-04 01:00:00+00:00,2025-11-04 00:00:00+00:00,374.7,331.21250000000003
2025-11-04 00:00:00+00:00,2025-11-03 23:00:00+00:00,355.66,309.9725
2025-11-04 03:00:00+00:00,2025-11-04 02:00:00+00:00,389.65,337.25750000000005
2025-11-04 14:00:00+00:00,2025-11-04 13:00:00+00:00,483.15,442.91999999999996
2025-11-04 19:00:00+00:00,2025-11-04 18:00:00+00:00,750.0,701.5
2025-11-04 12:00:00+00:00,2025-11-04 11:00:00+00:00,379.99,347.865
2025-11-04 15:00:00+00:00,2025-11-04 14:00:00+00:00,689.0,617.8175
2025-11-04 08:00:00+00:00,2025-11-04 07:00:00+00:00,456.9,465.28499999999997
2025-11-04 21:00:00+00:00,2025-11-04 20:00:00+00:00,470.0,475.9475
2025-11-04 17:00:00+00:00,2025-11-04 16:00:00+00:00,910.0,910.2375000000001
2025-11-04 20:00:00+00:00,2025-11-04 19:00:00+00:00,684.5,705.7850000000001
2025-11-04 16:00:00+00:00,2025-11-04 15:00:00+00:00,892.4,944.2175000000001
2025-11-04 23:00:00+00:00,2025-11-04 22:00:00+00:00,418.5,400.44500000000005
2025-11-04 07:00:00+00:00,2025-11-04 06:00:00+00:00,500.72,472.9475
2025-11-04 05:00:00+00:00,2025-11-04 04:00:00+00:00,393.78,341.45
2025-11-04 06:00:00+00:00,2025-11-04 05:00:00+00:00,473.39,486.9325
2025-11-04 18:00:00+00:00,2025-11-04 17:00:00+00:00,680.0,569.4375
2025-10-23 06:00:00+00:00,2025-10-23 04:00:00+00:00,699.99,623.7574999999999
2025-10-23 07:00:00+00:00,2025-10-23 05:00:00+00:00,788.49,723.0675
2025-10-23 18:00:00+00:00,2025-10-23 16:00:00+00:00,574.9,512.3075
2025-10-23 22:00:00+00:00,2025-10-23 20:00:00+00:00,476.11,480.36
2025-10-23 11:00:00+00:00,2025-10-23 09:00:00+00:00,353.71,394.595
2025-10-23 10:00:00+00:00,2025-10-23 08:00:00+00:00,396.95,431.075
2025-10-23 19:00:00+00:00,2025-10-23 17:00:00+00:00,560.0,539.245
2025-10-23 12:00:00+00:00,2025-10-23 10:00:00+00:00,330.0,372.9475
2025-10-23 13:00:00+00:00,2025-10-23 11:00:00+00:00,369.63,380.15
2025-10-23 20:00:00+00:00,2025-10-23 18:00:00+00:00,459.3,533.6300000000001
2025-10-23 17:00:00+00:00,2025-10-23 15:00:00+00:00,562.1,566.3175
2025-10-23 21:00:00+00:00,2025-10-23 19:00:00+00:00,438.63,477.5275
2025-10-23 14:00:00+00:00,2025-10-23 12:00:00+00:00,409.99,429.475
2025-10-23 02:00:00+00:00,2025-10-23 00:00:00+00:00,450.0,512.32
2025-10-23 00:00:00+00:00,2025-10-22 22:00:00+00:00,456.0,466.695
2025-10-23 15:00:00+00:00,2025-10-23 13:00:00+00:00,438.63,441.59749999999997
2025-10-23 09:00:00+00:00,2025-10-23 07:00:00+00:00,429.99,449.4875
2025-10-23 23:00:00+00:00,2025-10-23 21:00:00+00:00,449.82,465.3925
2025-10-23 08:00:00+00:00,2025-10-23 06:00:00+00:00,604.7,611.4175
2025-10-23 01:00:00+00:00,2025-10-22 23:00:00+00:00,450.0,460.9025
2025-10-23 04:00:00+00:00,2025-10-23 02:00:00+00:00,450.0,452.4725
2025-10-23 05:00:00+00:00,2025-10-23 03:00:00+00:00,455.24,445.36749999999995
2025-10-23 03:00:00+00:00,2025-10-23 01:00:00+00:00,452.0,455.475
2025-10-23 16:00:00+00:00,2025-10-23 14:00:00+00:00,480.0,499.9675
